date,code,shares_100m,exchange,source
2016-08-01,510300,60.892554,上交所,https://query.sse.com.cn/commonQuery.do
2016-08-01,510310,27.392153,上交所,https://query.sse.com.cn/commonQuery.do
2016-08-01,510330,46.586498,上交所,https://query.sse.com.cn/commonQuery.do
2016-08-02,510300,60.844877,上交所,https://query.sse.com.cn/commonQuery.do
2016-08-02,510310,27.403074,上交所,https://query.sse.com.cn/commonQuery.do
2016-08-02,510330,46.586498,上交所,https://query.sse.com.cn/commonQuery.do
2016-08-03,159919,50.203064,深交所,https://www.szse.cn/api/report/ShowReport/data
2016-08-03,510300,59.449877,上交所,https://query.sse.com.cn/commonQuery.do
2016-08-03,510310,27.403074,上交所,https://query.sse.com.cn/commonQuery.do
2016-08-03,510330,46.595498,上交所,https://query.sse.com.cn/commonQuery.do
2016-08-04,159919,50.203064,深交所,https://www.szse.cn/api/report/ShowReport/data
2016-08-04,510300,59.062877,上交所,https://query.sse.com.cn/commonQuery.do
2016-08-04,510310,27.403074,上交所,https://query.sse.com.cn/commonQuery.do
2016-08-04,510330,46.595498,上交所,https://query.sse.com.cn/commonQuery.do
2016-08-05,159919,49.267064,深交所,https://www.szse.cn/api/report/ShowReport/data
2016-08-05,510300,58.927877,上交所,https://query.sse.com.cn/commonQuery.do
2016-08-05,510310,27.403074,上交所,https://query.sse.com.cn/commonQuery.do
2016-08-05,510330,46.496498,上交所,https://query.sse.com.cn/commonQuery.do
2016-08-08,159919,49.240064,深交所,https://www.szse.cn/api/report/ShowReport/data
2016-08-08,510300,59.026877,上交所,https://query.sse.com.cn/commonQuery.do
2016-08-08,510310,27.403074,上交所,https://query.sse.com.cn/commonQuery.do
2016-08-08,510330,46.433498,上交所,https://query.sse.com.cn/commonQuery.do
2016-08-09,159919,49.213064,深交所,https://www.szse.cn/api/report/ShowReport/data
2016-08-09,510300,57.883877,上交所,https://query.sse.com.cn/commonQuery.do
2016-08-09,510310,27.403074,上交所,https://query.sse.com.cn/commonQuery.do
2016-08-09,510330,46.424498,上交所,https://query.sse.com.cn/commonQuery.do
2016-08-10,159919,48.925064,深交所,https://www.szse.cn/api/report/ShowReport/data
2016-08-10,510300,56.929877,上交所,https://query.sse.com.cn/commonQuery.do
2016-08-10,510310,27.383074,上交所,https://query.sse.com.cn/commonQuery.do
2016-08-10,510330,46.424498,上交所,https://query.sse.com.cn/commonQuery.do
2016-08-11,159919,48.916064,深交所,https://www.szse.cn/api/report/ShowReport/data
2016-08-11,510300,56.605877,上交所,https://query.sse.com.cn/commonQuery.do
2016-08-11,510310,27.343074,上交所,https://query.sse.com.cn/commonQuery.do
2016-08-11,510330,46.421751,上交所,https://query.sse.com.cn/commonQuery.do
2016-08-12,159919,48.637064,深交所,https://www.szse.cn/api/report/ShowReport/data
2016-08-12,510300,55.967602,上交所,https://query.sse.com.cn/commonQuery.do
2016-08-12,510310,27.263074,上交所,https://query.sse.com.cn/commonQuery.do
2016-08-12,510330,46.415498,上交所,https://query.sse.com.cn/commonQuery.do
2016-08-15,159919,48.628064,深交所,https://www.szse.cn/api/report/ShowReport/data
2016-08-15,510300,56.758877,上交所,https://query.sse.com.cn/commonQuery.do
2016-08-15,510310,27.223074,上交所,https://query.sse.com.cn/commonQuery.do
2016-08-15,510330,46.406498,上交所,https://query.sse.com.cn/commonQuery.do
2016-08-16,159919,48.358064,深交所,https://www.szse.cn/api/report/ShowReport/data
2016-08-16,510300,58.009877,上交所,https://query.sse.com.cn/commonQuery.do
2016-08-16,510310,27.183074,上交所,https://query.sse.com.cn/commonQuery.do
2016-08-16,510330,46.397498,上交所,https://query.sse.com.cn/commonQuery.do
2016-08-17,159919,48.304064,深交所,https://www.szse.cn/api/report/ShowReport/data
2016-08-17,510300,58.126877,上交所,https://query.sse.com.cn/commonQuery.do
2016-08-17,510310,27.143074,上交所,https://query.sse.com.cn/commonQuery.do
2016-08-17,510330,46.388498,上交所,https://query.sse.com.cn/commonQuery.do
2016-08-18,159919,48.286064,深交所,https://www.szse.cn/api/report/ShowReport/data
2016-08-18,510300,58.072877,上交所,https://query.sse.com.cn/commonQuery.do
2016-08-18,510310,27.143074,上交所,https://query.sse.com.cn/commonQuery.do
2016-08-18,510330,46.388498,上交所,https://query.sse.com.cn/commonQuery.do
2016-08-19,159919,48.277064,深交所,https://www.szse.cn/api/report/ShowReport/data
2016-08-19,510300,57.703877,上交所,https://query.sse.com.cn/commonQuery.do
2016-08-19,510310,27.143074,上交所,https://query.sse.com.cn/commonQuery.do
2016-08-19,510330,46.388498,上交所,https://query.sse.com.cn/commonQuery.do
2016-08-22,159919,48.277064,深交所,https://www.szse.cn/api/report/ShowReport/data
2016-08-22,510300,57.595877,上交所,https://query.sse.com.cn/commonQuery.do
2016-08-22,510310,27.143074,上交所,https://query.sse.com.cn/commonQuery.do
2016-08-22,510330,46.388498,上交所,https://query.sse.com.cn/commonQuery.do
2016-08-23,159919,48.277064,深交所,https://www.szse.cn/api/report/ShowReport/data
2016-08-23,510300,56.785849,上交所,https://query.sse.com.cn/commonQuery.do
2016-08-23,510310,27.123074,上交所,https://query.sse.com.cn/commonQuery.do
2016-08-23,510330,46.388498,上交所,https://query.sse.com.cn/commonQuery.do
2016-08-24,159919,48.277064,深交所,https://www.szse.cn/api/report/ShowReport/data
2016-08-24,510300,56.020877,上交所,https://query.sse.com.cn/commonQuery.do
2016-08-24,510310,27.123074,上交所,https://query.sse.com.cn/commonQuery.do
2016-08-24,510330,46.361498,上交所,https://query.sse.com.cn/commonQuery.do
2016-08-25,159919,48.268064,深交所,https://www.szse.cn/api/report/ShowReport/data
2016-08-25,510300,55.948877,上交所,https://query.sse.com.cn/commonQuery.do
2016-08-25,510310,27.123074,上交所,https://query.sse.com.cn/commonQuery.do
2016-08-25,510330,46.361498,上交所,https://query.sse.com.cn/commonQuery.do
2016-08-26,159919,48.268064,深交所,https://www.szse.cn/api/report/ShowReport/data
2016-08-26,510300,55.966877,上交所,https://query.sse.com.cn/commonQuery.do
2016-08-26,510310,27.123074,上交所,https://query.sse.com.cn/commonQuery.do
2016-08-26,510330,46.361498,上交所,https://query.sse.com.cn/commonQuery.do
2016-08-29,159919,48.277064,深交所,https://www.szse.cn/api/report/ShowReport/data
2016-08-29,510300,55.732877,上交所,https://query.sse.com.cn/commonQuery.do
2016-08-29,510310,27.123074,上交所,https://query.sse.com.cn/commonQuery.do
2016-08-29,510330,46.361498,上交所,https://query.sse.com.cn/commonQuery.do
2016-08-30,159919,48.250064,深交所,https://www.szse.cn/api/report/ShowReport/data
2016-08-30,510300,55.390877,上交所,https://query.sse.com.cn/commonQuery.do
2016-08-30,510310,27.103074,上交所,https://query.sse.com.cn/commonQuery.do
2016-08-30,510330,46.361498,上交所,https://query.sse.com.cn/commonQuery.do
2016-08-31,159919,48.232064,深交所,https://www.szse.cn/api/report/ShowReport/data
2016-08-31,510300,55.309877,上交所,https://query.sse.com.cn/commonQuery.do
2016-08-31,510310,27.103074,上交所,https://query.sse.com.cn/commonQuery.do
2016-08-31,510330,46.361498,上交所,https://query.sse.com.cn/commonQuery.do
2016-09-01,159919,48.196064,深交所,https://www.szse.cn/api/report/ShowReport/data
2016-09-01,510300,55.237877,上交所,https://query.sse.com.cn/commonQuery.do
2016-09-01,510310,27.103074,上交所,https://query.sse.com.cn/commonQuery.do
2016-09-01,510330,46.361498,上交所,https://query.sse.com.cn/commonQuery.do
2016-09-02,159919,48.205064,深交所,https://www.szse.cn/api/report/ShowReport/data
2016-09-02,510300,55.093877,上交所,https://query.sse.com.cn/commonQuery.do
2016-09-02,510310,27.103074,上交所,https://query.sse.com.cn/commonQuery.do
2016-09-02,510330,46.361498,上交所,https://query.sse.com.cn/commonQuery.do
2016-09-05,159919,48.205064,深交所,https://www.szse.cn/api/report/ShowReport/data
2016-09-05,510300,54.652877,上交所,https://query.sse.com.cn/commonQuery.do
2016-09-05,510310,27.103074,上交所,https://query.sse.com.cn/commonQuery.do
2016-09-05,510330,46.361498,上交所,https://query.sse.com.cn/commonQuery.do
2016-09-06,159919,48.205064,深交所,https://www.szse.cn/api/report/ShowReport/data
2016-09-06,510300,54.310877,上交所,https://query.sse.com.cn/commonQuery.do
2016-09-06,510310,27.103074,上交所,https://query.sse.com.cn/commonQuery.do
2016-09-06,510330,46.361498,上交所,https://query.sse.com.cn/commonQuery.do
2016-09-07,159919,48.169064,深交所,https://www.szse.cn/api/report/ShowReport/data
2016-09-07,510300,55.138877,上交所,https://query.sse.com.cn/commonQuery.do
2016-09-07,510310,27.103074,上交所,https://query.sse.com.cn/commonQuery.do
2016-09-07,510330,46.361498,上交所,https://query.sse.com.cn/commonQuery.do
2016-09-08,159919,48.097064,深交所,https://www.szse.cn/api/report/ShowReport/data
2016-09-08,510300,55.345877,上交所,https://query.sse.com.cn/commonQuery.do
2016-09-08,510310,27.103074,上交所,https://query.sse.com.cn/commonQuery.do
2016-09-08,510330,46.361498,上交所,https://query.sse.com.cn/commonQuery.do
2016-09-09,159919,48.025064,深交所,https://www.szse.cn/api/report/ShowReport/data
2016-09-09,510300,55.930877,上交所,https://query.sse.com.cn/commonQuery.do
2016-09-09,510310,27.103074,上交所,https://query.sse.com.cn/commonQuery.do
2016-09-09,510330,46.361498,上交所,https://query.sse.com.cn/commonQuery.do
2016-09-12,159919,48.025064,深交所,https://www.szse.cn/api/report/ShowReport/data
2016-09-12,510300,56.785877,上交所,https://query.sse.com.cn/commonQuery.do
2016-09-12,510310,27.103074,上交所,https://query.sse.com.cn/commonQuery.do
2016-09-12,510330,46.361498,上交所,https://query.sse.com.cn/commonQuery.do
2016-09-13,159919,48.016064,深交所,https://www.szse.cn/api/report/ShowReport/data
2016-09-13,510300,56.983877,上交所,https://query.sse.com.cn/commonQuery.do
2016-09-13,510310,27.083074,上交所,https://query.sse.com.cn/commonQuery.do
2016-09-13,510330,46.361498,上交所,https://query.sse.com.cn/commonQuery.do
2016-09-14,159919,47.998064,深交所,https://www.szse.cn/api/report/ShowReport/data
2016-09-14,510300,57.100877,上交所,https://query.sse.com.cn/commonQuery.do
2016-09-14,510310,27.083074,上交所,https://query.sse.com.cn/commonQuery.do
2016-09-14,510330,46.352498,上交所,https://query.sse.com.cn/commonQuery.do
2016-09-19,159919,47.908064,深交所,https://www.szse.cn/api/report/ShowReport/data
2016-09-19,510300,56.668877,上交所,https://query.sse.com.cn/commonQuery.do
2016-09-19,510310,27.083074,上交所,https://query.sse.com.cn/commonQuery.do
2016-09-19,510330,46.353244,上交所,https://query.sse.com.cn/commonQuery.do
2016-09-20,159919,47.863064,深交所,https://www.szse.cn/api/report/ShowReport/data
2016-09-20,510300,56.488877,上交所,https://query.sse.com.cn/commonQuery.do
2016-09-20,510310,27.083074,上交所,https://query.sse.com.cn/commonQuery.do
2016-09-20,510330,46.361498,上交所,https://query.sse.com.cn/commonQuery.do
2016-09-21,159919,47.809064,深交所,https://www.szse.cn/api/report/ShowReport/data
2016-09-21,510300,56.443877,上交所,https://query.sse.com.cn/commonQuery.do
2016-09-21,510310,27.083074,上交所,https://query.sse.com.cn/commonQuery.do
2016-09-21,510330,46.361498,上交所,https://query.sse.com.cn/commonQuery.do
2016-09-22,159919,47.746064,深交所,https://www.szse.cn/api/report/ShowReport/data
2016-09-22,510300,56.218877,上交所,https://query.sse.com.cn/commonQuery.do
2016-09-22,510310,27.083074,上交所,https://query.sse.com.cn/commonQuery.do
2016-09-22,510330,46.334498,上交所,https://query.sse.com.cn/commonQuery.do
2016-09-23,159919,47.683064,深交所,https://www.szse.cn/api/report/ShowReport/data
2016-09-23,510300,56.371876,上交所,https://query.sse.com.cn/commonQuery.do
2016-09-23,510310,27.083074,上交所,https://query.sse.com.cn/commonQuery.do
2016-09-23,510330,46.334498,上交所,https://query.sse.com.cn/commonQuery.do
2016-09-26,159919,47.647064,深交所,https://www.szse.cn/api/report/ShowReport/data
2016-09-26,510300,57.289868,上交所,https://query.sse.com.cn/commonQuery.do
2016-09-26,510310,27.063074,上交所,https://query.sse.com.cn/commonQuery.do
2016-09-26,510330,46.350992,上交所,https://query.sse.com.cn/commonQuery.do
2016-09-27,159919,47.647064,深交所,https://www.szse.cn/api/report/ShowReport/data
2016-09-27,510300,57.701637,上交所,https://query.sse.com.cn/commonQuery.do
2016-09-27,510310,27.043074,上交所,https://query.sse.com.cn/commonQuery.do
2016-09-27,510330,46.352498,上交所,https://query.sse.com.cn/commonQuery.do
2016-09-28,159919,47.638064,深交所,https://www.szse.cn/api/report/ShowReport/data
2016-09-28,510300,57.712877,上交所,https://query.sse.com.cn/commonQuery.do
2016-09-28,510310,27.043074,上交所,https://query.sse.com.cn/commonQuery.do
2016-09-28,510330,46.352498,上交所,https://query.sse.com.cn/commonQuery.do
2016-09-29,159919,47.638064,深交所,https://www.szse.cn/api/report/ShowReport/data
2016-09-29,510300,57.973877,上交所,https://query.sse.com.cn/commonQuery.do
2016-09-29,510310,27.043074,上交所,https://query.sse.com.cn/commonQuery.do
2016-09-29,510330,46.352498,上交所,https://query.sse.com.cn/commonQuery.do
2016-09-30,159919,47.638064,深交所,https://www.szse.cn/api/report/ShowReport/data
2016-09-30,510300,58.009877,上交所,https://query.sse.com.cn/commonQuery.do
2016-09-30,510310,27.043074,上交所,https://query.sse.com.cn/commonQuery.do
2016-09-30,510330,46.352498,上交所,https://query.sse.com.cn/commonQuery.do
2016-10-10,159919,47.638064,深交所,https://www.szse.cn/api/report/ShowReport/data
2016-10-10,510300,58.630877,上交所,https://query.sse.com.cn/commonQuery.do
2016-10-10,510310,27.023074,上交所,https://query.sse.com.cn/commonQuery.do
2016-10-10,510330,46.352498,上交所,https://query.sse.com.cn/commonQuery.do
2016-10-11,159919,47.638064,深交所,https://www.szse.cn/api/report/ShowReport/data
2016-10-11,510300,58.567877,上交所,https://query.sse.com.cn/commonQuery.do
2016-10-11,510310,27.023074,上交所,https://query.sse.com.cn/commonQuery.do
2016-10-11,510330,46.348015,上交所,https://query.sse.com.cn/commonQuery.do
2016-10-12,159919,47.602064,深交所,https://www.szse.cn/api/report/ShowReport/data
2016-10-12,510300,58.558877,上交所,https://query.sse.com.cn/commonQuery.do
2016-10-12,510310,27.023074,上交所,https://query.sse.com.cn/commonQuery.do
2016-10-12,510330,46.352498,上交所,https://query.sse.com.cn/commonQuery.do
2016-10-13,159919,47.584064,深交所,https://www.szse.cn/api/report/ShowReport/data
2016-10-13,510300,58.324877,上交所,https://query.sse.com.cn/commonQuery.do
2016-10-13,510310,27.023074,上交所,https://query.sse.com.cn/commonQuery.do
2016-10-13,510330,46.343498,上交所,https://query.sse.com.cn/commonQuery.do
2016-10-14,159919,47.575064,深交所,https://www.szse.cn/api/report/ShowReport/data
2016-10-14,510300,57.982877,上交所,https://query.sse.com.cn/commonQuery.do
2016-10-14,510310,26.983074,上交所,https://query.sse.com.cn/commonQuery.do
2016-10-14,510330,46.343498,上交所,https://query.sse.com.cn/commonQuery.do
2016-10-17,159919,47.566064,深交所,https://www.szse.cn/api/report/ShowReport/data
2016-10-17,510300,58.018877,上交所,https://query.sse.com.cn/commonQuery.do
2016-10-17,510310,26.963074,上交所,https://query.sse.com.cn/commonQuery.do
2016-10-17,510330,46.343498,上交所,https://query.sse.com.cn/commonQuery.do
2016-10-18,159919,47.566064,深交所,https://www.szse.cn/api/report/ShowReport/data
2016-10-18,510300,57.766877,上交所,https://query.sse.com.cn/commonQuery.do
2016-10-18,510310,26.943074,上交所,https://query.sse.com.cn/commonQuery.do
2016-10-18,510330,46.325498,上交所,https://query.sse.com.cn/commonQuery.do
2016-10-19,159919,47.557064,深交所,https://www.szse.cn/api/report/ShowReport/data
2016-10-19,510300,57.586877,上交所,https://query.sse.com.cn/commonQuery.do
2016-10-19,510310,26.923074,上交所,https://query.sse.com.cn/commonQuery.do
2016-10-19,510330,46.271498,上交所,https://query.sse.com.cn/commonQuery.do
2016-10-20,159919,47.449064,深交所,https://www.szse.cn/api/report/ShowReport/data
2016-10-20,510300,57.325877,上交所,https://query.sse.com.cn/commonQuery.do
2016-10-20,510310,26.863074,上交所,https://query.sse.com.cn/commonQuery.do
2016-10-20,510330,46.226498,上交所,https://query.sse.com.cn/commonQuery.do
2016-10-21,159919,47.422064,深交所,https://www.szse.cn/api/report/ShowReport/data
2016-10-21,510300,56.731877,上交所,https://query.sse.com.cn/commonQuery.do
2016-10-21,510310,26.863074,上交所,https://query.sse.com.cn/commonQuery.do
2016-10-21,510330,46.217498,上交所,https://query.sse.com.cn/commonQuery.do
2016-10-24,159919,47.404064,深交所,https://www.szse.cn/api/report/ShowReport/data
2016-10-24,510300,57.082877,上交所,https://query.sse.com.cn/commonQuery.do
2016-10-24,510310,26.823074,上交所,https://query.sse.com.cn/commonQuery.do
2016-10-24,510330,46.217498,上交所,https://query.sse.com.cn/commonQuery.do
2016-10-25,159919,47.341064,深交所,https://www.szse.cn/api/report/ShowReport/data
2016-10-25,510300,56.668877,上交所,https://query.sse.com.cn/commonQuery.do
2016-10-25,510310,26.783074,上交所,https://query.sse.com.cn/commonQuery.do
2016-10-25,510330,46.217498,上交所,https://query.sse.com.cn/commonQuery.do
2016-10-26,159919,47.287064,深交所,https://www.szse.cn/api/report/ShowReport/data
2016-10-26,510300,56.506877,上交所,https://query.sse.com.cn/commonQuery.do
2016-10-26,510310,26.763074,上交所,https://query.sse.com.cn/commonQuery.do
2016-10-26,510330,46.217498,上交所,https://query.sse.com.cn/commonQuery.do
2016-10-27,159919,47.278064,深交所,https://www.szse.cn/api/report/ShowReport/data
2016-10-27,510300,56.551877,上交所,https://query.sse.com.cn/commonQuery.do
2016-10-27,510310,26.743074,上交所,https://query.sse.com.cn/commonQuery.do
2016-10-27,510330,46.217498,上交所,https://query.sse.com.cn/commonQuery.do
2016-10-28,159919,47.260064,深交所,https://www.szse.cn/api/report/ShowReport/data
2016-10-28,510300,56.884877,上交所,https://query.sse.com.cn/commonQuery.do
2016-10-28,510310,26.703074,上交所,https://query.sse.com.cn/commonQuery.do
2016-10-28,510330,46.217498,上交所,https://query.sse.com.cn/commonQuery.do
2016-10-31,159919,47.260064,深交所,https://www.szse.cn/api/report/ShowReport/data
2016-10-31,510300,56.920877,上交所,https://query.sse.com.cn/commonQuery.do
2016-10-31,510310,26.703074,上交所,https://query.sse.com.cn/commonQuery.do
2016-10-31,510330,46.109498,上交所,https://query.sse.com.cn/commonQuery.do
2016-11-01,159919,47.260064,深交所,https://www.szse.cn/api/report/ShowReport/data
2016-11-01,510300,56.902877,上交所,https://query.sse.com.cn/commonQuery.do
2016-11-01,510310,26.683074,上交所,https://query.sse.com.cn/commonQuery.do
2016-11-01,510330,46.109498,上交所,https://query.sse.com.cn/commonQuery.do
2016-11-02,159919,47.215064,深交所,https://www.szse.cn/api/report/ShowReport/data
2016-11-02,510300,56.704877,上交所,https://query.sse.com.cn/commonQuery.do
2016-11-02,510310,26.643074,上交所,https://query.sse.com.cn/commonQuery.do
2016-11-02,510330,46.064498,上交所,https://query.sse.com.cn/commonQuery.do
2016-11-03,159919,47.179064,深交所,https://www.szse.cn/api/report/ShowReport/data
2016-11-03,510300,56.362877,上交所,https://query.sse.com.cn/commonQuery.do
2016-11-03,510310,26.643074,上交所,https://query.sse.com.cn/commonQuery.do
2016-11-03,510330,46.055498,上交所,https://query.sse.com.cn/commonQuery.do
2016-11-04,159919,47.179064,深交所,https://www.szse.cn/api/report/ShowReport/data
2016-11-04,510300,56.038877,上交所,https://query.sse.com.cn/commonQuery.do
2016-11-04,510310,26.643074,上交所,https://query.sse.com.cn/commonQuery.do
2016-11-04,510330,46.055498,上交所,https://query.sse.com.cn/commonQuery.do
2016-11-07,159919,47.170064,深交所,https://www.szse.cn/api/report/ShowReport/data
2016-11-07,510300,56.038877,上交所,https://query.sse.com.cn/commonQuery.do
2016-11-07,510310,26.623074,上交所,https://query.sse.com.cn/commonQuery.do
2016-11-07,510330,46.055498,上交所,https://query.sse.com.cn/commonQuery.do
2016-11-08,159919,47.143064,深交所,https://www.szse.cn/api/report/ShowReport/data
2016-11-08,510300,55.885877,上交所,https://query.sse.com.cn/commonQuery.do
2016-11-08,510310,26.563074,上交所,https://query.sse.com.cn/commonQuery.do
2016-11-08,510330,46.028498,上交所,https://query.sse.com.cn/commonQuery.do
2016-11-09,159919,47.143064,深交所,https://www.szse.cn/api/report/ShowReport/data
2016-11-09,510300,54.886877,上交所,https://query.sse.com.cn/commonQuery.do
2016-11-09,510310,26.543074,上交所,https://query.sse.com.cn/commonQuery.do
2016-11-09,510330,46.028498,上交所,https://query.sse.com.cn/commonQuery.do
2016-11-10,159919,47.125064,深交所,https://www.szse.cn/api/report/ShowReport/data
2016-11-10,510300,54.859877,上交所,https://query.sse.com.cn/commonQuery.do
2016-11-10,510310,26.483074,上交所,https://query.sse.com.cn/commonQuery.do
2016-11-10,510330,46.028498,上交所,https://query.sse.com.cn/commonQuery.do
2016-11-11,159919,47.125064,深交所,https://www.szse.cn/api/report/ShowReport/data
2016-11-11,510300,55.219877,上交所,https://query.sse.com.cn/commonQuery.do
2016-11-11,510310,26.383074,上交所,https://query.sse.com.cn/commonQuery.do
2016-11-11,510330,46.028498,上交所,https://query.sse.com.cn/commonQuery.do
2016-11-14,159919,47.035064,深交所,https://www.szse.cn/api/report/ShowReport/data
2016-11-14,510300,54.823877,上交所,https://query.sse.com.cn/commonQuery.do
2016-11-14,510310,26.323074,上交所,https://query.sse.com.cn/commonQuery.do
2016-11-14,510330,45.929498,上交所,https://query.sse.com.cn/commonQuery.do
2016-11-15,159919,46.990064,深交所,https://www.szse.cn/api/report/ShowReport/data
2016-11-15,510300,53.959877,上交所,https://query.sse.com.cn/commonQuery.do
2016-11-15,510310,26.283074,上交所,https://query.sse.com.cn/commonQuery.do
2016-11-15,510330,45.911498,上交所,https://query.sse.com.cn/commonQuery.do
2016-11-16,159919,46.936064,深交所,https://www.szse.cn/api/report/ShowReport/data
2016-11-16,510300,53.212877,上交所,https://query.sse.com.cn/commonQuery.do
2016-11-16,510310,26.263074,上交所,https://query.sse.com.cn/commonQuery.do
2016-11-16,510330,45.902498,上交所,https://query.sse.com.cn/commonQuery.do
2016-11-17,159919,46.927064,深交所,https://www.szse.cn/api/report/ShowReport/data
2016-11-17,510300,52.645877,上交所,https://query.sse.com.cn/commonQuery.do
2016-11-17,510310,26.243074,上交所,https://query.sse.com.cn/commonQuery.do
2016-11-17,510330,45.902498,上交所,https://query.sse.com.cn/commonQuery.do
2016-11-18,159919,46.891064,深交所,https://www.szse.cn/api/report/ShowReport/data
2016-11-18,510300,52.438877,上交所,https://query.sse.com.cn/commonQuery.do
2016-11-18,510310,26.243074,上交所,https://query.sse.com.cn/commonQuery.do
2016-11-18,510330,45.902498,上交所,https://query.sse.com.cn/commonQuery.do
2016-11-21,159919,46.819064,深交所,https://www.szse.cn/api/report/ShowReport/data
2016-11-21,510300,52.535046,上交所,https://query.sse.com.cn/commonQuery.do
2016-11-21,510310,26.243074,上交所,https://query.sse.com.cn/commonQuery.do
2016-11-21,510330,45.902498,上交所,https://query.sse.com.cn/commonQuery.do
2016-11-22,159919,46.765064,深交所,https://www.szse.cn/api/report/ShowReport/data
2016-11-22,510300,52.789634,上交所,https://query.sse.com.cn/commonQuery.do
2016-11-22,510310,26.183074,上交所,https://query.sse.com.cn/commonQuery.do
2016-11-22,510330,45.902498,上交所,https://query.sse.com.cn/commonQuery.do
2016-11-23,159919,46.630064,深交所,https://www.szse.cn/api/report/ShowReport/data
2016-11-23,510300,52.882877,上交所,https://query.sse.com.cn/commonQuery.do
2016-11-23,510310,26.183074,上交所,https://query.sse.com.cn/commonQuery.do
2016-11-23,510330,45.902498,上交所,https://query.sse.com.cn/commonQuery.do
2016-11-24,159919,46.594064,深交所,https://www.szse.cn/api/report/ShowReport/data
2016-11-24,510300,52.528877,上交所,https://query.sse.com.cn/commonQuery.do
2016-11-24,510310,26.123074,上交所,https://query.sse.com.cn/commonQuery.do
2016-11-24,510330,45.857498,上交所,https://query.sse.com.cn/commonQuery.do
2016-11-25,159919,46.540064,深交所,https://www.szse.cn/api/report/ShowReport/data
2016-11-25,510300,52.714981,上交所,https://query.sse.com.cn/commonQuery.do
2016-11-25,510310,26.083074,上交所,https://query.sse.com.cn/commonQuery.do
2016-11-25,510330,45.704498,上交所,https://query.sse.com.cn/commonQuery.do
2016-11-28,159919,46.522064,深交所,https://www.szse.cn/api/report/ShowReport/data
2016-11-28,510300,52.762877,上交所,https://query.sse.com.cn/commonQuery.do
2016-11-28,510310,26.083074,上交所,https://query.sse.com.cn/commonQuery.do
2016-11-28,510330,45.718640,上交所,https://query.sse.com.cn/commonQuery.do
2016-11-29,159919,46.459064,深交所,https://www.szse.cn/api/report/ShowReport/data
2016-11-29,510300,52.537877,上交所,https://query.sse.com.cn/commonQuery.do
2016-11-29,510310,26.083074,上交所,https://query.sse.com.cn/commonQuery.do
2016-11-29,510330,45.722498,上交所,https://query.sse.com.cn/commonQuery.do
2016-11-30,159919,46.342064,深交所,https://www.szse.cn/api/report/ShowReport/data
2016-11-30,510300,52.960877,上交所,https://query.sse.com.cn/commonQuery.do
2016-11-30,510310,26.083074,上交所,https://query.sse.com.cn/commonQuery.do
2016-11-30,510330,45.722498,上交所,https://query.sse.com.cn/commonQuery.do
2016-12-01,159919,46.333064,深交所,https://www.szse.cn/api/report/ShowReport/data
2016-12-01,510300,52.950099,上交所,https://query.sse.com.cn/commonQuery.do
2016-12-01,510310,26.083074,上交所,https://query.sse.com.cn/commonQuery.do
2016-12-01,510330,45.731498,上交所,https://query.sse.com.cn/commonQuery.do
2016-12-02,159919,46.387064,深交所,https://www.szse.cn/api/report/ShowReport/data
2016-12-02,510300,53.041877,上交所,https://query.sse.com.cn/commonQuery.do
2016-12-02,510310,26.043074,上交所,https://query.sse.com.cn/commonQuery.do
2016-12-02,510330,45.731498,上交所,https://query.sse.com.cn/commonQuery.do
2016-12-05,159919,46.387064,深交所,https://www.szse.cn/api/report/ShowReport/data
2016-12-05,510300,53.734877,上交所,https://query.sse.com.cn/commonQuery.do
2016-12-05,510310,26.003195,上交所,https://query.sse.com.cn/commonQuery.do
2016-12-05,510330,45.749100,上交所,https://query.sse.com.cn/commonQuery.do
2016-12-06,159919,46.423064,深交所,https://www.szse.cn/api/report/ShowReport/data
2016-12-06,510300,53.545877,上交所,https://query.sse.com.cn/commonQuery.do
2016-12-06,510310,26.023074,上交所,https://query.sse.com.cn/commonQuery.do
2016-12-06,510330,45.749498,上交所,https://query.sse.com.cn/commonQuery.do
2016-12-07,159919,46.450064,深交所,https://www.szse.cn/api/report/ShowReport/data
2016-12-07,510300,53.185877,上交所,https://query.sse.com.cn/commonQuery.do
2016-12-07,510310,26.003074,上交所,https://query.sse.com.cn/commonQuery.do
2016-12-07,510330,45.749498,上交所,https://query.sse.com.cn/commonQuery.do
2016-12-08,159919,46.450064,深交所,https://www.szse.cn/api/report/ShowReport/data
2016-12-08,510300,53.995877,上交所,https://query.sse.com.cn/commonQuery.do
2016-12-08,510310,26.003074,上交所,https://query.sse.com.cn/commonQuery.do
2016-12-08,510330,45.757453,上交所,https://query.sse.com.cn/commonQuery.do
2016-12-09,159919,46.450064,深交所,https://www.szse.cn/api/report/ShowReport/data
2016-12-09,510300,53.923877,上交所,https://query.sse.com.cn/commonQuery.do
2016-12-09,510310,26.003074,上交所,https://query.sse.com.cn/commonQuery.do
2016-12-09,510330,45.758498,上交所,https://query.sse.com.cn/commonQuery.do
2016-12-12,159919,46.450064,深交所,https://www.szse.cn/api/report/ShowReport/data
2016-12-12,510300,54.283877,上交所,https://query.sse.com.cn/commonQuery.do
2016-12-12,510310,25.983074,上交所,https://query.sse.com.cn/commonQuery.do
2016-12-12,510330,45.749498,上交所,https://query.sse.com.cn/commonQuery.do
2016-12-13,159919,46.450064,深交所,https://www.szse.cn/api/report/ShowReport/data
2016-12-13,510300,55.210877,上交所,https://query.sse.com.cn/commonQuery.do
2016-12-13,510310,25.983074,上交所,https://query.sse.com.cn/commonQuery.do
2016-12-13,510330,45.758498,上交所,https://query.sse.com.cn/commonQuery.do
2016-12-14,159919,46.450064,深交所,https://www.szse.cn/api/report/ShowReport/data
2016-12-14,510300,54.940877,上交所,https://query.sse.com.cn/commonQuery.do
2016-12-14,510310,25.943074,上交所,https://query.sse.com.cn/commonQuery.do
2016-12-14,510330,45.758498,上交所,https://query.sse.com.cn/commonQuery.do
2016-12-15,159919,46.450064,深交所,https://www.szse.cn/api/report/ShowReport/data
2016-12-15,510300,53.914877,上交所,https://query.sse.com.cn/commonQuery.do
2016-12-15,510310,25.943074,上交所,https://query.sse.com.cn/commonQuery.do
2016-12-15,510330,45.758498,上交所,https://query.sse.com.cn/commonQuery.do
2016-12-16,159919,46.621064,深交所,https://www.szse.cn/api/report/ShowReport/data
2016-12-16,510300,53.788877,上交所,https://query.sse.com.cn/commonQuery.do
2016-12-16,510310,25.923074,上交所,https://query.sse.com.cn/commonQuery.do
2016-12-16,510330,45.758498,上交所,https://query.sse.com.cn/commonQuery.do
2016-12-19,159919,46.972064,深交所,https://www.szse.cn/api/report/ShowReport/data
2016-12-19,510300,53.563877,上交所,https://query.sse.com.cn/commonQuery.do
2016-12-19,510310,25.923074,上交所,https://query.sse.com.cn/commonQuery.do
2016-12-19,510330,45.758498,上交所,https://query.sse.com.cn/commonQuery.do
2016-12-20,159919,47.107064,深交所,https://www.szse.cn/api/report/ShowReport/data
2016-12-20,510300,53.077877,上交所,https://query.sse.com.cn/commonQuery.do
2016-12-20,510310,25.863074,上交所,https://query.sse.com.cn/commonQuery.do
2016-12-20,510330,45.758498,上交所,https://query.sse.com.cn/commonQuery.do
2016-12-21,159919,47.359064,深交所,https://www.szse.cn/api/report/ShowReport/data
2016-12-21,510300,53.140877,上交所,https://query.sse.com.cn/commonQuery.do
2016-12-21,510310,25.823074,上交所,https://query.sse.com.cn/commonQuery.do
2016-12-21,510330,45.760083,上交所,https://query.sse.com.cn/commonQuery.do
2016-12-22,159919,47.584064,深交所,https://www.szse.cn/api/report/ShowReport/data
2016-12-22,510300,53.077877,上交所,https://query.sse.com.cn/commonQuery.do
2016-12-22,510310,25.783074,上交所,https://query.sse.com.cn/commonQuery.do
2016-12-22,510330,45.767498,上交所,https://query.sse.com.cn/commonQuery.do
2016-12-23,159919,47.584064,深交所,https://www.szse.cn/api/report/ShowReport/data
2016-12-23,510300,53.122877,上交所,https://query.sse.com.cn/commonQuery.do
2016-12-23,510310,25.783074,上交所,https://query.sse.com.cn/commonQuery.do
2016-12-23,510330,45.686498,上交所,https://query.sse.com.cn/commonQuery.do
2016-12-26,159919,48.034064,深交所,https://www.szse.cn/api/report/ShowReport/data
2016-12-26,510300,53.563877,上交所,https://query.sse.com.cn/commonQuery.do
2016-12-26,510310,25.743074,上交所,https://query.sse.com.cn/commonQuery.do
2016-12-26,510330,45.677498,上交所,https://query.sse.com.cn/commonQuery.do
2016-12-27,159919,48.034064,深交所,https://www.szse.cn/api/report/ShowReport/data
2016-12-27,510300,53.275877,上交所,https://query.sse.com.cn/commonQuery.do
2016-12-27,510310,25.563074,上交所,https://query.sse.com.cn/commonQuery.do
2016-12-27,510330,45.677498,上交所,https://query.sse.com.cn/commonQuery.do
2016-12-28,159919,48.484064,深交所,https://www.szse.cn/api/report/ShowReport/data
2016-12-28,510300,53.086877,上交所,https://query.sse.com.cn/commonQuery.do
2016-12-28,510310,25.423074,上交所,https://query.sse.com.cn/commonQuery.do
2016-12-28,510330,45.758498,上交所,https://query.sse.com.cn/commonQuery.do
2016-12-29,159919,48.484064,深交所,https://www.szse.cn/api/report/ShowReport/data
2016-12-29,510300,53.185877,上交所,https://query.sse.com.cn/commonQuery.do
2016-12-29,510310,25.403074,上交所,https://query.sse.com.cn/commonQuery.do
2016-12-29,510330,45.767498,上交所,https://query.sse.com.cn/commonQuery.do
2016-12-30,159919,48.664064,深交所,https://www.szse.cn/api/report/ShowReport/data
2016-12-30,510300,53.149877,上交所,https://query.sse.com.cn/commonQuery.do
2016-12-30,510310,25.383074,上交所,https://query.sse.com.cn/commonQuery.do
2016-12-30,510330,45.767498,上交所,https://query.sse.com.cn/commonQuery.do
2017-01-03,159919,48.664064,深交所,https://www.szse.cn/api/report/ShowReport/data
2017-01-03,510300,53.104877,上交所,https://query.sse.com.cn/commonQuery.do
2017-01-03,510310,25.383074,上交所,https://query.sse.com.cn/commonQuery.do
2017-01-03,510330,45.773602,上交所,https://query.sse.com.cn/commonQuery.do
2017-01-04,159919,48.574064,深交所,https://www.szse.cn/api/report/ShowReport/data
2017-01-04,510300,52.771877,上交所,https://query.sse.com.cn/commonQuery.do
2017-01-04,510310,25.383074,上交所,https://query.sse.com.cn/commonQuery.do
2017-01-04,510330,45.776498,上交所,https://query.sse.com.cn/commonQuery.do
2017-01-05,159919,48.475064,深交所,https://www.szse.cn/api/report/ShowReport/data
2017-01-05,510300,52.744877,上交所,https://query.sse.com.cn/commonQuery.do
2017-01-05,510310,25.383074,上交所,https://query.sse.com.cn/commonQuery.do
2017-01-05,510330,45.776498,上交所,https://query.sse.com.cn/commonQuery.do
2017-01-06,159919,48.376064,深交所,https://www.szse.cn/api/report/ShowReport/data
2017-01-06,510300,52.726877,上交所,https://query.sse.com.cn/commonQuery.do
2017-01-06,510310,25.383074,上交所,https://query.sse.com.cn/commonQuery.do
2017-01-06,510330,45.776498,上交所,https://query.sse.com.cn/commonQuery.do
2017-01-09,159919,48.286064,深交所,https://www.szse.cn/api/report/ShowReport/data
2017-01-09,510300,52.879879,上交所,https://query.sse.com.cn/commonQuery.do
2017-01-09,510310,25.383074,上交所,https://query.sse.com.cn/commonQuery.do
2017-01-09,510330,45.749498,上交所,https://query.sse.com.cn/commonQuery.do
2017-01-10,159919,48.196064,深交所,https://www.szse.cn/api/report/ShowReport/data
2017-01-10,510300,52.870877,上交所,https://query.sse.com.cn/commonQuery.do
2017-01-10,510310,25.383074,上交所,https://query.sse.com.cn/commonQuery.do
2017-01-10,510330,45.749498,上交所,https://query.sse.com.cn/commonQuery.do
2017-01-11,159919,48.187064,深交所,https://www.szse.cn/api/report/ShowReport/data
2017-01-11,510300,52.969877,上交所,https://query.sse.com.cn/commonQuery.do
2017-01-11,510310,25.383074,上交所,https://query.sse.com.cn/commonQuery.do
2017-01-11,510330,45.749498,上交所,https://query.sse.com.cn/commonQuery.do
2017-01-12,159919,48.187064,深交所,https://www.szse.cn/api/report/ShowReport/data
2017-01-12,510300,52.996877,上交所,https://query.sse.com.cn/commonQuery.do
2017-01-12,510310,25.383074,上交所,https://query.sse.com.cn/commonQuery.do
2017-01-12,510330,45.749498,上交所,https://query.sse.com.cn/commonQuery.do
2017-01-13,159919,48.187064,深交所,https://www.szse.cn/api/report/ShowReport/data
2017-01-13,510300,53.095877,上交所,https://query.sse.com.cn/commonQuery.do
2017-01-13,510310,25.383074,上交所,https://query.sse.com.cn/commonQuery.do
2017-01-13,510330,45.749498,上交所,https://query.sse.com.cn/commonQuery.do
2017-01-16,159919,48.187064,深交所,https://www.szse.cn/api/report/ShowReport/data
2017-01-16,510300,53.302877,上交所,https://query.sse.com.cn/commonQuery.do
2017-01-16,510310,25.383074,上交所,https://query.sse.com.cn/commonQuery.do
2017-01-16,510330,45.749908,上交所,https://query.sse.com.cn/commonQuery.do
2017-01-17,159919,48.187064,深交所,https://www.szse.cn/api/report/ShowReport/data
2017-01-17,510300,53.446877,上交所,https://query.sse.com.cn/commonQuery.do
2017-01-17,510310,25.383074,上交所,https://query.sse.com.cn/commonQuery.do
2017-01-17,510330,45.758498,上交所,https://query.sse.com.cn/commonQuery.do
2017-01-18,159919,48.187064,深交所,https://www.szse.cn/api/report/ShowReport/data
2017-01-18,510300,53.743877,上交所,https://query.sse.com.cn/commonQuery.do
2017-01-18,510310,25.383074,上交所,https://query.sse.com.cn/commonQuery.do
2017-01-18,510330,45.758498,上交所,https://query.sse.com.cn/commonQuery.do
2017-01-19,159919,48.187064,深交所,https://www.szse.cn/api/report/ShowReport/data
2017-01-19,510300,54.058877,上交所,https://query.sse.com.cn/commonQuery.do
2017-01-19,510310,25.363074,上交所,https://query.sse.com.cn/commonQuery.do
2017-01-19,510330,45.758498,上交所,https://query.sse.com.cn/commonQuery.do
2017-01-20,159919,48.187064,深交所,https://www.szse.cn/api/report/ShowReport/data
2017-01-20,510300,55.498645,上交所,https://query.sse.com.cn/commonQuery.do
2017-01-20,510310,25.363074,上交所,https://query.sse.com.cn/commonQuery.do
2017-01-20,510330,45.758498,上交所,https://query.sse.com.cn/commonQuery.do
2017-01-23,159919,48.178064,深交所,https://www.szse.cn/api/report/ShowReport/data
2017-01-23,510300,55.938065,上交所,https://query.sse.com.cn/commonQuery.do
2017-01-23,510310,25.343074,上交所,https://query.sse.com.cn/commonQuery.do
2017-01-23,510330,45.749498,上交所,https://query.sse.com.cn/commonQuery.do
2017-01-24,159919,48.178064,深交所,https://www.szse.cn/api/report/ShowReport/data
2017-01-24,510300,55.885877,上交所,https://query.sse.com.cn/commonQuery.do
2017-01-24,510310,25.343074,上交所,https://query.sse.com.cn/commonQuery.do
2017-01-24,510330,45.749498,上交所,https://query.sse.com.cn/commonQuery.do
2017-01-25,159919,48.088064,深交所,https://www.szse.cn/api/report/ShowReport/data
2017-01-25,510300,55.759877,上交所,https://query.sse.com.cn/commonQuery.do
2017-01-25,510310,25.323074,上交所,https://query.sse.com.cn/commonQuery.do
2017-01-25,510330,45.749498,上交所,https://query.sse.com.cn/commonQuery.do
2017-01-26,159919,48.088064,深交所,https://www.szse.cn/api/report/ShowReport/data
2017-01-26,510300,55.759877,上交所,https://query.sse.com.cn/commonQuery.do
2017-01-26,510310,25.323074,上交所,https://query.sse.com.cn/commonQuery.do
2017-01-26,510330,45.750039,上交所,https://query.sse.com.cn/commonQuery.do
2017-02-03,159919,48.088064,深交所,https://www.szse.cn/api/report/ShowReport/data
2017-02-03,510300,55.156877,上交所,https://query.sse.com.cn/commonQuery.do
2017-02-03,510310,25.323074,上交所,https://query.sse.com.cn/commonQuery.do
2017-02-03,510330,45.758498,上交所,https://query.sse.com.cn/commonQuery.do
2017-02-06,159919,48.088064,深交所,https://www.szse.cn/api/report/ShowReport/data
2017-02-06,510300,54.850877,上交所,https://query.sse.com.cn/commonQuery.do
2017-02-06,510310,25.323074,上交所,https://query.sse.com.cn/commonQuery.do
2017-02-06,510330,45.758498,上交所,https://query.sse.com.cn/commonQuery.do
2017-02-07,159919,48.088064,深交所,https://www.szse.cn/api/report/ShowReport/data
2017-02-07,510300,54.490877,上交所,https://query.sse.com.cn/commonQuery.do
2017-02-07,510310,25.323074,上交所,https://query.sse.com.cn/commonQuery.do
2017-02-07,510330,45.758498,上交所,https://query.sse.com.cn/commonQuery.do
2017-02-08,159919,48.088064,深交所,https://www.szse.cn/api/report/ShowReport/data
2017-02-08,510300,54.344581,上交所,https://query.sse.com.cn/commonQuery.do
2017-02-08,510310,25.323074,上交所,https://query.sse.com.cn/commonQuery.do
2017-02-08,510330,45.758498,上交所,https://query.sse.com.cn/commonQuery.do
2017-02-09,159919,48.088064,深交所,https://www.szse.cn/api/report/ShowReport/data
2017-02-09,510300,54.607877,上交所,https://query.sse.com.cn/commonQuery.do
2017-02-09,510310,25.323074,上交所,https://query.sse.com.cn/commonQuery.do
2017-02-09,510330,45.758498,上交所,https://query.sse.com.cn/commonQuery.do
2017-02-10,159919,47.998064,深交所,https://www.szse.cn/api/report/ShowReport/data
2017-02-10,510300,54.326469,上交所,https://query.sse.com.cn/commonQuery.do
2017-02-10,510310,25.243074,上交所,https://query.sse.com.cn/commonQuery.do
2017-02-10,510330,45.758498,上交所,https://query.sse.com.cn/commonQuery.do
2017-02-13,159919,47.998064,深交所,https://www.szse.cn/api/report/ShowReport/data
2017-02-13,510300,54.058877,上交所,https://query.sse.com.cn/commonQuery.do
2017-02-13,510310,25.243074,上交所,https://query.sse.com.cn/commonQuery.do
2017-02-13,510330,45.758498,上交所,https://query.sse.com.cn/commonQuery.do
2017-02-14,159919,47.998064,深交所,https://www.szse.cn/api/report/ShowReport/data
2017-02-14,510300,54.058877,上交所,https://query.sse.com.cn/commonQuery.do
2017-02-14,510310,25.223074,上交所,https://query.sse.com.cn/commonQuery.do
2017-02-14,510330,45.758498,上交所,https://query.sse.com.cn/commonQuery.do
2017-02-15,159919,47.908064,深交所,https://www.szse.cn/api/report/ShowReport/data
2017-02-15,510300,54.391877,上交所,https://query.sse.com.cn/commonQuery.do
2017-02-15,510310,25.183074,上交所,https://query.sse.com.cn/commonQuery.do
2017-02-15,510330,45.758498,上交所,https://query.sse.com.cn/commonQuery.do
2017-02-16,159919,47.845064,深交所,https://www.szse.cn/api/report/ShowReport/data
2017-02-16,510300,54.310877,上交所,https://query.sse.com.cn/commonQuery.do
2017-02-16,510310,25.183074,上交所,https://query.sse.com.cn/commonQuery.do
2017-02-16,510330,45.758498,上交所,https://query.sse.com.cn/commonQuery.do
2017-02-17,159919,47.845064,深交所,https://www.szse.cn/api/report/ShowReport/data
2017-02-17,510300,54.319877,上交所,https://query.sse.com.cn/commonQuery.do
2017-02-17,510310,25.183074,上交所,https://query.sse.com.cn/commonQuery.do
2017-02-17,510330,45.758498,上交所,https://query.sse.com.cn/commonQuery.do
2017-02-20,159919,47.845064,深交所,https://www.szse.cn/api/report/ShowReport/data
2017-02-20,510300,54.463879,上交所,https://query.sse.com.cn/commonQuery.do
2017-02-20,510310,25.163074,上交所,https://query.sse.com.cn/commonQuery.do
2017-02-20,510330,45.758498,上交所,https://query.sse.com.cn/commonQuery.do
2017-02-21,159919,47.827064,深交所,https://www.szse.cn/api/report/ShowReport/data
2017-02-21,510300,54.238877,上交所,https://query.sse.com.cn/commonQuery.do
2017-02-21,510310,25.163074,上交所,https://query.sse.com.cn/commonQuery.do
2017-02-21,510330,45.758498,上交所,https://query.sse.com.cn/commonQuery.do
2017-02-22,159919,47.755064,深交所,https://www.szse.cn/api/report/ShowReport/data
2017-02-22,510300,54.220877,上交所,https://query.sse.com.cn/commonQuery.do
2017-02-22,510310,25.163074,上交所,https://query.sse.com.cn/commonQuery.do
2017-02-22,510330,45.758498,上交所,https://query.sse.com.cn/commonQuery.do
2017-02-23,159919,47.755064,深交所,https://www.szse.cn/api/report/ShowReport/data
2017-02-23,510300,54.523877,上交所,https://query.sse.com.cn/commonQuery.do
2017-02-23,510310,25.163074,上交所,https://query.sse.com.cn/commonQuery.do
2017-02-23,510330,45.758498,上交所,https://query.sse.com.cn/commonQuery.do
2017-02-24,159919,47.629064,深交所,https://www.szse.cn/api/report/ShowReport/data
2017-02-24,510300,54.544877,上交所,https://query.sse.com.cn/commonQuery.do
2017-02-24,510310,25.163074,上交所,https://query.sse.com.cn/commonQuery.do
2017-02-24,510330,45.758498,上交所,https://query.sse.com.cn/commonQuery.do
2017-02-27,159919,47.584064,深交所,https://www.szse.cn/api/report/ShowReport/data
2017-02-27,510300,54.328877,上交所,https://query.sse.com.cn/commonQuery.do
2017-02-27,510310,25.163074,上交所,https://query.sse.com.cn/commonQuery.do
2017-02-27,510330,45.641498,上交所,https://query.sse.com.cn/commonQuery.do
2017-02-28,159919,47.584064,深交所,https://www.szse.cn/api/report/ShowReport/data
2017-02-28,510300,54.085877,上交所,https://query.sse.com.cn/commonQuery.do
2017-02-28,510310,25.143074,上交所,https://query.sse.com.cn/commonQuery.do
2017-02-28,510330,45.641498,上交所,https://query.sse.com.cn/commonQuery.do
2017-03-01,159919,47.566064,深交所,https://www.szse.cn/api/report/ShowReport/data
2017-03-01,510300,53.563877,上交所,https://query.sse.com.cn/commonQuery.do
2017-03-01,510310,25.143074,上交所,https://query.sse.com.cn/commonQuery.do
2017-03-01,510330,45.632498,上交所,https://query.sse.com.cn/commonQuery.do
2017-03-02,159919,47.557064,深交所,https://www.szse.cn/api/report/ShowReport/data
2017-03-02,510300,53.464877,上交所,https://query.sse.com.cn/commonQuery.do
2017-03-02,510310,25.143074,上交所,https://query.sse.com.cn/commonQuery.do
2017-03-02,510330,45.632498,上交所,https://query.sse.com.cn/commonQuery.do
2017-03-03,159919,47.539064,深交所,https://www.szse.cn/api/report/ShowReport/data
2017-03-03,510300,53.554877,上交所,https://query.sse.com.cn/commonQuery.do
2017-03-03,510310,25.143074,上交所,https://query.sse.com.cn/commonQuery.do
2017-03-03,510330,45.632498,上交所,https://query.sse.com.cn/commonQuery.do
2017-03-06,159919,47.512064,深交所,https://www.szse.cn/api/report/ShowReport/data
2017-03-06,510300,53.194877,上交所,https://query.sse.com.cn/commonQuery.do
2017-03-06,510310,25.143074,上交所,https://query.sse.com.cn/commonQuery.do
2017-03-06,510330,45.635901,上交所,https://query.sse.com.cn/commonQuery.do
2017-03-07,159919,47.512064,深交所,https://www.szse.cn/api/report/ShowReport/data
2017-03-07,510300,52.816877,上交所,https://query.sse.com.cn/commonQuery.do
2017-03-07,510310,25.123074,上交所,https://query.sse.com.cn/commonQuery.do
2017-03-07,510330,45.641498,上交所,https://query.sse.com.cn/commonQuery.do
2017-03-08,159919,47.512064,深交所,https://www.szse.cn/api/report/ShowReport/data
2017-03-08,510300,52.781433,上交所,https://query.sse.com.cn/commonQuery.do
2017-03-08,510310,25.083074,上交所,https://query.sse.com.cn/commonQuery.do
2017-03-08,510330,45.641498,上交所,https://query.sse.com.cn/commonQuery.do
2017-03-09,159919,47.512064,深交所,https://www.szse.cn/api/report/ShowReport/data
2017-03-09,510300,53.064260,上交所,https://query.sse.com.cn/commonQuery.do
2017-03-09,510310,25.063074,上交所,https://query.sse.com.cn/commonQuery.do
2017-03-09,510330,45.641498,上交所,https://query.sse.com.cn/commonQuery.do
2017-03-10,159919,47.539064,深交所,https://www.szse.cn/api/report/ShowReport/data
2017-03-10,510300,52.933877,上交所,https://query.sse.com.cn/commonQuery.do
2017-03-10,510310,25.043074,上交所,https://query.sse.com.cn/commonQuery.do
2017-03-10,510330,45.641498,上交所,https://query.sse.com.cn/commonQuery.do
2017-03-13,159919,47.539064,深交所,https://www.szse.cn/api/report/ShowReport/data
2017-03-13,510300,52.780877,上交所,https://query.sse.com.cn/commonQuery.do
2017-03-13,510310,25.063074,上交所,https://query.sse.com.cn/commonQuery.do
2017-03-13,510330,45.641498,上交所,https://query.sse.com.cn/commonQuery.do
2017-03-14,159919,47.584064,深交所,https://www.szse.cn/api/report/ShowReport/data
2017-03-14,510300,52.735877,上交所,https://query.sse.com.cn/commonQuery.do
2017-03-14,510310,25.063074,上交所,https://query.sse.com.cn/commonQuery.do
2017-03-14,510330,45.641498,上交所,https://query.sse.com.cn/commonQuery.do
2017-03-15,159919,47.575064,深交所,https://www.szse.cn/api/report/ShowReport/data
2017-03-15,510300,52.645877,上交所,https://query.sse.com.cn/commonQuery.do
2017-03-15,510310,25.063074,上交所,https://query.sse.com.cn/commonQuery.do
2017-03-15,510330,45.515498,上交所,https://query.sse.com.cn/commonQuery.do
2017-03-16,159919,47.575064,深交所,https://www.szse.cn/api/report/ShowReport/data
2017-03-16,510300,52.825877,上交所,https://query.sse.com.cn/commonQuery.do
2017-03-16,510310,25.003074,上交所,https://query.sse.com.cn/commonQuery.do
2017-03-16,510330,45.092498,上交所,https://query.sse.com.cn/commonQuery.do
2017-03-17,159919,47.125064,深交所,https://www.szse.cn/api/report/ShowReport/data
2017-03-17,510300,52.708877,上交所,https://query.sse.com.cn/commonQuery.do
2017-03-17,510310,24.943074,上交所,https://query.sse.com.cn/commonQuery.do
2017-03-17,510330,45.065498,上交所,https://query.sse.com.cn/commonQuery.do
2017-03-20,159919,47.107064,深交所,https://www.szse.cn/api/report/ShowReport/data
2017-03-20,510300,52.474877,上交所,https://query.sse.com.cn/commonQuery.do
2017-03-20,510310,24.943074,上交所,https://query.sse.com.cn/commonQuery.do
2017-03-20,510330,45.056498,上交所,https://query.sse.com.cn/commonQuery.do
2017-03-21,159919,46.909064,深交所,https://www.szse.cn/api/report/ShowReport/data
2017-03-21,510300,51.916877,上交所,https://query.sse.com.cn/commonQuery.do
2017-03-21,510310,24.943074,上交所,https://query.sse.com.cn/commonQuery.do
2017-03-21,510330,45.047498,上交所,https://query.sse.com.cn/commonQuery.do
2017-03-22,159919,46.783064,深交所,https://www.szse.cn/api/report/ShowReport/data
2017-03-22,510300,51.934877,上交所,https://query.sse.com.cn/commonQuery.do
2017-03-22,510310,24.943074,上交所,https://query.sse.com.cn/commonQuery.do
2017-03-22,510330,45.047498,上交所,https://query.sse.com.cn/commonQuery.do
2017-03-23,159919,46.738064,深交所,https://www.szse.cn/api/report/ShowReport/data
2017-03-23,510300,51.835877,上交所,https://query.sse.com.cn/commonQuery.do
2017-03-23,510310,24.943074,上交所,https://query.sse.com.cn/commonQuery.do
2017-03-23,510330,45.047498,上交所,https://query.sse.com.cn/commonQuery.do
2017-03-24,159919,46.666064,深交所,https://www.szse.cn/api/report/ShowReport/data
2017-03-24,510300,52.036273,上交所,https://query.sse.com.cn/commonQuery.do
2017-03-24,510310,24.943074,上交所,https://query.sse.com.cn/commonQuery.do
2017-03-24,510330,45.047498,上交所,https://query.sse.com.cn/commonQuery.do
2017-03-27,159919,46.630064,深交所,https://www.szse.cn/api/report/ShowReport/data
2017-03-27,510300,51.853877,上交所,https://query.sse.com.cn/commonQuery.do
2017-03-27,510310,24.923074,上交所,https://query.sse.com.cn/commonQuery.do
2017-03-27,510330,45.047498,上交所,https://query.sse.com.cn/commonQuery.do
2017-03-28,159919,46.603064,深交所,https://www.szse.cn/api/report/ShowReport/data
2017-03-28,510300,51.961877,上交所,https://query.sse.com.cn/commonQuery.do
2017-03-28,510310,24.923074,上交所,https://query.sse.com.cn/commonQuery.do
2017-03-28,510330,45.047498,上交所,https://query.sse.com.cn/commonQuery.do
2017-03-29,159919,46.594064,深交所,https://www.szse.cn/api/report/ShowReport/data
2017-03-29,510300,51.880877,上交所,https://query.sse.com.cn/commonQuery.do
2017-03-29,510310,24.903074,上交所,https://query.sse.com.cn/commonQuery.do
2017-03-29,510330,45.047498,上交所,https://query.sse.com.cn/commonQuery.do
2017-03-30,159919,46.594064,深交所,https://www.szse.cn/api/report/ShowReport/data
2017-03-30,510300,52.221499,上交所,https://query.sse.com.cn/commonQuery.do
2017-03-30,510310,24.883074,上交所,https://query.sse.com.cn/commonQuery.do
2017-03-30,510330,44.966498,上交所,https://query.sse.com.cn/commonQuery.do
2017-03-31,159919,46.594064,深交所,https://www.szse.cn/api/report/ShowReport/data
2017-03-31,510300,52.006877,上交所,https://query.sse.com.cn/commonQuery.do
2017-03-31,510310,24.883074,上交所,https://query.sse.com.cn/commonQuery.do
2017-03-31,510330,44.966498,上交所,https://query.sse.com.cn/commonQuery.do
2017-04-05,159919,46.594064,深交所,https://www.szse.cn/api/report/ShowReport/data
2017-04-05,510300,52.375877,上交所,https://query.sse.com.cn/commonQuery.do
2017-04-05,510310,24.883074,上交所,https://query.sse.com.cn/commonQuery.do
2017-04-05,510330,44.498498,上交所,https://query.sse.com.cn/commonQuery.do
2017-04-06,159919,46.594064,深交所,https://www.szse.cn/api/report/ShowReport/data
2017-04-06,510300,52.078877,上交所,https://query.sse.com.cn/commonQuery.do
2017-04-06,510310,24.883074,上交所,https://query.sse.com.cn/commonQuery.do
2017-04-06,510330,44.453498,上交所,https://query.sse.com.cn/commonQuery.do
2017-04-07,159919,46.558064,深交所,https://www.szse.cn/api/report/ShowReport/data
2017-04-07,510300,51.790877,上交所,https://query.sse.com.cn/commonQuery.do
2017-04-07,510310,24.843074,上交所,https://query.sse.com.cn/commonQuery.do
2017-04-07,510330,44.453498,上交所,https://query.sse.com.cn/commonQuery.do
2017-04-10,159919,46.558064,深交所,https://www.szse.cn/api/report/ShowReport/data
2017-04-10,510300,51.718877,上交所,https://query.sse.com.cn/commonQuery.do
2017-04-10,510310,24.823074,上交所,https://query.sse.com.cn/commonQuery.do
2017-04-10,510330,44.453498,上交所,https://query.sse.com.cn/commonQuery.do
2017-04-11,159919,46.549064,深交所,https://www.szse.cn/api/report/ShowReport/data
2017-04-11,510300,51.619877,上交所,https://query.sse.com.cn/commonQuery.do
2017-04-11,510310,24.763074,上交所,https://query.sse.com.cn/commonQuery.do
2017-04-11,510330,44.453498,上交所,https://query.sse.com.cn/commonQuery.do
2017-04-12,159919,46.540064,深交所,https://www.szse.cn/api/report/ShowReport/data
2017-04-12,510300,51.277877,上交所,https://query.sse.com.cn/commonQuery.do
2017-04-12,510310,24.763074,上交所,https://query.sse.com.cn/commonQuery.do
2017-04-12,510330,44.453498,上交所,https://query.sse.com.cn/commonQuery.do
2017-04-13,159919,46.540064,深交所,https://www.szse.cn/api/report/ShowReport/data
2017-04-13,510300,51.376877,上交所,https://query.sse.com.cn/commonQuery.do
2017-04-13,510310,24.763074,上交所,https://query.sse.com.cn/commonQuery.do
2017-04-13,510330,44.454980,上交所,https://query.sse.com.cn/commonQuery.do
2017-04-14,159919,46.531064,深交所,https://www.szse.cn/api/report/ShowReport/data
2017-04-14,510300,51.421875,上交所,https://query.sse.com.cn/commonQuery.do
2017-04-14,510310,24.763074,上交所,https://query.sse.com.cn/commonQuery.do
2017-04-14,510330,44.462498,上交所,https://query.sse.com.cn/commonQuery.do
2017-04-17,159919,46.531064,深交所,https://www.szse.cn/api/report/ShowReport/data
2017-04-17,510300,51.988803,上交所,https://query.sse.com.cn/commonQuery.do
2017-04-17,510310,24.763074,上交所,https://query.sse.com.cn/commonQuery.do
2017-04-17,510330,44.462498,上交所,https://query.sse.com.cn/commonQuery.do
2017-04-18,159919,46.531064,深交所,https://www.szse.cn/api/report/ShowReport/data
2017-04-18,510300,51.844877,上交所,https://query.sse.com.cn/commonQuery.do
2017-04-18,510310,24.763074,上交所,https://query.sse.com.cn/commonQuery.do
2017-04-18,510330,44.462498,上交所,https://query.sse.com.cn/commonQuery.do
2017-04-19,159919,46.531064,深交所,https://www.szse.cn/api/report/ShowReport/data
2017-04-19,510300,53.059368,上交所,https://query.sse.com.cn/commonQuery.do
2017-04-19,510310,24.763074,上交所,https://query.sse.com.cn/commonQuery.do
2017-04-19,510330,44.462498,上交所,https://query.sse.com.cn/commonQuery.do
2017-04-20,159919,46.522064,深交所,https://www.szse.cn/api/report/ShowReport/data
2017-04-20,510300,52.645877,上交所,https://query.sse.com.cn/commonQuery.do
2017-04-20,510310,24.763074,上交所,https://query.sse.com.cn/commonQuery.do
2017-04-20,510330,44.453498,上交所,https://query.sse.com.cn/commonQuery.do
2017-04-21,159919,46.522064,深交所,https://www.szse.cn/api/report/ShowReport/data
2017-04-21,510300,52.622357,上交所,https://query.sse.com.cn/commonQuery.do
2017-04-21,510310,24.763074,上交所,https://query.sse.com.cn/commonQuery.do
2017-04-21,510330,44.453498,上交所,https://query.sse.com.cn/commonQuery.do
2017-04-24,159919,46.531064,深交所,https://www.szse.cn/api/report/ShowReport/data
2017-04-24,510300,53.401871,上交所,https://query.sse.com.cn/commonQuery.do
2017-04-24,510310,24.773443,上交所,https://query.sse.com.cn/commonQuery.do
2017-04-24,510330,44.453498,上交所,https://query.sse.com.cn/commonQuery.do
2017-04-25,159919,46.531064,深交所,https://www.szse.cn/api/report/ShowReport/data
2017-04-25,510300,53.241438,上交所,https://query.sse.com.cn/commonQuery.do
2017-04-25,510310,24.803074,上交所,https://query.sse.com.cn/commonQuery.do
2017-04-25,510330,44.453498,上交所,https://query.sse.com.cn/commonQuery.do
2017-04-26,159919,46.531064,深交所,https://www.szse.cn/api/report/ShowReport/data
2017-04-26,510300,53.095877,上交所,https://query.sse.com.cn/commonQuery.do
2017-04-26,510310,24.803074,上交所,https://query.sse.com.cn/commonQuery.do
2017-04-26,510330,44.453498,上交所,https://query.sse.com.cn/commonQuery.do
2017-04-27,159919,46.531064,深交所,https://www.szse.cn/api/report/ShowReport/data
2017-04-27,510300,54.283877,上交所,https://query.sse.com.cn/commonQuery.do
2017-04-27,510310,24.803074,上交所,https://query.sse.com.cn/commonQuery.do
2017-04-27,510330,44.453498,上交所,https://query.sse.com.cn/commonQuery.do
2017-04-28,159919,46.531064,深交所,https://www.szse.cn/api/report/ShowReport/data
2017-04-28,510300,54.346877,上交所,https://query.sse.com.cn/commonQuery.do
2017-04-28,510310,24.803074,上交所,https://query.sse.com.cn/commonQuery.do
2017-04-28,510330,44.057498,上交所,https://query.sse.com.cn/commonQuery.do
2017-05-02,159919,46.531064,深交所,https://www.szse.cn/api/report/ShowReport/data
2017-05-02,510300,54.139877,上交所,https://query.sse.com.cn/commonQuery.do
2017-05-02,510310,24.803074,上交所,https://query.sse.com.cn/commonQuery.do
2017-05-02,510330,44.066498,上交所,https://query.sse.com.cn/commonQuery.do
2017-05-03,159919,46.549064,深交所,https://www.szse.cn/api/report/ShowReport/data
2017-05-03,510300,54.292877,上交所,https://query.sse.com.cn/commonQuery.do
2017-05-03,510310,24.803074,上交所,https://query.sse.com.cn/commonQuery.do
2017-05-03,510330,44.066498,上交所,https://query.sse.com.cn/commonQuery.do
2017-05-04,159919,46.549064,深交所,https://www.szse.cn/api/report/ShowReport/data
2017-05-04,510300,54.418877,上交所,https://query.sse.com.cn/commonQuery.do
2017-05-04,510310,24.803074,上交所,https://query.sse.com.cn/commonQuery.do
2017-05-04,510330,44.066498,上交所,https://query.sse.com.cn/commonQuery.do
2017-05-05,159919,46.549064,深交所,https://www.szse.cn/api/report/ShowReport/data
2017-05-05,510300,54.895875,上交所,https://query.sse.com.cn/commonQuery.do
2017-05-05,510310,24.803074,上交所,https://query.sse.com.cn/commonQuery.do
2017-05-05,510330,44.057498,上交所,https://query.sse.com.cn/commonQuery.do
2017-05-08,159919,46.549064,深交所,https://www.szse.cn/api/report/ShowReport/data
2017-05-08,510300,55.381939,上交所,https://query.sse.com.cn/commonQuery.do
2017-05-08,510310,24.803074,上交所,https://query.sse.com.cn/commonQuery.do
2017-05-08,510330,44.057498,上交所,https://query.sse.com.cn/commonQuery.do
2017-05-09,159919,46.549064,深交所,https://www.szse.cn/api/report/ShowReport/data
2017-05-09,510300,55.633877,上交所,https://query.sse.com.cn/commonQuery.do
2017-05-09,510310,24.803074,上交所,https://query.sse.com.cn/commonQuery.do
2017-05-09,510330,44.057498,上交所,https://query.sse.com.cn/commonQuery.do
2017-05-10,159919,46.549064,深交所,https://www.szse.cn/api/report/ShowReport/data
2017-05-10,510300,54.652877,上交所,https://query.sse.com.cn/commonQuery.do
2017-05-10,510310,24.803074,上交所,https://query.sse.com.cn/commonQuery.do
2017-05-10,510330,44.048498,上交所,https://query.sse.com.cn/commonQuery.do
2017-05-11,159919,46.549064,深交所,https://www.szse.cn/api/report/ShowReport/data
2017-05-11,510300,55.866561,上交所,https://query.sse.com.cn/commonQuery.do
2017-05-11,510310,24.783074,上交所,https://query.sse.com.cn/commonQuery.do
2017-05-11,510330,44.048498,上交所,https://query.sse.com.cn/commonQuery.do
2017-05-12,159919,46.549064,深交所,https://www.szse.cn/api/report/ShowReport/data
2017-05-12,510300,55.057877,上交所,https://query.sse.com.cn/commonQuery.do
2017-05-12,510310,24.763074,上交所,https://query.sse.com.cn/commonQuery.do
2017-05-12,510330,44.048498,上交所,https://query.sse.com.cn/commonQuery.do
2017-05-15,159919,46.549064,深交所,https://www.szse.cn/api/report/ShowReport/data
2017-05-15,510300,54.589877,上交所,https://query.sse.com.cn/commonQuery.do
2017-05-15,510310,24.763074,上交所,https://query.sse.com.cn/commonQuery.do
2017-05-15,510330,44.039498,上交所,https://query.sse.com.cn/commonQuery.do
2017-05-16,159919,46.549064,深交所,https://www.szse.cn/api/report/ShowReport/data
2017-05-16,510300,54.796877,上交所,https://query.sse.com.cn/commonQuery.do
2017-05-16,510310,24.763074,上交所,https://query.sse.com.cn/commonQuery.do
2017-05-16,510330,44.039498,上交所,https://query.sse.com.cn/commonQuery.do
2017-05-17,159919,46.549064,深交所,https://www.szse.cn/api/report/ShowReport/data
2017-05-17,510300,54.915056,上交所,https://query.sse.com.cn/commonQuery.do
2017-05-17,510310,24.763641,上交所,https://query.sse.com.cn/commonQuery.do
2017-05-17,510330,44.039498,上交所,https://query.sse.com.cn/commonQuery.do
2017-05-18,159919,46.549064,深交所,https://www.szse.cn/api/report/ShowReport/data
2017-05-18,510300,54.994877,上交所,https://query.sse.com.cn/commonQuery.do
2017-05-18,510310,24.763074,上交所,https://query.sse.com.cn/commonQuery.do
2017-05-18,510330,44.039498,上交所,https://query.sse.com.cn/commonQuery.do
2017-05-19,159919,46.549064,深交所,https://www.szse.cn/api/report/ShowReport/data
2017-05-19,510300,54.787877,上交所,https://query.sse.com.cn/commonQuery.do
2017-05-19,510310,24.763074,上交所,https://query.sse.com.cn/commonQuery.do
2017-05-19,510330,44.039498,上交所,https://query.sse.com.cn/commonQuery.do
2017-05-22,159919,46.549064,深交所,https://www.szse.cn/api/report/ShowReport/data
2017-05-22,510300,54.544877,上交所,https://query.sse.com.cn/commonQuery.do
2017-05-22,510310,24.763074,上交所,https://query.sse.com.cn/commonQuery.do
2017-05-22,510330,44.039498,上交所,https://query.sse.com.cn/commonQuery.do
2017-05-23,159919,46.549064,深交所,https://www.szse.cn/api/report/ShowReport/data
2017-05-23,510300,54.058877,上交所,https://query.sse.com.cn/commonQuery.do
2017-05-23,510310,24.743074,上交所,https://query.sse.com.cn/commonQuery.do
2017-05-23,510330,44.048498,上交所,https://query.sse.com.cn/commonQuery.do
2017-05-24,159919,46.549064,深交所,https://www.szse.cn/api/report/ShowReport/data
2017-05-24,510300,54.355877,上交所,https://query.sse.com.cn/commonQuery.do
2017-05-24,510310,24.743074,上交所,https://query.sse.com.cn/commonQuery.do
2017-05-24,510330,44.048498,上交所,https://query.sse.com.cn/commonQuery.do
2017-05-25,159919,46.549064,深交所,https://www.szse.cn/api/report/ShowReport/data
2017-05-25,510300,53.977877,上交所,https://query.sse.com.cn/commonQuery.do
2017-05-25,510310,24.723074,上交所,https://query.sse.com.cn/commonQuery.do
2017-05-25,510330,44.048498,上交所,https://query.sse.com.cn/commonQuery.do
2017-05-26,159919,46.423064,深交所,https://www.szse.cn/api/report/ShowReport/data
2017-05-26,510300,55.012877,上交所,https://query.sse.com.cn/commonQuery.do
2017-05-26,510310,24.723074,上交所,https://query.sse.com.cn/commonQuery.do
2017-05-26,510330,44.048498,上交所,https://query.sse.com.cn/commonQuery.do
2017-05-31,159919,46.423064,深交所,https://www.szse.cn/api/report/ShowReport/data
2017-05-31,510300,54.904877,上交所,https://query.sse.com.cn/commonQuery.do
2017-05-31,510310,24.703074,上交所,https://query.sse.com.cn/commonQuery.do
2017-05-31,510330,44.003498,上交所,https://query.sse.com.cn/commonQuery.do
2017-06-01,159919,46.423064,深交所,https://www.szse.cn/api/report/ShowReport/data
2017-06-01,510300,54.598877,上交所,https://query.sse.com.cn/commonQuery.do
2017-06-01,510310,24.683074,上交所,https://query.sse.com.cn/commonQuery.do
2017-06-01,510330,43.985498,上交所,https://query.sse.com.cn/commonQuery.do
2017-06-02,159919,46.423064,深交所,https://www.szse.cn/api/report/ShowReport/data
2017-06-02,510300,54.985877,上交所,https://query.sse.com.cn/commonQuery.do
2017-06-02,510310,24.663074,上交所,https://query.sse.com.cn/commonQuery.do
2017-06-02,510330,43.985498,上交所,https://query.sse.com.cn/commonQuery.do
2017-06-05,159919,46.423064,深交所,https://www.szse.cn/api/report/ShowReport/data
2017-06-05,510300,54.877877,上交所,https://query.sse.com.cn/commonQuery.do
2017-06-05,510310,24.663074,上交所,https://query.sse.com.cn/commonQuery.do
2017-06-05,510330,43.985498,上交所,https://query.sse.com.cn/commonQuery.do
2017-06-06,159919,46.423064,深交所,https://www.szse.cn/api/report/ShowReport/data
2017-06-06,510300,54.697877,上交所,https://query.sse.com.cn/commonQuery.do
2017-06-06,510310,24.643074,上交所,https://query.sse.com.cn/commonQuery.do
2017-06-06,510330,43.949498,上交所,https://query.sse.com.cn/commonQuery.do
2017-06-07,159919,46.423064,深交所,https://www.szse.cn/api/report/ShowReport/data
2017-06-07,510300,54.634877,上交所,https://query.sse.com.cn/commonQuery.do
2017-06-07,510310,24.643074,上交所,https://query.sse.com.cn/commonQuery.do
2017-06-07,510330,43.940498,上交所,https://query.sse.com.cn/commonQuery.do
2017-06-08,159919,46.396064,深交所,https://www.szse.cn/api/report/ShowReport/data
2017-06-08,510300,54.388877,上交所,https://query.sse.com.cn/commonQuery.do
2017-06-08,510310,24.543074,上交所,https://query.sse.com.cn/commonQuery.do
2017-06-08,510330,43.895498,上交所,https://query.sse.com.cn/commonQuery.do
2017-06-09,159919,46.135064,深交所,https://www.szse.cn/api/report/ShowReport/data
2017-06-09,510300,53.869877,上交所,https://query.sse.com.cn/commonQuery.do
2017-06-09,510310,24.523074,上交所,https://query.sse.com.cn/commonQuery.do
2017-06-09,510330,43.841498,上交所,https://query.sse.com.cn/commonQuery.do
2017-06-12,159919,46.135064,深交所,https://www.szse.cn/api/report/ShowReport/data
2017-06-12,510300,53.797877,上交所,https://query.sse.com.cn/commonQuery.do
2017-06-12,510310,24.463074,上交所,https://query.sse.com.cn/commonQuery.do
2017-06-12,510330,43.814498,上交所,https://query.sse.com.cn/commonQuery.do
2017-06-13,159919,46.135064,深交所,https://www.szse.cn/api/report/ShowReport/data
2017-06-13,510300,54.265877,上交所,https://query.sse.com.cn/commonQuery.do
2017-06-13,510310,24.443074,上交所,https://query.sse.com.cn/commonQuery.do
2017-06-13,510330,43.805498,上交所,https://query.sse.com.cn/commonQuery.do
2017-06-14,159919,45.955064,深交所,https://www.szse.cn/api/report/ShowReport/data
2017-06-14,510300,54.688874,上交所,https://query.sse.com.cn/commonQuery.do
2017-06-14,510310,24.443074,上交所,https://query.sse.com.cn/commonQuery.do
2017-06-14,510330,43.805498,上交所,https://query.sse.com.cn/commonQuery.do
2017-06-15,159919,45.955064,深交所,https://www.szse.cn/api/report/ShowReport/data
2017-06-15,510300,55.003876,上交所,https://query.sse.com.cn/commonQuery.do
2017-06-15,510310,24.443074,上交所,https://query.sse.com.cn/commonQuery.do
2017-06-15,510330,43.805498,上交所,https://query.sse.com.cn/commonQuery.do
2017-06-16,159919,45.955064,深交所,https://www.szse.cn/api/report/ShowReport/data
2017-06-16,510300,54.832877,上交所,https://query.sse.com.cn/commonQuery.do
2017-06-16,510310,24.443074,上交所,https://query.sse.com.cn/commonQuery.do
2017-06-16,510330,43.796498,上交所,https://query.sse.com.cn/commonQuery.do
2017-06-19,159919,45.955064,深交所,https://www.szse.cn/api/report/ShowReport/data
2017-06-19,510300,54.409877,上交所,https://query.sse.com.cn/commonQuery.do
2017-06-19,510310,24.443074,上交所,https://query.sse.com.cn/commonQuery.do
2017-06-19,510330,43.787498,上交所,https://query.sse.com.cn/commonQuery.do
2017-06-20,159919,45.325064,深交所,https://www.szse.cn/api/report/ShowReport/data
2017-06-20,510300,53.797877,上交所,https://query.sse.com.cn/commonQuery.do
2017-06-20,510310,24.443074,上交所,https://query.sse.com.cn/commonQuery.do
2017-06-20,510330,43.787498,上交所,https://query.sse.com.cn/commonQuery.do
2017-06-21,159919,44.875064,深交所,https://www.szse.cn/api/report/ShowReport/data
2017-06-21,510300,52.771877,上交所,https://query.sse.com.cn/commonQuery.do
2017-06-21,510310,24.443074,上交所,https://query.sse.com.cn/commonQuery.do
2017-06-21,510330,43.733498,上交所,https://query.sse.com.cn/commonQuery.do
2017-06-22,159919,44.875064,深交所,https://www.szse.cn/api/report/ShowReport/data
2017-06-22,510300,52.006877,上交所,https://query.sse.com.cn/commonQuery.do
2017-06-22,510310,24.443074,上交所,https://query.sse.com.cn/commonQuery.do
2017-06-22,510330,43.733498,上交所,https://query.sse.com.cn/commonQuery.do
2017-06-23,159919,44.335064,深交所,https://www.szse.cn/api/report/ShowReport/data
2017-06-23,510300,52.033875,上交所,https://query.sse.com.cn/commonQuery.do
2017-06-23,510310,24.443074,上交所,https://query.sse.com.cn/commonQuery.do
2017-06-23,510330,43.688498,上交所,https://query.sse.com.cn/commonQuery.do
2017-06-26,159919,44.335064,深交所,https://www.szse.cn/api/report/ShowReport/data
2017-06-26,510300,52.069875,上交所,https://query.sse.com.cn/commonQuery.do
2017-06-26,510310,24.443074,上交所,https://query.sse.com.cn/commonQuery.do
2017-06-26,510330,43.643498,上交所,https://query.sse.com.cn/commonQuery.do
2017-06-27,159919,44.335064,深交所,https://www.szse.cn/api/report/ShowReport/data
2017-06-27,510300,52.132877,上交所,https://query.sse.com.cn/commonQuery.do
2017-06-27,510310,24.443074,上交所,https://query.sse.com.cn/commonQuery.do
2017-06-27,510330,43.625498,上交所,https://query.sse.com.cn/commonQuery.do
2017-06-28,159919,44.335064,深交所,https://www.szse.cn/api/report/ShowReport/data
2017-06-28,510300,52.114877,上交所,https://query.sse.com.cn/commonQuery.do
2017-06-28,510310,24.383074,上交所,https://query.sse.com.cn/commonQuery.do
2017-06-28,510330,43.625498,上交所,https://query.sse.com.cn/commonQuery.do
2017-06-29,159919,44.335064,深交所,https://www.szse.cn/api/report/ShowReport/data
2017-06-29,510300,52.258877,上交所,https://query.sse.com.cn/commonQuery.do
2017-06-29,510310,24.383074,上交所,https://query.sse.com.cn/commonQuery.do
2017-06-29,510330,43.625498,上交所,https://query.sse.com.cn/commonQuery.do
2017-06-30,159919,44.335064,深交所,https://www.szse.cn/api/report/ShowReport/data
2017-06-30,510300,52.072874,上交所,https://query.sse.com.cn/commonQuery.do
2017-06-30,510310,24.363074,上交所,https://query.sse.com.cn/commonQuery.do
2017-06-30,510330,43.607498,上交所,https://query.sse.com.cn/commonQuery.do
2017-07-03,159919,44.335064,深交所,https://www.szse.cn/api/report/ShowReport/data
2017-07-03,510300,51.925877,上交所,https://query.sse.com.cn/commonQuery.do
2017-07-03,510310,24.323074,上交所,https://query.sse.com.cn/commonQuery.do
2017-07-03,510330,43.598498,上交所,https://query.sse.com.cn/commonQuery.do
2017-07-04,159919,44.335064,深交所,https://www.szse.cn/api/report/ShowReport/data
2017-07-04,510300,51.421877,上交所,https://query.sse.com.cn/commonQuery.do
2017-07-04,510310,24.323074,上交所,https://query.sse.com.cn/commonQuery.do
2017-07-04,510330,43.598498,上交所,https://query.sse.com.cn/commonQuery.do
2017-07-05,159919,44.335064,深交所,https://www.szse.cn/api/report/ShowReport/data
2017-07-05,510300,51.322877,上交所,https://query.sse.com.cn/commonQuery.do
2017-07-05,510310,24.303074,上交所,https://query.sse.com.cn/commonQuery.do
2017-07-05,510330,43.598498,上交所,https://query.sse.com.cn/commonQuery.do
2017-07-06,159919,44.335064,深交所,https://www.szse.cn/api/report/ShowReport/data
2017-07-06,510300,50.710877,上交所,https://query.sse.com.cn/commonQuery.do
2017-07-06,510310,24.263074,上交所,https://query.sse.com.cn/commonQuery.do
2017-07-06,510330,43.580498,上交所,https://query.sse.com.cn/commonQuery.do
2017-07-07,159919,44.335064,深交所,https://www.szse.cn/api/report/ShowReport/data
2017-07-07,510300,50.314877,上交所,https://query.sse.com.cn/commonQuery.do
2017-07-07,510310,24.263074,上交所,https://query.sse.com.cn/commonQuery.do
2017-07-07,510330,43.571498,上交所,https://query.sse.com.cn/commonQuery.do
2017-07-10,159919,44.335064,深交所,https://www.szse.cn/api/report/ShowReport/data
2017-07-10,510300,49.963877,上交所,https://query.sse.com.cn/commonQuery.do
2017-07-10,510310,24.263074,上交所,https://query.sse.com.cn/commonQuery.do
2017-07-10,510330,43.571498,上交所,https://query.sse.com.cn/commonQuery.do
2017-07-11,159919,44.335064,深交所,https://www.szse.cn/api/report/ShowReport/data
2017-07-11,510300,49.747877,上交所,https://query.sse.com.cn/commonQuery.do
2017-07-11,510310,24.263074,上交所,https://query.sse.com.cn/commonQuery.do
2017-07-11,510330,43.562498,上交所,https://query.sse.com.cn/commonQuery.do
2017-07-12,159919,44.173064,深交所,https://www.szse.cn/api/report/ShowReport/data
2017-07-12,510300,49.495877,上交所,https://query.sse.com.cn/commonQuery.do
2017-07-12,510310,24.223074,上交所,https://query.sse.com.cn/commonQuery.do
2017-07-12,510330,43.535498,上交所,https://query.sse.com.cn/commonQuery.do
2017-07-13,159919,44.173064,深交所,https://www.szse.cn/api/report/ShowReport/data
2017-07-13,510300,49.554691,上交所,https://query.sse.com.cn/commonQuery.do
2017-07-13,510310,24.183074,上交所,https://query.sse.com.cn/commonQuery.do
2017-07-13,510330,43.526498,上交所,https://query.sse.com.cn/commonQuery.do
2017-07-14,159919,44.173064,深交所,https://www.szse.cn/api/report/ShowReport/data
2017-07-14,510300,49.492877,上交所,https://query.sse.com.cn/commonQuery.do
2017-07-14,510310,24.103074,上交所,https://query.sse.com.cn/commonQuery.do
2017-07-14,510330,43.526498,上交所,https://query.sse.com.cn/commonQuery.do
2017-07-17,159919,44.047064,深交所,https://www.szse.cn/api/report/ShowReport/data
2017-07-17,510300,50.026877,上交所,https://query.sse.com.cn/commonQuery.do
2017-07-17,510310,24.103074,上交所,https://query.sse.com.cn/commonQuery.do
2017-07-17,510330,43.508498,上交所,https://query.sse.com.cn/commonQuery.do
2017-07-18,159919,44.047064,深交所,https://www.szse.cn/api/report/ShowReport/data
2017-07-18,510300,49.639877,上交所,https://query.sse.com.cn/commonQuery.do
2017-07-18,510310,24.103074,上交所,https://query.sse.com.cn/commonQuery.do
2017-07-18,510330,43.445498,上交所,https://query.sse.com.cn/commonQuery.do
2017-07-19,159919,44.047064,深交所,https://www.szse.cn/api/report/ShowReport/data
2017-07-19,510300,49.207643,上交所,https://query.sse.com.cn/commonQuery.do
2017-07-19,510310,24.103074,上交所,https://query.sse.com.cn/commonQuery.do
2017-07-19,510330,43.427498,上交所,https://query.sse.com.cn/commonQuery.do
2017-07-20,159919,44.047064,深交所,https://www.szse.cn/api/report/ShowReport/data
2017-07-20,510300,49.396877,上交所,https://query.sse.com.cn/commonQuery.do
2017-07-20,510310,24.083074,上交所,https://query.sse.com.cn/commonQuery.do
2017-07-20,510330,43.418498,上交所,https://query.sse.com.cn/commonQuery.do
2017-07-21,159919,44.047064,深交所,https://www.szse.cn/api/report/ShowReport/data
2017-07-21,510300,49.576877,上交所,https://query.sse.com.cn/commonQuery.do
2017-07-21,510310,24.083074,上交所,https://query.sse.com.cn/commonQuery.do
2017-07-21,510330,43.391498,上交所,https://query.sse.com.cn/commonQuery.do
2017-07-24,159919,44.056064,深交所,https://www.szse.cn/api/report/ShowReport/data
2017-07-24,510300,49.567877,上交所,https://query.sse.com.cn/commonQuery.do
2017-07-24,510310,24.063074,上交所,https://query.sse.com.cn/commonQuery.do
2017-07-24,510330,43.382498,上交所,https://query.sse.com.cn/commonQuery.do
2017-07-25,159919,44.056064,深交所,https://www.szse.cn/api/report/ShowReport/data
2017-07-25,510300,49.504877,上交所,https://query.sse.com.cn/commonQuery.do
2017-07-25,510310,24.043074,上交所,https://query.sse.com.cn/commonQuery.do
2017-07-25,510330,43.346498,上交所,https://query.sse.com.cn/commonQuery.do
2017-07-26,159919,44.056064,深交所,https://www.szse.cn/api/report/ShowReport/data
2017-07-26,510300,49.333877,上交所,https://query.sse.com.cn/commonQuery.do
2017-07-26,510310,24.023074,上交所,https://query.sse.com.cn/commonQuery.do
2017-07-26,510330,43.337498,上交所,https://query.sse.com.cn/commonQuery.do
2017-07-27,159919,44.020064,深交所,https://www.szse.cn/api/report/ShowReport/data
2017-07-27,510300,49.153877,上交所,https://query.sse.com.cn/commonQuery.do
2017-07-27,510310,24.023074,上交所,https://query.sse.com.cn/commonQuery.do
2017-07-27,510330,43.328498,上交所,https://query.sse.com.cn/commonQuery.do
2017-07-28,159919,44.020064,深交所,https://www.szse.cn/api/report/ShowReport/data
2017-07-28,510300,49.045877,上交所,https://query.sse.com.cn/commonQuery.do
2017-07-28,510310,24.023074,上交所,https://query.sse.com.cn/commonQuery.do
2017-07-28,510330,43.301498,上交所,https://query.sse.com.cn/commonQuery.do
2017-07-31,159919,44.020064,深交所,https://www.szse.cn/api/report/ShowReport/data
2017-07-31,510300,49.099877,上交所,https://query.sse.com.cn/commonQuery.do
2017-07-31,510310,24.003074,上交所,https://query.sse.com.cn/commonQuery.do
2017-07-31,510330,43.301498,上交所,https://query.sse.com.cn/commonQuery.do
2017-08-01,159919,44.020064,深交所,https://www.szse.cn/api/report/ShowReport/data
2017-08-01,510300,48.649877,上交所,https://query.sse.com.cn/commonQuery.do
2017-08-01,510310,23.943074,上交所,https://query.sse.com.cn/commonQuery.do
2017-08-01,510330,43.256498,上交所,https://query.sse.com.cn/commonQuery.do
2017-08-02,159919,44.020064,深交所,https://www.szse.cn/api/report/ShowReport/data
2017-08-02,510300,48.577877,上交所,https://query.sse.com.cn/commonQuery.do
2017-08-02,510310,23.923074,上交所,https://query.sse.com.cn/commonQuery.do
2017-08-02,510330,43.229498,上交所,https://query.sse.com.cn/commonQuery.do
2017-08-03,159919,44.020064,深交所,https://www.szse.cn/api/report/ShowReport/data
2017-08-03,510300,48.757877,上交所,https://query.sse.com.cn/commonQuery.do
2017-08-03,510310,23.923074,上交所,https://query.sse.com.cn/commonQuery.do
2017-08-03,510330,43.211498,上交所,https://query.sse.com.cn/commonQuery.do
2017-08-04,159919,44.020064,深交所,https://www.szse.cn/api/report/ShowReport/data
2017-08-04,510300,48.622877,上交所,https://query.sse.com.cn/commonQuery.do
2017-08-04,510310,23.923074,上交所,https://query.sse.com.cn/commonQuery.do
2017-08-04,510330,43.211498,上交所,https://query.sse.com.cn/commonQuery.do
2017-08-07,159919,44.020064,深交所,https://www.szse.cn/api/report/ShowReport/data
2017-08-07,510300,48.433877,上交所,https://query.sse.com.cn/commonQuery.do
2017-08-07,510310,23.903074,上交所,https://query.sse.com.cn/commonQuery.do
2017-08-07,510330,43.202498,上交所,https://query.sse.com.cn/commonQuery.do
2017-08-08,159919,44.020064,深交所,https://www.szse.cn/api/report/ShowReport/data
2017-08-08,510300,47.812877,上交所,https://query.sse.com.cn/commonQuery.do
2017-08-08,510310,23.903074,上交所,https://query.sse.com.cn/commonQuery.do
2017-08-08,510330,43.193498,上交所,https://query.sse.com.cn/commonQuery.do
2017-08-09,159919,44.020064,深交所,https://www.szse.cn/api/report/ShowReport/data
2017-08-09,510300,47.380877,上交所,https://query.sse.com.cn/commonQuery.do
2017-08-09,510310,23.903074,上交所,https://query.sse.com.cn/commonQuery.do
2017-08-09,510330,43.184498,上交所,https://query.sse.com.cn/commonQuery.do
2017-08-10,159919,43.930064,深交所,https://www.szse.cn/api/report/ShowReport/data
2017-08-10,510300,47.056877,上交所,https://query.sse.com.cn/commonQuery.do
2017-08-10,510310,23.903074,上交所,https://query.sse.com.cn/commonQuery.do
2017-08-10,510330,43.148498,上交所,https://query.sse.com.cn/commonQuery.do
2017-08-11,159919,43.903064,深交所,https://www.szse.cn/api/report/ShowReport/data
2017-08-11,510300,47.020877,上交所,https://query.sse.com.cn/commonQuery.do
2017-08-11,510310,23.903074,上交所,https://query.sse.com.cn/commonQuery.do
2017-08-11,510330,43.139498,上交所,https://query.sse.com.cn/commonQuery.do
2017-08-14,159919,43.903064,深交所,https://www.szse.cn/api/report/ShowReport/data
2017-08-14,510300,46.408877,上交所,https://query.sse.com.cn/commonQuery.do
2017-08-14,510310,23.883074,上交所,https://query.sse.com.cn/commonQuery.do
2017-08-14,510330,43.140381,上交所,https://query.sse.com.cn/commonQuery.do
2017-08-15,159919,43.903064,深交所,https://www.szse.cn/api/report/ShowReport/data
2017-08-15,510300,44.797877,上交所,https://query.sse.com.cn/commonQuery.do
2017-08-15,510310,23.843074,上交所,https://query.sse.com.cn/commonQuery.do
2017-08-15,510330,43.130498,上交所,https://query.sse.com.cn/commonQuery.do
2017-08-16,159919,43.903064,深交所,https://www.szse.cn/api/report/ShowReport/data
2017-08-16,510300,44.410877,上交所,https://query.sse.com.cn/commonQuery.do
2017-08-16,510310,23.843074,上交所,https://query.sse.com.cn/commonQuery.do
2017-08-16,510330,43.130498,上交所,https://query.sse.com.cn/commonQuery.do
2017-08-17,159919,43.903064,深交所,https://www.szse.cn/api/report/ShowReport/data
2017-08-17,510300,44.203877,上交所,https://query.sse.com.cn/commonQuery.do
2017-08-17,510310,23.843074,上交所,https://query.sse.com.cn/commonQuery.do
2017-08-17,510330,43.130498,上交所,https://query.sse.com.cn/commonQuery.do
2017-08-18,159919,43.903064,深交所,https://www.szse.cn/api/report/ShowReport/data
2017-08-18,510300,44.059877,上交所,https://query.sse.com.cn/commonQuery.do
2017-08-18,510310,23.823074,上交所,https://query.sse.com.cn/commonQuery.do
2017-08-18,510330,43.130498,上交所,https://query.sse.com.cn/commonQuery.do
2017-08-21,159919,43.903064,深交所,https://www.szse.cn/api/report/ShowReport/data
2017-08-21,510300,44.077877,上交所,https://query.sse.com.cn/commonQuery.do
2017-08-21,510310,23.823074,上交所,https://query.sse.com.cn/commonQuery.do
2017-08-21,510330,43.094498,上交所,https://query.sse.com.cn/commonQuery.do
2017-08-22,159919,43.903064,深交所,https://www.szse.cn/api/report/ShowReport/data
2017-08-22,510300,43.699877,上交所,https://query.sse.com.cn/commonQuery.do
2017-08-22,510310,23.803074,上交所,https://query.sse.com.cn/commonQuery.do
2017-08-22,510330,43.013498,上交所,https://query.sse.com.cn/commonQuery.do
2017-08-23,159919,43.858064,深交所,https://www.szse.cn/api/report/ShowReport/data
2017-08-23,510300,43.654877,上交所,https://query.sse.com.cn/commonQuery.do
2017-08-23,510310,23.803074,上交所,https://query.sse.com.cn/commonQuery.do
2017-08-23,510330,43.013498,上交所,https://query.sse.com.cn/commonQuery.do
2017-08-24,159919,43.804064,深交所,https://www.szse.cn/api/report/ShowReport/data
2017-08-24,510300,43.743098,上交所,https://query.sse.com.cn/commonQuery.do
2017-08-24,510310,23.803074,上交所,https://query.sse.com.cn/commonQuery.do
2017-08-24,510330,43.004498,上交所,https://query.sse.com.cn/commonQuery.do
2017-08-25,159919,43.804064,深交所,https://www.szse.cn/api/report/ShowReport/data
2017-08-25,510300,44.726018,上交所,https://query.sse.com.cn/commonQuery.do
2017-08-25,510310,23.903074,上交所,https://query.sse.com.cn/commonQuery.do
2017-08-25,510330,43.004498,上交所,https://query.sse.com.cn/commonQuery.do
2017-08-28,159919,43.795064,深交所,https://www.szse.cn/api/report/ShowReport/data
2017-08-28,510300,45.481877,上交所,https://query.sse.com.cn/commonQuery.do
2017-08-28,510310,24.023074,上交所,https://query.sse.com.cn/commonQuery.do
2017-08-28,510330,43.035824,上交所,https://query.sse.com.cn/commonQuery.do
2017-08-29,159919,43.822064,深交所,https://www.szse.cn/api/report/ShowReport/data
2017-08-29,510300,45.895877,上交所,https://query.sse.com.cn/commonQuery.do
2017-08-29,510310,24.024109,上交所,https://query.sse.com.cn/commonQuery.do
2017-08-29,510330,43.022498,上交所,https://query.sse.com.cn/commonQuery.do
2017-08-30,159919,43.822064,深交所,https://www.szse.cn/api/report/ShowReport/data
2017-08-30,510300,45.967877,上交所,https://query.sse.com.cn/commonQuery.do
2017-08-30,510310,24.043074,上交所,https://query.sse.com.cn/commonQuery.do
2017-08-30,510330,43.014598,上交所,https://query.sse.com.cn/commonQuery.do
2017-08-31,159919,43.822064,深交所,https://www.szse.cn/api/report/ShowReport/data
2017-08-31,510300,46.474898,上交所,https://query.sse.com.cn/commonQuery.do
2017-08-31,510310,24.043074,上交所,https://query.sse.com.cn/commonQuery.do
2017-08-31,510330,43.022498,上交所,https://query.sse.com.cn/commonQuery.do
2017-09-01,159919,43.822064,深交所,https://www.szse.cn/api/report/ShowReport/data
2017-09-01,510300,46.471877,上交所,https://query.sse.com.cn/commonQuery.do
2017-09-01,510310,24.043074,上交所,https://query.sse.com.cn/commonQuery.do
2017-09-01,510330,43.022498,上交所,https://query.sse.com.cn/commonQuery.do
2017-09-04,159919,43.849064,深交所,https://www.szse.cn/api/report/ShowReport/data
2017-09-04,510300,45.877877,上交所,https://query.sse.com.cn/commonQuery.do
2017-09-04,510310,24.043074,上交所,https://query.sse.com.cn/commonQuery.do
2017-09-04,510330,43.022498,上交所,https://query.sse.com.cn/commonQuery.do
2017-09-05,159919,43.849064,深交所,https://www.szse.cn/api/report/ShowReport/data
2017-09-05,510300,45.805277,上交所,https://query.sse.com.cn/commonQuery.do
2017-09-05,510310,24.043074,上交所,https://query.sse.com.cn/commonQuery.do
2017-09-05,510330,42.995498,上交所,https://query.sse.com.cn/commonQuery.do
2017-09-06,159919,43.849064,深交所,https://www.szse.cn/api/report/ShowReport/data
2017-09-06,510300,45.643877,上交所,https://query.sse.com.cn/commonQuery.do
2017-09-06,510310,24.003074,上交所,https://query.sse.com.cn/commonQuery.do
2017-09-06,510330,42.995498,上交所,https://query.sse.com.cn/commonQuery.do
2017-09-07,159919,43.849064,深交所,https://www.szse.cn/api/report/ShowReport/data
2017-09-07,510300,45.607877,上交所,https://query.sse.com.cn/commonQuery.do
2017-09-07,510310,24.003074,上交所,https://query.sse.com.cn/commonQuery.do
2017-09-07,510330,42.995538,上交所,https://query.sse.com.cn/commonQuery.do
2017-09-08,159919,43.849064,深交所,https://www.szse.cn/api/report/ShowReport/data
2017-09-08,510300,45.634877,上交所,https://query.sse.com.cn/commonQuery.do
2017-09-08,510310,24.003074,上交所,https://query.sse.com.cn/commonQuery.do
2017-09-08,510330,42.995498,上交所,https://query.sse.com.cn/commonQuery.do
2017-09-11,159919,43.849064,深交所,https://www.szse.cn/api/report/ShowReport/data
2017-09-11,510300,45.805877,上交所,https://query.sse.com.cn/commonQuery.do
2017-09-11,510310,24.003074,上交所,https://query.sse.com.cn/commonQuery.do
2017-09-11,510330,42.995498,上交所,https://query.sse.com.cn/commonQuery.do
2017-09-12,159919,43.759064,深交所,https://www.szse.cn/api/report/ShowReport/data
2017-09-12,510300,45.823877,上交所,https://query.sse.com.cn/commonQuery.do
2017-09-12,510310,24.003074,上交所,https://query.sse.com.cn/commonQuery.do
2017-09-12,510330,42.995498,上交所,https://query.sse.com.cn/commonQuery.do
2017-09-13,159919,43.759064,深交所,https://www.szse.cn/api/report/ShowReport/data
2017-09-13,510300,45.757877,上交所,https://query.sse.com.cn/commonQuery.do
2017-09-13,510310,24.003074,上交所,https://query.sse.com.cn/commonQuery.do
2017-09-13,510330,42.977498,上交所,https://query.sse.com.cn/commonQuery.do
2017-09-14,159919,43.759064,深交所,https://www.szse.cn/api/report/ShowReport/data
2017-09-14,510300,45.706877,上交所,https://query.sse.com.cn/commonQuery.do
2017-09-14,510310,24.003074,上交所,https://query.sse.com.cn/commonQuery.do
2017-09-14,510330,42.968498,上交所,https://query.sse.com.cn/commonQuery.do
2017-09-15,159919,43.759064,深交所,https://www.szse.cn/api/report/ShowReport/data
2017-09-15,510300,45.544877,上交所,https://query.sse.com.cn/commonQuery.do
2017-09-15,510310,24.003074,上交所,https://query.sse.com.cn/commonQuery.do
2017-09-15,510330,42.968498,上交所,https://query.sse.com.cn/commonQuery.do
2017-09-18,159919,43.759064,深交所,https://www.szse.cn/api/report/ShowReport/data
2017-09-18,510300,45.822408,上交所,https://query.sse.com.cn/commonQuery.do
2017-09-18,510310,24.003074,上交所,https://query.sse.com.cn/commonQuery.do
2017-09-18,510330,42.968498,上交所,https://query.sse.com.cn/commonQuery.do
2017-09-19,159919,43.741064,深交所,https://www.szse.cn/api/report/ShowReport/data
2017-09-19,510300,45.688877,上交所,https://query.sse.com.cn/commonQuery.do
2017-09-19,510310,24.003074,上交所,https://query.sse.com.cn/commonQuery.do
2017-09-19,510330,42.959498,上交所,https://query.sse.com.cn/commonQuery.do
2017-09-20,159919,43.741064,深交所,https://www.szse.cn/api/report/ShowReport/data
2017-09-20,510300,45.526877,上交所,https://query.sse.com.cn/commonQuery.do
2017-09-20,510310,23.983074,上交所,https://query.sse.com.cn/commonQuery.do
2017-09-20,510330,42.959498,上交所,https://query.sse.com.cn/commonQuery.do
2017-09-21,159919,43.741064,深交所,https://www.szse.cn/api/report/ShowReport/data
2017-09-21,510300,45.202877,上交所,https://query.sse.com.cn/commonQuery.do
2017-09-21,510310,23.963074,上交所,https://query.sse.com.cn/commonQuery.do
2017-09-21,510330,42.950498,上交所,https://query.sse.com.cn/commonQuery.do
2017-09-22,159919,43.723064,深交所,https://www.szse.cn/api/report/ShowReport/data
2017-09-22,510300,45.274877,上交所,https://query.sse.com.cn/commonQuery.do
2017-09-22,510310,23.963074,上交所,https://query.sse.com.cn/commonQuery.do
2017-09-22,510330,42.932498,上交所,https://query.sse.com.cn/commonQuery.do
2017-09-25,159919,43.723064,深交所,https://www.szse.cn/api/report/ShowReport/data
2017-09-25,510300,45.049877,上交所,https://query.sse.com.cn/commonQuery.do
2017-09-25,510310,23.943074,上交所,https://query.sse.com.cn/commonQuery.do
2017-09-25,510330,42.914498,上交所,https://query.sse.com.cn/commonQuery.do
2017-09-26,159919,43.714064,深交所,https://www.szse.cn/api/report/ShowReport/data
2017-09-26,510300,45.148877,上交所,https://query.sse.com.cn/commonQuery.do
2017-09-26,510310,23.943074,上交所,https://query.sse.com.cn/commonQuery.do
2017-09-26,510330,42.914498,上交所,https://query.sse.com.cn/commonQuery.do
2017-09-27,159919,43.714064,深交所,https://www.szse.cn/api/report/ShowReport/data
2017-09-27,510300,45.139877,上交所,https://query.sse.com.cn/commonQuery.do
2017-09-27,510310,23.943074,上交所,https://query.sse.com.cn/commonQuery.do
2017-09-27,510330,42.887498,上交所,https://query.sse.com.cn/commonQuery.do
2017-09-28,159919,43.714064,深交所,https://www.szse.cn/api/report/ShowReport/data
2017-09-28,510300,45.229877,上交所,https://query.sse.com.cn/commonQuery.do
2017-09-28,510310,23.943074,上交所,https://query.sse.com.cn/commonQuery.do
2017-09-28,510330,42.878498,上交所,https://query.sse.com.cn/commonQuery.do
2017-09-29,159919,43.651064,深交所,https://www.szse.cn/api/report/ShowReport/data
2017-09-29,510300,45.535877,上交所,https://query.sse.com.cn/commonQuery.do
2017-09-29,510310,23.943074,上交所,https://query.sse.com.cn/commonQuery.do
2017-09-29,510330,42.878498,上交所,https://query.sse.com.cn/commonQuery.do
2017-10-09,159919,43.651064,深交所,https://www.szse.cn/api/report/ShowReport/data
2017-10-09,510300,46.417877,上交所,https://query.sse.com.cn/commonQuery.do
2017-10-09,510310,23.943074,上交所,https://query.sse.com.cn/commonQuery.do
2017-10-09,510330,42.878498,上交所,https://query.sse.com.cn/commonQuery.do
2017-10-10,159919,43.552064,深交所,https://www.szse.cn/api/report/ShowReport/data
2017-10-10,510300,46.858877,上交所,https://query.sse.com.cn/commonQuery.do
2017-10-10,510310,23.943074,上交所,https://query.sse.com.cn/commonQuery.do
2017-10-10,510330,42.923498,上交所,https://query.sse.com.cn/commonQuery.do
2017-10-11,159919,43.498064,深交所,https://www.szse.cn/api/report/ShowReport/data
2017-10-11,510300,46.471877,上交所,https://query.sse.com.cn/commonQuery.do
2017-10-11,510310,23.943074,上交所,https://query.sse.com.cn/commonQuery.do
2017-10-11,510330,42.923498,上交所,https://query.sse.com.cn/commonQuery.do
2017-10-12,159919,43.408064,深交所,https://www.szse.cn/api/report/ShowReport/data
2017-10-12,510300,46.453877,上交所,https://query.sse.com.cn/commonQuery.do
2017-10-12,510310,23.943074,上交所,https://query.sse.com.cn/commonQuery.do
2017-10-12,510330,42.923498,上交所,https://query.sse.com.cn/commonQuery.do
2017-10-13,159919,43.318064,深交所,https://www.szse.cn/api/report/ShowReport/data
2017-10-13,510300,46.523621,上交所,https://query.sse.com.cn/commonQuery.do
2017-10-13,510310,23.943074,上交所,https://query.sse.com.cn/commonQuery.do
2017-10-13,510330,42.923498,上交所,https://query.sse.com.cn/commonQuery.do
2017-10-16,159919,43.228064,深交所,https://www.szse.cn/api/report/ShowReport/data
2017-10-16,510300,46.595640,上交所,https://query.sse.com.cn/commonQuery.do
2017-10-16,510310,23.943074,上交所,https://query.sse.com.cn/commonQuery.do
2017-10-16,510330,42.896498,上交所,https://query.sse.com.cn/commonQuery.do
2017-10-17,159919,43.201064,深交所,https://www.szse.cn/api/report/ShowReport/data
2017-10-17,510300,46.768708,上交所,https://query.sse.com.cn/commonQuery.do
2017-10-17,510310,23.943074,上交所,https://query.sse.com.cn/commonQuery.do
2017-10-17,510330,42.896498,上交所,https://query.sse.com.cn/commonQuery.do
2017-10-18,159919,43.093064,深交所,https://www.szse.cn/api/report/ShowReport/data
2017-10-18,510300,46.372877,上交所,https://query.sse.com.cn/commonQuery.do
2017-10-18,510310,23.943074,上交所,https://query.sse.com.cn/commonQuery.do
2017-10-18,510330,42.869498,上交所,https://query.sse.com.cn/commonQuery.do
2017-10-19,159919,42.976064,深交所,https://www.szse.cn/api/report/ShowReport/data
2017-10-19,510300,46.165877,上交所,https://query.sse.com.cn/commonQuery.do
2017-10-19,510310,23.943074,上交所,https://query.sse.com.cn/commonQuery.do
2017-10-19,510330,42.869498,上交所,https://query.sse.com.cn/commonQuery.do
2017-10-20,159919,42.958064,深交所,https://www.szse.cn/api/report/ShowReport/data
2017-10-20,510300,46.192877,上交所,https://query.sse.com.cn/commonQuery.do
2017-10-20,510310,23.923074,上交所,https://query.sse.com.cn/commonQuery.do
2017-10-20,510330,42.851498,上交所,https://query.sse.com.cn/commonQuery.do
2017-10-23,159919,42.859064,深交所,https://www.szse.cn/api/report/ShowReport/data
2017-10-23,510300,46.228877,上交所,https://query.sse.com.cn/commonQuery.do
2017-10-23,510310,23.903074,上交所,https://query.sse.com.cn/commonQuery.do
2017-10-23,510330,42.824498,上交所,https://query.sse.com.cn/commonQuery.do
2017-10-24,159919,42.760064,深交所,https://www.szse.cn/api/report/ShowReport/data
2017-10-24,510300,46.012877,上交所,https://query.sse.com.cn/commonQuery.do
2017-10-24,510310,23.883074,上交所,https://query.sse.com.cn/commonQuery.do
2017-10-24,510330,42.797498,上交所,https://query.sse.com.cn/commonQuery.do
2017-10-25,159919,42.661064,深交所,https://www.szse.cn/api/report/ShowReport/data
2017-10-25,510300,46.066877,上交所,https://query.sse.com.cn/commonQuery.do
2017-10-25,510310,23.863074,上交所,https://query.sse.com.cn/commonQuery.do
2017-10-25,510330,42.770498,上交所,https://query.sse.com.cn/commonQuery.do
2017-10-26,159919,42.625064,深交所,https://www.szse.cn/api/report/ShowReport/data
2017-10-26,510300,46.408877,上交所,https://query.sse.com.cn/commonQuery.do
2017-10-26,510310,23.843074,上交所,https://query.sse.com.cn/commonQuery.do
2017-10-26,510330,42.761498,上交所,https://query.sse.com.cn/commonQuery.do
2017-10-27,159919,42.607064,深交所,https://www.szse.cn/api/report/ShowReport/data
2017-10-27,510300,46.345877,上交所,https://query.sse.com.cn/commonQuery.do
2017-10-27,510310,23.843074,上交所,https://query.sse.com.cn/commonQuery.do
2017-10-27,510330,42.716498,上交所,https://query.sse.com.cn/commonQuery.do
2017-10-30,159919,42.418064,深交所,https://www.szse.cn/api/report/ShowReport/data
2017-10-30,510300,46.057877,上交所,https://query.sse.com.cn/commonQuery.do
2017-10-30,510310,23.843074,上交所,https://query.sse.com.cn/commonQuery.do
2017-10-30,510330,42.689498,上交所,https://query.sse.com.cn/commonQuery.do
2017-10-31,159919,42.139064,深交所,https://www.szse.cn/api/report/ShowReport/data
2017-10-31,510300,45.985877,上交所,https://query.sse.com.cn/commonQuery.do
2017-10-31,510310,23.843074,上交所,https://query.sse.com.cn/commonQuery.do
2017-10-31,510330,42.608498,上交所,https://query.sse.com.cn/commonQuery.do
2017-11-01,159919,42.130064,深交所,https://www.szse.cn/api/report/ShowReport/data
2017-11-01,510300,45.589877,上交所,https://query.sse.com.cn/commonQuery.do
2017-11-01,510310,23.827322,上交所,https://query.sse.com.cn/commonQuery.do
2017-11-01,510330,42.608498,上交所,https://query.sse.com.cn/commonQuery.do
2017-11-02,159919,42.130064,深交所,https://www.szse.cn/api/report/ShowReport/data
2017-11-02,510300,45.553044,上交所,https://query.sse.com.cn/commonQuery.do
2017-11-02,510310,23.843074,上交所,https://query.sse.com.cn/commonQuery.do
2017-11-02,510330,42.608498,上交所,https://query.sse.com.cn/commonQuery.do
2017-11-03,159919,42.085064,深交所,https://www.szse.cn/api/report/ShowReport/data
2017-11-03,510300,45.094877,上交所,https://query.sse.com.cn/commonQuery.do
2017-11-03,510310,23.843074,上交所,https://query.sse.com.cn/commonQuery.do
2017-11-03,510330,42.608498,上交所,https://query.sse.com.cn/commonQuery.do
2017-11-06,159919,42.085064,深交所,https://www.szse.cn/api/report/ShowReport/data
2017-11-06,510300,44.905877,上交所,https://query.sse.com.cn/commonQuery.do
2017-11-06,510310,23.823074,上交所,https://query.sse.com.cn/commonQuery.do
2017-11-06,510330,42.599498,上交所,https://query.sse.com.cn/commonQuery.do
2017-11-07,159919,42.067064,深交所,https://www.szse.cn/api/report/ShowReport/data
2017-11-07,510300,45.085877,上交所,https://query.sse.com.cn/commonQuery.do
2017-11-07,510310,23.823074,上交所,https://query.sse.com.cn/commonQuery.do
2017-11-07,510330,42.599498,上交所,https://query.sse.com.cn/commonQuery.do
2017-11-08,159919,41.968064,深交所,https://www.szse.cn/api/report/ShowReport/data
2017-11-08,510300,45.604666,上交所,https://query.sse.com.cn/commonQuery.do
2017-11-08,510310,23.823074,上交所,https://query.sse.com.cn/commonQuery.do
2017-11-08,510330,42.623827,上交所,https://query.sse.com.cn/commonQuery.do
2017-11-09,159919,41.950064,深交所,https://www.szse.cn/api/report/ShowReport/data
2017-11-09,510300,46.212767,上交所,https://query.sse.com.cn/commonQuery.do
2017-11-09,510310,23.823074,上交所,https://query.sse.com.cn/commonQuery.do
2017-11-09,510330,42.590498,上交所,https://query.sse.com.cn/commonQuery.do
2017-11-10,159919,41.851064,深交所,https://www.szse.cn/api/report/ShowReport/data
2017-11-10,510300,46.609076,上交所,https://query.sse.com.cn/commonQuery.do
2017-11-10,510310,23.823074,上交所,https://query.sse.com.cn/commonQuery.do
2017-11-10,510330,42.608498,上交所,https://query.sse.com.cn/commonQuery.do
2017-11-13,159919,41.851064,深交所,https://www.szse.cn/api/report/ShowReport/data
2017-11-13,510300,46.759877,上交所,https://query.sse.com.cn/commonQuery.do
2017-11-13,510310,23.783074,上交所,https://query.sse.com.cn/commonQuery.do
2017-11-13,510330,42.941498,上交所,https://query.sse.com.cn/commonQuery.do
2017-11-14,159919,41.824064,深交所,https://www.szse.cn/api/report/ShowReport/data
2017-11-14,510300,47.362877,上交所,https://query.sse.com.cn/commonQuery.do
2017-11-14,510310,23.783074,上交所,https://query.sse.com.cn/commonQuery.do
2017-11-14,510330,42.941498,上交所,https://query.sse.com.cn/commonQuery.do
2017-11-15,159919,41.824064,深交所,https://www.szse.cn/api/report/ShowReport/data
2017-11-15,510300,48.396057,上交所,https://query.sse.com.cn/commonQuery.do
2017-11-15,510310,23.790099,上交所,https://query.sse.com.cn/commonQuery.do
2017-11-15,510330,42.941498,上交所,https://query.sse.com.cn/commonQuery.do
2017-11-16,159919,41.860064,深交所,https://www.szse.cn/api/report/ShowReport/data
2017-11-16,510300,48.055877,上交所,https://query.sse.com.cn/commonQuery.do
2017-11-16,510310,23.803074,上交所,https://query.sse.com.cn/commonQuery.do
2017-11-16,510330,42.941498,上交所,https://query.sse.com.cn/commonQuery.do
2017-11-17,159919,41.770064,深交所,https://www.szse.cn/api/report/ShowReport/data
2017-11-17,510300,47.623877,上交所,https://query.sse.com.cn/commonQuery.do
2017-11-17,510310,23.803074,上交所,https://query.sse.com.cn/commonQuery.do
2017-11-17,510330,42.941498,上交所,https://query.sse.com.cn/commonQuery.do
2017-11-20,159919,41.320064,深交所,https://www.szse.cn/api/report/ShowReport/data
2017-11-20,510300,47.317877,上交所,https://query.sse.com.cn/commonQuery.do
2017-11-20,510310,23.803074,上交所,https://query.sse.com.cn/commonQuery.do
2017-11-20,510330,42.941498,上交所,https://query.sse.com.cn/commonQuery.do
2017-11-21,159919,41.050064,深交所,https://www.szse.cn/api/report/ShowReport/data
2017-11-21,510300,47.335877,上交所,https://query.sse.com.cn/commonQuery.do
2017-11-21,510310,23.803074,上交所,https://query.sse.com.cn/commonQuery.do
2017-11-21,510330,42.941498,上交所,https://query.sse.com.cn/commonQuery.do
2017-11-22,159919,41.050064,深交所,https://www.szse.cn/api/report/ShowReport/data
2017-11-22,510300,47.803877,上交所,https://query.sse.com.cn/commonQuery.do
2017-11-22,510310,23.819144,上交所,https://query.sse.com.cn/commonQuery.do
2017-11-22,510330,42.941498,上交所,https://query.sse.com.cn/commonQuery.do
2017-11-23,159919,41.050064,深交所,https://www.szse.cn/api/report/ShowReport/data
2017-11-23,510300,48.999029,上交所,https://query.sse.com.cn/commonQuery.do
2017-11-23,510310,23.843074,上交所,https://query.sse.com.cn/commonQuery.do
2017-11-23,510330,42.932498,上交所,https://query.sse.com.cn/commonQuery.do
2017-11-24,159919,41.050064,深交所,https://www.szse.cn/api/report/ShowReport/data
2017-11-24,510300,48.991877,上交所,https://query.sse.com.cn/commonQuery.do
2017-11-24,510310,23.843074,上交所,https://query.sse.com.cn/commonQuery.do
2017-11-24,510330,42.932498,上交所,https://query.sse.com.cn/commonQuery.do
2017-11-27,159919,41.050064,深交所,https://www.szse.cn/api/report/ShowReport/data
2017-11-27,510300,47.263877,上交所,https://query.sse.com.cn/commonQuery.do
2017-11-27,510310,23.843074,上交所,https://query.sse.com.cn/commonQuery.do
2017-11-27,510330,42.932498,上交所,https://query.sse.com.cn/commonQuery.do
2017-11-28,159919,41.050064,深交所,https://www.szse.cn/api/report/ShowReport/data
2017-11-28,510300,47.029877,上交所,https://query.sse.com.cn/commonQuery.do
2017-11-28,510310,23.843074,上交所,https://query.sse.com.cn/commonQuery.do
2017-11-28,510330,42.923498,上交所,https://query.sse.com.cn/commonQuery.do
2017-11-29,159919,41.050064,深交所,https://www.szse.cn/api/report/ShowReport/data
2017-11-29,510300,46.597877,上交所,https://query.sse.com.cn/commonQuery.do
2017-11-29,510310,23.843074,上交所,https://query.sse.com.cn/commonQuery.do
2017-11-29,510330,42.905498,上交所,https://query.sse.com.cn/commonQuery.do
2017-11-30,159919,41.050064,深交所,https://www.szse.cn/api/report/ShowReport/data
2017-11-30,510300,46.480257,上交所,https://query.sse.com.cn/commonQuery.do
2017-11-30,510310,23.843074,上交所,https://query.sse.com.cn/commonQuery.do
2017-11-30,510330,42.896498,上交所,https://query.sse.com.cn/commonQuery.do
2017-12-01,159919,41.050064,深交所,https://www.szse.cn/api/report/ShowReport/data
2017-12-01,510300,46.434704,上交所,https://query.sse.com.cn/commonQuery.do
2017-12-01,510310,23.843074,上交所,https://query.sse.com.cn/commonQuery.do
2017-12-01,510330,42.896498,上交所,https://query.sse.com.cn/commonQuery.do
2017-12-04,159919,41.050064,深交所,https://www.szse.cn/api/report/ShowReport/data
2017-12-04,510300,46.380955,上交所,https://query.sse.com.cn/commonQuery.do
2017-12-04,510310,23.843074,上交所,https://query.sse.com.cn/commonQuery.do
2017-12-04,510330,42.896498,上交所,https://query.sse.com.cn/commonQuery.do
2017-12-05,159919,41.050064,深交所,https://www.szse.cn/api/report/ShowReport/data
2017-12-05,510300,46.318877,上交所,https://query.sse.com.cn/commonQuery.do
2017-12-05,510310,23.843074,上交所,https://query.sse.com.cn/commonQuery.do
2017-12-05,510330,42.869498,上交所,https://query.sse.com.cn/commonQuery.do
2017-12-06,159919,41.050064,深交所,https://www.szse.cn/api/report/ShowReport/data
2017-12-06,510300,46.524515,上交所,https://query.sse.com.cn/commonQuery.do
2017-12-06,510310,23.856845,上交所,https://query.sse.com.cn/commonQuery.do
2017-12-06,510330,42.869498,上交所,https://query.sse.com.cn/commonQuery.do
2017-12-07,159919,41.050064,深交所,https://www.szse.cn/api/report/ShowReport/data
2017-12-07,510300,46.687083,上交所,https://query.sse.com.cn/commonQuery.do
2017-12-07,510310,23.863074,上交所,https://query.sse.com.cn/commonQuery.do
2017-12-07,510330,42.869498,上交所,https://query.sse.com.cn/commonQuery.do
2017-12-08,159919,41.050064,深交所,https://www.szse.cn/api/report/ShowReport/data
2017-12-08,510300,46.705877,上交所,https://query.sse.com.cn/commonQuery.do
2017-12-08,510310,23.863074,上交所,https://query.sse.com.cn/commonQuery.do
2017-12-08,510330,42.860498,上交所,https://query.sse.com.cn/commonQuery.do
2017-12-11,159919,40.249064,深交所,https://www.szse.cn/api/report/ShowReport/data
2017-12-11,510300,46.507877,上交所,https://query.sse.com.cn/commonQuery.do
2017-12-11,510310,23.863074,上交所,https://query.sse.com.cn/commonQuery.do
2017-12-11,510330,42.851498,上交所,https://query.sse.com.cn/commonQuery.do
2017-12-12,159919,40.204064,深交所,https://www.szse.cn/api/report/ShowReport/data
2017-12-12,510300,46.794325,上交所,https://query.sse.com.cn/commonQuery.do
2017-12-12,510310,23.843074,上交所,https://query.sse.com.cn/commonQuery.do
2017-12-12,510330,42.851498,上交所,https://query.sse.com.cn/commonQuery.do
2017-12-13,159919,40.330064,深交所,https://www.szse.cn/api/report/ShowReport/data
2017-12-13,510300,47.080877,上交所,https://query.sse.com.cn/commonQuery.do
2017-12-13,510310,23.843074,上交所,https://query.sse.com.cn/commonQuery.do
2017-12-13,510330,42.851498,上交所,https://query.sse.com.cn/commonQuery.do
2017-12-14,159919,40.294064,深交所,https://www.szse.cn/api/report/ShowReport/data
2017-12-14,510300,47.438904,上交所,https://query.sse.com.cn/commonQuery.do
2017-12-14,510310,23.843074,上交所,https://query.sse.com.cn/commonQuery.do
2017-12-14,510330,42.851498,上交所,https://query.sse.com.cn/commonQuery.do
2017-12-15,159919,40.285064,深交所,https://www.szse.cn/api/report/ShowReport/data
2017-12-15,510300,47.672497,上交所,https://query.sse.com.cn/commonQuery.do
2017-12-15,510310,23.843074,上交所,https://query.sse.com.cn/commonQuery.do
2017-12-15,510330,42.851498,上交所,https://query.sse.com.cn/commonQuery.do
2017-12-18,159919,40.465064,深交所,https://www.szse.cn/api/report/ShowReport/data
2017-12-18,510300,47.875876,上交所,https://query.sse.com.cn/commonQuery.do
2017-12-18,510310,23.843074,上交所,https://query.sse.com.cn/commonQuery.do
2017-12-18,510330,42.851498,上交所,https://query.sse.com.cn/commonQuery.do
2017-12-19,159919,40.465064,深交所,https://www.szse.cn/api/report/ShowReport/data
2017-12-19,510300,47.857877,上交所,https://query.sse.com.cn/commonQuery.do
2017-12-19,510310,23.823074,上交所,https://query.sse.com.cn/commonQuery.do
2017-12-19,510330,42.851498,上交所,https://query.sse.com.cn/commonQuery.do
2017-12-20,159919,40.465064,深交所,https://www.szse.cn/api/report/ShowReport/data
2017-12-20,510300,47.488877,上交所,https://query.sse.com.cn/commonQuery.do
2017-12-20,510310,23.823074,上交所,https://query.sse.com.cn/commonQuery.do
2017-12-20,510330,42.851498,上交所,https://query.sse.com.cn/commonQuery.do
2017-12-21,159919,40.438064,深交所,https://www.szse.cn/api/report/ShowReport/data
2017-12-21,510300,48.883877,上交所,https://query.sse.com.cn/commonQuery.do
2017-12-21,510310,23.823074,上交所,https://query.sse.com.cn/commonQuery.do
2017-12-21,510330,42.851498,上交所,https://query.sse.com.cn/commonQuery.do
2017-12-22,159919,40.510064,深交所,https://www.szse.cn/api/report/ShowReport/data
2017-12-22,510300,49.475770,上交所,https://query.sse.com.cn/commonQuery.do
2017-12-22,510310,23.823074,上交所,https://query.sse.com.cn/commonQuery.do
2017-12-22,510330,42.851498,上交所,https://query.sse.com.cn/commonQuery.do
2017-12-25,159919,40.690064,深交所,https://www.szse.cn/api/report/ShowReport/data
2017-12-25,510300,49.688726,上交所,https://query.sse.com.cn/commonQuery.do
2017-12-25,510310,23.823074,上交所,https://query.sse.com.cn/commonQuery.do
2017-12-25,510330,42.851498,上交所,https://query.sse.com.cn/commonQuery.do
2017-12-26,159919,40.888064,深交所,https://www.szse.cn/api/report/ShowReport/data
2017-12-26,510300,50.548876,上交所,https://query.sse.com.cn/commonQuery.do
2017-12-26,510310,23.823074,上交所,https://query.sse.com.cn/commonQuery.do
2017-12-26,510330,42.851498,上交所,https://query.sse.com.cn/commonQuery.do
2017-12-27,159919,41.077064,深交所,https://www.szse.cn/api/report/ShowReport/data
2017-12-27,510300,50.170877,上交所,https://query.sse.com.cn/commonQuery.do
2017-12-27,510310,23.823074,上交所,https://query.sse.com.cn/commonQuery.do
2017-12-27,510330,42.851498,上交所,https://query.sse.com.cn/commonQuery.do
2017-12-28,159919,41.257064,深交所,https://www.szse.cn/api/report/ShowReport/data
2017-12-28,510300,49.810877,上交所,https://query.sse.com.cn/commonQuery.do
2017-12-28,510310,23.803074,上交所,https://query.sse.com.cn/commonQuery.do
2017-12-28,510330,42.851498,上交所,https://query.sse.com.cn/commonQuery.do
2017-12-29,159919,41.653064,深交所,https://www.szse.cn/api/report/ShowReport/data
2017-12-29,510300,49.801877,上交所,https://query.sse.com.cn/commonQuery.do
2017-12-29,510310,23.803074,上交所,https://query.sse.com.cn/commonQuery.do
2017-12-29,510330,42.851498,上交所,https://query.sse.com.cn/commonQuery.do
2018-01-02,159919,41.473064,深交所,https://www.szse.cn/api/report/ShowReport/data
2018-01-02,510300,49.531877,上交所,https://query.sse.com.cn/commonQuery.do
2018-01-02,510310,23.803074,上交所,https://query.sse.com.cn/commonQuery.do
2018-01-02,510330,42.851498,上交所,https://query.sse.com.cn/commonQuery.do
2018-01-03,159919,41.293064,深交所,https://www.szse.cn/api/report/ShowReport/data
2018-01-03,510300,49.459877,上交所,https://query.sse.com.cn/commonQuery.do
2018-01-03,510310,23.783074,上交所,https://query.sse.com.cn/commonQuery.do
2018-01-03,510330,42.851498,上交所,https://query.sse.com.cn/commonQuery.do
2018-01-04,159919,41.284064,深交所,https://www.szse.cn/api/report/ShowReport/data
2018-01-04,510300,49.207877,上交所,https://query.sse.com.cn/commonQuery.do
2018-01-04,510310,23.763074,上交所,https://query.sse.com.cn/commonQuery.do
2018-01-04,510330,42.815498,上交所,https://query.sse.com.cn/commonQuery.do
2018-01-05,159919,41.275064,深交所,https://www.szse.cn/api/report/ShowReport/data
2018-01-05,510300,48.604877,上交所,https://query.sse.com.cn/commonQuery.do
2018-01-05,510310,23.743074,上交所,https://query.sse.com.cn/commonQuery.do
2018-01-05,510330,42.824498,上交所,https://query.sse.com.cn/commonQuery.do
2018-01-08,159919,40.726064,深交所,https://www.szse.cn/api/report/ShowReport/data
2018-01-08,510300,48.550877,上交所,https://query.sse.com.cn/commonQuery.do
2018-01-08,510310,23.718655,上交所,https://query.sse.com.cn/commonQuery.do
2018-01-08,510330,42.869498,上交所,https://query.sse.com.cn/commonQuery.do
2018-01-09,159919,40.717064,深交所,https://www.szse.cn/api/report/ShowReport/data
2018-01-09,510300,48.190877,上交所,https://query.sse.com.cn/commonQuery.do
2018-01-09,510310,23.703074,上交所,https://query.sse.com.cn/commonQuery.do
2018-01-09,510330,42.851498,上交所,https://query.sse.com.cn/commonQuery.do
2018-01-10,159919,40.672064,深交所,https://www.szse.cn/api/report/ShowReport/data
2018-01-10,510300,47.632877,上交所,https://query.sse.com.cn/commonQuery.do
2018-01-10,510310,23.723074,上交所,https://query.sse.com.cn/commonQuery.do
2018-01-10,510330,42.824498,上交所,https://query.sse.com.cn/commonQuery.do
2018-01-11,159919,40.663064,深交所,https://www.szse.cn/api/report/ShowReport/data
2018-01-11,510300,47.794877,上交所,https://query.sse.com.cn/commonQuery.do
2018-01-11,510310,23.723074,上交所,https://query.sse.com.cn/commonQuery.do
2018-01-11,510330,42.815498,上交所,https://query.sse.com.cn/commonQuery.do
2018-01-12,159919,40.375064,深交所,https://www.szse.cn/api/report/ShowReport/data
2018-01-12,510300,47.749877,上交所,https://query.sse.com.cn/commonQuery.do
2018-01-12,510310,23.703074,上交所,https://query.sse.com.cn/commonQuery.do
2018-01-12,510330,42.761498,上交所,https://query.sse.com.cn/commonQuery.do
2018-01-15,159919,40.258064,深交所,https://www.szse.cn/api/report/ShowReport/data
2018-01-15,510300,47.704877,上交所,https://query.sse.com.cn/commonQuery.do
2018-01-15,510310,23.643074,上交所,https://query.sse.com.cn/commonQuery.do
2018-01-15,510330,42.743498,上交所,https://query.sse.com.cn/commonQuery.do
2018-01-16,159919,40.222064,深交所,https://www.szse.cn/api/report/ShowReport/data
2018-01-16,510300,48.232877,上交所,https://query.sse.com.cn/commonQuery.do
2018-01-16,510310,23.643074,上交所,https://query.sse.com.cn/commonQuery.do
2018-01-16,510330,42.716498,上交所,https://query.sse.com.cn/commonQuery.do
2018-01-17,159919,40.222064,深交所,https://www.szse.cn/api/report/ShowReport/data
2018-01-17,510300,48.298877,上交所,https://query.sse.com.cn/commonQuery.do
2018-01-17,510310,23.643074,上交所,https://query.sse.com.cn/commonQuery.do
2018-01-17,510330,42.680498,上交所,https://query.sse.com.cn/commonQuery.do
2018-01-18,159919,40.150064,深交所,https://www.szse.cn/api/report/ShowReport/data
2018-01-18,510300,48.568877,上交所,https://query.sse.com.cn/commonQuery.do
2018-01-18,510310,23.623074,上交所,https://query.sse.com.cn/commonQuery.do
2018-01-18,510330,42.662498,上交所,https://query.sse.com.cn/commonQuery.do
2018-01-19,159919,40.150064,深交所,https://www.szse.cn/api/report/ShowReport/data
2018-01-19,510300,49.333877,上交所,https://query.sse.com.cn/commonQuery.do
2018-01-19,510310,23.588632,上交所,https://query.sse.com.cn/commonQuery.do
2018-01-19,510330,42.635498,上交所,https://query.sse.com.cn/commonQuery.do
2018-01-22,159919,40.150064,深交所,https://www.szse.cn/api/report/ShowReport/data
2018-01-22,510300,49.234877,上交所,https://query.sse.com.cn/commonQuery.do
2018-01-22,510310,23.583074,上交所,https://query.sse.com.cn/commonQuery.do
2018-01-22,510330,42.626498,上交所,https://query.sse.com.cn/commonQuery.do
2018-01-23,159919,40.150064,深交所,https://www.szse.cn/api/report/ShowReport/data
2018-01-23,510300,49.779886,上交所,https://query.sse.com.cn/commonQuery.do
2018-01-23,510310,23.583074,上交所,https://query.sse.com.cn/commonQuery.do
2018-01-23,510330,42.608498,上交所,https://query.sse.com.cn/commonQuery.do
2018-01-24,159919,39.970064,深交所,https://www.szse.cn/api/report/ShowReport/data
2018-01-24,510300,50.368877,上交所,https://query.sse.com.cn/commonQuery.do
2018-01-24,510310,23.563074,上交所,https://query.sse.com.cn/commonQuery.do
2018-01-24,510330,42.626498,上交所,https://query.sse.com.cn/commonQuery.do
2018-01-25,159919,39.925064,深交所,https://www.szse.cn/api/report/ShowReport/data
2018-01-25,510300,50.692877,上交所,https://query.sse.com.cn/commonQuery.do
2018-01-25,510310,23.563074,上交所,https://query.sse.com.cn/commonQuery.do
2018-01-25,510330,42.644498,上交所,https://query.sse.com.cn/commonQuery.do
2018-01-26,159919,39.736064,深交所,https://www.szse.cn/api/report/ShowReport/data
2018-01-26,510300,50.744624,上交所,https://query.sse.com.cn/commonQuery.do
2018-01-26,510310,23.563074,上交所,https://query.sse.com.cn/commonQuery.do
2018-01-26,510330,42.491498,上交所,https://query.sse.com.cn/commonQuery.do
2018-01-29,159919,39.736064,深交所,https://www.szse.cn/api/report/ShowReport/data
2018-01-29,510300,50.737877,上交所,https://query.sse.com.cn/commonQuery.do
2018-01-29,510310,23.580267,上交所,https://query.sse.com.cn/commonQuery.do
2018-01-29,510330,42.482498,上交所,https://query.sse.com.cn/commonQuery.do
2018-01-30,159919,39.736064,深交所,https://www.szse.cn/api/report/ShowReport/data
2018-01-30,510300,51.142877,上交所,https://query.sse.com.cn/commonQuery.do
2018-01-30,510310,23.643074,上交所,https://query.sse.com.cn/commonQuery.do
2018-01-30,510330,42.482498,上交所,https://query.sse.com.cn/commonQuery.do
2018-01-31,159919,39.781064,深交所,https://www.szse.cn/api/report/ShowReport/data
2018-01-31,510300,50.845877,上交所,https://query.sse.com.cn/commonQuery.do
2018-01-31,510310,23.463074,上交所,https://query.sse.com.cn/commonQuery.do
2018-01-31,510330,42.491498,上交所,https://query.sse.com.cn/commonQuery.do
2018-02-01,159919,39.781064,深交所,https://www.szse.cn/api/report/ShowReport/data
2018-02-01,510300,52.519877,上交所,https://query.sse.com.cn/commonQuery.do
2018-02-01,510310,23.463074,上交所,https://query.sse.com.cn/commonQuery.do
2018-02-01,510330,42.545498,上交所,https://query.sse.com.cn/commonQuery.do
2018-02-02,159919,39.781064,深交所,https://www.szse.cn/api/report/ShowReport/data
2018-02-02,510300,53.375429,上交所,https://query.sse.com.cn/commonQuery.do
2018-02-02,510310,23.443074,上交所,https://query.sse.com.cn/commonQuery.do
2018-02-02,510330,42.581498,上交所,https://query.sse.com.cn/commonQuery.do
2018-02-05,159919,39.826064,深交所,https://www.szse.cn/api/report/ShowReport/data
2018-02-05,510300,53.455877,上交所,https://query.sse.com.cn/commonQuery.do
2018-02-05,510310,23.443074,上交所,https://query.sse.com.cn/commonQuery.do
2018-02-05,510330,42.581498,上交所,https://query.sse.com.cn/commonQuery.do
2018-02-06,159919,39.817064,深交所,https://www.szse.cn/api/report/ShowReport/data
2018-02-06,510300,54.508877,上交所,https://query.sse.com.cn/commonQuery.do
2018-02-06,510310,23.463074,上交所,https://query.sse.com.cn/commonQuery.do
2018-02-06,510330,42.608498,上交所,https://query.sse.com.cn/commonQuery.do
2018-02-07,159919,39.817064,深交所,https://www.szse.cn/api/report/ShowReport/data
2018-02-07,510300,55.777877,上交所,https://query.sse.com.cn/commonQuery.do
2018-02-07,510310,23.499848,上交所,https://query.sse.com.cn/commonQuery.do
2018-02-07,510330,42.615108,上交所,https://query.sse.com.cn/commonQuery.do
2018-02-08,159919,39.817064,深交所,https://www.szse.cn/api/report/ShowReport/data
2018-02-08,510300,57.001877,上交所,https://query.sse.com.cn/commonQuery.do
2018-02-08,510310,23.506074,上交所,https://query.sse.com.cn/commonQuery.do
2018-02-08,510330,42.878602,上交所,https://query.sse.com.cn/commonQuery.do
2018-02-09,159919,39.835064,深交所,https://www.szse.cn/api/report/ShowReport/data
2018-02-09,510300,58.288877,上交所,https://query.sse.com.cn/commonQuery.do
2018-02-09,510310,24.625457,上交所,https://query.sse.com.cn/commonQuery.do
2018-02-09,510330,43.112498,上交所,https://query.sse.com.cn/commonQuery.do
2018-02-12,159919,39.970064,深交所,https://www.szse.cn/api/report/ShowReport/data
2018-02-12,510300,57.901877,上交所,https://query.sse.com.cn/commonQuery.do
2018-02-12,510310,25.683074,上交所,https://query.sse.com.cn/commonQuery.do
2018-02-12,510330,43.148498,上交所,https://query.sse.com.cn/commonQuery.do
2018-02-13,159919,39.970064,深交所,https://www.szse.cn/api/report/ShowReport/data
2018-02-13,510300,57.208877,上交所,https://query.sse.com.cn/commonQuery.do
2018-02-13,510310,25.643074,上交所,https://query.sse.com.cn/commonQuery.do
2018-02-13,510330,43.202498,上交所,https://query.sse.com.cn/commonQuery.do
2018-02-14,159919,39.970064,深交所,https://www.szse.cn/api/report/ShowReport/data
2018-02-14,510300,57.019877,上交所,https://query.sse.com.cn/commonQuery.do
2018-02-14,510310,25.703074,上交所,https://query.sse.com.cn/commonQuery.do
2018-02-14,510330,43.265577,上交所,https://query.sse.com.cn/commonQuery.do
2018-02-22,159919,39.970064,深交所,https://www.szse.cn/api/report/ShowReport/data
2018-02-22,510300,55.975877,上交所,https://query.sse.com.cn/commonQuery.do
2018-02-22,510310,25.743074,上交所,https://query.sse.com.cn/commonQuery.do
2018-02-22,510330,43.319498,上交所,https://query.sse.com.cn/commonQuery.do
2018-02-23,159919,39.970064,深交所,https://www.szse.cn/api/report/ShowReport/data
2018-02-23,510300,55.210877,上交所,https://query.sse.com.cn/commonQuery.do
2018-02-23,510310,25.756894,上交所,https://query.sse.com.cn/commonQuery.do
2018-02-23,510330,43.364498,上交所,https://query.sse.com.cn/commonQuery.do
2018-02-26,159919,39.970064,深交所,https://www.szse.cn/api/report/ShowReport/data
2018-02-26,510300,55.465538,上交所,https://query.sse.com.cn/commonQuery.do
2018-02-26,510310,25.823074,上交所,https://query.sse.com.cn/commonQuery.do
2018-02-26,510330,43.412639,上交所,https://query.sse.com.cn/commonQuery.do
2018-02-27,159919,39.970064,深交所,https://www.szse.cn/api/report/ShowReport/data
2018-02-27,510300,56.524877,上交所,https://query.sse.com.cn/commonQuery.do
2018-02-27,510310,25.823074,上交所,https://query.sse.com.cn/commonQuery.do
2018-02-27,510330,43.418498,上交所,https://query.sse.com.cn/commonQuery.do
2018-02-28,159919,39.970064,深交所,https://www.szse.cn/api/report/ShowReport/data
2018-02-28,510300,57.431793,上交所,https://query.sse.com.cn/commonQuery.do
2018-02-28,510310,25.923074,上交所,https://query.sse.com.cn/commonQuery.do
2018-02-28,510330,43.427498,上交所,https://query.sse.com.cn/commonQuery.do
2018-03-01,159919,39.970064,深交所,https://www.szse.cn/api/report/ShowReport/data
2018-03-01,510300,57.433877,上交所,https://query.sse.com.cn/commonQuery.do
2018-03-01,510310,25.923074,上交所,https://query.sse.com.cn/commonQuery.do
2018-03-01,510330,43.427498,上交所,https://query.sse.com.cn/commonQuery.do
2018-03-02,159919,39.970064,深交所,https://www.szse.cn/api/report/ShowReport/data
2018-03-02,510300,57.352877,上交所,https://query.sse.com.cn/commonQuery.do
2018-03-02,510310,25.923074,上交所,https://query.sse.com.cn/commonQuery.do
2018-03-02,510330,43.427498,上交所,https://query.sse.com.cn/commonQuery.do
2018-03-05,159919,39.970064,深交所,https://www.szse.cn/api/report/ShowReport/data
2018-03-05,510300,57.442877,上交所,https://query.sse.com.cn/commonQuery.do
2018-03-05,510310,25.923085,上交所,https://query.sse.com.cn/commonQuery.do
2018-03-05,510330,43.442857,上交所,https://query.sse.com.cn/commonQuery.do
2018-03-06,159919,39.970064,深交所,https://www.szse.cn/api/report/ShowReport/data
2018-03-06,510300,57.764409,上交所,https://query.sse.com.cn/commonQuery.do
2018-03-06,510310,25.943074,上交所,https://query.sse.com.cn/commonQuery.do
2018-03-06,510330,43.445498,上交所,https://query.sse.com.cn/commonQuery.do
2018-03-07,159919,39.970064,深交所,https://www.szse.cn/api/report/ShowReport/data
2018-03-07,510300,57.955877,上交所,https://query.sse.com.cn/commonQuery.do
2018-03-07,510310,25.943074,上交所,https://query.sse.com.cn/commonQuery.do
2018-03-07,510330,43.445498,上交所,https://query.sse.com.cn/commonQuery.do
2018-03-08,159919,39.970064,深交所,https://www.szse.cn/api/report/ShowReport/data
2018-03-08,510300,58.034091,上交所,https://query.sse.com.cn/commonQuery.do
2018-03-08,510310,25.943074,上交所,https://query.sse.com.cn/commonQuery.do
2018-03-08,510330,43.445498,上交所,https://query.sse.com.cn/commonQuery.do
2018-03-09,159919,39.970064,深交所,https://www.szse.cn/api/report/ShowReport/data
2018-03-09,510300,58.243877,上交所,https://query.sse.com.cn/commonQuery.do
2018-03-09,510310,25.943074,上交所,https://query.sse.com.cn/commonQuery.do
2018-03-09,510330,43.445498,上交所,https://query.sse.com.cn/commonQuery.do
2018-03-12,159919,39.970064,深交所,https://www.szse.cn/api/report/ShowReport/data
2018-03-12,510300,57.997874,上交所,https://query.sse.com.cn/commonQuery.do
2018-03-12,510310,25.943074,上交所,https://query.sse.com.cn/commonQuery.do
2018-03-12,510330,43.445498,上交所,https://query.sse.com.cn/commonQuery.do
2018-03-13,159919,39.970064,深交所,https://www.szse.cn/api/report/ShowReport/data
2018-03-13,510300,57.541877,上交所,https://query.sse.com.cn/commonQuery.do
2018-03-13,510310,25.943074,上交所,https://query.sse.com.cn/commonQuery.do
2018-03-13,510330,43.445498,上交所,https://query.sse.com.cn/commonQuery.do
2018-03-14,159919,39.970064,深交所,https://www.szse.cn/api/report/ShowReport/data
2018-03-14,510300,56.812877,上交所,https://query.sse.com.cn/commonQuery.do
2018-03-14,510310,25.943074,上交所,https://query.sse.com.cn/commonQuery.do
2018-03-14,510330,43.445498,上交所,https://query.sse.com.cn/commonQuery.do
2018-03-15,159919,39.970064,深交所,https://www.szse.cn/api/report/ShowReport/data
2018-03-15,510300,56.587877,上交所,https://query.sse.com.cn/commonQuery.do
2018-03-15,510310,25.943074,上交所,https://query.sse.com.cn/commonQuery.do
2018-03-15,510330,43.445498,上交所,https://query.sse.com.cn/commonQuery.do
2018-03-16,159919,39.970064,深交所,https://www.szse.cn/api/report/ShowReport/data
2018-03-16,510300,56.182877,上交所,https://query.sse.com.cn/commonQuery.do
2018-03-16,510310,25.943074,上交所,https://query.sse.com.cn/commonQuery.do
2018-03-16,510330,43.445498,上交所,https://query.sse.com.cn/commonQuery.do
2018-03-19,159919,39.970064,深交所,https://www.szse.cn/api/report/ShowReport/data
2018-03-19,510300,55.993877,上交所,https://query.sse.com.cn/commonQuery.do
2018-03-19,510310,25.343074,上交所,https://query.sse.com.cn/commonQuery.do
2018-03-19,510330,43.445498,上交所,https://query.sse.com.cn/commonQuery.do
2018-03-20,159919,39.970064,深交所,https://www.szse.cn/api/report/ShowReport/data
2018-03-20,510300,55.885877,上交所,https://query.sse.com.cn/commonQuery.do
2018-03-20,510310,25.343074,上交所,https://query.sse.com.cn/commonQuery.do
2018-03-20,510330,43.193498,上交所,https://query.sse.com.cn/commonQuery.do
2018-03-21,159919,39.970064,深交所,https://www.szse.cn/api/report/ShowReport/data
2018-03-21,510300,55.522930,上交所,https://query.sse.com.cn/commonQuery.do
2018-03-21,510310,25.323074,上交所,https://query.sse.com.cn/commonQuery.do
2018-03-21,510330,42.986498,上交所,https://query.sse.com.cn/commonQuery.do
2018-03-22,159919,39.835064,深交所,https://www.szse.cn/api/report/ShowReport/data
2018-03-22,510300,55.534877,上交所,https://query.sse.com.cn/commonQuery.do
2018-03-22,510310,25.123074,上交所,https://query.sse.com.cn/commonQuery.do
2018-03-22,510330,42.950498,上交所,https://query.sse.com.cn/commonQuery.do
2018-03-23,159919,39.835064,深交所,https://www.szse.cn/api/report/ShowReport/data
2018-03-23,510300,55.660877,上交所,https://query.sse.com.cn/commonQuery.do
2018-03-23,510310,24.883074,上交所,https://query.sse.com.cn/commonQuery.do
2018-03-23,510330,42.941498,上交所,https://query.sse.com.cn/commonQuery.do
2018-03-26,159919,39.790064,深交所,https://www.szse.cn/api/report/ShowReport/data
2018-03-26,510300,56.146877,上交所,https://query.sse.com.cn/commonQuery.do
2018-03-26,510310,24.883074,上交所,https://query.sse.com.cn/commonQuery.do
2018-03-26,510330,42.932498,上交所,https://query.sse.com.cn/commonQuery.do
2018-03-27,159919,39.790064,深交所,https://www.szse.cn/api/report/ShowReport/data
2018-03-27,510300,56.110877,上交所,https://query.sse.com.cn/commonQuery.do
2018-03-27,510310,24.883074,上交所,https://query.sse.com.cn/commonQuery.do
2018-03-27,510330,42.932498,上交所,https://query.sse.com.cn/commonQuery.do
2018-03-28,159919,40.240064,深交所,https://www.szse.cn/api/report/ShowReport/data
2018-03-28,510300,56.191877,上交所,https://query.sse.com.cn/commonQuery.do
2018-03-28,510310,24.885673,上交所,https://query.sse.com.cn/commonQuery.do
2018-03-28,510330,42.959498,上交所,https://query.sse.com.cn/commonQuery.do
2018-03-29,159919,40.240064,深交所,https://www.szse.cn/api/report/ShowReport/data
2018-03-29,510300,56.542876,上交所,https://query.sse.com.cn/commonQuery.do
2018-03-29,510310,24.903074,上交所,https://query.sse.com.cn/commonQuery.do
2018-03-29,510330,42.968498,上交所,https://query.sse.com.cn/commonQuery.do
2018-03-30,159919,40.375064,深交所,https://www.szse.cn/api/report/ShowReport/data
2018-03-30,510300,56.866877,上交所,https://query.sse.com.cn/commonQuery.do
2018-03-30,510310,24.903074,上交所,https://query.sse.com.cn/commonQuery.do
2018-03-30,510330,42.968498,上交所,https://query.sse.com.cn/commonQuery.do
2018-04-02,159919,40.375064,深交所,https://www.szse.cn/api/report/ShowReport/data
2018-04-02,510300,57.190877,上交所,https://query.sse.com.cn/commonQuery.do
2018-04-02,510310,24.903074,上交所,https://query.sse.com.cn/commonQuery.do
2018-04-02,510330,42.980498,上交所,https://query.sse.com.cn/commonQuery.do
2018-04-03,159919,40.375064,深交所,https://www.szse.cn/api/report/ShowReport/data
2018-04-03,510300,57.433877,上交所,https://query.sse.com.cn/commonQuery.do
2018-04-03,510310,24.903074,上交所,https://query.sse.com.cn/commonQuery.do
2018-04-03,510330,42.986498,上交所,https://query.sse.com.cn/commonQuery.do
2018-04-04,159919,40.375064,深交所,https://www.szse.cn/api/report/ShowReport/data
2018-04-04,510300,57.181877,上交所,https://query.sse.com.cn/commonQuery.do
2018-04-04,510310,24.303074,上交所,https://query.sse.com.cn/commonQuery.do
2018-04-04,510330,42.986498,上交所,https://query.sse.com.cn/commonQuery.do
2018-04-09,159919,40.375064,深交所,https://www.szse.cn/api/report/ShowReport/data
2018-04-09,510300,57.529566,上交所,https://query.sse.com.cn/commonQuery.do
2018-04-09,510310,23.903074,上交所,https://query.sse.com.cn/commonQuery.do
2018-04-09,510330,42.986498,上交所,https://query.sse.com.cn/commonQuery.do
2018-04-10,159919,40.375064,深交所,https://www.szse.cn/api/report/ShowReport/data
2018-04-10,510300,57.639377,上交所,https://query.sse.com.cn/commonQuery.do
2018-04-10,510310,23.863074,上交所,https://query.sse.com.cn/commonQuery.do
2018-04-10,510330,42.986498,上交所,https://query.sse.com.cn/commonQuery.do
2018-04-11,159919,40.375064,深交所,https://www.szse.cn/api/report/ShowReport/data
2018-04-11,510300,57.748871,上交所,https://query.sse.com.cn/commonQuery.do
2018-04-11,510310,23.863074,上交所,https://query.sse.com.cn/commonQuery.do
2018-04-11,510330,43.004498,上交所,https://query.sse.com.cn/commonQuery.do
2018-04-12,159919,40.375064,深交所,https://www.szse.cn/api/report/ShowReport/data
2018-04-12,510300,57.831316,上交所,https://query.sse.com.cn/commonQuery.do
2018-04-12,510310,23.863074,上交所,https://query.sse.com.cn/commonQuery.do
2018-04-12,510330,43.004498,上交所,https://query.sse.com.cn/commonQuery.do
2018-04-13,159919,40.393064,深交所,https://www.szse.cn/api/report/ShowReport/data
2018-04-13,510300,57.370877,上交所,https://query.sse.com.cn/commonQuery.do
2018-04-13,510310,23.863074,上交所,https://query.sse.com.cn/commonQuery.do
2018-04-13,510330,43.031498,上交所,https://query.sse.com.cn/commonQuery.do
2018-04-16,159919,40.681064,深交所,https://www.szse.cn/api/report/ShowReport/data
2018-04-16,510300,57.289877,上交所,https://query.sse.com.cn/commonQuery.do
2018-04-16,510310,23.863074,上交所,https://query.sse.com.cn/commonQuery.do
2018-04-16,510330,43.049498,上交所,https://query.sse.com.cn/commonQuery.do
2018-04-17,159919,41.041064,深交所,https://www.szse.cn/api/report/ShowReport/data
2018-04-17,510300,57.784877,上交所,https://query.sse.com.cn/commonQuery.do
2018-04-17,510310,23.890036,上交所,https://query.sse.com.cn/commonQuery.do
2018-04-17,510330,43.076498,上交所,https://query.sse.com.cn/commonQuery.do
2018-04-18,159919,41.401064,深交所,https://www.szse.cn/api/report/ShowReport/data
2018-04-18,510300,58.504877,上交所,https://query.sse.com.cn/commonQuery.do
2018-04-18,510310,23.920684,上交所,https://query.sse.com.cn/commonQuery.do
2018-04-18,510330,43.094498,上交所,https://query.sse.com.cn/commonQuery.do
2018-04-19,159919,41.401064,深交所,https://www.szse.cn/api/report/ShowReport/data
2018-04-19,510300,58.306877,上交所,https://query.sse.com.cn/commonQuery.do
2018-04-19,510310,23.923074,上交所,https://query.sse.com.cn/commonQuery.do
2018-04-19,510330,43.094498,上交所,https://query.sse.com.cn/commonQuery.do
2018-04-20,159919,41.401064,深交所,https://www.szse.cn/api/report/ShowReport/data
2018-04-20,510300,57.865877,上交所,https://query.sse.com.cn/commonQuery.do
2018-04-20,510310,23.923074,上交所,https://query.sse.com.cn/commonQuery.do
2018-04-20,510330,43.094498,上交所,https://query.sse.com.cn/commonQuery.do
2018-04-23,159919,41.401064,深交所,https://www.szse.cn/api/report/ShowReport/data
2018-04-23,510300,58.009877,上交所,https://query.sse.com.cn/commonQuery.do
2018-04-23,510310,23.923074,上交所,https://query.sse.com.cn/commonQuery.do
2018-04-23,510330,43.094498,上交所,https://query.sse.com.cn/commonQuery.do
2018-04-24,159919,41.401064,深交所,https://www.szse.cn/api/report/ShowReport/data
2018-04-24,510300,58.306877,上交所,https://query.sse.com.cn/commonQuery.do
2018-04-24,510310,23.923074,上交所,https://query.sse.com.cn/commonQuery.do
2018-04-24,510330,43.094498,上交所,https://query.sse.com.cn/commonQuery.do
2018-04-25,159919,41.401064,深交所,https://www.szse.cn/api/report/ShowReport/data
2018-04-25,510300,58.444877,上交所,https://query.sse.com.cn/commonQuery.do
2018-04-25,510310,23.943074,上交所,https://query.sse.com.cn/commonQuery.do
2018-04-25,510330,43.094498,上交所,https://query.sse.com.cn/commonQuery.do
2018-04-26,159919,41.401064,深交所,https://www.szse.cn/api/report/ShowReport/data
2018-04-26,510300,58.549877,上交所,https://query.sse.com.cn/commonQuery.do
2018-04-26,510310,23.943074,上交所,https://query.sse.com.cn/commonQuery.do
2018-04-26,510330,43.094498,上交所,https://query.sse.com.cn/commonQuery.do
2018-04-27,159919,41.401064,深交所,https://www.szse.cn/api/report/ShowReport/data
2018-04-27,510300,58.840877,上交所,https://query.sse.com.cn/commonQuery.do
2018-04-27,510310,23.943074,上交所,https://query.sse.com.cn/commonQuery.do
2018-04-27,510330,43.094498,上交所,https://query.sse.com.cn/commonQuery.do
2018-05-02,159919,41.869064,深交所,https://www.szse.cn/api/report/ShowReport/data
2018-05-02,510300,58.846877,上交所,https://query.sse.com.cn/commonQuery.do
2018-05-02,510310,24.012740,上交所,https://query.sse.com.cn/commonQuery.do
2018-05-02,510330,43.094498,上交所,https://query.sse.com.cn/commonQuery.do
2018-05-03,159919,41.887064,深交所,https://www.szse.cn/api/report/ShowReport/data
2018-05-03,510300,59.236877,上交所,https://query.sse.com.cn/commonQuery.do
2018-05-03,510310,24.063074,上交所,https://query.sse.com.cn/commonQuery.do
2018-05-03,510330,43.148498,上交所,https://query.sse.com.cn/commonQuery.do
2018-05-04,159919,41.887064,深交所,https://www.szse.cn/api/report/ShowReport/data
2018-05-04,510300,59.062877,上交所,https://query.sse.com.cn/commonQuery.do
2018-05-04,510310,24.083074,上交所,https://query.sse.com.cn/commonQuery.do
2018-05-04,510330,43.148498,上交所,https://query.sse.com.cn/commonQuery.do
2018-05-07,159919,41.887064,深交所,https://www.szse.cn/api/report/ShowReport/data
2018-05-07,510300,59.224877,上交所,https://query.sse.com.cn/commonQuery.do
2018-05-07,510310,24.083074,上交所,https://query.sse.com.cn/commonQuery.do
2018-05-07,510330,43.157498,上交所,https://query.sse.com.cn/commonQuery.do
2018-05-08,159919,41.887064,深交所,https://www.szse.cn/api/report/ShowReport/data
2018-05-08,510300,59.268252,上交所,https://query.sse.com.cn/commonQuery.do
2018-05-08,510310,24.143074,上交所,https://query.sse.com.cn/commonQuery.do
2018-05-08,510330,43.157498,上交所,https://query.sse.com.cn/commonQuery.do
2018-05-09,159919,41.887064,深交所,https://www.szse.cn/api/report/ShowReport/data
2018-05-09,510300,59.314877,上交所,https://query.sse.com.cn/commonQuery.do
2018-05-09,510310,24.143074,上交所,https://query.sse.com.cn/commonQuery.do
2018-05-09,510330,43.157498,上交所,https://query.sse.com.cn/commonQuery.do
2018-05-10,159919,42.337064,深交所,https://www.szse.cn/api/report/ShowReport/data
2018-05-10,510300,59.359877,上交所,https://query.sse.com.cn/commonQuery.do
2018-05-10,510310,24.143074,上交所,https://query.sse.com.cn/commonQuery.do
2018-05-10,510330,43.157498,上交所,https://query.sse.com.cn/commonQuery.do
2018-05-11,159919,42.337064,深交所,https://www.szse.cn/api/report/ShowReport/data
2018-05-11,510300,59.359877,上交所,https://query.sse.com.cn/commonQuery.do
2018-05-11,510310,24.143074,上交所,https://query.sse.com.cn/commonQuery.do
2018-05-11,510330,43.157498,上交所,https://query.sse.com.cn/commonQuery.do
2018-05-14,159919,42.265064,深交所,https://www.szse.cn/api/report/ShowReport/data
2018-05-14,510300,59.098877,上交所,https://query.sse.com.cn/commonQuery.do
2018-05-14,510310,24.143074,上交所,https://query.sse.com.cn/commonQuery.do
2018-05-14,510330,43.157498,上交所,https://query.sse.com.cn/commonQuery.do
2018-05-15,159919,42.184064,深交所,https://www.szse.cn/api/report/ShowReport/data
2018-05-15,510300,58.594877,上交所,https://query.sse.com.cn/commonQuery.do
2018-05-15,510310,24.183074,上交所,https://query.sse.com.cn/commonQuery.do
2018-05-15,510330,43.157498,上交所,https://query.sse.com.cn/commonQuery.do
2018-05-16,159919,42.184064,深交所,https://www.szse.cn/api/report/ShowReport/data
2018-05-16,510300,58.441877,上交所,https://query.sse.com.cn/commonQuery.do
2018-05-16,510310,24.223074,上交所,https://query.sse.com.cn/commonQuery.do
2018-05-16,510330,43.157498,上交所,https://query.sse.com.cn/commonQuery.do
2018-05-17,159919,42.184064,深交所,https://www.szse.cn/api/report/ShowReport/data
2018-05-17,510300,58.468877,上交所,https://query.sse.com.cn/commonQuery.do
2018-05-17,510310,24.223074,上交所,https://query.sse.com.cn/commonQuery.do
2018-05-17,510330,43.157498,上交所,https://query.sse.com.cn/commonQuery.do
2018-05-18,159919,42.184064,深交所,https://www.szse.cn/api/report/ShowReport/data
2018-05-18,510300,58.162877,上交所,https://query.sse.com.cn/commonQuery.do
2018-05-18,510310,24.223074,上交所,https://query.sse.com.cn/commonQuery.do
2018-05-18,510330,43.157498,上交所,https://query.sse.com.cn/commonQuery.do
2018-05-21,159919,42.184064,深交所,https://www.szse.cn/api/report/ShowReport/data
2018-05-21,510300,58.108877,上交所,https://query.sse.com.cn/commonQuery.do
2018-05-21,510310,24.223074,上交所,https://query.sse.com.cn/commonQuery.do
2018-05-21,510330,43.157498,上交所,https://query.sse.com.cn/commonQuery.do
2018-05-22,159919,42.184064,深交所,https://www.szse.cn/api/report/ShowReport/data
2018-05-22,510300,58.099726,上交所,https://query.sse.com.cn/commonQuery.do
2018-05-22,510310,24.223074,上交所,https://query.sse.com.cn/commonQuery.do
2018-05-22,510330,43.148498,上交所,https://query.sse.com.cn/commonQuery.do
2018-05-23,159919,42.184064,深交所,https://www.szse.cn/api/report/ShowReport/data
2018-05-23,510300,57.973877,上交所,https://query.sse.com.cn/commonQuery.do
2018-05-23,510310,24.223074,上交所,https://query.sse.com.cn/commonQuery.do
2018-05-23,510330,43.148498,上交所,https://query.sse.com.cn/commonQuery.do
2018-05-24,159919,42.184064,深交所,https://www.szse.cn/api/report/ShowReport/data
2018-05-24,510300,57.793877,上交所,https://query.sse.com.cn/commonQuery.do
2018-05-24,510310,24.223074,上交所,https://query.sse.com.cn/commonQuery.do
2018-05-24,510330,43.148498,上交所,https://query.sse.com.cn/commonQuery.do
2018-05-25,159919,42.184064,深交所,https://www.szse.cn/api/report/ShowReport/data
2018-05-25,510300,57.631877,上交所,https://query.sse.com.cn/commonQuery.do
2018-05-25,510310,24.263074,上交所,https://query.sse.com.cn/commonQuery.do
2018-05-25,510330,43.157498,上交所,https://query.sse.com.cn/commonQuery.do
2018-05-28,159919,42.184064,深交所,https://www.szse.cn/api/report/ShowReport/data
2018-05-28,510300,57.523877,上交所,https://query.sse.com.cn/commonQuery.do
2018-05-28,510310,24.263074,上交所,https://query.sse.com.cn/commonQuery.do
2018-05-28,510330,43.175498,上交所,https://query.sse.com.cn/commonQuery.do
2018-05-29,159919,42.175064,深交所,https://www.szse.cn/api/report/ShowReport/data
2018-05-29,510300,57.172877,上交所,https://query.sse.com.cn/commonQuery.do
2018-05-29,510310,24.273872,上交所,https://query.sse.com.cn/commonQuery.do
2018-05-29,510330,43.193498,上交所,https://query.sse.com.cn/commonQuery.do
2018-05-30,159919,42.175064,深交所,https://www.szse.cn/api/report/ShowReport/data
2018-05-30,510300,57.163877,上交所,https://query.sse.com.cn/commonQuery.do
2018-05-30,510310,24.283074,上交所,https://query.sse.com.cn/commonQuery.do
2018-05-30,510330,43.211498,上交所,https://query.sse.com.cn/commonQuery.do
2018-05-31,159919,42.148064,深交所,https://www.szse.cn/api/report/ShowReport/data
2018-05-31,510300,56.812877,上交所,https://query.sse.com.cn/commonQuery.do
2018-05-31,510310,24.283074,上交所,https://query.sse.com.cn/commonQuery.do
2018-05-31,510330,43.238498,上交所,https://query.sse.com.cn/commonQuery.do
2018-06-01,159919,42.148064,深交所,https://www.szse.cn/api/report/ShowReport/data
2018-06-01,510300,56.569877,上交所,https://query.sse.com.cn/commonQuery.do
2018-06-01,510310,24.283074,上交所,https://query.sse.com.cn/commonQuery.do
2018-06-01,510330,43.238498,上交所,https://query.sse.com.cn/commonQuery.do
2018-06-04,159919,42.148064,深交所,https://www.szse.cn/api/report/ShowReport/data
2018-06-04,510300,56.713877,上交所,https://query.sse.com.cn/commonQuery.do
2018-06-04,510310,24.283074,上交所,https://query.sse.com.cn/commonQuery.do
2018-06-04,510330,43.238498,上交所,https://query.sse.com.cn/commonQuery.do
2018-06-05,159919,42.139064,深交所,https://www.szse.cn/api/report/ShowReport/data
2018-06-05,510300,56.596877,上交所,https://query.sse.com.cn/commonQuery.do
2018-06-05,510310,24.323074,上交所,https://query.sse.com.cn/commonQuery.do
2018-06-05,510330,43.238498,上交所,https://query.sse.com.cn/commonQuery.do
2018-06-06,159919,42.112064,深交所,https://www.szse.cn/api/report/ShowReport/data
2018-06-06,510300,56.416877,上交所,https://query.sse.com.cn/commonQuery.do
2018-06-06,510310,24.343074,上交所,https://query.sse.com.cn/commonQuery.do
2018-06-06,510330,43.238498,上交所,https://query.sse.com.cn/commonQuery.do
2018-06-07,159919,42.094064,深交所,https://www.szse.cn/api/report/ShowReport/data
2018-06-07,510300,56.245877,上交所,https://query.sse.com.cn/commonQuery.do
2018-06-07,510310,24.343074,上交所,https://query.sse.com.cn/commonQuery.do
2018-06-07,510330,43.238498,上交所,https://query.sse.com.cn/commonQuery.do
2018-06-08,159919,42.085064,深交所,https://www.szse.cn/api/report/ShowReport/data
2018-06-08,510300,55.966877,上交所,https://query.sse.com.cn/commonQuery.do
2018-06-08,510310,24.343074,上交所,https://query.sse.com.cn/commonQuery.do
2018-06-08,510330,43.238498,上交所,https://query.sse.com.cn/commonQuery.do
2018-06-11,159919,41.815064,深交所,https://www.szse.cn/api/report/ShowReport/data
2018-06-11,510300,56.092877,上交所,https://query.sse.com.cn/commonQuery.do
2018-06-11,510310,24.343074,上交所,https://query.sse.com.cn/commonQuery.do
2018-06-11,510330,43.238498,上交所,https://query.sse.com.cn/commonQuery.do
2018-06-12,159919,41.815064,深交所,https://www.szse.cn/api/report/ShowReport/data
2018-06-12,510300,56.380877,上交所,https://query.sse.com.cn/commonQuery.do
2018-06-12,510310,24.343074,上交所,https://query.sse.com.cn/commonQuery.do
2018-06-12,510330,43.238498,上交所,https://query.sse.com.cn/commonQuery.do
2018-06-13,159919,41.779064,深交所,https://www.szse.cn/api/report/ShowReport/data
2018-06-13,510300,56.371877,上交所,https://query.sse.com.cn/commonQuery.do
2018-06-13,510310,24.343074,上交所,https://query.sse.com.cn/commonQuery.do
2018-06-13,510330,43.238498,上交所,https://query.sse.com.cn/commonQuery.do
2018-06-14,159919,41.761064,深交所,https://www.szse.cn/api/report/ShowReport/data
2018-06-14,510300,56.641877,上交所,https://query.sse.com.cn/commonQuery.do
2018-06-14,510310,24.343074,上交所,https://query.sse.com.cn/commonQuery.do
2018-06-14,510330,43.238498,上交所,https://query.sse.com.cn/commonQuery.do
2018-06-15,159919,41.761064,深交所,https://www.szse.cn/api/report/ShowReport/data
2018-06-15,510300,57.091877,上交所,https://query.sse.com.cn/commonQuery.do
2018-06-15,510310,24.377154,上交所,https://query.sse.com.cn/commonQuery.do
2018-06-15,510330,43.247498,上交所,https://query.sse.com.cn/commonQuery.do
2018-06-19,159919,41.761064,深交所,https://www.szse.cn/api/report/ShowReport/data
2018-06-19,510300,59.152877,上交所,https://query.sse.com.cn/commonQuery.do
2018-06-19,510310,24.403074,上交所,https://query.sse.com.cn/commonQuery.do
2018-06-19,510330,43.385293,上交所,https://query.sse.com.cn/commonQuery.do
2018-06-20,159919,41.761064,深交所,https://www.szse.cn/api/report/ShowReport/data
2018-06-20,510300,60.151877,上交所,https://query.sse.com.cn/commonQuery.do
2018-06-20,510310,24.403074,上交所,https://query.sse.com.cn/commonQuery.do
2018-06-20,510330,44.291498,上交所,https://query.sse.com.cn/commonQuery.do
2018-06-21,159919,41.761064,深交所,https://www.szse.cn/api/report/ShowReport/data
2018-06-21,510300,61.330877,上交所,https://query.sse.com.cn/commonQuery.do
2018-06-21,510310,24.977913,上交所,https://query.sse.com.cn/commonQuery.do
2018-06-21,510330,45.857498,上交所,https://query.sse.com.cn/commonQuery.do
2018-06-22,159919,41.761064,深交所,https://www.szse.cn/api/report/ShowReport/data
2018-06-22,510300,62.122877,上交所,https://query.sse.com.cn/commonQuery.do
2018-06-22,510310,25.410080,上交所,https://query.sse.com.cn/commonQuery.do
2018-06-22,510330,45.911498,上交所,https://query.sse.com.cn/commonQuery.do
2018-06-25,159919,41.788064,深交所,https://www.szse.cn/api/report/ShowReport/data
2018-06-25,510300,62.005877,上交所,https://query.sse.com.cn/commonQuery.do
2018-06-25,510310,25.483074,上交所,https://query.sse.com.cn/commonQuery.do
2018-06-25,510330,45.911498,上交所,https://query.sse.com.cn/commonQuery.do
2018-06-26,159919,41.788064,深交所,https://www.szse.cn/api/report/ShowReport/data
2018-06-26,510300,62.986877,上交所,https://query.sse.com.cn/commonQuery.do
2018-06-26,510310,25.483074,上交所,https://query.sse.com.cn/commonQuery.do
2018-06-26,510330,45.965418,上交所,https://query.sse.com.cn/commonQuery.do
2018-06-27,159919,41.824064,深交所,https://www.szse.cn/api/report/ShowReport/data
2018-06-27,510300,63.167371,上交所,https://query.sse.com.cn/commonQuery.do
2018-06-27,510310,25.603074,上交所,https://query.sse.com.cn/commonQuery.do
2018-06-27,510330,46.010498,上交所,https://query.sse.com.cn/commonQuery.do
2018-06-28,159919,41.824064,深交所,https://www.szse.cn/api/report/ShowReport/data
2018-06-28,510300,63.202877,上交所,https://query.sse.com.cn/commonQuery.do
2018-06-28,510310,25.603074,上交所,https://query.sse.com.cn/commonQuery.do
2018-06-28,510330,46.037498,上交所,https://query.sse.com.cn/commonQuery.do
2018-06-29,159919,41.824064,深交所,https://www.szse.cn/api/report/ShowReport/data
2018-06-29,510300,63.247877,上交所,https://query.sse.com.cn/commonQuery.do
2018-06-29,510310,25.603074,上交所,https://query.sse.com.cn/commonQuery.do
2018-06-29,510330,46.055498,上交所,https://query.sse.com.cn/commonQuery.do
2018-07-02,159919,41.824064,深交所,https://www.szse.cn/api/report/ShowReport/data
2018-07-02,510300,63.034564,上交所,https://query.sse.com.cn/commonQuery.do
2018-07-02,510310,25.783074,上交所,https://query.sse.com.cn/commonQuery.do
2018-07-02,510330,46.306843,上交所,https://query.sse.com.cn/commonQuery.do
2018-07-03,159919,42.121064,深交所,https://www.szse.cn/api/report/ShowReport/data
2018-07-03,510300,65.406723,上交所,https://query.sse.com.cn/commonQuery.do
2018-07-03,510310,26.143074,上交所,https://query.sse.com.cn/commonQuery.do
2018-07-03,510330,48.846077,上交所,https://query.sse.com.cn/commonQuery.do
2018-07-04,159919,43.021064,深交所,https://www.szse.cn/api/report/ShowReport/data
2018-07-04,510300,65.182877,上交所,https://query.sse.com.cn/commonQuery.do
2018-07-04,510310,28.043074,上交所,https://query.sse.com.cn/commonQuery.do
2018-07-04,510330,49.052498,上交所,https://query.sse.com.cn/commonQuery.do
2018-07-05,159919,43.291064,深交所,https://www.szse.cn/api/report/ShowReport/data
2018-07-05,510300,65.299877,上交所,https://query.sse.com.cn/commonQuery.do
2018-07-05,510310,28.143074,上交所,https://query.sse.com.cn/commonQuery.do
2018-07-05,510330,49.057550,上交所,https://query.sse.com.cn/commonQuery.do
2018-07-06,159919,43.399064,深交所,https://www.szse.cn/api/report/ShowReport/data
2018-07-06,510300,66.010877,上交所,https://query.sse.com.cn/commonQuery.do
2018-07-06,510310,28.176373,上交所,https://query.sse.com.cn/commonQuery.do
2018-07-06,510330,49.079498,上交所,https://query.sse.com.cn/commonQuery.do
2018-07-09,159919,43.849064,深交所,https://www.szse.cn/api/report/ShowReport/data
2018-07-09,510300,65.920877,上交所,https://query.sse.com.cn/commonQuery.do
2018-07-09,510310,28.183074,上交所,https://query.sse.com.cn/commonQuery.do
2018-07-09,510330,49.187498,上交所,https://query.sse.com.cn/commonQuery.do
2018-07-10,159919,43.849064,深交所,https://www.szse.cn/api/report/ShowReport/data
2018-07-10,510300,65.857877,上交所,https://query.sse.com.cn/commonQuery.do
2018-07-10,510310,28.183074,上交所,https://query.sse.com.cn/commonQuery.do
2018-07-10,510330,49.187498,上交所,https://query.sse.com.cn/commonQuery.do
2018-07-11,159919,43.849064,深交所,https://www.szse.cn/api/report/ShowReport/data
2018-07-11,510300,65.875877,上交所,https://query.sse.com.cn/commonQuery.do
2018-07-11,510310,28.223074,上交所,https://query.sse.com.cn/commonQuery.do
2018-07-11,510330,49.205498,上交所,https://query.sse.com.cn/commonQuery.do
2018-07-12,159919,43.849064,深交所,https://www.szse.cn/api/report/ShowReport/data
2018-07-12,510300,66.451877,上交所,https://query.sse.com.cn/commonQuery.do
2018-07-12,510310,28.289894,上交所,https://query.sse.com.cn/commonQuery.do
2018-07-12,510330,49.232498,上交所,https://query.sse.com.cn/commonQuery.do
2018-07-13,159919,43.849064,深交所,https://www.szse.cn/api/report/ShowReport/data
2018-07-13,510300,66.388877,上交所,https://query.sse.com.cn/commonQuery.do
2018-07-13,510310,28.303074,上交所,https://query.sse.com.cn/commonQuery.do
2018-07-13,510330,49.232498,上交所,https://query.sse.com.cn/commonQuery.do
2018-07-16,159919,43.849064,深交所,https://www.szse.cn/api/report/ShowReport/data
2018-07-16,510300,66.325877,上交所,https://query.sse.com.cn/commonQuery.do
2018-07-16,510310,28.303074,上交所,https://query.sse.com.cn/commonQuery.do
2018-07-16,510330,49.232498,上交所,https://query.sse.com.cn/commonQuery.do
2018-07-17,159919,43.849064,深交所,https://www.szse.cn/api/report/ShowReport/data
2018-07-17,510300,66.487334,上交所,https://query.sse.com.cn/commonQuery.do
2018-07-17,510310,28.303074,上交所,https://query.sse.com.cn/commonQuery.do
2018-07-17,510330,49.250498,上交所,https://query.sse.com.cn/commonQuery.do
2018-07-18,159919,43.849064,深交所,https://www.szse.cn/api/report/ShowReport/data
2018-07-18,510300,66.388877,上交所,https://query.sse.com.cn/commonQuery.do
2018-07-18,510310,28.303074,上交所,https://query.sse.com.cn/commonQuery.do
2018-07-18,510330,49.259498,上交所,https://query.sse.com.cn/commonQuery.do
2018-07-19,159919,43.849064,深交所,https://www.szse.cn/api/report/ShowReport/data
2018-07-19,510300,66.577877,上交所,https://query.sse.com.cn/commonQuery.do
2018-07-19,510310,28.303074,上交所,https://query.sse.com.cn/commonQuery.do
2018-07-19,510330,49.286498,上交所,https://query.sse.com.cn/commonQuery.do
2018-07-20,159919,43.867064,深交所,https://www.szse.cn/api/report/ShowReport/data
2018-07-20,510300,66.694877,上交所,https://query.sse.com.cn/commonQuery.do
2018-07-20,510310,28.303074,上交所,https://query.sse.com.cn/commonQuery.do
2018-07-20,510330,49.421498,上交所,https://query.sse.com.cn/commonQuery.do
2018-07-23,159919,43.867064,深交所,https://www.szse.cn/api/report/ShowReport/data
2018-07-23,510300,66.514877,上交所,https://query.sse.com.cn/commonQuery.do
2018-07-23,510310,28.303074,上交所,https://query.sse.com.cn/commonQuery.do
2018-07-23,510330,49.655498,上交所,https://query.sse.com.cn/commonQuery.do
2018-07-24,159919,43.867064,深交所,https://www.szse.cn/api/report/ShowReport/data
2018-07-24,510300,66.793877,上交所,https://query.sse.com.cn/commonQuery.do
2018-07-24,510310,28.263074,上交所,https://query.sse.com.cn/commonQuery.do
2018-07-24,510330,49.655498,上交所,https://query.sse.com.cn/commonQuery.do
2018-07-25,159919,43.867064,深交所,https://www.szse.cn/api/report/ShowReport/data
2018-07-25,510300,66.745277,上交所,https://query.sse.com.cn/commonQuery.do
2018-07-25,510310,28.263074,上交所,https://query.sse.com.cn/commonQuery.do
2018-07-25,510330,49.655498,上交所,https://query.sse.com.cn/commonQuery.do
2018-07-26,159919,43.885064,深交所,https://www.szse.cn/api/report/ShowReport/data
2018-07-26,510300,66.784877,上交所,https://query.sse.com.cn/commonQuery.do
2018-07-26,510310,28.263074,上交所,https://query.sse.com.cn/commonQuery.do
2018-07-26,510330,49.674245,上交所,https://query.sse.com.cn/commonQuery.do
2018-07-27,159919,43.885064,深交所,https://www.szse.cn/api/report/ShowReport/data
2018-07-27,510300,66.874877,上交所,https://query.sse.com.cn/commonQuery.do
2018-07-27,510310,28.263074,上交所,https://query.sse.com.cn/commonQuery.do
2018-07-27,510330,49.691498,上交所,https://query.sse.com.cn/commonQuery.do
2018-07-30,159919,43.903064,深交所,https://www.szse.cn/api/report/ShowReport/data
2018-07-30,510300,66.951737,上交所,https://query.sse.com.cn/commonQuery.do
2018-07-30,510310,28.263074,上交所,https://query.sse.com.cn/commonQuery.do
2018-07-30,510330,49.709498,上交所,https://query.sse.com.cn/commonQuery.do
2018-07-31,159919,43.921064,深交所,https://www.szse.cn/api/report/ShowReport/data
2018-07-31,510300,66.982877,上交所,https://query.sse.com.cn/commonQuery.do
2018-07-31,510310,28.263074,上交所,https://query.sse.com.cn/commonQuery.do
2018-07-31,510330,49.726353,上交所,https://query.sse.com.cn/commonQuery.do
2018-08-01,159919,43.921064,深交所,https://www.szse.cn/api/report/ShowReport/data
2018-08-01,510300,66.217877,上交所,https://query.sse.com.cn/commonQuery.do
2018-08-01,510310,28.363074,上交所,https://query.sse.com.cn/commonQuery.do
2018-08-01,510330,49.691498,上交所,https://query.sse.com.cn/commonQuery.do
2018-08-02,159919,43.921064,深交所,https://www.szse.cn/api/report/ShowReport/data
2018-08-02,510300,65.749877,上交所,https://query.sse.com.cn/commonQuery.do
2018-08-02,510310,28.463074,上交所,https://query.sse.com.cn/commonQuery.do
2018-08-02,510330,49.772498,上交所,https://query.sse.com.cn/commonQuery.do
2018-08-03,159919,43.921064,深交所,https://www.szse.cn/api/report/ShowReport/data
2018-08-03,510300,65.578877,上交所,https://query.sse.com.cn/commonQuery.do
2018-08-03,510310,28.623074,上交所,https://query.sse.com.cn/commonQuery.do
2018-08-03,510330,49.843810,上交所,https://query.sse.com.cn/commonQuery.do
2018-08-06,159919,43.957064,深交所,https://www.szse.cn/api/report/ShowReport/data
2018-08-06,510300,66.307091,上交所,https://query.sse.com.cn/commonQuery.do
2018-08-06,510310,28.836553,上交所,https://query.sse.com.cn/commonQuery.do
2018-08-06,510330,49.938047,上交所,https://query.sse.com.cn/commonQuery.do
2018-08-07,159919,43.957064,深交所,https://www.szse.cn/api/report/ShowReport/data
2018-08-07,510300,66.505877,上交所,https://query.sse.com.cn/commonQuery.do
2018-08-07,510310,28.843074,上交所,https://query.sse.com.cn/commonQuery.do
2018-08-07,510330,49.961498,上交所,https://query.sse.com.cn/commonQuery.do
2018-08-08,159919,43.957064,深交所,https://www.szse.cn/api/report/ShowReport/data
2018-08-08,510300,65.992877,上交所,https://query.sse.com.cn/commonQuery.do
2018-08-08,510310,28.863074,上交所,https://query.sse.com.cn/commonQuery.do
2018-08-08,510330,49.952498,上交所,https://query.sse.com.cn/commonQuery.do
2018-08-09,159919,44.047064,深交所,https://www.szse.cn/api/report/ShowReport/data
2018-08-09,510300,66.811877,上交所,https://query.sse.com.cn/commonQuery.do
2018-08-09,510310,28.863074,上交所,https://query.sse.com.cn/commonQuery.do
2018-08-09,510330,50.015498,上交所,https://query.sse.com.cn/commonQuery.do
2018-08-10,159919,44.047064,深交所,https://www.szse.cn/api/report/ShowReport/data
2018-08-10,510300,66.523877,上交所,https://query.sse.com.cn/commonQuery.do
2018-08-10,510310,28.963074,上交所,https://query.sse.com.cn/commonQuery.do
2018-08-10,510330,49.997498,上交所,https://query.sse.com.cn/commonQuery.do
2018-08-13,159919,44.047064,深交所,https://www.szse.cn/api/report/ShowReport/data
2018-08-13,510300,66.928877,上交所,https://query.sse.com.cn/commonQuery.do
2018-08-13,510310,28.983074,上交所,https://query.sse.com.cn/commonQuery.do
2018-08-13,510330,50.060562,上交所,https://query.sse.com.cn/commonQuery.do
2018-08-14,159919,44.227064,深交所,https://www.szse.cn/api/report/ShowReport/data
2018-08-14,510300,66.847877,上交所,https://query.sse.com.cn/commonQuery.do
2018-08-14,510310,28.343074,上交所,https://query.sse.com.cn/commonQuery.do
2018-08-14,510330,49.664498,上交所,https://query.sse.com.cn/commonQuery.do
2018-08-15,159919,44.227064,深交所,https://www.szse.cn/api/report/ShowReport/data
2018-08-15,510300,66.820877,上交所,https://query.sse.com.cn/commonQuery.do
2018-08-15,510310,28.463074,上交所,https://query.sse.com.cn/commonQuery.do
2018-08-15,510330,49.664498,上交所,https://query.sse.com.cn/commonQuery.do
2018-08-16,159919,44.677064,深交所,https://www.szse.cn/api/report/ShowReport/data
2018-08-16,510300,67.612877,上交所,https://query.sse.com.cn/commonQuery.do
2018-08-16,510310,28.468279,上交所,https://query.sse.com.cn/commonQuery.do
2018-08-16,510330,49.742435,上交所,https://query.sse.com.cn/commonQuery.do
2018-08-17,159919,44.677064,深交所,https://www.szse.cn/api/report/ShowReport/data
2018-08-17,510300,67.747877,上交所,https://query.sse.com.cn/commonQuery.do
2018-08-17,510310,28.563074,上交所,https://query.sse.com.cn/commonQuery.do
2018-08-17,510330,49.745498,上交所,https://query.sse.com.cn/commonQuery.do
2018-08-20,159919,44.677064,深交所,https://www.szse.cn/api/report/ShowReport/data
2018-08-20,510300,68.482877,上交所,https://query.sse.com.cn/commonQuery.do
2018-08-20,510310,28.623074,上交所,https://query.sse.com.cn/commonQuery.do
2018-08-20,510330,49.808498,上交所,https://query.sse.com.cn/commonQuery.do
2018-08-21,159919,44.677064,深交所,https://www.szse.cn/api/report/ShowReport/data
2018-08-21,510300,68.251877,上交所,https://query.sse.com.cn/commonQuery.do
2018-08-21,510310,28.703074,上交所,https://query.sse.com.cn/commonQuery.do
2018-08-21,510330,49.808498,上交所,https://query.sse.com.cn/commonQuery.do
2018-08-22,159919,44.677064,深交所,https://www.szse.cn/api/report/ShowReport/data
2018-08-22,510300,68.008877,上交所,https://query.sse.com.cn/commonQuery.do
2018-08-22,510310,28.743074,上交所,https://query.sse.com.cn/commonQuery.do
2018-08-22,510330,49.799498,上交所,https://query.sse.com.cn/commonQuery.do
2018-08-23,159919,44.677064,深交所,https://www.szse.cn/api/report/ShowReport/data
2018-08-23,510300,69.241877,上交所,https://query.sse.com.cn/commonQuery.do
2018-08-23,510310,28.803074,上交所,https://query.sse.com.cn/commonQuery.do
2018-08-23,510330,49.851417,上交所,https://query.sse.com.cn/commonQuery.do
2018-08-24,159919,44.677064,深交所,https://www.szse.cn/api/report/ShowReport/data
2018-08-24,510300,69.439877,上交所,https://query.sse.com.cn/commonQuery.do
2018-08-24,510310,28.803074,上交所,https://query.sse.com.cn/commonQuery.do
2018-08-24,510330,49.844498,上交所,https://query.sse.com.cn/commonQuery.do
2018-08-27,159919,44.677064,深交所,https://www.szse.cn/api/report/ShowReport/data
2018-08-27,510300,69.916877,上交所,https://query.sse.com.cn/commonQuery.do
2018-08-27,510310,28.843074,上交所,https://query.sse.com.cn/commonQuery.do
2018-08-27,510330,49.853498,上交所,https://query.sse.com.cn/commonQuery.do
2018-08-28,159919,44.677064,深交所,https://www.szse.cn/api/report/ShowReport/data
2018-08-28,510300,70.258877,上交所,https://query.sse.com.cn/commonQuery.do
2018-08-28,510310,28.843074,上交所,https://query.sse.com.cn/commonQuery.do
2018-08-28,510330,51.095599,上交所,https://query.sse.com.cn/commonQuery.do
2018-08-29,159919,45.757064,深交所,https://www.szse.cn/api/report/ShowReport/data
2018-08-29,510300,70.258877,上交所,https://query.sse.com.cn/commonQuery.do
2018-08-29,510310,28.163074,上交所,https://query.sse.com.cn/commonQuery.do
2018-08-29,510330,51.113498,上交所,https://query.sse.com.cn/commonQuery.do
2018-08-30,159919,45.757064,深交所,https://www.szse.cn/api/report/ShowReport/data
2018-08-30,510300,69.961877,上交所,https://query.sse.com.cn/commonQuery.do
2018-08-30,510310,28.003074,上交所,https://query.sse.com.cn/commonQuery.do
2018-08-30,510330,50.897498,上交所,https://query.sse.com.cn/commonQuery.do
2018-08-31,159919,45.757064,深交所,https://www.szse.cn/api/report/ShowReport/data
2018-08-31,510300,70.114877,上交所,https://query.sse.com.cn/commonQuery.do
2018-08-31,510310,28.003074,上交所,https://query.sse.com.cn/commonQuery.do
2018-08-31,510330,50.789498,上交所,https://query.sse.com.cn/commonQuery.do
2018-09-03,159919,45.397064,深交所,https://www.szse.cn/api/report/ShowReport/data
2018-09-03,510300,70.231371,上交所,https://query.sse.com.cn/commonQuery.do
2018-09-03,510310,28.023074,上交所,https://query.sse.com.cn/commonQuery.do
2018-09-03,510330,50.780498,上交所,https://query.sse.com.cn/commonQuery.do
2018-09-04,159919,45.397064,深交所,https://www.szse.cn/api/report/ShowReport/data
2018-09-04,510300,70.639877,上交所,https://query.sse.com.cn/commonQuery.do
2018-09-04,510310,28.023074,上交所,https://query.sse.com.cn/commonQuery.do
2018-09-04,510330,50.825498,上交所,https://query.sse.com.cn/commonQuery.do
2018-09-05,159919,45.397064,深交所,https://www.szse.cn/api/report/ShowReport/data
2018-09-05,510300,70.429877,上交所,https://query.sse.com.cn/commonQuery.do
2018-09-05,510310,28.083074,上交所,https://query.sse.com.cn/commonQuery.do
2018-09-05,510330,50.825498,上交所,https://query.sse.com.cn/commonQuery.do
2018-09-06,159919,45.397064,深交所,https://www.szse.cn/api/report/ShowReport/data
2018-09-06,510300,71.545877,上交所,https://query.sse.com.cn/commonQuery.do
2018-09-06,510310,28.163074,上交所,https://query.sse.com.cn/commonQuery.do
2018-09-06,510330,50.906498,上交所,https://query.sse.com.cn/commonQuery.do
2018-09-07,159919,45.397064,深交所,https://www.szse.cn/api/report/ShowReport/data
2018-09-07,510300,71.608877,上交所,https://query.sse.com.cn/commonQuery.do
2018-09-07,510310,28.203074,上交所,https://query.sse.com.cn/commonQuery.do
2018-09-07,510330,50.942498,上交所,https://query.sse.com.cn/commonQuery.do
2018-09-10,159919,45.397064,深交所,https://www.szse.cn/api/report/ShowReport/data
2018-09-10,510300,71.944480,上交所,https://query.sse.com.cn/commonQuery.do
2018-09-10,510310,28.243074,上交所,https://query.sse.com.cn/commonQuery.do
2018-09-10,510330,51.212498,上交所,https://query.sse.com.cn/commonQuery.do
2018-09-11,159919,45.424064,深交所,https://www.szse.cn/api/report/ShowReport/data
2018-09-11,510300,73.426877,上交所,https://query.sse.com.cn/commonQuery.do
2018-09-11,510310,28.323074,上交所,https://query.sse.com.cn/commonQuery.do
2018-09-11,510330,51.581572,上交所,https://query.sse.com.cn/commonQuery.do
2018-09-12,159919,45.424064,深交所,https://www.szse.cn/api/report/ShowReport/data
2018-09-12,510300,74.281877,上交所,https://query.sse.com.cn/commonQuery.do
2018-09-12,510310,29.003074,上交所,https://query.sse.com.cn/commonQuery.do
2018-09-12,510330,52.292498,上交所,https://query.sse.com.cn/commonQuery.do
2018-09-13,159919,46.801064,深交所,https://www.szse.cn/api/report/ShowReport/data
2018-09-13,510300,75.223877,上交所,https://query.sse.com.cn/commonQuery.do
2018-09-13,510310,29.083074,上交所,https://query.sse.com.cn/commonQuery.do
2018-09-13,510330,52.481498,上交所,https://query.sse.com.cn/commonQuery.do
2018-09-14,159919,46.801064,深交所,https://www.szse.cn/api/report/ShowReport/data
2018-09-14,510300,74.767877,上交所,https://query.sse.com.cn/commonQuery.do
2018-09-14,510310,29.083074,上交所,https://query.sse.com.cn/commonQuery.do
2018-09-14,510330,52.973827,上交所,https://query.sse.com.cn/commonQuery.do
2018-09-17,159919,46.801064,深交所,https://www.szse.cn/api/report/ShowReport/data
2018-09-17,510300,74.668877,上交所,https://query.sse.com.cn/commonQuery.do
2018-09-17,510310,29.123074,上交所,https://query.sse.com.cn/commonQuery.do
2018-09-17,510330,53.363498,上交所,https://query.sse.com.cn/commonQuery.do
2018-09-18,159919,47.701064,深交所,https://www.szse.cn/api/report/ShowReport/data
2018-09-18,510300,75.064877,上交所,https://query.sse.com.cn/commonQuery.do
2018-09-18,510310,29.243074,上交所,https://query.sse.com.cn/commonQuery.do
2018-09-18,510330,53.691401,上交所,https://query.sse.com.cn/commonQuery.do
2018-09-19,159919,49.366064,深交所,https://www.szse.cn/api/report/ShowReport/data
2018-09-19,510300,75.955877,上交所,https://query.sse.com.cn/commonQuery.do
2018-09-19,510310,29.763074,上交所,https://query.sse.com.cn/commonQuery.do
2018-09-19,510330,53.840498,上交所,https://query.sse.com.cn/commonQuery.do
2018-09-20,159919,49.357064,深交所,https://www.szse.cn/api/report/ShowReport/data
2018-09-20,510300,76.972877,上交所,https://query.sse.com.cn/commonQuery.do
2018-09-20,510310,29.743074,上交所,https://query.sse.com.cn/commonQuery.do
2018-09-20,510330,53.903498,上交所,https://query.sse.com.cn/commonQuery.do
2018-09-21,159919,49.357064,深交所,https://www.szse.cn/api/report/ShowReport/data
2018-09-21,510300,78.610877,上交所,https://query.sse.com.cn/commonQuery.do
2018-09-21,510310,29.643074,上交所,https://query.sse.com.cn/commonQuery.do
2018-09-21,510330,54.047498,上交所,https://query.sse.com.cn/commonQuery.do
2018-09-25,159919,50.257064,深交所,https://www.szse.cn/api/report/ShowReport/data
2018-09-25,510300,78.691877,上交所,https://query.sse.com.cn/commonQuery.do
2018-09-25,510310,29.623074,上交所,https://query.sse.com.cn/commonQuery.do
2018-09-25,510330,54.142652,上交所,https://query.sse.com.cn/commonQuery.do
2018-09-26,159919,50.257064,深交所,https://www.szse.cn/api/report/ShowReport/data
2018-09-26,510300,78.646877,上交所,https://query.sse.com.cn/commonQuery.do
2018-09-26,510310,29.463074,上交所,https://query.sse.com.cn/commonQuery.do
2018-09-26,510330,54.290498,上交所,https://query.sse.com.cn/commonQuery.do
2018-09-27,159919,50.257064,深交所,https://www.szse.cn/api/report/ShowReport/data
2018-09-27,510300,79.009877,上交所,https://query.sse.com.cn/commonQuery.do
2018-09-27,510310,29.443074,上交所,https://query.sse.com.cn/commonQuery.do
2018-09-27,510330,54.218935,上交所,https://query.sse.com.cn/commonQuery.do
2018-09-28,159919,50.257064,深交所,https://www.szse.cn/api/report/ShowReport/data
2018-09-28,510300,79.120877,上交所,https://query.sse.com.cn/commonQuery.do
2018-09-28,510310,29.443074,上交所,https://query.sse.com.cn/commonQuery.do
2018-09-28,510330,54.245498,上交所,https://query.sse.com.cn/commonQuery.do
2018-10-08,159919,50.257064,深交所,https://www.szse.cn/api/report/ShowReport/data
2018-10-08,510300,79.414729,上交所,https://query.sse.com.cn/commonQuery.do
2018-10-08,510310,29.623074,上交所,https://query.sse.com.cn/commonQuery.do
2018-10-08,510330,54.272498,上交所,https://query.sse.com.cn/commonQuery.do
2018-10-09,159919,50.257064,深交所,https://www.szse.cn/api/report/ShowReport/data
2018-10-09,510300,78.898877,上交所,https://query.sse.com.cn/commonQuery.do
2018-10-09,510310,29.762673,上交所,https://query.sse.com.cn/commonQuery.do
2018-10-09,510330,54.218498,上交所,https://query.sse.com.cn/commonQuery.do
2018-10-10,159919,50.257064,深交所,https://www.szse.cn/api/report/ShowReport/data
2018-10-10,510300,79.447877,上交所,https://query.sse.com.cn/commonQuery.do
2018-10-10,510310,29.803074,上交所,https://query.sse.com.cn/commonQuery.do
2018-10-10,510330,54.236498,上交所,https://query.sse.com.cn/commonQuery.do
2018-10-11,159919,50.257064,深交所,https://www.szse.cn/api/report/ShowReport/data
2018-10-11,510300,81.265778,上交所,https://query.sse.com.cn/commonQuery.do
2018-10-11,510310,29.978708,上交所,https://query.sse.com.cn/commonQuery.do
2018-10-11,510330,54.751300,上交所,https://query.sse.com.cn/commonQuery.do
2018-10-12,159919,50.257064,深交所,https://www.szse.cn/api/report/ShowReport/data
2018-10-12,510300,82.703360,上交所,https://query.sse.com.cn/commonQuery.do
2018-10-12,510310,30.023074,上交所,https://query.sse.com.cn/commonQuery.do
2018-10-12,510330,57.611498,上交所,https://query.sse.com.cn/commonQuery.do
2018-10-15,159919,51.211064,深交所,https://www.szse.cn/api/report/ShowReport/data
2018-10-15,510300,83.164877,上交所,https://query.sse.com.cn/commonQuery.do
2018-10-15,510310,30.197286,上交所,https://query.sse.com.cn/commonQuery.do
2018-10-15,510330,58.142498,上交所,https://query.sse.com.cn/commonQuery.do
2018-10-16,159919,52.561064,深交所,https://www.szse.cn/api/report/ShowReport/data
2018-10-16,510300,86.166877,上交所,https://query.sse.com.cn/commonQuery.do
2018-10-16,510310,30.303074,上交所,https://query.sse.com.cn/commonQuery.do
2018-10-16,510330,59.492498,上交所,https://query.sse.com.cn/commonQuery.do
2018-10-17,159919,52.561064,深交所,https://www.szse.cn/api/report/ShowReport/data
2018-10-17,510300,90.616877,上交所,https://query.sse.com.cn/commonQuery.do
2018-10-17,510310,30.583074,上交所,https://query.sse.com.cn/commonQuery.do
2018-10-17,510330,61.137926,上交所,https://query.sse.com.cn/commonQuery.do
2018-10-18,159919,52.561064,深交所,https://www.szse.cn/api/report/ShowReport/data
2018-10-18,510300,93.541877,上交所,https://query.sse.com.cn/commonQuery.do
2018-10-18,510310,32.563074,上交所,https://query.sse.com.cn/commonQuery.do
2018-10-18,510330,61.229498,上交所,https://query.sse.com.cn/commonQuery.do
2018-10-19,159919,52.588064,深交所,https://www.szse.cn/api/report/ShowReport/data
2018-10-19,510300,96.196877,上交所,https://query.sse.com.cn/commonQuery.do
2018-10-19,510310,33.688768,上交所,https://query.sse.com.cn/commonQuery.do
2018-10-19,510330,61.563360,上交所,https://query.sse.com.cn/commonQuery.do
2018-10-22,159919,53.578064,深交所,https://www.szse.cn/api/report/ShowReport/data
2018-10-22,510300,98.095877,上交所,https://query.sse.com.cn/commonQuery.do
2018-10-22,510310,33.923074,上交所,https://query.sse.com.cn/commonQuery.do
2018-10-22,510330,61.694136,上交所,https://query.sse.com.cn/commonQuery.do
2018-10-23,159919,53.677064,深交所,https://www.szse.cn/api/report/ShowReport/data
2018-10-23,510300,102.747295,上交所,https://query.sse.com.cn/commonQuery.do
2018-10-23,510310,33.943074,上交所,https://query.sse.com.cn/commonQuery.do
2018-10-23,510330,62.651498,上交所,https://query.sse.com.cn/commonQuery.do
2018-10-24,159919,53.722064,深交所,https://www.szse.cn/api/report/ShowReport/data
2018-10-24,510300,104.789695,上交所,https://query.sse.com.cn/commonQuery.do
2018-10-24,510310,34.283071,上交所,https://query.sse.com.cn/commonQuery.do
2018-10-24,510330,63.443498,上交所,https://query.sse.com.cn/commonQuery.do
2018-10-25,159919,53.722064,深交所,https://www.szse.cn/api/report/ShowReport/data
2018-10-25,510300,104.566877,上交所,https://query.sse.com.cn/commonQuery.do
2018-10-25,510310,34.336421,上交所,https://query.sse.com.cn/commonQuery.do
2018-10-25,510330,63.623498,上交所,https://query.sse.com.cn/commonQuery.do
2018-10-26,159919,54.802064,深交所,https://www.szse.cn/api/report/ShowReport/data
2018-10-26,510300,104.800877,上交所,https://query.sse.com.cn/commonQuery.do
2018-10-26,510310,34.443074,上交所,https://query.sse.com.cn/commonQuery.do
2018-10-26,510330,63.843060,上交所,https://query.sse.com.cn/commonQuery.do
2018-10-29,159919,54.802064,深交所,https://www.szse.cn/api/report/ShowReport/data
2018-10-29,510300,105.754876,上交所,https://query.sse.com.cn/commonQuery.do
2018-10-29,510310,34.443074,上交所,https://query.sse.com.cn/commonQuery.do
2018-10-29,510330,65.521058,上交所,https://query.sse.com.cn/commonQuery.do
2018-10-30,159919,54.802064,深交所,https://www.szse.cn/api/report/ShowReport/data
2018-10-30,510300,107.644877,上交所,https://query.sse.com.cn/commonQuery.do
2018-10-30,510310,34.617814,上交所,https://query.sse.com.cn/commonQuery.do
2018-10-30,510330,66.438092,上交所,https://query.sse.com.cn/commonQuery.do
2018-10-31,159919,54.802064,深交所,https://www.szse.cn/api/report/ShowReport/data
2018-10-31,510300,107.527877,上交所,https://query.sse.com.cn/commonQuery.do
2018-10-31,510310,34.623074,上交所,https://query.sse.com.cn/commonQuery.do
2018-10-31,510330,66.629498,上交所,https://query.sse.com.cn/commonQuery.do
2018-11-01,159919,54.802064,深交所,https://www.szse.cn/api/report/ShowReport/data
2018-11-01,510300,106.393877,上交所,https://query.sse.com.cn/commonQuery.do
2018-11-01,510310,34.623074,上交所,https://query.sse.com.cn/commonQuery.do
2018-11-01,510330,66.679780,上交所,https://query.sse.com.cn/commonQuery.do
2018-11-02,159919,54.802064,深交所,https://www.szse.cn/api/report/ShowReport/data
2018-11-02,510300,108.382877,上交所,https://query.sse.com.cn/commonQuery.do
2018-11-02,510310,34.623074,上交所,https://query.sse.com.cn/commonQuery.do
2018-11-02,510330,66.818498,上交所,https://query.sse.com.cn/commonQuery.do
2018-11-05,159919,54.802064,深交所,https://www.szse.cn/api/report/ShowReport/data
2018-11-05,510300,109.498877,上交所,https://query.sse.com.cn/commonQuery.do
2018-11-05,510310,34.486176,上交所,https://query.sse.com.cn/commonQuery.do
2018-11-05,510330,66.791498,上交所,https://query.sse.com.cn/commonQuery.do
2018-11-06,159919,54.802064,深交所,https://www.szse.cn/api/report/ShowReport/data
2018-11-06,510300,109.534877,上交所,https://query.sse.com.cn/commonQuery.do
2018-11-06,510310,34.503074,上交所,https://query.sse.com.cn/commonQuery.do
2018-11-06,510330,66.791498,上交所,https://query.sse.com.cn/commonQuery.do
2018-11-07,159919,54.802064,深交所,https://www.szse.cn/api/report/ShowReport/data
2018-11-07,510300,109.507874,上交所,https://query.sse.com.cn/commonQuery.do
2018-11-07,510310,34.503074,上交所,https://query.sse.com.cn/commonQuery.do
2018-11-07,510330,68.564498,上交所,https://query.sse.com.cn/commonQuery.do
2018-11-08,159919,54.802064,深交所,https://www.szse.cn/api/report/ShowReport/data
2018-11-08,510300,109.093877,上交所,https://query.sse.com.cn/commonQuery.do
2018-11-08,510310,34.562157,上交所,https://query.sse.com.cn/commonQuery.do
2018-11-08,510330,68.720545,上交所,https://query.sse.com.cn/commonQuery.do
2018-11-09,159919,54.802064,深交所,https://www.szse.cn/api/report/ShowReport/data
2018-11-09,510300,109.282877,上交所,https://query.sse.com.cn/commonQuery.do
2018-11-09,510310,34.623074,上交所,https://query.sse.com.cn/commonQuery.do
2018-11-09,510330,69.050498,上交所,https://query.sse.com.cn/commonQuery.do
2018-11-12,159919,54.802064,深交所,https://www.szse.cn/api/report/ShowReport/data
2018-11-12,510300,109.912877,上交所,https://query.sse.com.cn/commonQuery.do
2018-11-12,510310,34.703074,上交所,https://query.sse.com.cn/commonQuery.do
2018-11-12,510330,69.428498,上交所,https://query.sse.com.cn/commonQuery.do
2018-11-13,159919,54.802064,深交所,https://www.szse.cn/api/report/ShowReport/data
2018-11-13,510300,109.498877,上交所,https://query.sse.com.cn/commonQuery.do
2018-11-13,510310,34.763074,上交所,https://query.sse.com.cn/commonQuery.do
2018-11-13,510330,69.516955,上交所,https://query.sse.com.cn/commonQuery.do
2018-11-14,159919,54.802064,深交所,https://www.szse.cn/api/report/ShowReport/data
2018-11-14,510300,108.796877,上交所,https://query.sse.com.cn/commonQuery.do
2018-11-14,510310,34.803074,上交所,https://query.sse.com.cn/commonQuery.do
2018-11-14,510330,69.311498,上交所,https://query.sse.com.cn/commonQuery.do
2018-11-15,159919,54.802064,深交所,https://www.szse.cn/api/report/ShowReport/data
2018-11-15,510300,108.994877,上交所,https://query.sse.com.cn/commonQuery.do
2018-11-15,510310,34.803074,上交所,https://query.sse.com.cn/commonQuery.do
2018-11-15,510330,69.365498,上交所,https://query.sse.com.cn/commonQuery.do
2018-11-16,159919,54.802064,深交所,https://www.szse.cn/api/report/ShowReport/data
2018-11-16,510300,108.886877,上交所,https://query.sse.com.cn/commonQuery.do
2018-11-16,510310,34.803074,上交所,https://query.sse.com.cn/commonQuery.do
2018-11-16,510330,69.372046,上交所,https://query.sse.com.cn/commonQuery.do
2018-11-19,159919,54.586064,深交所,https://www.szse.cn/api/report/ShowReport/data
2018-11-19,510300,107.608877,上交所,https://query.sse.com.cn/commonQuery.do
2018-11-19,510310,34.783074,上交所,https://query.sse.com.cn/commonQuery.do
2018-11-19,510330,68.960498,上交所,https://query.sse.com.cn/commonQuery.do
2018-11-20,159919,54.442064,深交所,https://www.szse.cn/api/report/ShowReport/data
2018-11-20,510300,107.239877,上交所,https://query.sse.com.cn/commonQuery.do
2018-11-20,510310,34.783074,上交所,https://query.sse.com.cn/commonQuery.do
2018-11-20,510330,68.402498,上交所,https://query.sse.com.cn/commonQuery.do
2018-11-21,159919,54.244064,深交所,https://www.szse.cn/api/report/ShowReport/data
2018-11-21,510300,106.942877,上交所,https://query.sse.com.cn/commonQuery.do
2018-11-21,510310,34.790261,上交所,https://query.sse.com.cn/commonQuery.do
2018-11-21,510330,68.825498,上交所,https://query.sse.com.cn/commonQuery.do
2018-11-22,159919,54.181064,深交所,https://www.szse.cn/api/report/ShowReport/data
2018-11-22,510300,105.718877,上交所,https://query.sse.com.cn/commonQuery.do
2018-11-22,510310,34.803074,上交所,https://query.sse.com.cn/commonQuery.do
2018-11-22,510330,70.115990,上交所,https://query.sse.com.cn/commonQuery.do
2018-11-23,159919,54.154064,深交所,https://www.szse.cn/api/report/ShowReport/data
2018-11-23,510300,105.439877,上交所,https://query.sse.com.cn/commonQuery.do
2018-11-23,510310,34.803074,上交所,https://query.sse.com.cn/commonQuery.do
2018-11-23,510330,70.333258,上交所,https://query.sse.com.cn/commonQuery.do
2018-11-26,159919,54.154064,深交所,https://www.szse.cn/api/report/ShowReport/data
2018-11-26,510300,103.891877,上交所,https://query.sse.com.cn/commonQuery.do
2018-11-26,510310,34.945837,上交所,https://query.sse.com.cn/commonQuery.do
2018-11-26,510330,70.103498,上交所,https://query.sse.com.cn/commonQuery.do
2018-11-27,159919,54.154064,深交所,https://www.szse.cn/api/report/ShowReport/data
2018-11-27,510300,102.640877,上交所,https://query.sse.com.cn/commonQuery.do
2018-11-27,510310,35.063074,上交所,https://query.sse.com.cn/commonQuery.do
2018-11-27,510330,69.887498,上交所,https://query.sse.com.cn/commonQuery.do
2018-11-28,159919,54.136064,深交所,https://www.szse.cn/api/report/ShowReport/data
2018-11-28,510300,102.307877,上交所,https://query.sse.com.cn/commonQuery.do
2018-11-28,510310,35.143074,上交所,https://query.sse.com.cn/commonQuery.do
2018-11-28,510330,69.932498,上交所,https://query.sse.com.cn/commonQuery.do
2018-11-29,159919,54.136064,深交所,https://www.szse.cn/api/report/ShowReport/data
2018-11-29,510300,102.235877,上交所,https://query.sse.com.cn/commonQuery.do
2018-11-29,510310,35.143074,上交所,https://query.sse.com.cn/commonQuery.do
2018-11-29,510330,69.815498,上交所,https://query.sse.com.cn/commonQuery.do
2018-11-30,159919,54.136064,深交所,https://www.szse.cn/api/report/ShowReport/data
2018-11-30,510300,103.225877,上交所,https://query.sse.com.cn/commonQuery.do
2018-11-30,510310,35.163074,上交所,https://query.sse.com.cn/commonQuery.do
2018-11-30,510330,70.211498,上交所,https://query.sse.com.cn/commonQuery.do
2018-12-03,159919,54.136064,深交所,https://www.szse.cn/api/report/ShowReport/data
2018-12-03,510300,104.294126,上交所,https://query.sse.com.cn/commonQuery.do
2018-12-03,510310,35.163074,上交所,https://query.sse.com.cn/commonQuery.do
2018-12-03,510330,70.661498,上交所,https://query.sse.com.cn/commonQuery.do
2018-12-04,159919,54.136064,深交所,https://www.szse.cn/api/report/ShowReport/data
2018-12-04,510300,104.278877,上交所,https://query.sse.com.cn/commonQuery.do
2018-12-04,510310,35.163074,上交所,https://query.sse.com.cn/commonQuery.do
2018-12-04,510330,71.093498,上交所,https://query.sse.com.cn/commonQuery.do
2018-12-05,159919,54.406064,深交所,https://www.szse.cn/api/report/ShowReport/data
2018-12-05,510300,104.625277,上交所,https://query.sse.com.cn/commonQuery.do
2018-12-05,510310,35.163074,上交所,https://query.sse.com.cn/commonQuery.do
2018-12-05,510330,72.254523,上交所,https://query.sse.com.cn/commonQuery.do
2018-12-06,159919,54.397064,深交所,https://www.szse.cn/api/report/ShowReport/data
2018-12-06,510300,103.702877,上交所,https://query.sse.com.cn/commonQuery.do
2018-12-06,510310,35.163074,上交所,https://query.sse.com.cn/commonQuery.do
2018-12-06,510330,72.254498,上交所,https://query.sse.com.cn/commonQuery.do
2018-12-07,159919,54.388064,深交所,https://www.szse.cn/api/report/ShowReport/data
2018-12-07,510300,103.756877,上交所,https://query.sse.com.cn/commonQuery.do
2018-12-07,510310,35.163074,上交所,https://query.sse.com.cn/commonQuery.do
2018-12-07,510330,72.549534,上交所,https://query.sse.com.cn/commonQuery.do
2018-12-10,159919,54.388064,深交所,https://www.szse.cn/api/report/ShowReport/data
2018-12-10,510300,103.801877,上交所,https://query.sse.com.cn/commonQuery.do
2018-12-10,510310,35.223074,上交所,https://query.sse.com.cn/commonQuery.do
2018-12-10,510330,72.987823,上交所,https://query.sse.com.cn/commonQuery.do
2018-12-11,159919,54.388064,深交所,https://www.szse.cn/api/report/ShowReport/data
2018-12-11,510300,103.801877,上交所,https://query.sse.com.cn/commonQuery.do
2018-12-11,510310,35.230905,上交所,https://query.sse.com.cn/commonQuery.do
2018-12-11,510330,73.462933,上交所,https://query.sse.com.cn/commonQuery.do
2018-12-12,159919,54.388064,深交所,https://www.szse.cn/api/report/ShowReport/data
2018-12-12,510300,103.639877,上交所,https://query.sse.com.cn/commonQuery.do
2018-12-12,510310,35.243074,上交所,https://query.sse.com.cn/commonQuery.do
2018-12-12,510330,73.636745,上交所,https://query.sse.com.cn/commonQuery.do
2018-12-13,159919,54.388064,深交所,https://www.szse.cn/api/report/ShowReport/data
2018-12-13,510300,104.620877,上交所,https://query.sse.com.cn/commonQuery.do
2018-12-13,510310,35.343074,上交所,https://query.sse.com.cn/commonQuery.do
2018-12-13,510330,74.780498,上交所,https://query.sse.com.cn/commonQuery.do
2018-12-14,159919,54.388064,深交所,https://www.szse.cn/api/report/ShowReport/data
2018-12-14,510300,104.611877,上交所,https://query.sse.com.cn/commonQuery.do
2018-12-14,510310,35.443074,上交所,https://query.sse.com.cn/commonQuery.do
2018-12-14,510330,74.855498,上交所,https://query.sse.com.cn/commonQuery.do
2018-12-17,159919,54.307064,深交所,https://www.szse.cn/api/report/ShowReport/data
2018-12-17,510300,106.339094,上交所,https://query.sse.com.cn/commonQuery.do
2018-12-17,510310,35.483074,上交所,https://query.sse.com.cn/commonQuery.do
2018-12-17,510330,76.230334,上交所,https://query.sse.com.cn/commonQuery.do
2018-12-18,159919,54.307064,深交所,https://www.szse.cn/api/report/ShowReport/data
2018-12-18,510300,106.483877,上交所,https://query.sse.com.cn/commonQuery.do
2018-12-18,510310,35.583074,上交所,https://query.sse.com.cn/commonQuery.do
2018-12-18,510330,76.472440,上交所,https://query.sse.com.cn/commonQuery.do
2018-12-19,159919,54.262064,深交所,https://www.szse.cn/api/report/ShowReport/data
2018-12-19,510300,106.483877,上交所,https://query.sse.com.cn/commonQuery.do
2018-12-19,510310,35.683074,上交所,https://query.sse.com.cn/commonQuery.do
2018-12-19,510330,76.349498,上交所,https://query.sse.com.cn/commonQuery.do
2018-12-20,159919,54.262064,深交所,https://www.szse.cn/api/report/ShowReport/data
2018-12-20,510300,106.843877,上交所,https://query.sse.com.cn/commonQuery.do
2018-12-20,510310,35.803074,上交所,https://query.sse.com.cn/commonQuery.do
2018-12-20,510330,76.151498,上交所,https://query.sse.com.cn/commonQuery.do
2018-12-21,159919,54.262064,深交所,https://www.szse.cn/api/report/ShowReport/data
2018-12-21,510300,107.545877,上交所,https://query.sse.com.cn/commonQuery.do
2018-12-21,510310,36.043074,上交所,https://query.sse.com.cn/commonQuery.do
2018-12-21,510330,75.926498,上交所,https://query.sse.com.cn/commonQuery.do
2018-12-24,159919,54.262064,深交所,https://www.szse.cn/api/report/ShowReport/data
2018-12-24,510300,107.482877,上交所,https://query.sse.com.cn/commonQuery.do
2018-12-24,510310,36.243074,上交所,https://query.sse.com.cn/commonQuery.do
2018-12-24,510330,75.644461,上交所,https://query.sse.com.cn/commonQuery.do
2018-12-25,159919,55.702064,深交所,https://www.szse.cn/api/report/ShowReport/data
2018-12-25,510300,107.527877,上交所,https://query.sse.com.cn/commonQuery.do
2018-12-25,510310,36.423074,上交所,https://query.sse.com.cn/commonQuery.do
2018-12-25,510330,74.927498,上交所,https://query.sse.com.cn/commonQuery.do
2018-12-26,159919,55.612064,深交所,https://www.szse.cn/api/report/ShowReport/data
2018-12-26,510300,107.374868,上交所,https://query.sse.com.cn/commonQuery.do
2018-12-26,510310,36.503074,上交所,https://query.sse.com.cn/commonQuery.do
2018-12-26,510330,74.873498,上交所,https://query.sse.com.cn/commonQuery.do
2018-12-27,159919,55.648064,深交所,https://www.szse.cn/api/report/ShowReport/data
2018-12-27,510300,107.491877,上交所,https://query.sse.com.cn/commonQuery.do
2018-12-27,510310,36.663074,上交所,https://query.sse.com.cn/commonQuery.do
2018-12-27,510330,74.828498,上交所,https://query.sse.com.cn/commonQuery.do
2018-12-28,159919,56.035064,深交所,https://www.szse.cn/api/report/ShowReport/data
2018-12-28,510300,108.472876,上交所,https://query.sse.com.cn/commonQuery.do
2018-12-28,510310,36.883074,上交所,https://query.sse.com.cn/commonQuery.do
2018-12-28,510330,75.638416,上交所,https://query.sse.com.cn/commonQuery.do
2019-01-02,159919,56.026064,深交所,https://www.szse.cn/api/report/ShowReport/data
2019-01-02,510300,107.725877,上交所,https://query.sse.com.cn/commonQuery.do
2019-01-02,510310,37.863074,上交所,https://query.sse.com.cn/commonQuery.do
2019-01-02,510330,75.575498,上交所,https://query.sse.com.cn/commonQuery.do
2019-01-03,159919,56.044064,深交所,https://www.szse.cn/api/report/ShowReport/data
2019-01-03,510300,107.644877,上交所,https://query.sse.com.cn/commonQuery.do
2019-01-03,510310,37.983074,上交所,https://query.sse.com.cn/commonQuery.do
2019-01-03,510330,75.785998,上交所,https://query.sse.com.cn/commonQuery.do
2019-01-04,159919,56.161064,深交所,https://www.szse.cn/api/report/ShowReport/data
2019-01-04,510300,108.064579,上交所,https://query.sse.com.cn/commonQuery.do
2019-01-04,510310,38.283074,上交所,https://query.sse.com.cn/commonQuery.do
2019-01-04,510330,75.989498,上交所,https://query.sse.com.cn/commonQuery.do
2019-01-07,159919,56.161064,深交所,https://www.szse.cn/api/report/ShowReport/data
2019-01-07,510300,106.645877,上交所,https://query.sse.com.cn/commonQuery.do
2019-01-07,510310,38.283074,上交所,https://query.sse.com.cn/commonQuery.do
2019-01-07,510330,75.954899,上交所,https://query.sse.com.cn/commonQuery.do
2019-01-08,159919,56.152064,深交所,https://www.szse.cn/api/report/ShowReport/data
2019-01-08,510300,106.339877,上交所,https://query.sse.com.cn/commonQuery.do
2019-01-08,510310,39.123074,上交所,https://query.sse.com.cn/commonQuery.do
2019-01-08,510330,75.898684,上交所,https://query.sse.com.cn/commonQuery.do
2019-01-09,159919,56.134064,深交所,https://www.szse.cn/api/report/ShowReport/data
2019-01-09,510300,106.195877,上交所,https://query.sse.com.cn/commonQuery.do
2019-01-09,510310,39.183074,上交所,https://query.sse.com.cn/commonQuery.do
2019-01-09,510330,76.790498,上交所,https://query.sse.com.cn/commonQuery.do
2019-01-10,159919,56.116064,深交所,https://www.szse.cn/api/report/ShowReport/data
2019-01-10,510300,105.763877,上交所,https://query.sse.com.cn/commonQuery.do
2019-01-10,510310,39.183074,上交所,https://query.sse.com.cn/commonQuery.do
2019-01-10,510330,76.169498,上交所,https://query.sse.com.cn/commonQuery.do
2019-01-11,159919,62.327166,深交所,https://www.szse.cn/api/report/ShowReport/data
2019-01-11,510300,106.564877,上交所,https://query.sse.com.cn/commonQuery.do
2019-01-11,510310,39.183074,上交所,https://query.sse.com.cn/commonQuery.do
2019-01-11,510330,76.403498,上交所,https://query.sse.com.cn/commonQuery.do
2019-01-14,159919,62.327166,深交所,https://www.szse.cn/api/report/ShowReport/data
2019-01-14,510300,106.591877,上交所,https://query.sse.com.cn/commonQuery.do
2019-01-14,510310,39.243074,上交所,https://query.sse.com.cn/commonQuery.do
2019-01-14,510330,76.250498,上交所,https://query.sse.com.cn/commonQuery.do
2019-01-15,159919,62.327166,深交所,https://www.szse.cn/api/report/ShowReport/data
2019-01-15,510300,107.122877,上交所,https://query.sse.com.cn/commonQuery.do
2019-01-15,510310,39.243074,上交所,https://query.sse.com.cn/commonQuery.do
2019-01-15,510330,76.394498,上交所,https://query.sse.com.cn/commonQuery.do
2019-01-16,159919,61.202166,深交所,https://www.szse.cn/api/report/ShowReport/data
2019-01-16,510300,106.978877,上交所,https://query.sse.com.cn/commonQuery.do
2019-01-16,510310,39.263074,上交所,https://query.sse.com.cn/commonQuery.do
2019-01-16,510330,75.476498,上交所,https://query.sse.com.cn/commonQuery.do
2019-01-17,159919,61.184166,深交所,https://www.szse.cn/api/report/ShowReport/data
2019-01-17,510300,106.896729,上交所,https://query.sse.com.cn/commonQuery.do
2019-01-17,510310,39.623074,上交所,https://query.sse.com.cn/commonQuery.do
2019-01-17,510330,75.115592,上交所,https://query.sse.com.cn/commonQuery.do
2019-01-18,159919,60.239166,深交所,https://www.szse.cn/api/report/ShowReport/data
2019-01-18,510300,108.337877,上交所,https://query.sse.com.cn/commonQuery.do
2019-01-18,510310,39.623074,上交所,https://query.sse.com.cn/commonQuery.do
2019-01-18,510330,75.467498,上交所,https://query.sse.com.cn/commonQuery.do
2019-01-21,159919,60.203166,深交所,https://www.szse.cn/api/report/ShowReport/data
2019-01-21,510300,108.670877,上交所,https://query.sse.com.cn/commonQuery.do
2019-01-21,510310,39.623074,上交所,https://query.sse.com.cn/commonQuery.do
2019-01-21,510330,75.626546,上交所,https://query.sse.com.cn/commonQuery.do
2019-01-22,159919,60.158166,深交所,https://www.szse.cn/api/report/ShowReport/data
2019-01-22,510300,108.742877,上交所,https://query.sse.com.cn/commonQuery.do
2019-01-22,510310,39.683074,上交所,https://query.sse.com.cn/commonQuery.do
2019-01-22,510330,75.690265,上交所,https://query.sse.com.cn/commonQuery.do
2019-01-23,159919,60.104166,深交所,https://www.szse.cn/api/report/ShowReport/data
2019-01-23,510300,109.182194,上交所,https://query.sse.com.cn/commonQuery.do
2019-01-23,510310,39.883074,上交所,https://query.sse.com.cn/commonQuery.do
2019-01-23,510330,75.849244,上交所,https://query.sse.com.cn/commonQuery.do
2019-01-24,159919,60.077166,深交所,https://www.szse.cn/api/report/ShowReport/data
2019-01-24,510300,108.904876,上交所,https://query.sse.com.cn/commonQuery.do
2019-01-24,510310,39.883074,上交所,https://query.sse.com.cn/commonQuery.do
2019-01-24,510330,75.683498,上交所,https://query.sse.com.cn/commonQuery.do
2019-01-25,159919,60.077166,深交所,https://www.szse.cn/api/report/ShowReport/data
2019-01-25,510300,108.958877,上交所,https://query.sse.com.cn/commonQuery.do
2019-01-25,510310,39.883074,上交所,https://query.sse.com.cn/commonQuery.do
2019-01-25,510330,75.899498,上交所,https://query.sse.com.cn/commonQuery.do
2019-01-28,159919,60.077166,深交所,https://www.szse.cn/api/report/ShowReport/data
2019-01-28,510300,109.258927,上交所,https://query.sse.com.cn/commonQuery.do
2019-01-28,510310,38.883074,上交所,https://query.sse.com.cn/commonQuery.do
2019-01-28,510330,76.111491,上交所,https://query.sse.com.cn/commonQuery.do
2019-01-29,159919,60.068166,深交所,https://www.szse.cn/api/report/ShowReport/data
2019-01-29,510300,109.865496,上交所,https://query.sse.com.cn/commonQuery.do
2019-01-29,510310,37.383074,上交所,https://query.sse.com.cn/commonQuery.do
2019-01-29,510330,76.547498,上交所,https://query.sse.com.cn/commonQuery.do
2019-01-30,159919,59.978166,深交所,https://www.szse.cn/api/report/ShowReport/data
2019-01-30,510300,109.930877,上交所,https://query.sse.com.cn/commonQuery.do
2019-01-30,510310,37.383074,上交所,https://query.sse.com.cn/commonQuery.do
2019-01-30,510330,76.632149,上交所,https://query.sse.com.cn/commonQuery.do
2019-01-31,159919,59.942166,深交所,https://www.szse.cn/api/report/ShowReport/data
2019-01-31,510300,109.930877,上交所,https://query.sse.com.cn/commonQuery.do
2019-01-31,510310,37.383074,上交所,https://query.sse.com.cn/commonQuery.do
2019-01-31,510330,76.654908,上交所,https://query.sse.com.cn/commonQuery.do
2019-02-01,159919,59.942166,深交所,https://www.szse.cn/api/report/ShowReport/data
2019-02-01,510300,110.092877,上交所,https://query.sse.com.cn/commonQuery.do
2019-02-01,510310,37.383074,上交所,https://query.sse.com.cn/commonQuery.do
2019-02-01,510330,75.620498,上交所,https://query.sse.com.cn/commonQuery.do
2019-02-11,159919,59.942166,深交所,https://www.szse.cn/api/report/ShowReport/data
2019-02-11,510300,109.912877,上交所,https://query.sse.com.cn/commonQuery.do
2019-02-11,510310,37.343074,上交所,https://query.sse.com.cn/commonQuery.do
2019-02-11,510330,75.431498,上交所,https://query.sse.com.cn/commonQuery.do
2019-02-12,159919,59.834166,深交所,https://www.szse.cn/api/report/ShowReport/data
2019-02-12,510300,108.535877,上交所,https://query.sse.com.cn/commonQuery.do
2019-02-12,510310,37.843074,上交所,https://query.sse.com.cn/commonQuery.do
2019-02-12,510330,75.008498,上交所,https://query.sse.com.cn/commonQuery.do
2019-02-13,159919,59.726166,深交所,https://www.szse.cn/api/report/ShowReport/data
2019-02-13,510300,108.247877,上交所,https://query.sse.com.cn/commonQuery.do
2019-02-13,510310,36.883074,上交所,https://query.sse.com.cn/commonQuery.do
2019-02-13,510330,75.233498,上交所,https://query.sse.com.cn/commonQuery.do
2019-02-14,159919,59.726166,深交所,https://www.szse.cn/api/report/ShowReport/data
2019-02-14,510300,108.418877,上交所,https://query.sse.com.cn/commonQuery.do
2019-02-14,510310,36.843074,上交所,https://query.sse.com.cn/commonQuery.do
2019-02-14,510330,75.601047,上交所,https://query.sse.com.cn/commonQuery.do
2019-02-15,159919,59.393166,深交所,https://www.szse.cn/api/report/ShowReport/data
2019-02-15,510300,108.913877,上交所,https://query.sse.com.cn/commonQuery.do
2019-02-15,510310,36.683074,上交所,https://query.sse.com.cn/commonQuery.do
2019-02-15,510330,75.755498,上交所,https://query.sse.com.cn/commonQuery.do
2019-02-18,159919,59.393166,深交所,https://www.szse.cn/api/report/ShowReport/data
2019-02-18,510300,108.580877,上交所,https://query.sse.com.cn/commonQuery.do
2019-02-18,510310,36.503074,上交所,https://query.sse.com.cn/commonQuery.do
2019-02-18,510330,75.494498,上交所,https://query.sse.com.cn/commonQuery.do
2019-02-19,159919,59.393166,深交所,https://www.szse.cn/api/report/ShowReport/data
2019-02-19,510300,105.610877,上交所,https://query.sse.com.cn/commonQuery.do
2019-02-19,510310,36.403074,上交所,https://query.sse.com.cn/commonQuery.do
2019-02-19,510330,74.193982,上交所,https://query.sse.com.cn/commonQuery.do
2019-02-20,159919,58.691166,深交所,https://www.szse.cn/api/report/ShowReport/data
2019-02-20,510300,104.629877,上交所,https://query.sse.com.cn/commonQuery.do
2019-02-20,510310,35.715228,上交所,https://query.sse.com.cn/commonQuery.do
2019-02-20,510330,72.452498,上交所,https://query.sse.com.cn/commonQuery.do
2019-02-21,159919,58.610166,深交所,https://www.szse.cn/api/report/ShowReport/data
2019-02-21,510300,102.442877,上交所,https://query.sse.com.cn/commonQuery.do
2019-02-21,510310,34.503074,上交所,https://query.sse.com.cn/commonQuery.do
2019-02-21,510330,70.985498,上交所,https://query.sse.com.cn/commonQuery.do
2019-02-22,159919,58.448166,深交所,https://www.szse.cn/api/report/ShowReport/data
2019-02-22,510300,101.884877,上交所,https://query.sse.com.cn/commonQuery.do
2019-02-22,510310,33.503074,上交所,https://query.sse.com.cn/commonQuery.do
2019-02-22,510330,70.976498,上交所,https://query.sse.com.cn/commonQuery.do
2019-02-25,159919,58.295166,深交所,https://www.szse.cn/api/report/ShowReport/data
2019-02-25,510300,99.211877,上交所,https://query.sse.com.cn/commonQuery.do
2019-02-25,510310,32.883074,上交所,https://query.sse.com.cn/commonQuery.do
2019-02-25,510330,70.931498,上交所,https://query.sse.com.cn/commonQuery.do
2019-02-26,159919,58.205166,深交所,https://www.szse.cn/api/report/ShowReport/data
2019-02-26,510300,99.247788,上交所,https://query.sse.com.cn/commonQuery.do
2019-02-26,510310,33.063074,上交所,https://query.sse.com.cn/commonQuery.do
2019-02-26,510330,71.030498,上交所,https://query.sse.com.cn/commonQuery.do
2019-02-27,159919,58.160166,深交所,https://www.szse.cn/api/report/ShowReport/data
2019-02-27,510300,99.211877,上交所,https://query.sse.com.cn/commonQuery.do
2019-02-27,510310,33.103074,上交所,https://query.sse.com.cn/commonQuery.do
2019-02-27,510330,70.814498,上交所,https://query.sse.com.cn/commonQuery.do
2019-02-28,159919,58.124166,深交所,https://www.szse.cn/api/report/ShowReport/data
2019-02-28,510300,98.572875,上交所,https://query.sse.com.cn/commonQuery.do
2019-02-28,510310,33.123074,上交所,https://query.sse.com.cn/commonQuery.do
2019-02-28,510330,69.770498,上交所,https://query.sse.com.cn/commonQuery.do
2019-03-01,159919,58.061166,深交所,https://www.szse.cn/api/report/ShowReport/data
2019-03-01,510300,96.565877,上交所,https://query.sse.com.cn/commonQuery.do
2019-03-01,510310,33.533683,上交所,https://query.sse.com.cn/commonQuery.do
2019-03-01,510330,68.654498,上交所,https://query.sse.com.cn/commonQuery.do
2019-03-04,159919,57.818166,深交所,https://www.szse.cn/api/report/ShowReport/data
2019-03-04,510300,94.990877,上交所,https://query.sse.com.cn/commonQuery.do
2019-03-04,510310,33.971459,上交所,https://query.sse.com.cn/commonQuery.do
2019-03-04,510330,68.393498,上交所,https://query.sse.com.cn/commonQuery.do
2019-03-05,159919,57.674166,深交所,https://www.szse.cn/api/report/ShowReport/data
2019-03-05,510300,94.909877,上交所,https://query.sse.com.cn/commonQuery.do
2019-03-05,510310,34.199748,上交所,https://query.sse.com.cn/commonQuery.do
2019-03-05,510330,68.366498,上交所,https://query.sse.com.cn/commonQuery.do
2019-03-06,159919,58.502166,深交所,https://www.szse.cn/api/report/ShowReport/data
2019-03-06,510300,93.838877,上交所,https://query.sse.com.cn/commonQuery.do
2019-03-06,510310,38.303074,上交所,https://query.sse.com.cn/commonQuery.do
2019-03-06,510330,68.222498,上交所,https://query.sse.com.cn/commonQuery.do
2019-03-07,159919,58.502166,深交所,https://www.szse.cn/api/report/ShowReport/data
2019-03-07,510300,91.444877,上交所,https://query.sse.com.cn/commonQuery.do
2019-03-07,510310,38.323074,上交所,https://query.sse.com.cn/commonQuery.do
2019-03-07,510330,67.826498,上交所,https://query.sse.com.cn/commonQuery.do
2019-03-08,159919,58.466166,深交所,https://www.szse.cn/api/report/ShowReport/data
2019-03-08,510300,90.886877,上交所,https://query.sse.com.cn/commonQuery.do
2019-03-08,510310,38.323074,上交所,https://query.sse.com.cn/commonQuery.do
2019-03-08,510330,66.809498,上交所,https://query.sse.com.cn/commonQuery.do
2019-03-11,159919,58.403166,深交所,https://www.szse.cn/api/report/ShowReport/data
2019-03-11,510300,90.322877,上交所,https://query.sse.com.cn/commonQuery.do
2019-03-11,510310,38.663074,上交所,https://query.sse.com.cn/commonQuery.do
2019-03-11,510330,66.584498,上交所,https://query.sse.com.cn/commonQuery.do
2019-03-12,159919,58.385166,深交所,https://www.szse.cn/api/report/ShowReport/data
2019-03-12,510300,88.969877,上交所,https://query.sse.com.cn/commonQuery.do
2019-03-12,510310,38.903074,上交所,https://query.sse.com.cn/commonQuery.do
2019-03-12,510330,66.062498,上交所,https://query.sse.com.cn/commonQuery.do
2019-03-13,159919,58.304166,深交所,https://www.szse.cn/api/report/ShowReport/data
2019-03-13,510300,86.683877,上交所,https://query.sse.com.cn/commonQuery.do
2019-03-13,510310,38.903074,上交所,https://query.sse.com.cn/commonQuery.do
2019-03-13,510330,64.595498,上交所,https://query.sse.com.cn/commonQuery.do
2019-03-14,159919,58.232166,深交所,https://www.szse.cn/api/report/ShowReport/data
2019-03-14,510300,87.427554,上交所,https://query.sse.com.cn/commonQuery.do
2019-03-14,510310,38.963074,上交所,https://query.sse.com.cn/commonQuery.do
2019-03-14,510330,64.784498,上交所,https://query.sse.com.cn/commonQuery.do
2019-03-15,159919,58.214166,深交所,https://www.szse.cn/api/report/ShowReport/data
2019-03-15,510300,86.494877,上交所,https://query.sse.com.cn/commonQuery.do
2019-03-15,510310,38.903074,上交所,https://query.sse.com.cn/commonQuery.do
2019-03-15,510330,64.631498,上交所,https://query.sse.com.cn/commonQuery.do
2019-03-18,159919,57.944166,深交所,https://www.szse.cn/api/report/ShowReport/data
2019-03-18,510300,87.266877,上交所,https://query.sse.com.cn/commonQuery.do
2019-03-18,510310,39.003074,上交所,https://query.sse.com.cn/commonQuery.do
2019-03-18,510330,64.343498,上交所,https://query.sse.com.cn/commonQuery.do
2019-03-19,159919,57.395166,深交所,https://www.szse.cn/api/report/ShowReport/data
2019-03-19,510300,87.601877,上交所,https://query.sse.com.cn/commonQuery.do
2019-03-19,510310,37.843074,上交所,https://query.sse.com.cn/commonQuery.do
2019-03-19,510330,64.271498,上交所,https://query.sse.com.cn/commonQuery.do
2019-03-20,159919,57.368166,深交所,https://www.szse.cn/api/report/ShowReport/data
2019-03-20,510300,87.242707,上交所,https://query.sse.com.cn/commonQuery.do
2019-03-20,510310,36.243074,上交所,https://query.sse.com.cn/commonQuery.do
2019-03-20,510330,64.307498,上交所,https://query.sse.com.cn/commonQuery.do
2019-03-21,159919,57.314166,深交所,https://www.szse.cn/api/report/ShowReport/data
2019-03-21,510300,86.773877,上交所,https://query.sse.com.cn/commonQuery.do
2019-03-21,510310,36.263074,上交所,https://query.sse.com.cn/commonQuery.do
2019-03-21,510330,63.623498,上交所,https://query.sse.com.cn/commonQuery.do
2019-03-22,159919,57.251166,深交所,https://www.szse.cn/api/report/ShowReport/data
2019-03-22,510300,86.763043,上交所,https://query.sse.com.cn/commonQuery.do
2019-03-22,510310,36.163074,上交所,https://query.sse.com.cn/commonQuery.do
2019-03-22,510330,63.515498,上交所,https://query.sse.com.cn/commonQuery.do
2019-03-25,159919,57.242166,深交所,https://www.szse.cn/api/report/ShowReport/data
2019-03-25,510300,85.171877,上交所,https://query.sse.com.cn/commonQuery.do
2019-03-25,510310,36.103074,上交所,https://query.sse.com.cn/commonQuery.do
2019-03-25,510330,63.362498,上交所,https://query.sse.com.cn/commonQuery.do
2019-03-26,159919,56.378166,深交所,https://www.szse.cn/api/report/ShowReport/data
2019-03-26,510300,84.865877,上交所,https://query.sse.com.cn/commonQuery.do
2019-03-26,510310,36.197444,上交所,https://query.sse.com.cn/commonQuery.do
2019-03-26,510330,63.470498,上交所,https://query.sse.com.cn/commonQuery.do
2019-03-27,159919,56.333166,深交所,https://www.szse.cn/api/report/ShowReport/data
2019-03-27,510300,83.578877,上交所,https://query.sse.com.cn/commonQuery.do
2019-03-27,510310,36.243074,上交所,https://query.sse.com.cn/commonQuery.do
2019-03-27,510330,62.984498,上交所,https://query.sse.com.cn/commonQuery.do
2019-03-28,159919,56.333166,深交所,https://www.szse.cn/api/report/ShowReport/data
2019-03-28,510300,82.606877,上交所,https://query.sse.com.cn/commonQuery.do
2019-03-28,510310,34.603074,上交所,https://query.sse.com.cn/commonQuery.do
2019-03-28,510330,62.687498,上交所,https://query.sse.com.cn/commonQuery.do
2019-03-29,159919,56.288166,深交所,https://www.szse.cn/api/report/ShowReport/data
2019-03-29,510300,84.793841,上交所,https://query.sse.com.cn/commonQuery.do
2019-03-29,510310,34.643074,上交所,https://query.sse.com.cn/commonQuery.do
2019-03-29,510330,62.912498,上交所,https://query.sse.com.cn/commonQuery.do
2019-04-01,159919,56.198166,深交所,https://www.szse.cn/api/report/ShowReport/data
2019-04-01,510300,87.830878,上交所,https://query.sse.com.cn/commonQuery.do
2019-04-01,510310,34.683074,上交所,https://query.sse.com.cn/commonQuery.do
2019-04-01,510330,63.531952,上交所,https://query.sse.com.cn/commonQuery.do
2019-04-02,159919,55.946166,深交所,https://www.szse.cn/api/report/ShowReport/data
2019-04-02,510300,88.375878,上交所,https://query.sse.com.cn/commonQuery.do
2019-04-02,510310,34.723074,上交所,https://query.sse.com.cn/commonQuery.do
2019-04-02,510330,63.578498,上交所,https://query.sse.com.cn/commonQuery.do
2019-04-03,159919,55.424166,深交所,https://www.szse.cn/api/report/ShowReport/data
2019-04-03,510300,90.382877,上交所,https://query.sse.com.cn/commonQuery.do
2019-04-03,510310,34.703074,上交所,https://query.sse.com.cn/commonQuery.do
2019-04-03,510330,64.253498,上交所,https://query.sse.com.cn/commonQuery.do
2019-04-04,159919,55.118166,深交所,https://www.szse.cn/api/report/ShowReport/data
2019-04-04,510300,92.362498,上交所,https://query.sse.com.cn/commonQuery.do
2019-04-04,510310,34.603074,上交所,https://query.sse.com.cn/commonQuery.do
2019-04-04,510330,64.413811,上交所,https://query.sse.com.cn/commonQuery.do
2019-04-08,159919,54.686166,深交所,https://www.szse.cn/api/report/ShowReport/data
2019-04-08,510300,91.048877,上交所,https://query.sse.com.cn/commonQuery.do
2019-04-08,510310,34.603074,上交所,https://query.sse.com.cn/commonQuery.do
2019-04-08,510330,63.827559,上交所,https://query.sse.com.cn/commonQuery.do
2019-04-09,159919,54.704166,深交所,https://www.szse.cn/api/report/ShowReport/data
2019-04-09,510300,90.697877,上交所,https://query.sse.com.cn/commonQuery.do
2019-04-09,510310,34.583074,上交所,https://query.sse.com.cn/commonQuery.do
2019-04-09,510330,63.740498,上交所,https://query.sse.com.cn/commonQuery.do
2019-04-10,159919,55.829166,深交所,https://www.szse.cn/api/report/ShowReport/data
2019-04-10,510300,89.540587,上交所,https://query.sse.com.cn/commonQuery.do
2019-04-10,510310,35.503074,上交所,https://query.sse.com.cn/commonQuery.do
2019-04-10,510330,63.371498,上交所,https://query.sse.com.cn/commonQuery.do
2019-04-11,159919,55.820166,深交所,https://www.szse.cn/api/report/ShowReport/data
2019-04-11,510300,88.771877,上交所,https://query.sse.com.cn/commonQuery.do
2019-04-11,510310,36.303074,上交所,https://query.sse.com.cn/commonQuery.do
2019-04-11,510330,63.182498,上交所,https://query.sse.com.cn/commonQuery.do
2019-04-12,159919,55.676166,深交所,https://www.szse.cn/api/report/ShowReport/data
2019-04-12,510300,89.041877,上交所,https://query.sse.com.cn/commonQuery.do
2019-04-12,510310,36.463074,上交所,https://query.sse.com.cn/commonQuery.do
2019-04-12,510330,63.200498,上交所,https://query.sse.com.cn/commonQuery.do
2019-04-15,159919,55.667166,深交所,https://www.szse.cn/api/report/ShowReport/data
2019-04-15,510300,86.215877,上交所,https://query.sse.com.cn/commonQuery.do
2019-04-15,510310,36.663074,上交所,https://query.sse.com.cn/commonQuery.do
2019-04-15,510330,62.075498,上交所,https://query.sse.com.cn/commonQuery.do
2019-04-16,159919,55.199166,深交所,https://www.szse.cn/api/report/ShowReport/data
2019-04-16,510300,88.852873,上交所,https://query.sse.com.cn/commonQuery.do
2019-04-16,510310,36.723074,上交所,https://query.sse.com.cn/commonQuery.do
2019-04-16,510330,62.534494,上交所,https://query.sse.com.cn/commonQuery.do
2019-04-17,159919,55.109166,深交所,https://www.szse.cn/api/report/ShowReport/data
2019-04-17,510300,87.493877,上交所,https://query.sse.com.cn/commonQuery.do
2019-04-17,510310,36.863074,上交所,https://query.sse.com.cn/commonQuery.do
2019-04-17,510330,62.264498,上交所,https://query.sse.com.cn/commonQuery.do
2019-04-18,159919,55.109166,深交所,https://www.szse.cn/api/report/ShowReport/data
2019-04-18,510300,85.603877,上交所,https://query.sse.com.cn/commonQuery.do
2019-04-18,510310,36.803074,上交所,https://query.sse.com.cn/commonQuery.do
2019-04-18,510330,62.003498,上交所,https://query.sse.com.cn/commonQuery.do
2019-04-19,159919,55.109166,深交所,https://www.szse.cn/api/report/ShowReport/data
2019-04-19,510300,85.342877,上交所,https://query.sse.com.cn/commonQuery.do
2019-04-19,510310,36.423074,上交所,https://query.sse.com.cn/commonQuery.do
2019-04-19,510330,61.895498,上交所,https://query.sse.com.cn/commonQuery.do
2019-04-22,159919,55.037166,深交所,https://www.szse.cn/api/report/ShowReport/data
2019-04-22,510300,83.407877,上交所,https://query.sse.com.cn/commonQuery.do
2019-04-22,510310,36.363074,上交所,https://query.sse.com.cn/commonQuery.do
2019-04-22,510330,61.229498,上交所,https://query.sse.com.cn/commonQuery.do
2019-04-23,159919,55.028166,深交所,https://www.szse.cn/api/report/ShowReport/data
2019-04-23,510300,84.154877,上交所,https://query.sse.com.cn/commonQuery.do
2019-04-23,510310,36.503074,上交所,https://query.sse.com.cn/commonQuery.do
2019-04-23,510330,61.436498,上交所,https://query.sse.com.cn/commonQuery.do
2019-04-24,159919,55.019166,深交所,https://www.szse.cn/api/report/ShowReport/data
2019-04-24,510300,84.748877,上交所,https://query.sse.com.cn/commonQuery.do
2019-04-24,510310,36.523074,上交所,https://query.sse.com.cn/commonQuery.do
2019-04-24,510330,61.805498,上交所,https://query.sse.com.cn/commonQuery.do
2019-04-25,159919,59.465166,深交所,https://www.szse.cn/api/report/ShowReport/data
2019-04-25,510300,85.261877,上交所,https://query.sse.com.cn/commonQuery.do
2019-04-25,510310,36.803074,上交所,https://query.sse.com.cn/commonQuery.do
2019-04-25,510330,61.904498,上交所,https://query.sse.com.cn/commonQuery.do
2019-04-26,159919,59.438166,深交所,https://www.szse.cn/api/report/ShowReport/data
2019-04-26,510300,86.944877,上交所,https://query.sse.com.cn/commonQuery.do
2019-04-26,510310,36.903074,上交所,https://query.sse.com.cn/commonQuery.do
2019-04-26,510330,62.102498,上交所,https://query.sse.com.cn/commonQuery.do
2019-04-29,159919,59.438166,深交所,https://www.szse.cn/api/report/ShowReport/data
2019-04-29,510300,87.610877,上交所,https://query.sse.com.cn/commonQuery.do
2019-04-29,510310,36.729225,上交所,https://query.sse.com.cn/commonQuery.do
2019-04-29,510330,62.649665,上交所,https://query.sse.com.cn/commonQuery.do
2019-04-30,159919,59.438166,深交所,https://www.szse.cn/api/report/ShowReport/data
2019-04-30,510300,88.269543,上交所,https://query.sse.com.cn/commonQuery.do
2019-04-30,510310,36.801770,上交所,https://query.sse.com.cn/commonQuery.do
2019-04-30,510330,62.768498,上交所,https://query.sse.com.cn/commonQuery.do
2019-05-06,159919,59.438166,深交所,https://www.szse.cn/api/report/ShowReport/data
2019-05-06,510300,88.834794,上交所,https://query.sse.com.cn/commonQuery.do
2019-05-06,510310,40.123074,上交所,https://query.sse.com.cn/commonQuery.do
2019-05-06,510330,62.537353,上交所,https://query.sse.com.cn/commonQuery.do
2019-05-07,159919,59.420166,深交所,https://www.szse.cn/api/report/ShowReport/data
2019-05-07,510300,88.114877,上交所,https://query.sse.com.cn/commonQuery.do
2019-05-07,510310,40.683074,上交所,https://query.sse.com.cn/commonQuery.do
2019-05-07,510330,67.777115,上交所,https://query.sse.com.cn/commonQuery.do
2019-05-08,159919,60.743166,深交所,https://www.szse.cn/api/report/ShowReport/data
2019-05-08,510300,89.086877,上交所,https://query.sse.com.cn/commonQuery.do
2019-05-08,510310,46.923074,上交所,https://query.sse.com.cn/commonQuery.do
2019-05-08,510330,68.231407,上交所,https://query.sse.com.cn/commonQuery.do
2019-05-09,159919,60.743166,深交所,https://www.szse.cn/api/report/ShowReport/data
2019-05-09,510300,90.949877,上交所,https://query.sse.com.cn/commonQuery.do
2019-05-09,510310,47.403448,上交所,https://query.sse.com.cn/commonQuery.do
2019-05-09,510330,69.036241,上交所,https://query.sse.com.cn/commonQuery.do
2019-05-10,159919,60.707166,深交所,https://www.szse.cn/api/report/ShowReport/data
2019-05-10,510300,92.398877,上交所,https://query.sse.com.cn/commonQuery.do
2019-05-10,510310,48.163074,上交所,https://query.sse.com.cn/commonQuery.do
2019-05-10,510330,70.130498,上交所,https://query.sse.com.cn/commonQuery.do
2019-05-13,159919,60.707166,深交所,https://www.szse.cn/api/report/ShowReport/data
2019-05-13,510300,90.553877,上交所,https://query.sse.com.cn/commonQuery.do
2019-05-13,510310,48.263074,上交所,https://query.sse.com.cn/commonQuery.do
2019-05-13,510330,70.139498,上交所,https://query.sse.com.cn/commonQuery.do
2019-05-14,159919,60.707166,深交所,https://www.szse.cn/api/report/ShowReport/data
2019-05-14,510300,91.935991,上交所,https://query.sse.com.cn/commonQuery.do
2019-05-14,510310,48.463074,上交所,https://query.sse.com.cn/commonQuery.do
2019-05-14,510330,70.588658,上交所,https://query.sse.com.cn/commonQuery.do
2019-05-15,159919,60.617166,深交所,https://www.szse.cn/api/report/ShowReport/data
2019-05-15,510300,91.147877,上交所,https://query.sse.com.cn/commonQuery.do
2019-05-15,510310,48.623074,上交所,https://query.sse.com.cn/commonQuery.do
2019-05-15,510330,70.427498,上交所,https://query.sse.com.cn/commonQuery.do
2019-05-16,159919,60.572166,深交所,https://www.szse.cn/api/report/ShowReport/data
2019-05-16,510300,90.184877,上交所,https://query.sse.com.cn/commonQuery.do
2019-05-16,510310,48.503074,上交所,https://query.sse.com.cn/commonQuery.do
2019-05-16,510330,69.887498,上交所,https://query.sse.com.cn/commonQuery.do
2019-05-17,159919,66.143166,深交所,https://www.szse.cn/api/report/ShowReport/data
2019-05-17,510300,90.364877,上交所,https://query.sse.com.cn/commonQuery.do
2019-05-17,510310,49.405678,上交所,https://query.sse.com.cn/commonQuery.do
2019-05-17,510330,69.824498,上交所,https://query.sse.com.cn/commonQuery.do
2019-05-20,159919,66.143166,深交所,https://www.szse.cn/api/report/ShowReport/data
2019-05-20,510300,92.047877,上交所,https://query.sse.com.cn/commonQuery.do
2019-05-20,510310,52.184656,上交所,https://query.sse.com.cn/commonQuery.do
2019-05-20,510330,69.482498,上交所,https://query.sse.com.cn/commonQuery.do
2019-05-21,159919,66.143166,深交所,https://www.szse.cn/api/report/ShowReport/data
2019-05-21,510300,92.119877,上交所,https://query.sse.com.cn/commonQuery.do
2019-05-21,510310,52.505631,上交所,https://query.sse.com.cn/commonQuery.do
2019-05-21,510330,68.564498,上交所,https://query.sse.com.cn/commonQuery.do
2019-05-22,159919,66.143166,深交所,https://www.szse.cn/api/report/ShowReport/data
2019-05-22,510300,91.291877,上交所,https://query.sse.com.cn/commonQuery.do
2019-05-22,510310,52.483074,上交所,https://query.sse.com.cn/commonQuery.do
2019-05-22,510330,68.123498,上交所,https://query.sse.com.cn/commonQuery.do
2019-05-23,159919,66.143166,深交所,https://www.szse.cn/api/report/ShowReport/data
2019-05-23,510300,92.050658,上交所,https://query.sse.com.cn/commonQuery.do
2019-05-23,510310,52.203074,上交所,https://query.sse.com.cn/commonQuery.do
2019-05-23,510330,68.297441,上交所,https://query.sse.com.cn/commonQuery.do
2019-05-24,159919,66.170166,深交所,https://www.szse.cn/api/report/ShowReport/data
2019-05-24,510300,92.623877,上交所,https://query.sse.com.cn/commonQuery.do
2019-05-24,510310,52.313984,上交所,https://query.sse.com.cn/commonQuery.do
2019-05-24,510330,68.591498,上交所,https://query.sse.com.cn/commonQuery.do
2019-05-27,159919,66.206166,深交所,https://www.szse.cn/api/report/ShowReport/data
2019-05-27,510300,93.208877,上交所,https://query.sse.com.cn/commonQuery.do
2019-05-27,510310,52.363074,上交所,https://query.sse.com.cn/commonQuery.do
2019-05-27,510330,68.411498,上交所,https://query.sse.com.cn/commonQuery.do
2019-05-28,159919,66.089166,深交所,https://www.szse.cn/api/report/ShowReport/data
2019-05-28,510300,91.946560,上交所,https://query.sse.com.cn/commonQuery.do
2019-05-28,510310,52.403074,上交所,https://query.sse.com.cn/commonQuery.do
2019-05-28,510330,68.177498,上交所,https://query.sse.com.cn/commonQuery.do
2019-05-29,159919,66.089166,深交所,https://www.szse.cn/api/report/ShowReport/data
2019-05-29,510300,91.084877,上交所,https://query.sse.com.cn/commonQuery.do
2019-05-29,510310,52.223074,上交所,https://query.sse.com.cn/commonQuery.do
2019-05-29,510330,67.484498,上交所,https://query.sse.com.cn/commonQuery.do
2019-05-30,159919,66.089166,深交所,https://www.szse.cn/api/report/ShowReport/data
2019-05-30,510300,90.193877,上交所,https://query.sse.com.cn/commonQuery.do
2019-05-30,510310,52.303074,上交所,https://query.sse.com.cn/commonQuery.do
2019-05-30,510330,66.918369,上交所,https://query.sse.com.cn/commonQuery.do
2019-05-31,159919,66.089166,深交所,https://www.szse.cn/api/report/ShowReport/data
2019-05-31,510300,90.427877,上交所,https://query.sse.com.cn/commonQuery.do
2019-05-31,510310,52.263074,上交所,https://query.sse.com.cn/commonQuery.do
2019-05-31,510330,66.957532,上交所,https://query.sse.com.cn/commonQuery.do
2019-06-03,159919,66.089166,深交所,https://www.szse.cn/api/report/ShowReport/data
2019-06-03,510300,91.102877,上交所,https://query.sse.com.cn/commonQuery.do
2019-06-03,510310,52.443074,上交所,https://query.sse.com.cn/commonQuery.do
2019-06-03,510330,67.370353,上交所,https://query.sse.com.cn/commonQuery.do
2019-06-04,159919,65.963166,深交所,https://www.szse.cn/api/report/ShowReport/data
2019-06-04,510300,92.497877,上交所,https://query.sse.com.cn/commonQuery.do
2019-06-04,510310,52.643074,上交所,https://query.sse.com.cn/commonQuery.do
2019-06-04,510330,67.619498,上交所,https://query.sse.com.cn/commonQuery.do
2019-06-05,159919,65.936166,深交所,https://www.szse.cn/api/report/ShowReport/data
2019-06-05,510300,92.731877,上交所,https://query.sse.com.cn/commonQuery.do
2019-06-05,510310,52.743074,上交所,https://query.sse.com.cn/commonQuery.do
2019-06-05,510330,67.865899,上交所,https://query.sse.com.cn/commonQuery.do
2019-06-06,159919,65.936166,深交所,https://www.szse.cn/api/report/ShowReport/data
2019-06-06,510300,93.001877,上交所,https://query.sse.com.cn/commonQuery.do
2019-06-06,510310,52.859311,上交所,https://query.sse.com.cn/commonQuery.do
2019-06-06,510330,67.744618,上交所,https://query.sse.com.cn/commonQuery.do
2019-06-10,159919,65.936166,深交所,https://www.szse.cn/api/report/ShowReport/data
2019-06-10,510300,92.947877,上交所,https://query.sse.com.cn/commonQuery.do
2019-06-10,510310,52.877638,上交所,https://query.sse.com.cn/commonQuery.do
2019-06-10,510330,68.070376,上交所,https://query.sse.com.cn/commonQuery.do
2019-06-11,159919,65.936166,深交所,https://www.szse.cn/api/report/ShowReport/data
2019-06-11,510300,93.451877,上交所,https://query.sse.com.cn/commonQuery.do
2019-06-11,510310,52.667074,上交所,https://query.sse.com.cn/commonQuery.do
2019-06-11,510330,68.168498,上交所,https://query.sse.com.cn/commonQuery.do
2019-06-12,159919,66.458166,深交所,https://www.szse.cn/api/report/ShowReport/data
2019-06-12,510300,93.451877,上交所,https://query.sse.com.cn/commonQuery.do
2019-06-12,510310,52.645083,上交所,https://query.sse.com.cn/commonQuery.do
2019-06-12,510330,67.907498,上交所,https://query.sse.com.cn/commonQuery.do
2019-06-13,159919,66.341166,深交所,https://www.szse.cn/api/report/ShowReport/data
2019-06-13,510300,92.893877,上交所,https://query.sse.com.cn/commonQuery.do
2019-06-13,510310,52.717079,上交所,https://query.sse.com.cn/commonQuery.do
2019-06-13,510330,67.583498,上交所,https://query.sse.com.cn/commonQuery.do
2019-06-14,159919,66.224166,深交所,https://www.szse.cn/api/report/ShowReport/data
2019-06-14,510300,91.471877,上交所,https://query.sse.com.cn/commonQuery.do
2019-06-14,510310,52.743074,上交所,https://query.sse.com.cn/commonQuery.do
2019-06-14,510330,67.223498,上交所,https://query.sse.com.cn/commonQuery.do
2019-06-17,159919,66.143166,深交所,https://www.szse.cn/api/report/ShowReport/data
2019-06-17,510300,91.802836,上交所,https://query.sse.com.cn/commonQuery.do
2019-06-17,510310,52.843074,上交所,https://query.sse.com.cn/commonQuery.do
2019-06-17,510330,67.559214,上交所,https://query.sse.com.cn/commonQuery.do
2019-06-18,159919,66.008166,深交所,https://www.szse.cn/api/report/ShowReport/data
2019-06-18,510300,92.632877,上交所,https://query.sse.com.cn/commonQuery.do
2019-06-18,510310,53.083074,上交所,https://query.sse.com.cn/commonQuery.do
2019-06-18,510330,67.745498,上交所,https://query.sse.com.cn/commonQuery.do
2019-06-19,159919,66.008166,深交所,https://www.szse.cn/api/report/ShowReport/data
2019-06-19,510300,93.685770,上交所,https://query.sse.com.cn/commonQuery.do
2019-06-19,510310,53.019142,上交所,https://query.sse.com.cn/commonQuery.do
2019-06-19,510330,67.052498,上交所,https://query.sse.com.cn/commonQuery.do
2019-06-20,159919,67.466166,深交所,https://www.szse.cn/api/report/ShowReport/data
2019-06-20,510300,94.216877,上交所,https://query.sse.com.cn/commonQuery.do
2019-06-20,510310,53.041206,上交所,https://query.sse.com.cn/commonQuery.do
2019-06-20,510330,67.439498,上交所,https://query.sse.com.cn/commonQuery.do
2019-06-21,159919,67.466166,深交所,https://www.szse.cn/api/report/ShowReport/data
2019-06-21,510300,94.234877,上交所,https://query.sse.com.cn/commonQuery.do
2019-06-21,510310,52.983074,上交所,https://query.sse.com.cn/commonQuery.do
2019-06-21,510330,67.160498,上交所,https://query.sse.com.cn/commonQuery.do
2019-06-24,159919,67.286166,深交所,https://www.szse.cn/api/report/ShowReport/data
2019-06-24,510300,93.604877,上交所,https://query.sse.com.cn/commonQuery.do
2019-06-24,510310,51.323074,上交所,https://query.sse.com.cn/commonQuery.do
2019-06-24,510330,66.557498,上交所,https://query.sse.com.cn/commonQuery.do
2019-06-25,159919,67.286166,深交所,https://www.szse.cn/api/report/ShowReport/data
2019-06-25,510300,93.586877,上交所,https://query.sse.com.cn/commonQuery.do
2019-06-25,510310,50.523074,上交所,https://query.sse.com.cn/commonQuery.do
2019-06-25,510330,66.368498,上交所,https://query.sse.com.cn/commonQuery.do
2019-06-26,159919,67.286166,深交所,https://www.szse.cn/api/report/ShowReport/data
2019-06-26,510300,93.640877,上交所,https://query.sse.com.cn/commonQuery.do
2019-06-26,510310,50.523074,上交所,https://query.sse.com.cn/commonQuery.do
2019-06-26,510330,67.766764,上交所,https://query.sse.com.cn/commonQuery.do
2019-06-27,159919,67.268166,深交所,https://www.szse.cn/api/report/ShowReport/data
2019-06-27,510300,94.322877,上交所,https://query.sse.com.cn/commonQuery.do
2019-06-27,510310,50.523074,上交所,https://query.sse.com.cn/commonQuery.do
2019-06-27,510330,68.261016,上交所,https://query.sse.com.cn/commonQuery.do
2019-06-28,159919,68.033166,深交所,https://www.szse.cn/api/report/ShowReport/data
2019-06-28,510300,94.621877,上交所,https://query.sse.com.cn/commonQuery.do
2019-06-28,510310,50.523074,上交所,https://query.sse.com.cn/commonQuery.do
2019-06-28,510330,69.455498,上交所,https://query.sse.com.cn/commonQuery.do
2019-07-01,159919,68.033166,深交所,https://www.szse.cn/api/report/ShowReport/data
2019-07-01,510300,94.736877,上交所,https://query.sse.com.cn/commonQuery.do
2019-07-01,510310,50.539206,上交所,https://query.sse.com.cn/commonQuery.do
2019-07-01,510330,69.608498,上交所,https://query.sse.com.cn/commonQuery.do
2019-07-02,159919,68.033166,深交所,https://www.szse.cn/api/report/ShowReport/data
2019-07-02,510300,93.379877,上交所,https://query.sse.com.cn/commonQuery.do
2019-07-02,510310,50.503074,上交所,https://query.sse.com.cn/commonQuery.do
2019-07-02,510330,69.284498,上交所,https://query.sse.com.cn/commonQuery.do
2019-07-03,159919,68.033166,深交所,https://www.szse.cn/api/report/ShowReport/data
2019-07-03,510300,93.676907,上交所,https://query.sse.com.cn/commonQuery.do
2019-07-03,510310,50.643074,上交所,https://query.sse.com.cn/commonQuery.do
2019-07-03,510330,69.392498,上交所,https://query.sse.com.cn/commonQuery.do
2019-07-04,159919,67.889166,深交所,https://www.szse.cn/api/report/ShowReport/data
2019-07-04,510300,94.846877,上交所,https://query.sse.com.cn/commonQuery.do
2019-07-04,510310,50.711424,上交所,https://query.sse.com.cn/commonQuery.do
2019-07-04,510330,69.527498,上交所,https://query.sse.com.cn/commonQuery.do
2019-07-05,159919,67.889166,深交所,https://www.szse.cn/api/report/ShowReport/data
2019-07-05,510300,94.495877,上交所,https://query.sse.com.cn/commonQuery.do
2019-07-05,510310,50.663074,上交所,https://query.sse.com.cn/commonQuery.do
2019-07-05,510330,69.329498,上交所,https://query.sse.com.cn/commonQuery.do
2019-07-08,159919,67.889166,深交所,https://www.szse.cn/api/report/ShowReport/data
2019-07-08,510300,93.469877,上交所,https://query.sse.com.cn/commonQuery.do
2019-07-08,510310,50.583074,上交所,https://query.sse.com.cn/commonQuery.do
2019-07-08,510330,68.924498,上交所,https://query.sse.com.cn/commonQuery.do
2019-07-09,159919,67.889166,深交所,https://www.szse.cn/api/report/ShowReport/data
2019-07-09,510300,93.154877,上交所,https://query.sse.com.cn/commonQuery.do
2019-07-09,510310,50.623074,上交所,https://query.sse.com.cn/commonQuery.do
2019-07-09,510330,68.852498,上交所,https://query.sse.com.cn/commonQuery.do
2019-07-10,159919,67.889166,深交所,https://www.szse.cn/api/report/ShowReport/data
2019-07-10,510300,92.902877,上交所,https://query.sse.com.cn/commonQuery.do
2019-07-10,510310,50.623074,上交所,https://query.sse.com.cn/commonQuery.do
2019-07-10,510330,68.735498,上交所,https://query.sse.com.cn/commonQuery.do
2019-07-11,159919,67.889166,深交所,https://www.szse.cn/api/report/ShowReport/data
2019-07-11,510300,92.668877,上交所,https://query.sse.com.cn/commonQuery.do
2019-07-11,510310,50.623074,上交所,https://query.sse.com.cn/commonQuery.do
2019-07-11,510330,68.717498,上交所,https://query.sse.com.cn/commonQuery.do
2019-07-12,159919,67.889166,深交所,https://www.szse.cn/api/report/ShowReport/data
2019-07-12,510300,92.911877,上交所,https://query.sse.com.cn/commonQuery.do
2019-07-12,510310,50.683074,上交所,https://query.sse.com.cn/commonQuery.do
2019-07-12,510330,68.897498,上交所,https://query.sse.com.cn/commonQuery.do
2019-07-15,159919,67.889166,深交所,https://www.szse.cn/api/report/ShowReport/data
2019-07-15,510300,93.960629,上交所,https://query.sse.com.cn/commonQuery.do
2019-07-15,510310,50.743074,上交所,https://query.sse.com.cn/commonQuery.do
2019-07-15,510330,69.299761,上交所,https://query.sse.com.cn/commonQuery.do
2019-07-16,159919,67.889166,深交所,https://www.szse.cn/api/report/ShowReport/data
2019-07-16,510300,93.964877,上交所,https://query.sse.com.cn/commonQuery.do
2019-07-16,510310,50.743074,上交所,https://query.sse.com.cn/commonQuery.do
2019-07-16,510330,69.338498,上交所,https://query.sse.com.cn/commonQuery.do
2019-07-17,159919,67.889166,深交所,https://www.szse.cn/api/report/ShowReport/data
2019-07-17,510300,93.208877,上交所,https://query.sse.com.cn/commonQuery.do
2019-07-17,510310,50.743074,上交所,https://query.sse.com.cn/commonQuery.do
2019-07-17,510330,69.239498,上交所,https://query.sse.com.cn/commonQuery.do
2019-07-18,159919,67.889166,深交所,https://www.szse.cn/api/report/ShowReport/data
2019-07-18,510300,92.758877,上交所,https://query.sse.com.cn/commonQuery.do
2019-07-18,510310,50.763074,上交所,https://query.sse.com.cn/commonQuery.do
2019-07-18,510330,69.122498,上交所,https://query.sse.com.cn/commonQuery.do
2019-07-19,159919,67.889166,深交所,https://www.szse.cn/api/report/ShowReport/data
2019-07-19,510300,93.199788,上交所,https://query.sse.com.cn/commonQuery.do
2019-07-19,510310,50.803074,上交所,https://query.sse.com.cn/commonQuery.do
2019-07-19,510330,69.275498,上交所,https://query.sse.com.cn/commonQuery.do
2019-07-22,159919,67.889166,深交所,https://www.szse.cn/api/report/ShowReport/data
2019-07-22,510300,92.686877,上交所,https://query.sse.com.cn/commonQuery.do
2019-07-22,510310,50.960119,上交所,https://query.sse.com.cn/commonQuery.do
2019-07-22,510330,69.104498,上交所,https://query.sse.com.cn/commonQuery.do
2019-07-23,159919,67.889166,深交所,https://www.szse.cn/api/report/ShowReport/data
2019-07-23,510300,92.839877,上交所,https://query.sse.com.cn/commonQuery.do
2019-07-23,510310,51.043074,上交所,https://query.sse.com.cn/commonQuery.do
2019-07-23,510330,69.185498,上交所,https://query.sse.com.cn/commonQuery.do
2019-07-24,159919,67.889166,深交所,https://www.szse.cn/api/report/ShowReport/data
2019-07-24,510300,93.091877,上交所,https://query.sse.com.cn/commonQuery.do
2019-07-24,510310,51.083074,上交所,https://query.sse.com.cn/commonQuery.do
2019-07-24,510330,69.243708,上交所,https://query.sse.com.cn/commonQuery.do
2019-07-25,159919,67.853166,深交所,https://www.szse.cn/api/report/ShowReport/data
2019-07-25,510300,93.190877,上交所,https://query.sse.com.cn/commonQuery.do
2019-07-25,510310,51.083074,上交所,https://query.sse.com.cn/commonQuery.do
2019-07-25,510330,69.289023,上交所,https://query.sse.com.cn/commonQuery.do
2019-07-26,159919,67.763166,深交所,https://www.szse.cn/api/report/ShowReport/data
2019-07-26,510300,92.353877,上交所,https://query.sse.com.cn/commonQuery.do
2019-07-26,510310,50.963074,上交所,https://query.sse.com.cn/commonQuery.do
2019-07-26,510330,69.005498,上交所,https://query.sse.com.cn/commonQuery.do
2019-07-29,159919,67.763166,深交所,https://www.szse.cn/api/report/ShowReport/data
2019-07-29,510300,91.165877,上交所,https://query.sse.com.cn/commonQuery.do
2019-07-29,510310,50.982546,上交所,https://query.sse.com.cn/commonQuery.do
2019-07-29,510330,68.960498,上交所,https://query.sse.com.cn/commonQuery.do
2019-07-30,159919,67.763166,深交所,https://www.szse.cn/api/report/ShowReport/data
2019-07-30,510300,91.138877,上交所,https://query.sse.com.cn/commonQuery.do
2019-07-30,510310,49.383074,上交所,https://query.sse.com.cn/commonQuery.do
2019-07-30,510330,69.448746,上交所,https://query.sse.com.cn/commonQuery.do
2019-07-31,159919,67.763166,深交所,https://www.szse.cn/api/report/ShowReport/data
2019-07-31,510300,91.183877,上交所,https://query.sse.com.cn/commonQuery.do
2019-07-31,510310,45.798673,上交所,https://query.sse.com.cn/commonQuery.do
2019-07-31,510330,69.743003,上交所,https://query.sse.com.cn/commonQuery.do
2019-08-01,159919,67.421166,深交所,https://www.szse.cn/api/report/ShowReport/data
2019-08-01,510300,91.260877,上交所,https://query.sse.com.cn/commonQuery.do
2019-08-01,510310,45.943074,上交所,https://query.sse.com.cn/commonQuery.do
2019-08-01,510330,69.707498,上交所,https://query.sse.com.cn/commonQuery.do
2019-08-02,159919,67.250166,深交所,https://www.szse.cn/api/report/ShowReport/data
2019-08-02,510300,90.112877,上交所,https://query.sse.com.cn/commonQuery.do
2019-08-02,510310,46.203074,上交所,https://query.sse.com.cn/commonQuery.do
2019-08-02,510330,69.077498,上交所,https://query.sse.com.cn/commonQuery.do
2019-08-05,159919,67.034166,深交所,https://www.szse.cn/api/report/ShowReport/data
2019-08-05,510300,90.191596,上交所,https://query.sse.com.cn/commonQuery.do
2019-08-05,510310,46.791351,上交所,https://query.sse.com.cn/commonQuery.do
2019-08-05,510330,69.839535,上交所,https://query.sse.com.cn/commonQuery.do
2019-08-06,159919,67.034166,深交所,https://www.szse.cn/api/report/ShowReport/data
2019-08-06,510300,92.515877,上交所,https://query.sse.com.cn/commonQuery.do
2019-08-06,510310,47.585774,上交所,https://query.sse.com.cn/commonQuery.do
2019-08-06,510330,70.831381,上交所,https://query.sse.com.cn/commonQuery.do
2019-08-07,159919,66.854166,深交所,https://www.szse.cn/api/report/ShowReport/data
2019-08-07,510300,91.426877,上交所,https://query.sse.com.cn/commonQuery.do
2019-08-07,510310,47.623074,上交所,https://query.sse.com.cn/commonQuery.do
2019-08-07,510330,70.539461,上交所,https://query.sse.com.cn/commonQuery.do
2019-08-08,159919,66.854166,深交所,https://www.szse.cn/api/report/ShowReport/data
2019-08-08,510300,89.788877,上交所,https://query.sse.com.cn/commonQuery.do
2019-08-08,510310,47.663074,上交所,https://query.sse.com.cn/commonQuery.do
2019-08-08,510330,70.467144,上交所,https://query.sse.com.cn/commonQuery.do
2019-08-09,159919,66.854166,深交所,https://www.szse.cn/api/report/ShowReport/data
2019-08-09,510300,90.387225,上交所,https://query.sse.com.cn/commonQuery.do
2019-08-09,510310,47.940341,上交所,https://query.sse.com.cn/commonQuery.do
2019-08-09,510330,71.027674,上交所,https://query.sse.com.cn/commonQuery.do
2019-08-12,159919,66.854166,深交所,https://www.szse.cn/api/report/ShowReport/data
2019-08-12,510300,90.094877,上交所,https://query.sse.com.cn/commonQuery.do
2019-08-12,510310,48.084934,上交所,https://query.sse.com.cn/commonQuery.do
2019-08-12,510330,71.036710,上交所,https://query.sse.com.cn/commonQuery.do
2019-08-13,159919,66.836166,深交所,https://www.szse.cn/api/report/ShowReport/data
2019-08-13,510300,90.085877,上交所,https://query.sse.com.cn/commonQuery.do
2019-08-13,510310,48.343074,上交所,https://query.sse.com.cn/commonQuery.do
2019-08-13,510330,71.111498,上交所,https://query.sse.com.cn/commonQuery.do
2019-08-14,159919,66.809166,深交所,https://www.szse.cn/api/report/ShowReport/data
2019-08-14,510300,89.896877,上交所,https://query.sse.com.cn/commonQuery.do
2019-08-14,510310,48.643074,上交所,https://query.sse.com.cn/commonQuery.do
2019-08-14,510330,71.349000,上交所,https://query.sse.com.cn/commonQuery.do
2019-08-15,159919,66.800166,深交所,https://www.szse.cn/api/report/ShowReport/data
2019-08-15,510300,90.427877,上交所,https://query.sse.com.cn/commonQuery.do
2019-08-15,510310,48.895732,上交所,https://query.sse.com.cn/commonQuery.do
2019-08-15,510330,71.757132,上交所,https://query.sse.com.cn/commonQuery.do
2019-08-16,159919,66.800166,深交所,https://www.szse.cn/api/report/ShowReport/data
2019-08-16,510300,89.707877,上交所,https://query.sse.com.cn/commonQuery.do
2019-08-16,510310,48.678133,上交所,https://query.sse.com.cn/commonQuery.do
2019-08-16,510330,71.511899,上交所,https://query.sse.com.cn/commonQuery.do
2019-08-19,159919,66.800166,深交所,https://www.szse.cn/api/report/ShowReport/data
2019-08-19,510300,90.292877,上交所,https://query.sse.com.cn/commonQuery.do
2019-08-19,510310,48.723074,上交所,https://query.sse.com.cn/commonQuery.do
2019-08-19,510330,72.002498,上交所,https://query.sse.com.cn/commonQuery.do
2019-08-20,159919,66.800166,深交所,https://www.szse.cn/api/report/ShowReport/data
2019-08-20,510300,90.382877,上交所,https://query.sse.com.cn/commonQuery.do
2019-08-20,510310,48.763074,上交所,https://query.sse.com.cn/commonQuery.do
2019-08-20,510330,72.098750,上交所,https://query.sse.com.cn/commonQuery.do
2019-08-21,159919,66.800166,深交所,https://www.szse.cn/api/report/ShowReport/data
2019-08-21,510300,90.346877,上交所,https://query.sse.com.cn/commonQuery.do
2019-08-21,510310,48.703074,上交所,https://query.sse.com.cn/commonQuery.do
2019-08-21,510330,72.146498,上交所,https://query.sse.com.cn/commonQuery.do
2019-08-22,159919,66.800166,深交所,https://www.szse.cn/api/report/ShowReport/data
2019-08-22,510300,88.906877,上交所,https://query.sse.com.cn/commonQuery.do
2019-08-22,510310,48.583074,上交所,https://query.sse.com.cn/commonQuery.do
2019-08-22,510330,71.606498,上交所,https://query.sse.com.cn/commonQuery.do
2019-08-23,159919,66.800166,深交所,https://www.szse.cn/api/report/ShowReport/data
2019-08-23,510300,87.862877,上交所,https://query.sse.com.cn/commonQuery.do
2019-08-23,510310,48.483074,上交所,https://query.sse.com.cn/commonQuery.do
2019-08-23,510330,71.417498,上交所,https://query.sse.com.cn/commonQuery.do
2019-08-26,159919,66.800166,深交所,https://www.szse.cn/api/report/ShowReport/data
2019-08-26,510300,88.114877,上交所,https://query.sse.com.cn/commonQuery.do
2019-08-26,510310,48.785351,上交所,https://query.sse.com.cn/commonQuery.do
2019-08-26,510330,71.615498,上交所,https://query.sse.com.cn/commonQuery.do
2019-08-27,159919,66.800166,深交所,https://www.szse.cn/api/report/ShowReport/data
2019-08-27,510300,88.204877,上交所,https://query.sse.com.cn/commonQuery.do
2019-08-27,510310,48.903074,上交所,https://query.sse.com.cn/commonQuery.do
2019-08-27,510330,71.899498,上交所,https://query.sse.com.cn/commonQuery.do
2019-08-28,159919,66.800166,深交所,https://www.szse.cn/api/report/ShowReport/data
2019-08-28,510300,88.150877,上交所,https://query.sse.com.cn/commonQuery.do
2019-08-28,510310,49.023074,上交所,https://query.sse.com.cn/commonQuery.do
2019-08-28,510330,71.971418,上交所,https://query.sse.com.cn/commonQuery.do
2019-08-29,159919,66.800166,深交所,https://www.szse.cn/api/report/ShowReport/data
2019-08-29,510300,87.223877,上交所,https://query.sse.com.cn/commonQuery.do
2019-08-29,510310,48.943074,上交所,https://query.sse.com.cn/commonQuery.do
2019-08-29,510330,71.480498,上交所,https://query.sse.com.cn/commonQuery.do
2019-08-30,159919,66.800166,深交所,https://www.szse.cn/api/report/ShowReport/data
2019-08-30,510300,86.485877,上交所,https://query.sse.com.cn/commonQuery.do
2019-08-30,510310,49.223074,上交所,https://query.sse.com.cn/commonQuery.do
2019-08-30,510330,71.237498,上交所,https://query.sse.com.cn/commonQuery.do
2019-09-02,159919,66.800166,深交所,https://www.szse.cn/api/report/ShowReport/data
2019-09-02,510300,86.386877,上交所,https://query.sse.com.cn/commonQuery.do
2019-09-02,510310,49.306767,上交所,https://query.sse.com.cn/commonQuery.do
2019-09-02,510330,70.889125,上交所,https://query.sse.com.cn/commonQuery.do
2019-09-03,159919,66.800166,深交所,https://www.szse.cn/api/report/ShowReport/data
2019-09-03,510300,85.747877,上交所,https://query.sse.com.cn/commonQuery.do
2019-09-03,510310,49.063074,上交所,https://query.sse.com.cn/commonQuery.do
2019-09-03,510330,70.625498,上交所,https://query.sse.com.cn/commonQuery.do
2019-09-04,159919,66.386166,深交所,https://www.szse.cn/api/report/ShowReport/data
2019-09-04,510300,85.459877,上交所,https://query.sse.com.cn/commonQuery.do
2019-09-04,510310,48.943074,上交所,https://query.sse.com.cn/commonQuery.do
2019-09-04,510330,70.616498,上交所,https://query.sse.com.cn/commonQuery.do
2019-09-05,159919,66.179166,深交所,https://www.szse.cn/api/report/ShowReport/data
2019-09-05,510300,87.025877,上交所,https://query.sse.com.cn/commonQuery.do
2019-09-05,510310,48.963074,上交所,https://query.sse.com.cn/commonQuery.do
2019-09-05,510330,70.922498,上交所,https://query.sse.com.cn/commonQuery.do
2019-09-06,159919,62.921166,深交所,https://www.szse.cn/api/report/ShowReport/data
2019-09-06,510300,88.017035,上交所,https://query.sse.com.cn/commonQuery.do
2019-09-06,510310,47.483074,上交所,https://query.sse.com.cn/commonQuery.do
2019-09-06,510330,71.075498,上交所,https://query.sse.com.cn/commonQuery.do
2019-09-09,159919,61.976166,深交所,https://www.szse.cn/api/report/ShowReport/data
2019-09-09,510300,88.033877,上交所,https://query.sse.com.cn/commonQuery.do
2019-09-09,510310,47.263074,上交所,https://query.sse.com.cn/commonQuery.do
2019-09-09,510330,70.931018,上交所,https://query.sse.com.cn/commonQuery.do
2019-09-10,159919,61.508166,深交所,https://www.szse.cn/api/report/ShowReport/data
2019-09-10,510300,88.015877,上交所,https://query.sse.com.cn/commonQuery.do
2019-09-10,510310,47.683339,上交所,https://query.sse.com.cn/commonQuery.do
2019-09-10,510330,70.859498,上交所,https://query.sse.com.cn/commonQuery.do
2019-09-11,159919,60.770166,深交所,https://www.szse.cn/api/report/ShowReport/data
2019-09-11,510300,89.207877,上交所,https://query.sse.com.cn/commonQuery.do
2019-09-11,510310,47.871291,上交所,https://query.sse.com.cn/commonQuery.do
2019-09-11,510330,70.966316,上交所,https://query.sse.com.cn/commonQuery.do
2019-09-12,159919,59.834166,深交所,https://www.szse.cn/api/report/ShowReport/data
2019-09-12,510300,89.289377,上交所,https://query.sse.com.cn/commonQuery.do
2019-09-12,510310,47.903074,上交所,https://query.sse.com.cn/commonQuery.do
2019-09-12,510330,71.246394,上交所,https://query.sse.com.cn/commonQuery.do
2019-09-16,159919,59.834166,深交所,https://www.szse.cn/api/report/ShowReport/data
2019-09-16,510300,89.122877,上交所,https://query.sse.com.cn/commonQuery.do
2019-09-16,510310,47.723074,上交所,https://query.sse.com.cn/commonQuery.do
2019-09-16,510330,71.111498,上交所,https://query.sse.com.cn/commonQuery.do
2019-09-17,159919,59.762166,深交所,https://www.szse.cn/api/report/ShowReport/data
2019-09-17,510300,89.723942,上交所,https://query.sse.com.cn/commonQuery.do
2019-09-17,510310,47.840304,上交所,https://query.sse.com.cn/commonQuery.do
2019-09-17,510330,71.165498,上交所,https://query.sse.com.cn/commonQuery.do
2019-09-18,159919,59.519166,深交所,https://www.szse.cn/api/report/ShowReport/data
2019-09-18,510300,89.527877,上交所,https://query.sse.com.cn/commonQuery.do
2019-09-18,510310,47.823074,上交所,https://query.sse.com.cn/commonQuery.do
2019-09-18,510330,70.835897,上交所,https://query.sse.com.cn/commonQuery.do
2019-09-19,159919,59.519166,深交所,https://www.szse.cn/api/report/ShowReport/data
2019-09-19,510300,89.041877,上交所,https://query.sse.com.cn/commonQuery.do
2019-09-19,510310,47.743074,上交所,https://query.sse.com.cn/commonQuery.do
2019-09-19,510330,70.247498,上交所,https://query.sse.com.cn/commonQuery.do
2019-09-20,159919,59.186166,深交所,https://www.szse.cn/api/report/ShowReport/data
2019-09-20,510300,87.997877,上交所,https://query.sse.com.cn/commonQuery.do
2019-09-20,510310,46.763074,上交所,https://query.sse.com.cn/commonQuery.do
2019-09-20,510330,70.013498,上交所,https://query.sse.com.cn/commonQuery.do
2019-09-23,159919,58.799166,深交所,https://www.szse.cn/api/report/ShowReport/data
2019-09-23,510300,88.046193,上交所,https://query.sse.com.cn/commonQuery.do
2019-09-23,510310,46.856518,上交所,https://query.sse.com.cn/commonQuery.do
2019-09-23,510330,69.773887,上交所,https://query.sse.com.cn/commonQuery.do
2019-09-24,159919,58.664166,深交所,https://www.szse.cn/api/report/ShowReport/data
2019-09-24,510300,88.006877,上交所,https://query.sse.com.cn/commonQuery.do
2019-09-24,510310,46.823074,上交所,https://query.sse.com.cn/commonQuery.do
2019-09-24,510330,69.990079,上交所,https://query.sse.com.cn/commonQuery.do
2019-09-25,159919,58.466166,深交所,https://www.szse.cn/api/report/ShowReport/data
2019-09-25,510300,88.375877,上交所,https://query.sse.com.cn/commonQuery.do
2019-09-25,510310,46.823074,上交所,https://query.sse.com.cn/commonQuery.do
2019-09-25,510330,70.061249,上交所,https://query.sse.com.cn/commonQuery.do
2019-09-26,159919,58.403166,深交所,https://www.szse.cn/api/report/ShowReport/data
2019-09-26,510300,89.158393,上交所,https://query.sse.com.cn/commonQuery.do
2019-09-26,510310,46.863074,上交所,https://query.sse.com.cn/commonQuery.do
2019-09-26,510330,70.382498,上交所,https://query.sse.com.cn/commonQuery.do
2019-09-27,159919,58.403166,深交所,https://www.szse.cn/api/report/ShowReport/data
2019-09-27,510300,89.573095,上交所,https://query.sse.com.cn/commonQuery.do
2019-09-27,510310,46.882732,上交所,https://query.sse.com.cn/commonQuery.do
2019-09-27,510330,70.571498,上交所,https://query.sse.com.cn/commonQuery.do
2019-09-30,159919,58.403166,深交所,https://www.szse.cn/api/report/ShowReport/data
2019-09-30,510300,88.906877,上交所,https://query.sse.com.cn/commonQuery.do
2019-09-30,510310,46.859382,上交所,https://query.sse.com.cn/commonQuery.do
2019-09-30,510330,69.500498,上交所,https://query.sse.com.cn/commonQuery.do
2019-10-08,159919,58.403166,深交所,https://www.szse.cn/api/report/ShowReport/data
2019-10-08,510300,87.313877,上交所,https://query.sse.com.cn/commonQuery.do
2019-10-08,510310,46.823074,上交所,https://query.sse.com.cn/commonQuery.do
2019-10-08,510330,69.517441,上交所,https://query.sse.com.cn/commonQuery.do
2019-10-09,159919,58.403166,深交所,https://www.szse.cn/api/report/ShowReport/data
2019-10-09,510300,86.602877,上交所,https://query.sse.com.cn/commonQuery.do
2019-10-09,510310,47.163074,上交所,https://query.sse.com.cn/commonQuery.do
2019-10-09,510330,69.428498,上交所,https://query.sse.com.cn/commonQuery.do
2019-10-10,159919,58.187166,深交所,https://www.szse.cn/api/report/ShowReport/data
2019-10-10,510300,85.918877,上交所,https://query.sse.com.cn/commonQuery.do
2019-10-10,510310,47.103074,上交所,https://query.sse.com.cn/commonQuery.do
2019-10-10,510330,69.011141,上交所,https://query.sse.com.cn/commonQuery.do
2019-10-11,159919,58.187166,深交所,https://www.szse.cn/api/report/ShowReport/data
2019-10-11,510300,85.638242,上交所,https://query.sse.com.cn/commonQuery.do
2019-10-11,510310,47.123074,上交所,https://query.sse.com.cn/commonQuery.do
2019-10-11,510330,69.209257,上交所,https://query.sse.com.cn/commonQuery.do
2019-10-14,159919,58.187166,深交所,https://www.szse.cn/api/report/ShowReport/data
2019-10-14,510300,85.819877,上交所,https://query.sse.com.cn/commonQuery.do
2019-10-14,510310,47.343074,上交所,https://query.sse.com.cn/commonQuery.do
2019-10-14,510330,69.347498,上交所,https://query.sse.com.cn/commonQuery.do
2019-10-15,159919,58.187166,深交所,https://www.szse.cn/api/report/ShowReport/data
2019-10-15,510300,85.738877,上交所,https://query.sse.com.cn/commonQuery.do
2019-10-15,510310,47.363074,上交所,https://query.sse.com.cn/commonQuery.do
2019-10-15,510330,69.532703,上交所,https://query.sse.com.cn/commonQuery.do
2019-10-16,159919,57.917166,深交所,https://www.szse.cn/api/report/ShowReport/data
2019-10-16,510300,85.000877,上交所,https://query.sse.com.cn/commonQuery.do
2019-10-16,510310,47.343074,上交所,https://query.sse.com.cn/commonQuery.do
2019-10-16,510330,69.427083,上交所,https://query.sse.com.cn/commonQuery.do
2019-10-17,159919,57.890166,深交所,https://www.szse.cn/api/report/ShowReport/data
2019-10-17,510300,85.036877,上交所,https://query.sse.com.cn/commonQuery.do
2019-10-17,510310,47.903074,上交所,https://query.sse.com.cn/commonQuery.do
2019-10-17,510330,69.491375,上交所,https://query.sse.com.cn/commonQuery.do
2019-10-18,159919,57.890166,深交所,https://www.szse.cn/api/report/ShowReport/data
2019-10-18,510300,84.370877,上交所,https://query.sse.com.cn/commonQuery.do
2019-10-18,510310,48.161618,上交所,https://query.sse.com.cn/commonQuery.do
2019-10-18,510330,68.717498,上交所,https://query.sse.com.cn/commonQuery.do
2019-10-21,159919,57.782166,深交所,https://www.szse.cn/api/report/ShowReport/data
2019-10-21,510300,83.920877,上交所,https://query.sse.com.cn/commonQuery.do
2019-10-21,510310,48.243074,上交所,https://query.sse.com.cn/commonQuery.do
2019-10-21,510330,68.759621,上交所,https://query.sse.com.cn/commonQuery.do
2019-10-22,159919,57.620166,深交所,https://www.szse.cn/api/report/ShowReport/data
2019-10-22,510300,83.668877,上交所,https://query.sse.com.cn/commonQuery.do
2019-10-22,510310,48.043074,上交所,https://query.sse.com.cn/commonQuery.do
2019-10-22,510330,68.609498,上交所,https://query.sse.com.cn/commonQuery.do
2019-10-23,159919,58.034166,深交所,https://www.szse.cn/api/report/ShowReport/data
2019-10-23,510300,83.569877,上交所,https://query.sse.com.cn/commonQuery.do
2019-10-23,510310,48.203074,上交所,https://query.sse.com.cn/commonQuery.do
2019-10-23,510330,68.600498,上交所,https://query.sse.com.cn/commonQuery.do
2019-10-24,159919,58.016166,深交所,https://www.szse.cn/api/report/ShowReport/data
2019-10-24,510300,83.524877,上交所,https://query.sse.com.cn/commonQuery.do
2019-10-24,510310,47.794323,上交所,https://query.sse.com.cn/commonQuery.do
2019-10-24,510330,68.681498,上交所,https://query.sse.com.cn/commonQuery.do
2019-10-25,159919,58.025166,深交所,https://www.szse.cn/api/report/ShowReport/data
2019-10-25,510300,84.091877,上交所,https://query.sse.com.cn/commonQuery.do
2019-10-25,510310,47.563074,上交所,https://query.sse.com.cn/commonQuery.do
2019-10-25,510330,68.851169,上交所,https://query.sse.com.cn/commonQuery.do
2019-10-28,159919,58.853166,深交所,https://www.szse.cn/api/report/ShowReport/data
2019-10-28,510300,84.028877,上交所,https://query.sse.com.cn/commonQuery.do
2019-10-28,510310,47.383074,上交所,https://query.sse.com.cn/commonQuery.do
2019-10-28,510330,69.003462,上交所,https://query.sse.com.cn/commonQuery.do
2019-10-29,159919,58.763166,深交所,https://www.szse.cn/api/report/ShowReport/data
2019-10-29,510300,83.713877,上交所,https://query.sse.com.cn/commonQuery.do
2019-10-29,510310,47.243074,上交所,https://query.sse.com.cn/commonQuery.do
2019-10-29,510330,68.920026,上交所,https://query.sse.com.cn/commonQuery.do
2019-10-30,159919,58.646166,深交所,https://www.szse.cn/api/report/ShowReport/data
2019-10-30,510300,83.254877,上交所,https://query.sse.com.cn/commonQuery.do
2019-10-30,510310,47.103074,上交所,https://query.sse.com.cn/commonQuery.do
2019-10-30,510330,68.528498,上交所,https://query.sse.com.cn/commonQuery.do
2019-10-31,159919,58.376166,深交所,https://www.szse.cn/api/report/ShowReport/data
2019-10-31,510300,82.876877,上交所,https://query.sse.com.cn/commonQuery.do
2019-10-31,510310,47.103074,上交所,https://query.sse.com.cn/commonQuery.do
2019-10-31,510330,68.501498,上交所,https://query.sse.com.cn/commonQuery.do
2019-11-01,159919,58.754166,深交所,https://www.szse.cn/api/report/ShowReport/data
2019-11-01,510300,83.299877,上交所,https://query.sse.com.cn/commonQuery.do
2019-11-01,510310,47.123074,上交所,https://query.sse.com.cn/commonQuery.do
2019-11-01,510330,68.837984,上交所,https://query.sse.com.cn/commonQuery.do
2019-11-04,159919,59.213166,深交所,https://www.szse.cn/api/report/ShowReport/data
2019-11-04,510300,83.334641,上交所,https://query.sse.com.cn/commonQuery.do
2019-11-04,510310,47.003074,上交所,https://query.sse.com.cn/commonQuery.do
2019-11-04,510330,68.879498,上交所,https://query.sse.com.cn/commonQuery.do
2019-11-05,159919,58.988166,深交所,https://www.szse.cn/api/report/ShowReport/data
2019-11-05,510300,84.084722,上交所,https://query.sse.com.cn/commonQuery.do
2019-11-05,510310,47.003074,上交所,https://query.sse.com.cn/commonQuery.do
2019-11-05,510330,69.050498,上交所,https://query.sse.com.cn/commonQuery.do
2019-11-06,159919,59.906166,深交所,https://www.szse.cn/api/report/ShowReport/data
2019-11-06,510300,84.100877,上交所,https://query.sse.com.cn/commonQuery.do
2019-11-06,510310,47.363074,上交所,https://query.sse.com.cn/commonQuery.do
2019-11-06,510330,69.059498,上交所,https://query.sse.com.cn/commonQuery.do
2019-11-07,159919,59.294166,深交所,https://www.szse.cn/api/report/ShowReport/data
2019-11-07,510300,84.744319,上交所,https://query.sse.com.cn/commonQuery.do
2019-11-07,510310,47.283074,上交所,https://query.sse.com.cn/commonQuery.do
2019-11-07,510330,69.212498,上交所,https://query.sse.com.cn/commonQuery.do
2019-11-08,159919,58.493166,深交所,https://www.szse.cn/api/report/ShowReport/data
2019-11-08,510300,84.298877,上交所,https://query.sse.com.cn/commonQuery.do
2019-11-08,510310,47.323074,上交所,https://query.sse.com.cn/commonQuery.do
2019-11-08,510330,69.050498,上交所,https://query.sse.com.cn/commonQuery.do
2019-11-11,159919,59.384166,深交所,https://www.szse.cn/api/report/ShowReport/data
2019-11-11,510300,85.279877,上交所,https://query.sse.com.cn/commonQuery.do
2019-11-11,510310,47.567928,上交所,https://query.sse.com.cn/commonQuery.do
2019-11-11,510330,69.569658,上交所,https://query.sse.com.cn/commonQuery.do
2019-11-12,159919,59.186166,深交所,https://www.szse.cn/api/report/ShowReport/data
2019-11-12,510300,85.765877,上交所,https://query.sse.com.cn/commonQuery.do
2019-11-12,510310,47.663074,上交所,https://query.sse.com.cn/commonQuery.do
2019-11-12,510330,69.769465,上交所,https://query.sse.com.cn/commonQuery.do
2019-11-13,159919,59.213166,深交所,https://www.szse.cn/api/report/ShowReport/data
2019-11-13,510300,85.720877,上交所,https://query.sse.com.cn/commonQuery.do
2019-11-13,510310,44.003074,上交所,https://query.sse.com.cn/commonQuery.do
2019-11-13,510330,69.599498,上交所,https://query.sse.com.cn/commonQuery.do
2019-11-14,159919,59.186166,深交所,https://www.szse.cn/api/report/ShowReport/data
2019-11-14,510300,84.730877,上交所,https://query.sse.com.cn/commonQuery.do
2019-11-14,510310,41.523074,上交所,https://query.sse.com.cn/commonQuery.do
2019-11-14,510330,69.473498,上交所,https://query.sse.com.cn/commonQuery.do
2019-11-15,159919,59.222166,深交所,https://www.szse.cn/api/report/ShowReport/data
2019-11-15,510300,84.775877,上交所,https://query.sse.com.cn/commonQuery.do
2019-11-15,510310,39.103074,上交所,https://query.sse.com.cn/commonQuery.do
2019-11-15,510330,69.392498,上交所,https://query.sse.com.cn/commonQuery.do
2019-11-18,159919,59.366166,深交所,https://www.szse.cn/api/report/ShowReport/data
2019-11-18,510300,85.274788,上交所,https://query.sse.com.cn/commonQuery.do
2019-11-18,510310,39.123074,上交所,https://query.sse.com.cn/commonQuery.do
2019-11-18,510330,69.671498,上交所,https://query.sse.com.cn/commonQuery.do
2019-11-19,159919,59.465166,深交所,https://www.szse.cn/api/report/ShowReport/data
2019-11-19,510300,85.457859,上交所,https://query.sse.com.cn/commonQuery.do
2019-11-19,510310,39.023074,上交所,https://query.sse.com.cn/commonQuery.do
2019-11-19,510330,69.671498,上交所,https://query.sse.com.cn/commonQuery.do
2019-11-20,159919,59.429166,深交所,https://www.szse.cn/api/report/ShowReport/data
2019-11-20,510300,85.360877,上交所,https://query.sse.com.cn/commonQuery.do
2019-11-20,510310,39.023074,上交所,https://query.sse.com.cn/commonQuery.do
2019-11-20,510330,69.671498,上交所,https://query.sse.com.cn/commonQuery.do
2019-11-21,159919,59.294166,深交所,https://www.szse.cn/api/report/ShowReport/data
2019-11-21,510300,86.197877,上交所,https://query.sse.com.cn/commonQuery.do
2019-11-21,510310,39.063074,上交所,https://query.sse.com.cn/commonQuery.do
2019-11-21,510330,69.950498,上交所,https://query.sse.com.cn/commonQuery.do
2019-11-22,159919,59.267166,深交所,https://www.szse.cn/api/report/ShowReport/data
2019-11-22,510300,86.287877,上交所,https://query.sse.com.cn/commonQuery.do
2019-11-22,510310,39.063074,上交所,https://query.sse.com.cn/commonQuery.do
2019-11-22,510330,69.662498,上交所,https://query.sse.com.cn/commonQuery.do
2019-11-25,159919,59.402166,深交所,https://www.szse.cn/api/report/ShowReport/data
2019-11-25,510300,86.269877,上交所,https://query.sse.com.cn/commonQuery.do
2019-11-25,510310,39.123074,上交所,https://query.sse.com.cn/commonQuery.do
2019-11-25,510330,69.878498,上交所,https://query.sse.com.cn/commonQuery.do
2019-11-26,159919,59.114166,深交所,https://www.szse.cn/api/report/ShowReport/data
2019-11-26,510300,85.144877,上交所,https://query.sse.com.cn/commonQuery.do
2019-11-26,510310,38.943074,上交所,https://query.sse.com.cn/commonQuery.do
2019-11-26,510330,69.392498,上交所,https://query.sse.com.cn/commonQuery.do
2019-11-27,159919,59.492166,深交所,https://www.szse.cn/api/report/ShowReport/data
2019-11-27,510300,85.216877,上交所,https://query.sse.com.cn/commonQuery.do
2019-11-27,510310,39.003074,上交所,https://query.sse.com.cn/commonQuery.do
2019-11-27,510330,69.581498,上交所,https://query.sse.com.cn/commonQuery.do
2019-11-28,159919,59.483166,深交所,https://www.szse.cn/api/report/ShowReport/data
2019-11-28,510300,85.369877,上交所,https://query.sse.com.cn/commonQuery.do
2019-11-28,510310,39.063074,上交所,https://query.sse.com.cn/commonQuery.do
2019-11-28,510330,69.832134,上交所,https://query.sse.com.cn/commonQuery.do
2019-11-29,159919,59.492166,深交所,https://www.szse.cn/api/report/ShowReport/data
2019-11-29,510300,86.674877,上交所,https://query.sse.com.cn/commonQuery.do
2019-11-29,510310,39.281124,上交所,https://query.sse.com.cn/commonQuery.do
2019-11-29,510330,70.274498,上交所,https://query.sse.com.cn/commonQuery.do
2019-12-02,159919,59.492166,深交所,https://www.szse.cn/api/report/ShowReport/data
2019-12-02,510300,86.458877,上交所,https://query.sse.com.cn/commonQuery.do
2019-12-02,510310,39.183074,上交所,https://query.sse.com.cn/commonQuery.do
2019-12-02,510330,70.238498,上交所,https://query.sse.com.cn/commonQuery.do
2019-12-03,159919,59.573166,深交所,https://www.szse.cn/api/report/ShowReport/data
2019-12-03,510300,86.638877,上交所,https://query.sse.com.cn/commonQuery.do
2019-12-03,510310,39.583074,上交所,https://query.sse.com.cn/commonQuery.do
2019-12-03,510330,70.355498,上交所,https://query.sse.com.cn/commonQuery.do
2019-12-04,159919,59.447166,深交所,https://www.szse.cn/api/report/ShowReport/data
2019-12-04,510300,86.395877,上交所,https://query.sse.com.cn/commonQuery.do
2019-12-04,510310,40.443074,上交所,https://query.sse.com.cn/commonQuery.do
2019-12-04,510330,70.301498,上交所,https://query.sse.com.cn/commonQuery.do
2019-12-05,159919,60.698166,深交所,https://www.szse.cn/api/report/ShowReport/data
2019-12-05,510300,86.503877,上交所,https://query.sse.com.cn/commonQuery.do
2019-12-05,510310,41.063074,上交所,https://query.sse.com.cn/commonQuery.do
2019-12-05,510330,70.400498,上交所,https://query.sse.com.cn/commonQuery.do
2019-12-06,159919,60.698166,深交所,https://www.szse.cn/api/report/ShowReport/data
2019-12-06,510300,86.557877,上交所,https://query.sse.com.cn/commonQuery.do
2019-12-06,510310,41.763074,上交所,https://query.sse.com.cn/commonQuery.do
2019-12-06,510330,70.544398,上交所,https://query.sse.com.cn/commonQuery.do
2019-12-09,159919,60.698166,深交所,https://www.szse.cn/api/report/ShowReport/data
2019-12-09,510300,87.412877,上交所,https://query.sse.com.cn/commonQuery.do
2019-12-09,510310,41.923074,上交所,https://query.sse.com.cn/commonQuery.do
2019-12-09,510330,70.634498,上交所,https://query.sse.com.cn/commonQuery.do
2019-12-10,159919,60.698166,深交所,https://www.szse.cn/api/report/ShowReport/data
2019-12-10,510300,87.520877,上交所,https://query.sse.com.cn/commonQuery.do
2019-12-10,510310,42.303074,上交所,https://query.sse.com.cn/commonQuery.do
2019-12-10,510330,70.793186,上交所,https://query.sse.com.cn/commonQuery.do
2019-12-11,159919,60.950166,深交所,https://www.szse.cn/api/report/ShowReport/data
2019-12-11,510300,87.403877,上交所,https://query.sse.com.cn/commonQuery.do
2019-12-11,510310,43.355360,上交所,https://query.sse.com.cn/commonQuery.do
2019-12-11,510330,70.778498,上交所,https://query.sse.com.cn/commonQuery.do
2019-12-12,159919,60.959166,深交所,https://www.szse.cn/api/report/ShowReport/data
2019-12-12,510300,87.403877,上交所,https://query.sse.com.cn/commonQuery.do
2019-12-12,510310,43.961790,上交所,https://query.sse.com.cn/commonQuery.do
2019-12-12,510330,70.778498,上交所,https://query.sse.com.cn/commonQuery.do
2019-12-13,159919,60.959166,深交所,https://www.szse.cn/api/report/ShowReport/data
2019-12-13,510300,88.546698,上交所,https://query.sse.com.cn/commonQuery.do
2019-12-13,510310,44.083074,上交所,https://query.sse.com.cn/commonQuery.do
2019-12-13,510330,71.057498,上交所,https://query.sse.com.cn/commonQuery.do
2019-12-16,159919,60.878166,深交所,https://www.szse.cn/api/report/ShowReport/data
2019-12-16,510300,88.591877,上交所,https://query.sse.com.cn/commonQuery.do
2019-12-16,510310,44.123074,上交所,https://query.sse.com.cn/commonQuery.do
2019-12-16,510330,71.048498,上交所,https://query.sse.com.cn/commonQuery.do
2019-12-17,159919,60.959166,深交所,https://www.szse.cn/api/report/ShowReport/data
2019-12-17,510300,90.175877,上交所,https://query.sse.com.cn/commonQuery.do
2019-12-17,510310,43.823074,上交所,https://query.sse.com.cn/commonQuery.do
2019-12-17,510330,72.227498,上交所,https://query.sse.com.cn/commonQuery.do
2019-12-18,159919,61.022166,深交所,https://www.szse.cn/api/report/ShowReport/data
2019-12-18,510300,91.335917,上交所,https://query.sse.com.cn/commonQuery.do
2019-12-18,510310,43.863074,上交所,https://query.sse.com.cn/commonQuery.do
2019-12-18,510330,72.497498,上交所,https://query.sse.com.cn/commonQuery.do
2019-12-19,159919,60.950166,深交所,https://www.szse.cn/api/report/ShowReport/data
2019-12-19,510300,91.345877,上交所,https://query.sse.com.cn/commonQuery.do
2019-12-19,510310,44.120098,上交所,https://query.sse.com.cn/commonQuery.do
2019-12-19,510330,72.542498,上交所,https://query.sse.com.cn/commonQuery.do
2019-12-20,159919,60.959166,深交所,https://www.szse.cn/api/report/ShowReport/data
2019-12-20,510300,92.281877,上交所,https://query.sse.com.cn/commonQuery.do
2019-12-20,510310,46.038450,上交所,https://query.sse.com.cn/commonQuery.do
2019-12-20,510330,72.793296,上交所,https://query.sse.com.cn/commonQuery.do
2019-12-23,159919,60.995166,深交所,https://www.szse.cn/api/report/ShowReport/data
2019-12-23,510300,93.379877,上交所,https://query.sse.com.cn/commonQuery.do
2019-12-23,510310,46.263074,上交所,https://query.sse.com.cn/commonQuery.do
2019-12-23,510330,73.190498,上交所,https://query.sse.com.cn/commonQuery.do
2019-12-24,159919,61.013166,深交所,https://www.szse.cn/api/report/ShowReport/data
2019-12-24,510300,94.594870,上交所,https://query.sse.com.cn/commonQuery.do
2019-12-24,510310,46.383074,上交所,https://query.sse.com.cn/commonQuery.do
2019-12-24,510330,73.442498,上交所,https://query.sse.com.cn/commonQuery.do
2019-12-25,159919,61.364166,深交所,https://www.szse.cn/api/report/ShowReport/data
2019-12-25,510300,95.044877,上交所,https://query.sse.com.cn/commonQuery.do
2019-12-25,510310,46.709196,上交所,https://query.sse.com.cn/commonQuery.do
2019-12-25,510330,73.469498,上交所,https://query.sse.com.cn/commonQuery.do
2019-12-26,159919,61.355166,深交所,https://www.szse.cn/api/report/ShowReport/data
2019-12-26,510300,95.512877,上交所,https://query.sse.com.cn/commonQuery.do
2019-12-26,510310,47.043074,上交所,https://query.sse.com.cn/commonQuery.do
2019-12-26,510330,73.856498,上交所,https://query.sse.com.cn/commonQuery.do
2019-12-27,159919,63.821166,深交所,https://www.szse.cn/api/report/ShowReport/data
2019-12-27,510300,96.367877,上交所,https://query.sse.com.cn/commonQuery.do
2019-12-27,510310,47.323074,上交所,https://query.sse.com.cn/commonQuery.do
2019-12-27,510330,74.191922,上交所,https://query.sse.com.cn/commonQuery.do
2019-12-30,159919,64.532166,深交所,https://www.szse.cn/api/report/ShowReport/data
2019-12-30,510300,97.984707,上交所,https://query.sse.com.cn/commonQuery.do
2019-12-30,510310,47.423074,上交所,https://query.sse.com.cn/commonQuery.do
2019-12-30,510330,74.765498,上交所,https://query.sse.com.cn/commonQuery.do
2019-12-31,159919,65.360166,深交所,https://www.szse.cn/api/report/ShowReport/data
2019-12-31,510300,98.500877,上交所,https://query.sse.com.cn/commonQuery.do
2019-12-31,510310,47.443074,上交所,https://query.sse.com.cn/commonQuery.do
2019-12-31,510330,74.711498,上交所,https://query.sse.com.cn/commonQuery.do
2020-01-02,159919,65.369166,深交所,https://www.szse.cn/api/report/ShowReport/data
2020-01-02,510300,100.417877,上交所,https://query.sse.com.cn/commonQuery.do
2020-01-02,510310,48.034503,上交所,https://query.sse.com.cn/commonQuery.do
2020-01-02,510330,74.630498,上交所,https://query.sse.com.cn/commonQuery.do
2020-01-03,159919,65.369166,深交所,https://www.szse.cn/api/report/ShowReport/data
2020-01-03,510300,101.479868,上交所,https://query.sse.com.cn/commonQuery.do
2020-01-03,510310,48.043074,上交所,https://query.sse.com.cn/commonQuery.do
2020-01-03,510330,74.702498,上交所,https://query.sse.com.cn/commonQuery.do
2020-01-06,159919,65.369166,深交所,https://www.szse.cn/api/report/ShowReport/data
2020-01-06,510300,103.639877,上交所,https://query.sse.com.cn/commonQuery.do
2020-01-06,510310,48.583074,上交所,https://query.sse.com.cn/commonQuery.do
2020-01-06,510330,75.314498,上交所,https://query.sse.com.cn/commonQuery.do
2020-01-07,159919,65.351166,深交所,https://www.szse.cn/api/report/ShowReport/data
2020-01-07,510300,104.413826,上交所,https://query.sse.com.cn/commonQuery.do
2020-01-07,510310,48.483074,上交所,https://query.sse.com.cn/commonQuery.do
2020-01-07,510330,75.350498,上交所,https://query.sse.com.cn/commonQuery.do
2020-01-08,159919,65.360166,深交所,https://www.szse.cn/api/report/ShowReport/data
2020-01-08,510300,104.584877,上交所,https://query.sse.com.cn/commonQuery.do
2020-01-08,510310,48.463074,上交所,https://query.sse.com.cn/commonQuery.do
2020-01-08,510330,75.809498,上交所,https://query.sse.com.cn/commonQuery.do
2020-01-09,159919,66.521166,深交所,https://www.szse.cn/api/report/ShowReport/data
2020-01-09,510300,104.629877,上交所,https://query.sse.com.cn/commonQuery.do
2020-01-09,510310,48.423074,上交所,https://query.sse.com.cn/commonQuery.do
2020-01-09,510330,75.800498,上交所,https://query.sse.com.cn/commonQuery.do
2020-01-10,159919,66.512166,深交所,https://www.szse.cn/api/report/ShowReport/data
2020-01-10,510300,104.694594,上交所,https://query.sse.com.cn/commonQuery.do
2020-01-10,510310,48.383074,上交所,https://query.sse.com.cn/commonQuery.do
2020-01-10,510330,75.800498,上交所,https://query.sse.com.cn/commonQuery.do
2020-01-13,159919,66.539166,深交所,https://www.szse.cn/api/report/ShowReport/data
2020-01-13,510300,104.827877,上交所,https://query.sse.com.cn/commonQuery.do
2020-01-13,510310,48.383074,上交所,https://query.sse.com.cn/commonQuery.do
2020-01-13,510330,75.899498,上交所,https://query.sse.com.cn/commonQuery.do
2020-01-14,159919,66.521166,深交所,https://www.szse.cn/api/report/ShowReport/data
2020-01-14,510300,106.321877,上交所,https://query.sse.com.cn/commonQuery.do
2020-01-14,510310,48.563074,上交所,https://query.sse.com.cn/commonQuery.do
2020-01-14,510330,76.973096,上交所,https://query.sse.com.cn/commonQuery.do
2020-01-15,159919,66.557166,深交所,https://www.szse.cn/api/report/ShowReport/data
2020-01-15,510300,106.231877,上交所,https://query.sse.com.cn/commonQuery.do
2020-01-15,510310,48.563074,上交所,https://query.sse.com.cn/commonQuery.do
2020-01-15,510330,77.024498,上交所,https://query.sse.com.cn/commonQuery.do
2020-01-16,159919,66.539166,深交所,https://www.szse.cn/api/report/ShowReport/data
2020-01-16,510300,106.222877,上交所,https://query.sse.com.cn/commonQuery.do
2020-01-16,510310,48.383074,上交所,https://query.sse.com.cn/commonQuery.do
2020-01-16,510330,77.024498,上交所,https://query.sse.com.cn/commonQuery.do
2020-01-17,159919,66.665166,深交所,https://www.szse.cn/api/report/ShowReport/data
2020-01-17,510300,106.195877,上交所,https://query.sse.com.cn/commonQuery.do
2020-01-17,510310,48.383074,上交所,https://query.sse.com.cn/commonQuery.do
2020-01-17,510330,76.754498,上交所,https://query.sse.com.cn/commonQuery.do
2020-01-20,159919,66.548166,深交所,https://www.szse.cn/api/report/ShowReport/data
2020-01-20,510300,106.213877,上交所,https://query.sse.com.cn/commonQuery.do
2020-01-20,510310,47.963074,上交所,https://query.sse.com.cn/commonQuery.do
2020-01-20,510330,76.754498,上交所,https://query.sse.com.cn/commonQuery.do
2020-01-21,159919,65.819166,深交所,https://www.szse.cn/api/report/ShowReport/data
2020-01-21,510300,105.358877,上交所,https://query.sse.com.cn/commonQuery.do
2020-01-21,510310,47.883074,上交所,https://query.sse.com.cn/commonQuery.do
2020-01-21,510330,76.466498,上交所,https://query.sse.com.cn/commonQuery.do
2020-01-22,159919,65.324166,深交所,https://www.szse.cn/api/report/ShowReport/data
2020-01-22,510300,102.217877,上交所,https://query.sse.com.cn/commonQuery.do
2020-01-22,510310,47.843074,上交所,https://query.sse.com.cn/commonQuery.do
2020-01-22,510330,76.079498,上交所,https://query.sse.com.cn/commonQuery.do
2020-01-23,159919,64.721166,深交所,https://www.szse.cn/api/report/ShowReport/data
2020-01-23,510300,99.949877,上交所,https://query.sse.com.cn/commonQuery.do
2020-01-23,510310,48.023074,上交所,https://query.sse.com.cn/commonQuery.do
2020-01-23,510330,74.819498,上交所,https://query.sse.com.cn/commonQuery.do
2020-02-03,159919,65.954166,深交所,https://www.szse.cn/api/report/ShowReport/data
2020-02-03,510300,105.529877,上交所,https://query.sse.com.cn/commonQuery.do
2020-02-03,510310,48.463074,上交所,https://query.sse.com.cn/commonQuery.do
2020-02-03,510330,77.636498,上交所,https://query.sse.com.cn/commonQuery.do
2020-02-04,159919,66.215166,深交所,https://www.szse.cn/api/report/ShowReport/data
2020-02-04,510300,107.329877,上交所,https://query.sse.com.cn/commonQuery.do
2020-02-04,510310,48.143074,上交所,https://query.sse.com.cn/commonQuery.do
2020-02-04,510330,78.140498,上交所,https://query.sse.com.cn/commonQuery.do
2020-02-05,159919,67.295166,深交所,https://www.szse.cn/api/report/ShowReport/data
2020-02-05,510300,106.006877,上交所,https://query.sse.com.cn/commonQuery.do
2020-02-05,510310,47.983074,上交所,https://query.sse.com.cn/commonQuery.do
2020-02-05,510330,78.257498,上交所,https://query.sse.com.cn/commonQuery.do
2020-02-06,159919,68.393166,深交所,https://www.szse.cn/api/report/ShowReport/data
2020-02-06,510300,107.068877,上交所,https://query.sse.com.cn/commonQuery.do
2020-02-06,510310,48.003074,上交所,https://query.sse.com.cn/commonQuery.do
2020-02-06,510330,78.752498,上交所,https://query.sse.com.cn/commonQuery.do
2020-02-07,159919,69.086166,深交所,https://www.szse.cn/api/report/ShowReport/data
2020-02-07,510300,107.716877,上交所,https://query.sse.com.cn/commonQuery.do
2020-02-07,510310,48.203074,上交所,https://query.sse.com.cn/commonQuery.do
2020-02-07,510330,78.959498,上交所,https://query.sse.com.cn/commonQuery.do
2020-02-10,159919,69.419166,深交所,https://www.szse.cn/api/report/ShowReport/data
2020-02-10,510300,105.817877,上交所,https://query.sse.com.cn/commonQuery.do
2020-02-10,510310,48.083074,上交所,https://query.sse.com.cn/commonQuery.do
2020-02-10,510330,78.842498,上交所,https://query.sse.com.cn/commonQuery.do
2020-02-11,159919,69.095166,深交所,https://www.szse.cn/api/report/ShowReport/data
2020-02-11,510300,104.260877,上交所,https://query.sse.com.cn/commonQuery.do
2020-02-11,510310,47.923074,上交所,https://query.sse.com.cn/commonQuery.do
2020-02-11,510330,78.554498,上交所,https://query.sse.com.cn/commonQuery.do
2020-02-12,159919,69.428166,深交所,https://www.szse.cn/api/report/ShowReport/data
2020-02-12,510300,104.080877,上交所,https://query.sse.com.cn/commonQuery.do
2020-02-12,510310,47.903074,上交所,https://query.sse.com.cn/commonQuery.do
2020-02-12,510330,78.599498,上交所,https://query.sse.com.cn/commonQuery.do
2020-02-13,159919,69.428166,深交所,https://www.szse.cn/api/report/ShowReport/data
2020-02-13,510300,103.351877,上交所,https://query.sse.com.cn/commonQuery.do
2020-02-13,510310,47.863074,上交所,https://query.sse.com.cn/commonQuery.do
2020-02-13,510330,78.437498,上交所,https://query.sse.com.cn/commonQuery.do
2020-02-14,159919,69.473166,深交所,https://www.szse.cn/api/report/ShowReport/data
2020-02-14,510300,103.864877,上交所,https://query.sse.com.cn/commonQuery.do
2020-02-14,510310,47.923074,上交所,https://query.sse.com.cn/commonQuery.do
2020-02-14,510330,78.536498,上交所,https://query.sse.com.cn/commonQuery.do
2020-02-17,159919,69.473166,深交所,https://www.szse.cn/api/report/ShowReport/data
2020-02-17,510300,104.557877,上交所,https://query.sse.com.cn/commonQuery.do
2020-02-17,510310,48.223074,上交所,https://query.sse.com.cn/commonQuery.do
2020-02-17,510330,78.761498,上交所,https://query.sse.com.cn/commonQuery.do
2020-02-18,159919,69.374166,深交所,https://www.szse.cn/api/report/ShowReport/data
2020-02-18,510300,101.470877,上交所,https://query.sse.com.cn/commonQuery.do
2020-02-18,510310,48.163074,上交所,https://query.sse.com.cn/commonQuery.do
2020-02-18,510330,77.591498,上交所,https://query.sse.com.cn/commonQuery.do
2020-02-19,159919,69.536166,深交所,https://www.szse.cn/api/report/ShowReport/data
2020-02-19,510300,99.832877,上交所,https://query.sse.com.cn/commonQuery.do
2020-02-19,510310,47.463074,上交所,https://query.sse.com.cn/commonQuery.do
2020-02-19,510330,76.916498,上交所,https://query.sse.com.cn/commonQuery.do
2020-02-20,159919,69.122166,深交所,https://www.szse.cn/api/report/ShowReport/data
2020-02-20,510300,97.591877,上交所,https://query.sse.com.cn/commonQuery.do
2020-02-20,510310,46.843074,上交所,https://query.sse.com.cn/commonQuery.do
2020-02-20,510330,76.097498,上交所,https://query.sse.com.cn/commonQuery.do
2020-02-21,159919,68.906166,深交所,https://www.szse.cn/api/report/ShowReport/data
2020-02-21,510300,97.186877,上交所,https://query.sse.com.cn/commonQuery.do
2020-02-21,510310,46.563074,上交所,https://query.sse.com.cn/commonQuery.do
2020-02-21,510330,76.160498,上交所,https://query.sse.com.cn/commonQuery.do
2020-02-24,159919,68.645166,深交所,https://www.szse.cn/api/report/ShowReport/data
2020-02-24,510300,96.475877,上交所,https://query.sse.com.cn/commonQuery.do
2020-02-24,510310,45.763074,上交所,https://query.sse.com.cn/commonQuery.do
2020-02-24,510330,75.854498,上交所,https://query.sse.com.cn/commonQuery.do
2020-02-25,159919,68.573166,深交所,https://www.szse.cn/api/report/ShowReport/data
2020-02-25,510300,95.449877,上交所,https://query.sse.com.cn/commonQuery.do
2020-02-25,510310,44.483074,上交所,https://query.sse.com.cn/commonQuery.do
2020-02-25,510330,75.611498,上交所,https://query.sse.com.cn/commonQuery.do
2020-02-26,159919,68.051166,深交所,https://www.szse.cn/api/report/ShowReport/data
2020-02-26,510300,92.812877,上交所,https://query.sse.com.cn/commonQuery.do
2020-02-26,510310,43.603074,上交所,https://query.sse.com.cn/commonQuery.do
2020-02-26,510330,74.621498,上交所,https://query.sse.com.cn/commonQuery.do
2020-02-27,159919,67.511166,深交所,https://www.szse.cn/api/report/ShowReport/data
2020-02-27,510300,91.723877,上交所,https://query.sse.com.cn/commonQuery.do
2020-02-27,510310,43.523074,上交所,https://query.sse.com.cn/commonQuery.do
2020-02-27,510330,73.856498,上交所,https://query.sse.com.cn/commonQuery.do
2020-02-28,159919,66.683166,深交所,https://www.szse.cn/api/report/ShowReport/data
2020-02-28,510300,91.498877,上交所,https://query.sse.com.cn/commonQuery.do
2020-02-28,510310,43.483074,上交所,https://query.sse.com.cn/commonQuery.do
2020-02-28,510330,72.686498,上交所,https://query.sse.com.cn/commonQuery.do
2020-03-02,159919,66.692166,深交所,https://www.szse.cn/api/report/ShowReport/data
2020-03-02,510300,91.336877,上交所,https://query.sse.com.cn/commonQuery.do
2020-03-02,510310,42.523074,上交所,https://query.sse.com.cn/commonQuery.do
2020-03-02,510330,72.416498,上交所,https://query.sse.com.cn/commonQuery.do
2020-03-03,159919,67.583166,深交所,https://www.szse.cn/api/report/ShowReport/data
2020-03-03,510300,91.435877,上交所,https://query.sse.com.cn/commonQuery.do
2020-03-03,510310,41.703074,上交所,https://query.sse.com.cn/commonQuery.do
2020-03-03,510330,72.479498,上交所,https://query.sse.com.cn/commonQuery.do
2020-03-04,159919,67.115166,深交所,https://www.szse.cn/api/report/ShowReport/data
2020-03-04,510300,90.841877,上交所,https://query.sse.com.cn/commonQuery.do
2020-03-04,510310,41.583074,上交所,https://query.sse.com.cn/commonQuery.do
2020-03-04,510330,72.254498,上交所,https://query.sse.com.cn/commonQuery.do
2020-03-05,159919,66.350166,深交所,https://www.szse.cn/api/report/ShowReport/data
2020-03-05,510300,90.373877,上交所,https://query.sse.com.cn/commonQuery.do
2020-03-05,510310,41.303074,上交所,https://query.sse.com.cn/commonQuery.do
2020-03-05,510330,71.480498,上交所,https://query.sse.com.cn/commonQuery.do
2020-03-06,159919,65.702166,深交所,https://www.szse.cn/api/report/ShowReport/data
2020-03-06,510300,90.553877,上交所,https://query.sse.com.cn/commonQuery.do
2020-03-06,510310,41.203074,上交所,https://query.sse.com.cn/commonQuery.do
2020-03-06,510330,71.246498,上交所,https://query.sse.com.cn/commonQuery.do
2020-03-09,159919,65.189166,深交所,https://www.szse.cn/api/report/ShowReport/data
2020-03-09,510300,89.689877,上交所,https://query.sse.com.cn/commonQuery.do
2020-03-09,510310,41.163074,上交所,https://query.sse.com.cn/commonQuery.do
2020-03-09,510330,70.571498,上交所,https://query.sse.com.cn/commonQuery.do
2020-03-10,159919,65.450166,深交所,https://www.szse.cn/api/report/ShowReport/data
2020-03-10,510300,94.783877,上交所,https://query.sse.com.cn/commonQuery.do
2020-03-10,510310,41.603074,上交所,https://query.sse.com.cn/commonQuery.do
2020-03-10,510330,71.687498,上交所,https://query.sse.com.cn/commonQuery.do
2020-03-11,159919,64.784166,深交所,https://www.szse.cn/api/report/ShowReport/data
2020-03-11,510300,90.292877,上交所,https://query.sse.com.cn/commonQuery.do
2020-03-11,510310,41.423074,上交所,https://query.sse.com.cn/commonQuery.do
2020-03-11,510330,70.787498,上交所,https://query.sse.com.cn/commonQuery.do
2020-03-12,159919,64.136166,深交所,https://www.szse.cn/api/report/ShowReport/data
2020-03-12,510300,90.751877,上交所,https://query.sse.com.cn/commonQuery.do
2020-03-12,510310,41.503074,上交所,https://query.sse.com.cn/commonQuery.do
2020-03-12,510330,70.706498,上交所,https://query.sse.com.cn/commonQuery.do
2020-03-13,159919,63.893166,深交所,https://www.szse.cn/api/report/ShowReport/data
2020-03-13,510300,94.153877,上交所,https://query.sse.com.cn/commonQuery.do
2020-03-13,510310,41.923074,上交所,https://query.sse.com.cn/commonQuery.do
2020-03-13,510330,71.039498,上交所,https://query.sse.com.cn/commonQuery.do
2020-03-16,159919,64.694166,深交所,https://www.szse.cn/api/report/ShowReport/data
2020-03-16,510300,94.486877,上交所,https://query.sse.com.cn/commonQuery.do
2020-03-16,510310,42.363074,上交所,https://query.sse.com.cn/commonQuery.do
2020-03-16,510330,71.219498,上交所,https://query.sse.com.cn/commonQuery.do
2020-03-17,159919,65.054166,深交所,https://www.szse.cn/api/report/ShowReport/data
2020-03-17,510300,100.795877,上交所,https://query.sse.com.cn/commonQuery.do
2020-03-17,510310,43.363074,上交所,https://query.sse.com.cn/commonQuery.do
2020-03-17,510330,71.867498,上交所,https://query.sse.com.cn/commonQuery.do
2020-03-18,159919,65.477166,深交所,https://www.szse.cn/api/report/ShowReport/data
2020-03-18,510300,98.464877,上交所,https://query.sse.com.cn/commonQuery.do
2020-03-18,510310,42.923074,上交所,https://query.sse.com.cn/commonQuery.do
2020-03-18,510330,70.841498,上交所,https://query.sse.com.cn/commonQuery.do
2020-03-19,159919,66.305166,深交所,https://www.szse.cn/api/report/ShowReport/data
2020-03-19,510300,107.005877,上交所,https://query.sse.com.cn/commonQuery.do
2020-03-19,510310,43.903074,上交所,https://query.sse.com.cn/commonQuery.do
2020-03-19,510330,71.588498,上交所,https://query.sse.com.cn/commonQuery.do
2020-03-20,159919,67.133166,深交所,https://www.szse.cn/api/report/ShowReport/data
2020-03-20,510300,107.941877,上交所,https://query.sse.com.cn/commonQuery.do
2020-03-20,510310,44.203074,上交所,https://query.sse.com.cn/commonQuery.do
2020-03-20,510330,71.201498,上交所,https://query.sse.com.cn/commonQuery.do
2020-03-23,159919,67.772166,深交所,https://www.szse.cn/api/report/ShowReport/data
2020-03-23,510300,111.712877,上交所,https://query.sse.com.cn/commonQuery.do
2020-03-23,510310,44.963074,上交所,https://query.sse.com.cn/commonQuery.do
2020-03-23,510330,71.723498,上交所,https://query.sse.com.cn/commonQuery.do
2020-03-24,159919,68.159166,深交所,https://www.szse.cn/api/report/ShowReport/data
2020-03-24,510300,114.313877,上交所,https://query.sse.com.cn/commonQuery.do
2020-03-24,510310,46.163074,上交所,https://query.sse.com.cn/commonQuery.do
2020-03-24,510330,73.091498,上交所,https://query.sse.com.cn/commonQuery.do
2020-03-25,159919,69.059166,深交所,https://www.szse.cn/api/report/ShowReport/data
2020-03-25,510300,108.625877,上交所,https://query.sse.com.cn/commonQuery.do
2020-03-25,510310,46.103074,上交所,https://query.sse.com.cn/commonQuery.do
2020-03-25,510330,72.929498,上交所,https://query.sse.com.cn/commonQuery.do
2020-03-26,159919,68.510166,深交所,https://www.szse.cn/api/report/ShowReport/data
2020-03-26,510300,107.338877,上交所,https://query.sse.com.cn/commonQuery.do
2020-03-26,510310,46.323074,上交所,https://query.sse.com.cn/commonQuery.do
2020-03-26,510330,73.010498,上交所,https://query.sse.com.cn/commonQuery.do
2020-03-27,159919,69.203166,深交所,https://www.szse.cn/api/report/ShowReport/data
2020-03-27,510300,108.067877,上交所,https://query.sse.com.cn/commonQuery.do
2020-03-27,510310,46.403074,上交所,https://query.sse.com.cn/commonQuery.do
2020-03-27,510330,73.388498,上交所,https://query.sse.com.cn/commonQuery.do
2020-03-30,159919,69.644166,深交所,https://www.szse.cn/api/report/ShowReport/data
2020-03-30,510300,110.713877,上交所,https://query.sse.com.cn/commonQuery.do
2020-03-30,510310,46.603074,上交所,https://query.sse.com.cn/commonQuery.do
2020-03-30,510330,74.261498,上交所,https://query.sse.com.cn/commonQuery.do
2020-03-31,159919,69.608166,深交所,https://www.szse.cn/api/report/ShowReport/data
2020-03-31,510300,111.091877,上交所,https://query.sse.com.cn/commonQuery.do
2020-03-31,510310,46.543074,上交所,https://query.sse.com.cn/commonQuery.do
2020-03-31,510330,73.910498,上交所,https://query.sse.com.cn/commonQuery.do
2020-04-01,159919,69.761166,深交所,https://www.szse.cn/api/report/ShowReport/data
2020-04-01,510300,110.731877,上交所,https://query.sse.com.cn/commonQuery.do
2020-04-01,510310,46.803074,上交所,https://query.sse.com.cn/commonQuery.do
2020-04-01,510330,73.865498,上交所,https://query.sse.com.cn/commonQuery.do
2020-04-02,159919,69.761166,深交所,https://www.szse.cn/api/report/ShowReport/data
2020-04-02,510300,111.784877,上交所,https://query.sse.com.cn/commonQuery.do
2020-04-02,510310,47.083074,上交所,https://query.sse.com.cn/commonQuery.do
2020-04-02,510330,74.270498,上交所,https://query.sse.com.cn/commonQuery.do
2020-04-03,159919,69.437166,深交所,https://www.szse.cn/api/report/ShowReport/data
2020-04-03,510300,110.479877,上交所,https://query.sse.com.cn/commonQuery.do
2020-04-03,510310,46.863074,上交所,https://query.sse.com.cn/commonQuery.do
2020-04-03,510330,74.063498,上交所,https://query.sse.com.cn/commonQuery.do
2020-04-07,159919,69.554166,深交所,https://www.szse.cn/api/report/ShowReport/data
2020-04-07,510300,110.848877,上交所,https://query.sse.com.cn/commonQuery.do
2020-04-07,510310,47.083074,上交所,https://query.sse.com.cn/commonQuery.do
2020-04-07,510330,74.369498,上交所,https://query.sse.com.cn/commonQuery.do
2020-04-08,159919,69.761166,深交所,https://www.szse.cn/api/report/ShowReport/data
2020-04-08,510300,110.632877,上交所,https://query.sse.com.cn/commonQuery.do
2020-04-08,510310,47.183074,上交所,https://query.sse.com.cn/commonQuery.do
2020-04-08,510330,74.234498,上交所,https://query.sse.com.cn/commonQuery.do
2020-04-09,159919,69.770166,深交所,https://www.szse.cn/api/report/ShowReport/data
2020-04-09,510300,109.444877,上交所,https://query.sse.com.cn/commonQuery.do
2020-04-09,510310,46.963074,上交所,https://query.sse.com.cn/commonQuery.do
2020-04-09,510330,74.360498,上交所,https://query.sse.com.cn/commonQuery.do
2020-04-10,159919,70.454166,深交所,https://www.szse.cn/api/report/ShowReport/data
2020-04-10,510300,109.750877,上交所,https://query.sse.com.cn/commonQuery.do
2020-04-10,510310,47.223074,上交所,https://query.sse.com.cn/commonQuery.do
2020-04-10,510330,75.449498,上交所,https://query.sse.com.cn/commonQuery.do
2020-04-13,159919,71.588166,深交所,https://www.szse.cn/api/report/ShowReport/data
2020-04-13,510300,110.362877,上交所,https://query.sse.com.cn/commonQuery.do
2020-04-13,510310,47.423074,上交所,https://query.sse.com.cn/commonQuery.do
2020-04-13,510330,75.827498,上交所,https://query.sse.com.cn/commonQuery.do
2020-04-14,159919,71.777166,深交所,https://www.szse.cn/api/report/ShowReport/data
2020-04-14,510300,109.570877,上交所,https://query.sse.com.cn/commonQuery.do
2020-04-14,510310,47.963074,上交所,https://query.sse.com.cn/commonQuery.do
2020-04-14,510330,75.908498,上交所,https://query.sse.com.cn/commonQuery.do
2020-04-15,159919,72.641166,深交所,https://www.szse.cn/api/report/ShowReport/data
2020-04-15,510300,109.804877,上交所,https://query.sse.com.cn/commonQuery.do
2020-04-15,510310,48.203074,上交所,https://query.sse.com.cn/commonQuery.do
2020-04-15,510330,76.043498,上交所,https://query.sse.com.cn/commonQuery.do
2020-04-16,159919,72.623166,深交所,https://www.szse.cn/api/report/ShowReport/data
2020-04-16,510300,109.993877,上交所,https://query.sse.com.cn/commonQuery.do
2020-04-16,510310,48.603074,上交所,https://query.sse.com.cn/commonQuery.do
2020-04-16,510330,76.223498,上交所,https://query.sse.com.cn/commonQuery.do
2020-04-17,159919,72.326166,深交所,https://www.szse.cn/api/report/ShowReport/data
2020-04-17,510300,109.201877,上交所,https://query.sse.com.cn/commonQuery.do
2020-04-17,510310,48.523074,上交所,https://query.sse.com.cn/commonQuery.do
2020-04-17,510330,75.926498,上交所,https://query.sse.com.cn/commonQuery.do
2020-04-20,159919,72.335166,深交所,https://www.szse.cn/api/report/ShowReport/data
2020-04-20,510300,106.681877,上交所,https://query.sse.com.cn/commonQuery.do
2020-04-20,510310,48.063074,上交所,https://query.sse.com.cn/commonQuery.do
2020-04-20,510330,75.602498,上交所,https://query.sse.com.cn/commonQuery.do
2020-04-21,159919,73.037166,深交所,https://www.szse.cn/api/report/ShowReport/data
2020-04-21,510300,106.474877,上交所,https://query.sse.com.cn/commonQuery.do
2020-04-21,510310,47.723074,上交所,https://query.sse.com.cn/commonQuery.do
2020-04-21,510330,75.512498,上交所,https://query.sse.com.cn/commonQuery.do
2020-04-22,159919,72.677166,深交所,https://www.szse.cn/api/report/ShowReport/data
2020-04-22,510300,105.781877,上交所,https://query.sse.com.cn/commonQuery.do
2020-04-22,510310,47.383074,上交所,https://query.sse.com.cn/commonQuery.do
2020-04-22,510330,75.458498,上交所,https://query.sse.com.cn/commonQuery.do
2020-04-23,159919,71.921166,深交所,https://www.szse.cn/api/report/ShowReport/data
2020-04-23,510300,106.105877,上交所,https://query.sse.com.cn/commonQuery.do
2020-04-23,510310,47.443074,上交所,https://query.sse.com.cn/commonQuery.do
2020-04-23,510330,75.368498,上交所,https://query.sse.com.cn/commonQuery.do
2020-04-24,159919,73.514166,深交所,https://www.szse.cn/api/report/ShowReport/data
2020-04-24,510300,106.690877,上交所,https://query.sse.com.cn/commonQuery.do
2020-04-24,510310,47.883074,上交所,https://query.sse.com.cn/commonQuery.do
2020-04-24,510330,75.863498,上交所,https://query.sse.com.cn/commonQuery.do
2020-04-27,159919,73.307166,深交所,https://www.szse.cn/api/report/ShowReport/data
2020-04-27,510300,106.771877,上交所,https://query.sse.com.cn/commonQuery.do
2020-04-27,510310,48.163074,上交所,https://query.sse.com.cn/commonQuery.do
2020-04-27,510330,75.503498,上交所,https://query.sse.com.cn/commonQuery.do
2020-04-28,159919,72.668166,深交所,https://www.szse.cn/api/report/ShowReport/data
2020-04-28,510300,105.286877,上交所,https://query.sse.com.cn/commonQuery.do
2020-04-28,510310,48.963074,上交所,https://query.sse.com.cn/commonQuery.do
2020-04-28,510330,75.053498,上交所,https://query.sse.com.cn/commonQuery.do
2020-04-29,159919,73.370166,深交所,https://www.szse.cn/api/report/ShowReport/data
2020-04-29,510300,104.818877,上交所,https://query.sse.com.cn/commonQuery.do
2020-04-29,510310,49.583074,上交所,https://query.sse.com.cn/commonQuery.do
2020-04-29,510330,74.936498,上交所,https://query.sse.com.cn/commonQuery.do
2020-04-30,159919,73.433166,深交所,https://www.szse.cn/api/report/ShowReport/data
2020-04-30,510300,108.094877,上交所,https://query.sse.com.cn/commonQuery.do
2020-04-30,510310,51.463074,上交所,https://query.sse.com.cn/commonQuery.do
2020-04-30,510330,75.827498,上交所,https://query.sse.com.cn/commonQuery.do
2020-05-06,159919,72.956166,深交所,https://www.szse.cn/api/report/ShowReport/data
2020-05-06,510300,107.518877,上交所,https://query.sse.com.cn/commonQuery.do
2020-05-06,510310,51.303074,上交所,https://query.sse.com.cn/commonQuery.do
2020-05-06,510330,75.737498,上交所,https://query.sse.com.cn/commonQuery.do
2020-05-07,159919,73.010166,深交所,https://www.szse.cn/api/report/ShowReport/data
2020-05-07,510300,106.177877,上交所,https://query.sse.com.cn/commonQuery.do
2020-05-07,510310,50.643074,上交所,https://query.sse.com.cn/commonQuery.do
2020-05-07,510330,75.188498,上交所,https://query.sse.com.cn/commonQuery.do
2020-05-08,159919,72.866166,深交所,https://www.szse.cn/api/report/ShowReport/data
2020-05-08,510300,106.654877,上交所,https://query.sse.com.cn/commonQuery.do
2020-05-08,510310,50.343074,上交所,https://query.sse.com.cn/commonQuery.do
2020-05-08,510330,75.170498,上交所,https://query.sse.com.cn/commonQuery.do
2020-05-11,159919,72.875166,深交所,https://www.szse.cn/api/report/ShowReport/data
2020-05-11,510300,106.996877,上交所,https://query.sse.com.cn/commonQuery.do
2020-05-11,510310,50.443074,上交所,https://query.sse.com.cn/commonQuery.do
2020-05-11,510330,75.548498,上交所,https://query.sse.com.cn/commonQuery.do
2020-05-12,159919,72.326166,深交所,https://www.szse.cn/api/report/ShowReport/data
2020-05-12,510300,103.072877,上交所,https://query.sse.com.cn/commonQuery.do
2020-05-12,510310,49.763074,上交所,https://query.sse.com.cn/commonQuery.do
2020-05-12,510330,74.414498,上交所,https://query.sse.com.cn/commonQuery.do
2020-05-13,159919,71.426166,深交所,https://www.szse.cn/api/report/ShowReport/data
2020-05-13,510300,101.569877,上交所,https://query.sse.com.cn/commonQuery.do
2020-05-13,510310,49.043074,上交所,https://query.sse.com.cn/commonQuery.do
2020-05-13,510330,73.793498,上交所,https://query.sse.com.cn/commonQuery.do
2020-05-14,159919,71.201166,深交所,https://www.szse.cn/api/report/ShowReport/data
2020-05-14,510300,102.388877,上交所,https://query.sse.com.cn/commonQuery.do
2020-05-14,510310,48.543074,上交所,https://query.sse.com.cn/commonQuery.do
2020-05-14,510330,73.784498,上交所,https://query.sse.com.cn/commonQuery.do
2020-05-15,159919,71.552166,深交所,https://www.szse.cn/api/report/ShowReport/data
2020-05-15,510300,104.962877,上交所,https://query.sse.com.cn/commonQuery.do
2020-05-15,510310,48.903074,上交所,https://query.sse.com.cn/commonQuery.do
2020-05-15,510330,74.414498,上交所,https://query.sse.com.cn/commonQuery.do
2020-05-18,159919,71.210166,深交所,https://www.szse.cn/api/report/ShowReport/data
2020-05-18,510300,105.322877,上交所,https://query.sse.com.cn/commonQuery.do
2020-05-18,510310,48.623074,上交所,https://query.sse.com.cn/commonQuery.do
2020-05-18,510330,74.630498,上交所,https://query.sse.com.cn/commonQuery.do
2020-05-19,159919,70.778166,深交所,https://www.szse.cn/api/report/ShowReport/data
2020-05-19,510300,104.449877,上交所,https://query.sse.com.cn/commonQuery.do
2020-05-19,510310,48.043074,上交所,https://query.sse.com.cn/commonQuery.do
2020-05-19,510330,74.486498,上交所,https://query.sse.com.cn/commonQuery.do
2020-05-20,159919,71.336166,深交所,https://www.szse.cn/api/report/ShowReport/data
2020-05-20,510300,104.548877,上交所,https://query.sse.com.cn/commonQuery.do
2020-05-20,510310,48.243074,上交所,https://query.sse.com.cn/commonQuery.do
2020-05-20,510330,74.720498,上交所,https://query.sse.com.cn/commonQuery.do
2020-05-21,159919,71.273166,深交所,https://www.szse.cn/api/report/ShowReport/data
2020-05-21,510300,104.413877,上交所,https://query.sse.com.cn/commonQuery.do
2020-05-21,510310,47.943074,上交所,https://query.sse.com.cn/commonQuery.do
2020-05-21,510330,74.729498,上交所,https://query.sse.com.cn/commonQuery.do
2020-05-22,159919,71.228166,深交所,https://www.szse.cn/api/report/ShowReport/data
2020-05-22,510300,104.431877,上交所,https://query.sse.com.cn/commonQuery.do
2020-05-22,510310,47.963074,上交所,https://query.sse.com.cn/commonQuery.do
2020-05-22,510330,74.558498,上交所,https://query.sse.com.cn/commonQuery.do
2020-05-25,159919,71.462166,深交所,https://www.szse.cn/api/report/ShowReport/data
2020-05-25,510300,104.971877,上交所,https://query.sse.com.cn/commonQuery.do
2020-05-25,510310,48.163074,上交所,https://query.sse.com.cn/commonQuery.do
2020-05-25,510330,75.089498,上交所,https://query.sse.com.cn/commonQuery.do
2020-05-26,159919,70.562166,深交所,https://www.szse.cn/api/report/ShowReport/data
2020-05-26,510300,101.740877,上交所,https://query.sse.com.cn/commonQuery.do
2020-05-26,510310,47.503074,上交所,https://query.sse.com.cn/commonQuery.do
2020-05-26,510330,73.775498,上交所,https://query.sse.com.cn/commonQuery.do
2020-05-27,159919,70.274166,深交所,https://www.szse.cn/api/report/ShowReport/data
2020-05-27,510300,101.632877,上交所,https://query.sse.com.cn/commonQuery.do
2020-05-27,510310,47.423074,上交所,https://query.sse.com.cn/commonQuery.do
2020-05-27,510330,73.019498,上交所,https://query.sse.com.cn/commonQuery.do
2020-05-28,159919,69.482166,深交所,https://www.szse.cn/api/report/ShowReport/data
2020-05-28,510300,102.370877,上交所,https://query.sse.com.cn/commonQuery.do
2020-05-28,510310,47.743074,上交所,https://query.sse.com.cn/commonQuery.do
2020-05-28,510330,73.226498,上交所,https://query.sse.com.cn/commonQuery.do
2020-05-29,159919,68.807166,深交所,https://www.szse.cn/api/report/ShowReport/data
2020-05-29,510300,101.587877,上交所,https://query.sse.com.cn/commonQuery.do
2020-05-29,510310,47.563074,上交所,https://query.sse.com.cn/commonQuery.do
2020-05-29,510330,72.272498,上交所,https://query.sse.com.cn/commonQuery.do
2020-06-01,159919,69.095166,深交所,https://www.szse.cn/api/report/ShowReport/data
2020-06-01,510300,102.091877,上交所,https://query.sse.com.cn/commonQuery.do
2020-06-01,510310,47.583074,上交所,https://query.sse.com.cn/commonQuery.do
2020-06-01,510330,73.523498,上交所,https://query.sse.com.cn/commonQuery.do
2020-06-02,159919,68.897166,深交所,https://www.szse.cn/api/report/ShowReport/data
2020-06-02,510300,102.019877,上交所,https://query.sse.com.cn/commonQuery.do
2020-06-02,510310,47.323074,上交所,https://query.sse.com.cn/commonQuery.do
2020-06-02,510330,73.442498,上交所,https://query.sse.com.cn/commonQuery.do
2020-06-03,159919,68.195166,深交所,https://www.szse.cn/api/report/ShowReport/data
2020-06-03,510300,100.435877,上交所,https://query.sse.com.cn/commonQuery.do
2020-06-03,510310,46.883074,上交所,https://query.sse.com.cn/commonQuery.do
2020-06-03,510330,73.010498,上交所,https://query.sse.com.cn/commonQuery.do
2020-06-04,159919,67.538166,深交所,https://www.szse.cn/api/report/ShowReport/data
2020-06-04,510300,98.896877,上交所,https://query.sse.com.cn/commonQuery.do
2020-06-04,510310,45.143074,上交所,https://query.sse.com.cn/commonQuery.do
2020-06-04,510330,72.029498,上交所,https://query.sse.com.cn/commonQuery.do
2020-06-05,159919,65.090166,深交所,https://www.szse.cn/api/report/ShowReport/data
2020-06-05,510300,98.221877,上交所,https://query.sse.com.cn/commonQuery.do
2020-06-05,510310,42.583074,上交所,https://query.sse.com.cn/commonQuery.do
2020-06-05,510330,70.598498,上交所,https://query.sse.com.cn/commonQuery.do
2020-06-08,159919,64.019166,深交所,https://www.szse.cn/api/report/ShowReport/data
2020-06-08,510300,96.889877,上交所,https://query.sse.com.cn/commonQuery.do
2020-06-08,510310,41.003074,上交所,https://query.sse.com.cn/commonQuery.do
2020-06-08,510330,69.158498,上交所,https://query.sse.com.cn/commonQuery.do
2020-06-09,159919,62.048166,深交所,https://www.szse.cn/api/report/ShowReport/data
2020-06-09,510300,96.196877,上交所,https://query.sse.com.cn/commonQuery.do
2020-06-09,510310,40.663074,上交所,https://query.sse.com.cn/commonQuery.do
2020-06-09,510330,68.933498,上交所,https://query.sse.com.cn/commonQuery.do
2020-06-10,159919,61.463166,深交所,https://www.szse.cn/api/report/ShowReport/data
2020-06-10,510300,94.126877,上交所,https://query.sse.com.cn/commonQuery.do
2020-06-10,510310,40.303074,上交所,https://query.sse.com.cn/commonQuery.do
2020-06-10,510330,68.366498,上交所,https://query.sse.com.cn/commonQuery.do
2020-06-11,159919,61.400166,深交所,https://www.szse.cn/api/report/ShowReport/data
2020-06-11,510300,92.488877,上交所,https://query.sse.com.cn/commonQuery.do
2020-06-11,510310,39.903074,上交所,https://query.sse.com.cn/commonQuery.do
2020-06-11,510330,67.970498,上交所,https://query.sse.com.cn/commonQuery.do
2020-06-12,159919,61.625166,深交所,https://www.szse.cn/api/report/ShowReport/data
2020-06-12,510300,92.686877,上交所,https://query.sse.com.cn/commonQuery.do
2020-06-12,510310,40.343074,上交所,https://query.sse.com.cn/commonQuery.do
2020-06-12,510330,68.411498,上交所,https://query.sse.com.cn/commonQuery.do
2020-06-15,159919,61.499166,深交所,https://www.szse.cn/api/report/ShowReport/data
2020-06-15,510300,91.237877,上交所,https://query.sse.com.cn/commonQuery.do
2020-06-15,510310,39.963074,上交所,https://query.sse.com.cn/commonQuery.do
2020-06-15,510330,67.925498,上交所,https://query.sse.com.cn/commonQuery.do
2020-06-16,159919,60.689166,深交所,https://www.szse.cn/api/report/ShowReport/data
2020-06-16,510300,91.831877,上交所,https://query.sse.com.cn/commonQuery.do
2020-06-16,510310,40.503074,上交所,https://query.sse.com.cn/commonQuery.do
2020-06-16,510330,68.654498,上交所,https://query.sse.com.cn/commonQuery.do
2020-06-17,159919,60.014166,深交所,https://www.szse.cn/api/report/ShowReport/data
2020-06-17,510300,90.697877,上交所,https://query.sse.com.cn/commonQuery.do
2020-06-17,510310,40.243074,上交所,https://query.sse.com.cn/commonQuery.do
2020-06-17,510330,68.213498,上交所,https://query.sse.com.cn/commonQuery.do
2020-06-18,159919,58.664166,深交所,https://www.szse.cn/api/report/ShowReport/data
2020-06-18,510300,90.463877,上交所,https://query.sse.com.cn/commonQuery.do
2020-06-18,510310,40.403074,上交所,https://query.sse.com.cn/commonQuery.do
2020-06-18,510330,68.609498,上交所,https://query.sse.com.cn/commonQuery.do
2020-06-19,159919,57.062166,深交所,https://www.szse.cn/api/report/ShowReport/data
2020-06-19,510300,90.040877,上交所,https://query.sse.com.cn/commonQuery.do
2020-06-19,510310,40.683074,上交所,https://query.sse.com.cn/commonQuery.do
2020-06-19,510330,69.023498,上交所,https://query.sse.com.cn/commonQuery.do
2020-06-22,159919,55.172166,深交所,https://www.szse.cn/api/report/ShowReport/data
2020-06-22,510300,88.672877,上交所,https://query.sse.com.cn/commonQuery.do
2020-06-22,510310,40.343074,上交所,https://query.sse.com.cn/commonQuery.do
2020-06-22,510330,67.466498,上交所,https://query.sse.com.cn/commonQuery.do
2020-06-23,159919,54.533166,深交所,https://www.szse.cn/api/report/ShowReport/data
2020-06-23,510300,86.881877,上交所,https://query.sse.com.cn/commonQuery.do
2020-06-23,510310,40.103074,上交所,https://query.sse.com.cn/commonQuery.do
2020-06-23,510330,65.090498,上交所,https://query.sse.com.cn/commonQuery.do
2020-06-24,159919,53.984166,深交所,https://www.szse.cn/api/report/ShowReport/data
2020-06-24,510300,84.613877,上交所,https://query.sse.com.cn/commonQuery.do
2020-06-24,510310,40.063074,上交所,https://query.sse.com.cn/commonQuery.do
2020-06-24,510330,64.334498,上交所,https://query.sse.com.cn/commonQuery.do
2020-06-29,159919,53.705166,深交所,https://www.szse.cn/api/report/ShowReport/data
2020-06-29,510300,84.523877,上交所,https://query.sse.com.cn/commonQuery.do
2020-06-29,510310,39.903074,上交所,https://query.sse.com.cn/commonQuery.do
2020-06-29,510330,64.334498,上交所,https://query.sse.com.cn/commonQuery.do
2020-06-30,159919,53.381166,深交所,https://www.szse.cn/api/report/ShowReport/data
2020-06-30,510300,81.697877,上交所,https://query.sse.com.cn/commonQuery.do
2020-06-30,510310,40.203074,上交所,https://query.sse.com.cn/commonQuery.do
2020-06-30,510330,64.415498,上交所,https://query.sse.com.cn/commonQuery.do
2020-07-01,159919,52.895166,深交所,https://www.szse.cn/api/report/ShowReport/data
2020-07-01,510300,80.149877,上交所,https://query.sse.com.cn/commonQuery.do
2020-07-01,510310,39.823074,上交所,https://query.sse.com.cn/commonQuery.do
2020-07-01,510330,63.875498,上交所,https://query.sse.com.cn/commonQuery.do
2020-07-02,159919,53.228166,深交所,https://www.szse.cn/api/report/ShowReport/data
2020-07-02,510300,82.210877,上交所,https://query.sse.com.cn/commonQuery.do
2020-07-02,510310,39.743074,上交所,https://query.sse.com.cn/commonQuery.do
2020-07-02,510330,64.559498,上交所,https://query.sse.com.cn/commonQuery.do
2020-07-03,159919,53.453166,深交所,https://www.szse.cn/api/report/ShowReport/data
2020-07-03,510300,83.929877,上交所,https://query.sse.com.cn/commonQuery.do
2020-07-03,510310,39.643074,上交所,https://query.sse.com.cn/commonQuery.do
2020-07-03,510330,65.225498,上交所,https://query.sse.com.cn/commonQuery.do
2020-07-06,159919,55.784166,深交所,https://www.szse.cn/api/report/ShowReport/data
2020-07-06,510300,89.122877,上交所,https://query.sse.com.cn/commonQuery.do
2020-07-06,510310,40.183074,上交所,https://query.sse.com.cn/commonQuery.do
2020-07-06,510330,67.700498,上交所,https://query.sse.com.cn/commonQuery.do
2020-07-07,159919,57.332166,深交所,https://www.szse.cn/api/report/ShowReport/data
2020-07-07,510300,95.890877,上交所,https://query.sse.com.cn/commonQuery.do
2020-07-07,510310,41.183074,上交所,https://query.sse.com.cn/commonQuery.do
2020-07-07,510330,69.572498,上交所,https://query.sse.com.cn/commonQuery.do
2020-07-08,159919,59.654166,深交所,https://www.szse.cn/api/report/ShowReport/data
2020-07-08,510300,97.069877,上交所,https://query.sse.com.cn/commonQuery.do
2020-07-08,510310,41.143074,上交所,https://query.sse.com.cn/commonQuery.do
2020-07-08,510330,68.636498,上交所,https://query.sse.com.cn/commonQuery.do
2020-07-09,159919,59.627166,深交所,https://www.szse.cn/api/report/ShowReport/data
2020-07-09,510300,94.720877,上交所,https://query.sse.com.cn/commonQuery.do
2020-07-09,510310,41.283074,上交所,https://query.sse.com.cn/commonQuery.do
2020-07-09,510330,67.682498,上交所,https://query.sse.com.cn/commonQuery.do
2020-07-10,159919,59.402166,深交所,https://www.szse.cn/api/report/ShowReport/data
2020-07-10,510300,96.241877,上交所,https://query.sse.com.cn/commonQuery.do
2020-07-10,510310,41.523074,上交所,https://query.sse.com.cn/commonQuery.do
2020-07-10,510330,67.745498,上交所,https://query.sse.com.cn/commonQuery.do
2020-07-13,159919,58.853166,深交所,https://www.szse.cn/api/report/ShowReport/data
2020-07-13,510300,94.783877,上交所,https://query.sse.com.cn/commonQuery.do
2020-07-13,510310,41.163074,上交所,https://query.sse.com.cn/commonQuery.do
2020-07-13,510330,65.729498,上交所,https://query.sse.com.cn/commonQuery.do
2020-07-14,159919,57.854166,深交所,https://www.szse.cn/api/report/ShowReport/data
2020-07-14,510300,92.326877,上交所,https://query.sse.com.cn/commonQuery.do
2020-07-14,510310,40.443074,上交所,https://query.sse.com.cn/commonQuery.do
2020-07-14,510330,64.343498,上交所,https://query.sse.com.cn/commonQuery.do
2020-07-15,159919,57.530166,深交所,https://www.szse.cn/api/report/ShowReport/data
2020-07-15,510300,91.552877,上交所,https://query.sse.com.cn/commonQuery.do
2020-07-15,510310,40.023074,上交所,https://query.sse.com.cn/commonQuery.do
2020-07-15,510330,64.154498,上交所,https://query.sse.com.cn/commonQuery.do
2020-07-16,159919,56.297166,深交所,https://www.szse.cn/api/report/ShowReport/data
2020-07-16,510300,87.862877,上交所,https://query.sse.com.cn/commonQuery.do
2020-07-16,510310,40.023074,上交所,https://query.sse.com.cn/commonQuery.do
2020-07-16,510330,63.560498,上交所,https://query.sse.com.cn/commonQuery.do
2020-07-17,159919,54.749166,深交所,https://www.szse.cn/api/report/ShowReport/data
2020-07-17,510300,85.882877,上交所,https://query.sse.com.cn/commonQuery.do
2020-07-17,510310,40.123074,上交所,https://query.sse.com.cn/commonQuery.do
2020-07-17,510330,62.687498,上交所,https://query.sse.com.cn/commonQuery.do
2020-07-20,159919,53.858166,深交所,https://www.szse.cn/api/report/ShowReport/data
2020-07-20,510300,82.219877,上交所,https://query.sse.com.cn/commonQuery.do
2020-07-20,510310,39.743074,上交所,https://query.sse.com.cn/commonQuery.do
2020-07-20,510330,61.679498,上交所,https://query.sse.com.cn/commonQuery.do
2020-07-21,159919,52.958166,深交所,https://www.szse.cn/api/report/ShowReport/data
2020-07-21,510300,80.563877,上交所,https://query.sse.com.cn/commonQuery.do
2020-07-21,510310,39.543074,上交所,https://query.sse.com.cn/commonQuery.do
2020-07-21,510330,61.031498,上交所,https://query.sse.com.cn/commonQuery.do
2020-07-22,159919,52.400166,深交所,https://www.szse.cn/api/report/ShowReport/data
2020-07-22,510300,82.255877,上交所,https://query.sse.com.cn/commonQuery.do
2020-07-22,510310,39.103074,上交所,https://query.sse.com.cn/commonQuery.do
2020-07-22,510330,61.544498,上交所,https://query.sse.com.cn/commonQuery.do
2020-07-23,159919,52.301166,深交所,https://www.szse.cn/api/report/ShowReport/data
2020-07-23,510300,82.606877,上交所,https://query.sse.com.cn/commonQuery.do
2020-07-23,510310,39.283074,上交所,https://query.sse.com.cn/commonQuery.do
2020-07-23,510330,61.697498,上交所,https://query.sse.com.cn/commonQuery.do
2020-07-24,159919,51.392166,深交所,https://www.szse.cn/api/report/ShowReport/data
2020-07-24,510300,80.680877,上交所,https://query.sse.com.cn/commonQuery.do
2020-07-24,510310,39.343074,上交所,https://query.sse.com.cn/commonQuery.do
2020-07-24,510330,60.599498,上交所,https://query.sse.com.cn/commonQuery.do
2020-07-27,159919,51.230166,深交所,https://www.szse.cn/api/report/ShowReport/data
2020-07-27,510300,80.914877,上交所,https://query.sse.com.cn/commonQuery.do
2020-07-27,510310,39.983074,上交所,https://query.sse.com.cn/commonQuery.do
2020-07-27,510330,60.806498,上交所,https://query.sse.com.cn/commonQuery.do
2020-07-28,159919,50.312166,深交所,https://www.szse.cn/api/report/ShowReport/data
2020-07-28,510300,79.258877,上交所,https://query.sse.com.cn/commonQuery.do
2020-07-28,510310,39.723074,上交所,https://query.sse.com.cn/commonQuery.do
2020-07-28,510330,60.257498,上交所,https://query.sse.com.cn/commonQuery.do
2020-07-29,159919,50.141166,深交所,https://www.szse.cn/api/report/ShowReport/data
2020-07-29,510300,81.022877,上交所,https://query.sse.com.cn/commonQuery.do
2020-07-29,510310,39.603074,上交所,https://query.sse.com.cn/commonQuery.do
2020-07-29,510330,60.905498,上交所,https://query.sse.com.cn/commonQuery.do
2020-07-30,159919,50.447166,深交所,https://www.szse.cn/api/report/ShowReport/data
2020-07-30,510300,80.590877,上交所,https://query.sse.com.cn/commonQuery.do
2020-07-30,510310,39.423074,上交所,https://query.sse.com.cn/commonQuery.do
2020-07-30,510330,60.851498,上交所,https://query.sse.com.cn/commonQuery.do
2020-07-31,159919,49.790166,深交所,https://www.szse.cn/api/report/ShowReport/data
2020-07-31,510300,79.906877,上交所,https://query.sse.com.cn/commonQuery.do
2020-07-31,510310,39.023074,上交所,https://query.sse.com.cn/commonQuery.do
2020-07-31,510330,61.139498,上交所,https://query.sse.com.cn/commonQuery.do
2020-08-03,159919,51.320166,深交所,https://www.szse.cn/api/report/ShowReport/data
2020-08-03,510300,78.115877,上交所,https://query.sse.com.cn/commonQuery.do
2020-08-03,510310,38.243074,上交所,https://query.sse.com.cn/commonQuery.do
2020-08-03,510330,60.266498,上交所,https://query.sse.com.cn/commonQuery.do
2020-08-04,159919,51.239166,深交所,https://www.szse.cn/api/report/ShowReport/data
2020-08-04,510300,77.863877,上交所,https://query.sse.com.cn/commonQuery.do
2020-08-04,510310,37.923074,上交所,https://query.sse.com.cn/commonQuery.do
2020-08-04,510330,60.203498,上交所,https://query.sse.com.cn/commonQuery.do
2020-08-05,159919,50.402166,深交所,https://www.szse.cn/api/report/ShowReport/data
2020-08-05,510300,76.387877,上交所,https://query.sse.com.cn/commonQuery.do
2020-08-05,510310,37.623074,上交所,https://query.sse.com.cn/commonQuery.do
2020-08-05,510330,58.988498,上交所,https://query.sse.com.cn/commonQuery.do
2020-08-06,159919,50.186166,深交所,https://www.szse.cn/api/report/ShowReport/data
2020-08-06,510300,76.135877,上交所,https://query.sse.com.cn/commonQuery.do
2020-08-06,510310,36.943074,上交所,https://query.sse.com.cn/commonQuery.do
2020-08-06,510330,58.835498,上交所,https://query.sse.com.cn/commonQuery.do
2020-08-07,159919,49.934166,深交所,https://www.szse.cn/api/report/ShowReport/data
2020-08-07,510300,75.091877,上交所,https://query.sse.com.cn/commonQuery.do
2020-08-07,510310,36.583074,上交所,https://query.sse.com.cn/commonQuery.do
2020-08-07,510330,58.754498,上交所,https://query.sse.com.cn/commonQuery.do
2020-08-10,159919,50.141166,深交所,https://www.szse.cn/api/report/ShowReport/data
2020-08-10,510300,74.794877,上交所,https://query.sse.com.cn/commonQuery.do
2020-08-10,510310,36.663074,上交所,https://query.sse.com.cn/commonQuery.do
2020-08-10,510330,58.754498,上交所,https://query.sse.com.cn/commonQuery.do
2020-08-11,159919,49.601166,深交所,https://www.szse.cn/api/report/ShowReport/data
2020-08-11,510300,74.164877,上交所,https://query.sse.com.cn/commonQuery.do
2020-08-11,510310,36.443074,上交所,https://query.sse.com.cn/commonQuery.do
2020-08-11,510330,58.520498,上交所,https://query.sse.com.cn/commonQuery.do
2020-08-12,159919,48.719166,深交所,https://www.szse.cn/api/report/ShowReport/data
2020-08-12,510300,74.146877,上交所,https://query.sse.com.cn/commonQuery.do
2020-08-12,510310,36.563074,上交所,https://query.sse.com.cn/commonQuery.do
2020-08-12,510330,57.908498,上交所,https://query.sse.com.cn/commonQuery.do
2020-08-13,159919,48.323166,深交所,https://www.szse.cn/api/report/ShowReport/data
2020-08-13,510300,73.345877,上交所,https://query.sse.com.cn/commonQuery.do
2020-08-13,510310,36.283074,上交所,https://query.sse.com.cn/commonQuery.do
2020-08-13,510330,57.494498,上交所,https://query.sse.com.cn/commonQuery.do
2020-08-14,159919,48.413166,深交所,https://www.szse.cn/api/report/ShowReport/data
2020-08-14,510300,75.784877,上交所,https://query.sse.com.cn/commonQuery.do
2020-08-14,510310,36.563074,上交所,https://query.sse.com.cn/commonQuery.do
2020-08-14,510330,58.943498,上交所,https://query.sse.com.cn/commonQuery.do
2020-08-17,159919,49.556166,深交所,https://www.szse.cn/api/report/ShowReport/data
2020-08-17,510300,78.061877,上交所,https://query.sse.com.cn/commonQuery.do
2020-08-17,510310,36.463074,上交所,https://query.sse.com.cn/commonQuery.do
2020-08-17,510330,59.105498,上交所,https://query.sse.com.cn/commonQuery.do
2020-08-18,159919,49.583166,深交所,https://www.szse.cn/api/report/ShowReport/data
2020-08-18,510300,79.231877,上交所,https://query.sse.com.cn/commonQuery.do
2020-08-18,510310,36.443074,上交所,https://query.sse.com.cn/commonQuery.do
2020-08-18,510330,59.357498,上交所,https://query.sse.com.cn/commonQuery.do
2020-08-19,159919,49.295166,深交所,https://www.szse.cn/api/report/ShowReport/data
2020-08-19,510300,77.341877,上交所,https://query.sse.com.cn/commonQuery.do
2020-08-19,510310,36.723074,上交所,https://query.sse.com.cn/commonQuery.do
2020-08-19,510330,58.331498,上交所,https://query.sse.com.cn/commonQuery.do
2020-08-20,159919,49.313166,深交所,https://www.szse.cn/api/report/ShowReport/data
2020-08-20,510300,77.611877,上交所,https://query.sse.com.cn/commonQuery.do
2020-08-20,510310,36.883074,上交所,https://query.sse.com.cn/commonQuery.do
2020-08-20,510330,58.277498,上交所,https://query.sse.com.cn/commonQuery.do
2020-08-21,159919,50.294166,深交所,https://www.szse.cn/api/report/ShowReport/data
2020-08-21,510300,77.791877,上交所,https://query.sse.com.cn/commonQuery.do
2020-08-21,510310,37.183074,上交所,https://query.sse.com.cn/commonQuery.do
2020-08-21,510330,58.259498,上交所,https://query.sse.com.cn/commonQuery.do
2020-08-24,159919,49.493166,深交所,https://www.szse.cn/api/report/ShowReport/data
2020-08-24,510300,76.045877,上交所,https://query.sse.com.cn/commonQuery.do
2020-08-24,510310,37.023074,上交所,https://query.sse.com.cn/commonQuery.do
2020-08-24,510330,57.917498,上交所,https://query.sse.com.cn/commonQuery.do
2020-08-25,159919,50.141166,深交所,https://www.szse.cn/api/report/ShowReport/data
2020-08-25,510300,75.694877,上交所,https://query.sse.com.cn/commonQuery.do
2020-08-25,510310,37.103074,上交所,https://query.sse.com.cn/commonQuery.do
2020-08-25,510330,57.818498,上交所,https://query.sse.com.cn/commonQuery.do
2020-08-26,159919,49.844166,深交所,https://www.szse.cn/api/report/ShowReport/data
2020-08-26,510300,75.919877,上交所,https://query.sse.com.cn/commonQuery.do
2020-08-26,510310,37.383074,上交所,https://query.sse.com.cn/commonQuery.do
2020-08-26,510330,57.998498,上交所,https://query.sse.com.cn/commonQuery.do
2020-08-27,159919,50.015166,深交所,https://www.szse.cn/api/report/ShowReport/data
2020-08-27,510300,75.829877,上交所,https://query.sse.com.cn/commonQuery.do
2020-08-27,510310,37.403074,上交所,https://query.sse.com.cn/commonQuery.do
2020-08-27,510330,58.016498,上交所,https://query.sse.com.cn/commonQuery.do
2020-08-28,159919,49.502166,深交所,https://www.szse.cn/api/report/ShowReport/data
2020-08-28,510300,76.225877,上交所,https://query.sse.com.cn/commonQuery.do
2020-08-28,510310,37.463074,上交所,https://query.sse.com.cn/commonQuery.do
2020-08-28,510330,58.502498,上交所,https://query.sse.com.cn/commonQuery.do
2020-08-31,159919,49.898166,深交所,https://www.szse.cn/api/report/ShowReport/data
2020-08-31,510300,76.261877,上交所,https://query.sse.com.cn/commonQuery.do
2020-08-31,510310,37.423074,上交所,https://query.sse.com.cn/commonQuery.do
2020-08-31,510330,58.655498,上交所,https://query.sse.com.cn/commonQuery.do
2020-09-01,159919,50.231166,深交所,https://www.szse.cn/api/report/ShowReport/data
2020-09-01,510300,76.864877,上交所,https://query.sse.com.cn/commonQuery.do
2020-09-01,510310,37.583074,上交所,https://query.sse.com.cn/commonQuery.do
2020-09-01,510330,59.267498,上交所,https://query.sse.com.cn/commonQuery.do
2020-09-02,159919,49.907166,深交所,https://www.szse.cn/api/report/ShowReport/data
2020-09-02,510300,74.695877,上交所,https://query.sse.com.cn/commonQuery.do
2020-09-02,510310,37.123074,上交所,https://query.sse.com.cn/commonQuery.do
2020-09-02,510330,58.061498,上交所,https://query.sse.com.cn/commonQuery.do
2020-09-03,159919,49.691166,深交所,https://www.szse.cn/api/report/ShowReport/data
2020-09-03,510300,74.254877,上交所,https://query.sse.com.cn/commonQuery.do
2020-09-03,510310,36.923074,上交所,https://query.sse.com.cn/commonQuery.do
2020-09-03,510330,58.061498,上交所,https://query.sse.com.cn/commonQuery.do
2020-09-04,159919,49.934166,深交所,https://www.szse.cn/api/report/ShowReport/data
2020-09-04,510300,76.180877,上交所,https://query.sse.com.cn/commonQuery.do
2020-09-04,510310,37.363074,上交所,https://query.sse.com.cn/commonQuery.do
2020-09-04,510330,58.988498,上交所,https://query.sse.com.cn/commonQuery.do
2020-09-07,159919,50.114166,深交所,https://www.szse.cn/api/report/ShowReport/data
2020-09-07,510300,77.215877,上交所,https://query.sse.com.cn/commonQuery.do
2020-09-07,510310,37.463074,上交所,https://query.sse.com.cn/commonQuery.do
2020-09-07,510330,59.078498,上交所,https://query.sse.com.cn/commonQuery.do
2020-09-08,159919,50.222166,深交所,https://www.szse.cn/api/report/ShowReport/data
2020-09-08,510300,79.834877,上交所,https://query.sse.com.cn/commonQuery.do
2020-09-08,510310,37.803074,上交所,https://query.sse.com.cn/commonQuery.do
2020-09-08,510330,59.591498,上交所,https://query.sse.com.cn/commonQuery.do
2020-09-09,159919,50.024166,深交所,https://www.szse.cn/api/report/ShowReport/data
2020-09-09,510300,80.950877,上交所,https://query.sse.com.cn/commonQuery.do
2020-09-09,510310,37.983074,上交所,https://query.sse.com.cn/commonQuery.do
2020-09-09,510330,59.294498,上交所,https://query.sse.com.cn/commonQuery.do
2020-09-10,159919,50.015166,深交所,https://www.szse.cn/api/report/ShowReport/data
2020-09-10,510300,79.231877,上交所,https://query.sse.com.cn/commonQuery.do
2020-09-10,510310,37.923074,上交所,https://query.sse.com.cn/commonQuery.do
2020-09-10,510330,58.619498,上交所,https://query.sse.com.cn/commonQuery.do
2020-09-11,159919,49.808166,深交所,https://www.szse.cn/api/report/ShowReport/data
2020-09-11,510300,79.294877,上交所,https://query.sse.com.cn/commonQuery.do
2020-09-11,510310,38.003074,上交所,https://query.sse.com.cn/commonQuery.do
2020-09-11,510330,58.403498,上交所,https://query.sse.com.cn/commonQuery.do
2020-09-14,159919,49.619166,深交所,https://www.szse.cn/api/report/ShowReport/data
2020-09-14,510300,78.673877,上交所,https://query.sse.com.cn/commonQuery.do
2020-09-14,510310,37.963074,上交所,https://query.sse.com.cn/commonQuery.do
2020-09-14,510330,58.340498,上交所,https://query.sse.com.cn/commonQuery.do
2020-09-15,159919,50.987166,深交所,https://www.szse.cn/api/report/ShowReport/data
2020-09-15,510300,77.494877,上交所,https://query.sse.com.cn/commonQuery.do
2020-09-15,510310,37.943074,上交所,https://query.sse.com.cn/commonQuery.do
2020-09-15,510330,58.097498,上交所,https://query.sse.com.cn/commonQuery.do
2020-09-16,159919,50.465166,深交所,https://www.szse.cn/api/report/ShowReport/data
2020-09-16,510300,76.963877,上交所,https://query.sse.com.cn/commonQuery.do
2020-09-16,510310,37.823074,上交所,https://query.sse.com.cn/commonQuery.do
2020-09-16,510330,57.476498,上交所,https://query.sse.com.cn/commonQuery.do
2020-09-17,159919,51.185166,深交所,https://www.szse.cn/api/report/ShowReport/data
2020-09-17,510300,79.285877,上交所,https://query.sse.com.cn/commonQuery.do
2020-09-17,510310,37.963074,上交所,https://query.sse.com.cn/commonQuery.do
2020-09-17,510330,57.557498,上交所,https://query.sse.com.cn/commonQuery.do
2020-09-18,159919,51.077166,深交所,https://www.szse.cn/api/report/ShowReport/data
2020-09-18,510300,85.162877,上交所,https://query.sse.com.cn/commonQuery.do
2020-09-18,510310,38.023074,上交所,https://query.sse.com.cn/commonQuery.do
2020-09-18,510330,58.133498,上交所,https://query.sse.com.cn/commonQuery.do
2020-09-21,159919,51.554166,深交所,https://www.szse.cn/api/report/ShowReport/data
2020-09-21,510300,85.792877,上交所,https://query.sse.com.cn/commonQuery.do
2020-09-21,510310,37.943074,上交所,https://query.sse.com.cn/commonQuery.do
2020-09-21,510330,58.619498,上交所,https://query.sse.com.cn/commonQuery.do
2020-09-22,159919,50.780166,深交所,https://www.szse.cn/api/report/ShowReport/data
2020-09-22,510300,85.666877,上交所,https://query.sse.com.cn/commonQuery.do
2020-09-22,510310,37.743074,上交所,https://query.sse.com.cn/commonQuery.do
2020-09-22,510330,58.394498,上交所,https://query.sse.com.cn/commonQuery.do
2020-09-23,159919,50.645166,深交所,https://www.szse.cn/api/report/ShowReport/data
2020-09-23,510300,82.768877,上交所,https://query.sse.com.cn/commonQuery.do
2020-09-23,510310,37.443074,上交所,https://query.sse.com.cn/commonQuery.do
2020-09-23,510330,57.449498,上交所,https://query.sse.com.cn/commonQuery.do
2020-09-24,159919,50.312166,深交所,https://www.szse.cn/api/report/ShowReport/data
2020-09-24,510300,82.480877,上交所,https://query.sse.com.cn/commonQuery.do
2020-09-24,510310,37.363074,上交所,https://query.sse.com.cn/commonQuery.do
2020-09-24,510330,57.170498,上交所,https://query.sse.com.cn/commonQuery.do
2020-09-25,159919,50.357166,深交所,https://www.szse.cn/api/report/ShowReport/data
2020-09-25,510300,83.902877,上交所,https://query.sse.com.cn/commonQuery.do
2020-09-25,510310,37.603074,上交所,https://query.sse.com.cn/commonQuery.do
2020-09-25,510330,57.935498,上交所,https://query.sse.com.cn/commonQuery.do
2020-09-28,159919,50.798166,深交所,https://www.szse.cn/api/report/ShowReport/data
2020-09-28,510300,84.289877,上交所,https://query.sse.com.cn/commonQuery.do
2020-09-28,510310,37.663074,上交所,https://query.sse.com.cn/commonQuery.do
2020-09-28,510330,58.178498,上交所,https://query.sse.com.cn/commonQuery.do
2020-09-29,159919,51.230166,深交所,https://www.szse.cn/api/report/ShowReport/data
2020-09-29,510300,84.595877,上交所,https://query.sse.com.cn/commonQuery.do
2020-09-29,510310,37.843074,上交所,https://query.sse.com.cn/commonQuery.do
2020-09-29,510330,58.340498,上交所,https://query.sse.com.cn/commonQuery.do
2020-09-30,159919,50.330166,深交所,https://www.szse.cn/api/report/ShowReport/data
2020-09-30,510300,82.030877,上交所,https://query.sse.com.cn/commonQuery.do
2020-09-30,510310,37.483074,上交所,https://query.sse.com.cn/commonQuery.do
2020-09-30,510330,57.179498,上交所,https://query.sse.com.cn/commonQuery.do
2020-10-09,159919,50.267166,深交所,https://www.szse.cn/api/report/ShowReport/data
2020-10-09,510300,82.345877,上交所,https://query.sse.com.cn/commonQuery.do
2020-10-09,510310,37.603074,上交所,https://query.sse.com.cn/commonQuery.do
2020-10-09,510330,57.431498,上交所,https://query.sse.com.cn/commonQuery.do
2020-10-12,159919,50.645166,深交所,https://www.szse.cn/api/report/ShowReport/data
2020-10-12,510300,82.057877,上交所,https://query.sse.com.cn/commonQuery.do
2020-10-12,510310,37.563074,上交所,https://query.sse.com.cn/commonQuery.do
2020-10-12,510330,57.458498,上交所,https://query.sse.com.cn/commonQuery.do
2020-10-13,159919,50.240166,深交所,https://www.szse.cn/api/report/ShowReport/data
2020-10-13,510300,80.653877,上交所,https://query.sse.com.cn/commonQuery.do
2020-10-13,510310,37.123074,上交所,https://query.sse.com.cn/commonQuery.do
2020-10-13,510330,57.035498,上交所,https://query.sse.com.cn/commonQuery.do
2020-10-14,159919,50.438166,深交所,https://www.szse.cn/api/report/ShowReport/data
2020-10-14,510300,81.814877,上交所,https://query.sse.com.cn/commonQuery.do
2020-10-14,510310,37.203074,上交所,https://query.sse.com.cn/commonQuery.do
2020-10-14,510330,57.107498,上交所,https://query.sse.com.cn/commonQuery.do
2020-10-15,159919,50.555166,深交所,https://www.szse.cn/api/report/ShowReport/data
2020-10-15,510300,81.922877,上交所,https://query.sse.com.cn/commonQuery.do
2020-10-15,510310,37.283074,上交所,https://query.sse.com.cn/commonQuery.do
2020-10-15,510330,57.161498,上交所,https://query.sse.com.cn/commonQuery.do
2020-10-16,159919,50.420166,深交所,https://www.szse.cn/api/report/ShowReport/data
2020-10-16,510300,82.246877,上交所,https://query.sse.com.cn/commonQuery.do
2020-10-16,510310,37.283074,上交所,https://query.sse.com.cn/commonQuery.do
2020-10-16,510330,57.161498,上交所,https://query.sse.com.cn/commonQuery.do
2020-10-19,159919,49.412166,深交所,https://www.szse.cn/api/report/ShowReport/data
2020-10-19,510300,80.320877,上交所,https://query.sse.com.cn/commonQuery.do
2020-10-19,510310,37.243074,上交所,https://query.sse.com.cn/commonQuery.do
2020-10-19,510330,56.846498,上交所,https://query.sse.com.cn/commonQuery.do
2020-10-20,159919,49.412166,深交所,https://www.szse.cn/api/report/ShowReport/data
2020-10-20,510300,80.833877,上交所,https://query.sse.com.cn/commonQuery.do
2020-10-20,510310,37.323074,上交所,https://query.sse.com.cn/commonQuery.do
2020-10-20,510330,57.953498,上交所,https://query.sse.com.cn/commonQuery.do
2020-10-21,159919,49.205166,深交所,https://www.szse.cn/api/report/ShowReport/data
2020-10-21,510300,78.646877,上交所,https://query.sse.com.cn/commonQuery.do
2020-10-21,510310,37.103074,上交所,https://query.sse.com.cn/commonQuery.do
2020-10-21,510330,58.799498,上交所,https://query.sse.com.cn/commonQuery.do
2020-10-22,159919,49.421166,深交所,https://www.szse.cn/api/report/ShowReport/data
2020-10-22,510300,78.727877,上交所,https://query.sse.com.cn/commonQuery.do
2020-10-22,510310,37.263074,上交所,https://query.sse.com.cn/commonQuery.do
2020-10-22,510330,60.563498,上交所,https://query.sse.com.cn/commonQuery.do
2020-10-23,159919,49.763166,深交所,https://www.szse.cn/api/report/ShowReport/data
2020-10-23,510300,83.434877,上交所,https://query.sse.com.cn/commonQuery.do
2020-10-23,510310,37.683074,上交所,https://query.sse.com.cn/commonQuery.do
2020-10-23,510330,61.742498,上交所,https://query.sse.com.cn/commonQuery.do
2020-10-26,159919,50.609166,深交所,https://www.szse.cn/api/report/ShowReport/data
2020-10-26,510300,83.677877,上交所,https://query.sse.com.cn/commonQuery.do
2020-10-26,510310,37.783074,上交所,https://query.sse.com.cn/commonQuery.do
2020-10-26,510330,61.760498,上交所,https://query.sse.com.cn/commonQuery.do
2020-10-27,159919,50.753166,深交所,https://www.szse.cn/api/report/ShowReport/data
2020-10-27,510300,82.624877,上交所,https://query.sse.com.cn/commonQuery.do
2020-10-27,510310,37.823074,上交所,https://query.sse.com.cn/commonQuery.do
2020-10-27,510330,61.481498,上交所,https://query.sse.com.cn/commonQuery.do
2020-10-28,159919,50.411166,深交所,https://www.szse.cn/api/report/ShowReport/data
2020-10-28,510300,80.860877,上交所,https://query.sse.com.cn/commonQuery.do
2020-10-28,510310,38.023074,上交所,https://query.sse.com.cn/commonQuery.do
2020-10-28,510330,60.968498,上交所,https://query.sse.com.cn/commonQuery.do
2020-10-29,159919,50.411166,深交所,https://www.szse.cn/api/report/ShowReport/data
2020-10-29,510300,80.311877,上交所,https://query.sse.com.cn/commonQuery.do
2020-10-29,510310,37.983074,上交所,https://query.sse.com.cn/commonQuery.do
2020-10-29,510330,60.653498,上交所,https://query.sse.com.cn/commonQuery.do
2020-10-30,159919,50.609166,深交所,https://www.szse.cn/api/report/ShowReport/data
2020-10-30,510300,80.068877,上交所,https://query.sse.com.cn/commonQuery.do
2020-10-30,510310,38.003074,上交所,https://query.sse.com.cn/commonQuery.do
2020-10-30,510330,60.320498,上交所,https://query.sse.com.cn/commonQuery.do
2020-11-02,159919,50.744166,深交所,https://www.szse.cn/api/report/ShowReport/data
2020-11-02,510300,80.140877,上交所,https://query.sse.com.cn/commonQuery.do
2020-11-02,510310,37.923074,上交所,https://query.sse.com.cn/commonQuery.do
2020-11-02,510330,60.005498,上交所,https://query.sse.com.cn/commonQuery.do
2020-11-03,159919,50.627166,深交所,https://www.szse.cn/api/report/ShowReport/data
2020-11-03,510300,79.456877,上交所,https://query.sse.com.cn/commonQuery.do
2020-11-03,510310,37.983074,上交所,https://query.sse.com.cn/commonQuery.do
2020-11-03,510330,59.357498,上交所,https://query.sse.com.cn/commonQuery.do
2020-11-04,159919,49.844166,深交所,https://www.szse.cn/api/report/ShowReport/data
2020-11-04,510300,78.205877,上交所,https://query.sse.com.cn/commonQuery.do
2020-11-04,510310,37.743074,上交所,https://query.sse.com.cn/commonQuery.do
2020-11-04,510330,58.772498,上交所,https://query.sse.com.cn/commonQuery.do
2020-11-05,159919,50.051166,深交所,https://www.szse.cn/api/report/ShowReport/data
2020-11-05,510300,78.142877,上交所,https://query.sse.com.cn/commonQuery.do
2020-11-05,510310,37.783074,上交所,https://query.sse.com.cn/commonQuery.do
2020-11-05,510330,58.763498,上交所,https://query.sse.com.cn/commonQuery.do
2020-11-06,159919,50.141166,深交所,https://www.szse.cn/api/report/ShowReport/data
2020-11-06,510300,76.792877,上交所,https://query.sse.com.cn/commonQuery.do
2020-11-06,510310,37.643074,上交所,https://query.sse.com.cn/commonQuery.do
2020-11-06,510330,58.583498,上交所,https://query.sse.com.cn/commonQuery.do
2020-11-09,159919,50.339166,深交所,https://www.szse.cn/api/report/ShowReport/data
2020-11-09,510300,79.672877,上交所,https://query.sse.com.cn/commonQuery.do
2020-11-09,510310,37.723074,上交所,https://query.sse.com.cn/commonQuery.do
2020-11-09,510330,59.303498,上交所,https://query.sse.com.cn/commonQuery.do
2020-11-10,159919,50.537166,深交所,https://www.szse.cn/api/report/ShowReport/data
2020-11-10,510300,80.140877,上交所,https://query.sse.com.cn/commonQuery.do
2020-11-10,510310,37.623074,上交所,https://query.sse.com.cn/commonQuery.do
2020-11-10,510330,59.204498,上交所,https://query.sse.com.cn/commonQuery.do
2020-11-11,159919,50.573166,深交所,https://www.szse.cn/api/report/ShowReport/data
2020-11-11,510300,81.967877,上交所,https://query.sse.com.cn/commonQuery.do
2020-11-11,510310,37.703074,上交所,https://query.sse.com.cn/commonQuery.do
2020-11-11,510330,59.600498,上交所,https://query.sse.com.cn/commonQuery.do
2020-11-12,159919,51.365166,深交所,https://www.szse.cn/api/report/ShowReport/data
2020-11-12,510300,81.319877,上交所,https://query.sse.com.cn/commonQuery.do
2020-11-12,510310,36.943074,上交所,https://query.sse.com.cn/commonQuery.do
2020-11-12,510330,59.339498,上交所,https://query.sse.com.cn/commonQuery.do
2020-11-13,159919,51.032166,深交所,https://www.szse.cn/api/report/ShowReport/data
2020-11-13,510300,79.960877,上交所,https://query.sse.com.cn/commonQuery.do
2020-11-13,510310,36.583074,上交所,https://query.sse.com.cn/commonQuery.do
2020-11-13,510330,58.349498,上交所,https://query.sse.com.cn/commonQuery.do
2020-11-16,159919,50.852166,深交所,https://www.szse.cn/api/report/ShowReport/data
2020-11-16,510300,79.195877,上交所,https://query.sse.com.cn/commonQuery.do
2020-11-16,510310,36.503074,上交所,https://query.sse.com.cn/commonQuery.do
2020-11-16,510330,58.142498,上交所,https://query.sse.com.cn/commonQuery.do
2020-11-17,159919,50.789166,深交所,https://www.szse.cn/api/report/ShowReport/data
2020-11-17,510300,79.159877,上交所,https://query.sse.com.cn/commonQuery.do
2020-11-17,510310,36.503074,上交所,https://query.sse.com.cn/commonQuery.do
2020-11-17,510330,58.097498,上交所,https://query.sse.com.cn/commonQuery.do
2020-11-18,159919,50.798166,深交所,https://www.szse.cn/api/report/ShowReport/data
2020-11-18,510300,80.932877,上交所,https://query.sse.com.cn/commonQuery.do
2020-11-18,510310,36.583074,上交所,https://query.sse.com.cn/commonQuery.do
2020-11-18,510330,58.565498,上交所,https://query.sse.com.cn/commonQuery.do
2020-11-19,159919,51.059166,深交所,https://www.szse.cn/api/report/ShowReport/data
2020-11-19,510300,81.364877,上交所,https://query.sse.com.cn/commonQuery.do
2020-11-19,510310,36.603074,上交所,https://query.sse.com.cn/commonQuery.do
2020-11-19,510330,58.403498,上交所,https://query.sse.com.cn/commonQuery.do
2020-11-20,159919,50.888166,深交所,https://www.szse.cn/api/report/ShowReport/data
2020-11-20,510300,81.418877,上交所,https://query.sse.com.cn/commonQuery.do
2020-11-20,510310,36.643074,上交所,https://query.sse.com.cn/commonQuery.do
2020-11-20,510330,58.043498,上交所,https://query.sse.com.cn/commonQuery.do
2020-11-23,159919,50.240166,深交所,https://www.szse.cn/api/report/ShowReport/data
2020-11-23,510300,81.922877,上交所,https://query.sse.com.cn/commonQuery.do
2020-11-23,510310,36.503074,上交所,https://query.sse.com.cn/commonQuery.do
2020-11-23,510330,58.214498,上交所,https://query.sse.com.cn/commonQuery.do
2020-11-24,159919,50.681166,深交所,https://www.szse.cn/api/report/ShowReport/data
2020-11-24,510300,82.822877,上交所,https://query.sse.com.cn/commonQuery.do
2020-11-24,510310,36.503074,上交所,https://query.sse.com.cn/commonQuery.do
2020-11-24,510330,58.340498,上交所,https://query.sse.com.cn/commonQuery.do
2020-11-25,159919,50.366166,深交所,https://www.szse.cn/api/report/ShowReport/data
2020-11-25,510300,83.173877,上交所,https://query.sse.com.cn/commonQuery.do
2020-11-25,510310,36.543074,上交所,https://query.sse.com.cn/commonQuery.do
2020-11-25,510330,58.412498,上交所,https://query.sse.com.cn/commonQuery.do
2020-11-26,159919,50.249166,深交所,https://www.szse.cn/api/report/ShowReport/data
2020-11-26,510300,84.865877,上交所,https://query.sse.com.cn/commonQuery.do
2020-11-26,510310,36.803074,上交所,https://query.sse.com.cn/commonQuery.do
2020-11-26,510330,59.114498,上交所,https://query.sse.com.cn/commonQuery.do
2020-11-27,159919,50.114166,深交所,https://www.szse.cn/api/report/ShowReport/data
2020-11-27,510300,83.884877,上交所,https://query.sse.com.cn/commonQuery.do
2020-11-27,510310,36.843074,上交所,https://query.sse.com.cn/commonQuery.do
2020-11-27,510330,58.799498,上交所,https://query.sse.com.cn/commonQuery.do
2020-11-30,159919,50.204166,深交所,https://www.szse.cn/api/report/ShowReport/data
2020-11-30,510300,83.380877,上交所,https://query.sse.com.cn/commonQuery.do
2020-11-30,510310,36.703074,上交所,https://query.sse.com.cn/commonQuery.do
2020-11-30,510330,58.718498,上交所,https://query.sse.com.cn/commonQuery.do
2020-12-01,159919,50.519166,深交所,https://www.szse.cn/api/report/ShowReport/data
2020-12-01,510300,84.757877,上交所,https://query.sse.com.cn/commonQuery.do
2020-12-01,510310,37.083074,上交所,https://query.sse.com.cn/commonQuery.do
2020-12-01,510330,59.159498,上交所,https://query.sse.com.cn/commonQuery.do
2020-12-02,159919,49.772166,深交所,https://www.szse.cn/api/report/ShowReport/data
2020-12-02,510300,84.613877,上交所,https://query.sse.com.cn/commonQuery.do
2020-12-02,510310,37.163074,上交所,https://query.sse.com.cn/commonQuery.do
2020-12-02,510330,59.078498,上交所,https://query.sse.com.cn/commonQuery.do
2020-12-03,159919,49.817166,深交所,https://www.szse.cn/api/report/ShowReport/data
2020-12-03,510300,85.054877,上交所,https://query.sse.com.cn/commonQuery.do
2020-12-03,510310,37.203074,上交所,https://query.sse.com.cn/commonQuery.do
2020-12-03,510330,58.637498,上交所,https://query.sse.com.cn/commonQuery.do
2020-12-04,159919,49.943166,深交所,https://www.szse.cn/api/report/ShowReport/data
2020-12-04,510300,86.116877,上交所,https://query.sse.com.cn/commonQuery.do
2020-12-04,510310,37.303074,上交所,https://query.sse.com.cn/commonQuery.do
2020-12-04,510330,58.475498,上交所,https://query.sse.com.cn/commonQuery.do
2020-12-07,159919,49.547166,深交所,https://www.szse.cn/api/report/ShowReport/data
2020-12-07,510300,84.865877,上交所,https://query.sse.com.cn/commonQuery.do
2020-12-07,510310,37.383074,上交所,https://query.sse.com.cn/commonQuery.do
2020-12-07,510330,58.097498,上交所,https://query.sse.com.cn/commonQuery.do
2020-12-08,159919,49.943166,深交所,https://www.szse.cn/api/report/ShowReport/data
2020-12-08,510300,86.692877,上交所,https://query.sse.com.cn/commonQuery.do
2020-12-08,510310,37.683074,上交所,https://query.sse.com.cn/commonQuery.do
2020-12-08,510330,58.619498,上交所,https://query.sse.com.cn/commonQuery.do
2020-12-09,159919,51.293166,深交所,https://www.szse.cn/api/report/ShowReport/data
2020-12-09,510300,89.257877,上交所,https://query.sse.com.cn/commonQuery.do
2020-12-09,510310,37.843074,上交所,https://query.sse.com.cn/commonQuery.do
2020-12-09,510330,59.114498,上交所,https://query.sse.com.cn/commonQuery.do
2020-12-10,159919,51.572166,深交所,https://www.szse.cn/api/report/ShowReport/data
2020-12-10,510300,89.986877,上交所,https://query.sse.com.cn/commonQuery.do
2020-12-10,510310,37.983074,上交所,https://query.sse.com.cn/commonQuery.do
2020-12-10,510330,58.925498,上交所,https://query.sse.com.cn/commonQuery.do
2020-12-11,159919,51.014166,深交所,https://www.szse.cn/api/report/ShowReport/data
2020-12-11,510300,89.941877,上交所,https://query.sse.com.cn/commonQuery.do
2020-12-11,510310,38.043074,上交所,https://query.sse.com.cn/commonQuery.do
2020-12-11,510330,58.133498,上交所,https://query.sse.com.cn/commonQuery.do
2020-12-14,159919,50.645166,深交所,https://www.szse.cn/api/report/ShowReport/data
2020-12-14,510300,89.239877,上交所,https://query.sse.com.cn/commonQuery.do
2020-12-14,510310,37.863074,上交所,https://query.sse.com.cn/commonQuery.do
2020-12-14,510330,57.881498,上交所,https://query.sse.com.cn/commonQuery.do
2020-12-15,159919,49.853166,深交所,https://www.szse.cn/api/report/ShowReport/data
2020-12-15,510300,88.474877,上交所,https://query.sse.com.cn/commonQuery.do
2020-12-15,510310,37.823074,上交所,https://query.sse.com.cn/commonQuery.do
2020-12-15,510330,57.134498,上交所,https://query.sse.com.cn/commonQuery.do
2020-12-16,159919,48.836166,深交所,https://www.szse.cn/api/report/ShowReport/data
2020-12-16,510300,87.430877,上交所,https://query.sse.com.cn/commonQuery.do
2020-12-16,510310,37.643074,上交所,https://query.sse.com.cn/commonQuery.do
2020-12-16,510330,56.693498,上交所,https://query.sse.com.cn/commonQuery.do
2020-12-17,159919,48.557166,深交所,https://www.szse.cn/api/report/ShowReport/data
2020-12-17,510300,87.079877,上交所,https://query.sse.com.cn/commonQuery.do
2020-12-17,510310,37.623074,上交所,https://query.sse.com.cn/commonQuery.do
2020-12-17,510330,57.170498,上交所,https://query.sse.com.cn/commonQuery.do
2020-12-18,159919,47.270166,深交所,https://www.szse.cn/api/report/ShowReport/data
2020-12-18,510300,85.036877,上交所,https://query.sse.com.cn/commonQuery.do
2020-12-18,510310,37.643074,上交所,https://query.sse.com.cn/commonQuery.do
2020-12-18,510330,56.828498,上交所,https://query.sse.com.cn/commonQuery.do
2020-12-21,159919,47.315166,深交所,https://www.szse.cn/api/report/ShowReport/data
2020-12-21,510300,86.017877,上交所,https://query.sse.com.cn/commonQuery.do
2020-12-21,510310,37.643074,上交所,https://query.sse.com.cn/commonQuery.do
2020-12-21,510330,57.197498,上交所,https://query.sse.com.cn/commonQuery.do
2020-12-22,159919,46.496166,深交所,https://www.szse.cn/api/report/ShowReport/data
2020-12-22,510300,84.433877,上交所,https://query.sse.com.cn/commonQuery.do
2020-12-22,510310,37.383074,上交所,https://query.sse.com.cn/commonQuery.do
2020-12-22,510330,56.531498,上交所,https://query.sse.com.cn/commonQuery.do
2020-12-23,159919,46.703166,深交所,https://www.szse.cn/api/report/ShowReport/data
2020-12-23,510300,84.154877,上交所,https://query.sse.com.cn/commonQuery.do
2020-12-23,510310,37.443074,上交所,https://query.sse.com.cn/commonQuery.do
2020-12-23,510330,56.711498,上交所,https://query.sse.com.cn/commonQuery.do
2020-12-24,159919,46.145166,深交所,https://www.szse.cn/api/report/ShowReport/data
2020-12-24,510300,82.660877,上交所,https://query.sse.com.cn/commonQuery.do
2020-12-24,510310,37.303074,上交所,https://query.sse.com.cn/commonQuery.do
2020-12-24,510330,56.441498,上交所,https://query.sse.com.cn/commonQuery.do
2020-12-25,159919,46.343166,深交所,https://www.szse.cn/api/report/ShowReport/data
2020-12-25,510300,84.640877,上交所,https://query.sse.com.cn/commonQuery.do
2020-12-25,510310,37.563074,上交所,https://query.sse.com.cn/commonQuery.do
2020-12-25,510330,57.080498,上交所,https://query.sse.com.cn/commonQuery.do
2020-12-28,159919,46.487166,深交所,https://www.szse.cn/api/report/ShowReport/data
2020-12-28,510300,84.118877,上交所,https://query.sse.com.cn/commonQuery.do
2020-12-28,510310,37.483074,上交所,https://query.sse.com.cn/commonQuery.do
2020-12-28,510330,57.053498,上交所,https://query.sse.com.cn/commonQuery.do
2020-12-29,159919,46.766166,深交所,https://www.szse.cn/api/report/ShowReport/data
2020-12-29,510300,84.298877,上交所,https://query.sse.com.cn/commonQuery.do
2020-12-29,510310,37.883074,上交所,https://query.sse.com.cn/commonQuery.do
2020-12-29,510330,57.368498,上交所,https://query.sse.com.cn/commonQuery.do
2020-12-30,159919,47.243166,深交所,https://www.szse.cn/api/report/ShowReport/data
2020-12-30,510300,84.541877,上交所,https://query.sse.com.cn/commonQuery.do
2020-12-30,510310,37.903074,上交所,https://query.sse.com.cn/commonQuery.do
2020-12-30,510330,57.782498,上交所,https://query.sse.com.cn/commonQuery.do
2020-12-31,159919,48.242166,深交所,https://www.szse.cn/api/report/ShowReport/data
2020-12-31,510300,86.575877,上交所,https://query.sse.com.cn/commonQuery.do
2020-12-31,510310,37.883074,上交所,https://query.sse.com.cn/commonQuery.do
2020-12-31,510330,57.647498,上交所,https://query.sse.com.cn/commonQuery.do
2021-01-04,159919,48.188166,深交所,https://www.szse.cn/api/report/ShowReport/data
2021-01-04,510300,86.449877,上交所,https://query.sse.com.cn/commonQuery.do
2021-01-04,510310,37.503074,上交所,https://query.sse.com.cn/commonQuery.do
2021-01-04,510330,57.899498,上交所,https://query.sse.com.cn/commonQuery.do
2021-01-05,159919,47.207166,深交所,https://www.szse.cn/api/report/ShowReport/data
2021-01-05,510300,83.857877,上交所,https://query.sse.com.cn/commonQuery.do
2021-01-05,510310,36.883074,上交所,https://query.sse.com.cn/commonQuery.do
2021-01-05,510330,57.737498,上交所,https://query.sse.com.cn/commonQuery.do
2021-01-06,159919,47.270166,深交所,https://www.szse.cn/api/report/ShowReport/data
2021-01-06,510300,83.704877,上交所,https://query.sse.com.cn/commonQuery.do
2021-01-06,510310,36.683074,上交所,https://query.sse.com.cn/commonQuery.do
2021-01-06,510330,57.602498,上交所,https://query.sse.com.cn/commonQuery.do
2021-01-07,159919,46.685166,深交所,https://www.szse.cn/api/report/ShowReport/data
2021-01-07,510300,84.928877,上交所,https://query.sse.com.cn/commonQuery.do
2021-01-07,510310,36.563074,上交所,https://query.sse.com.cn/commonQuery.do
2021-01-07,510330,57.719498,上交所,https://query.sse.com.cn/commonQuery.do
2021-01-08,159919,47.018166,深交所,https://www.szse.cn/api/report/ShowReport/data
2021-01-08,510300,88.474877,上交所,https://query.sse.com.cn/commonQuery.do
2021-01-08,510310,36.563074,上交所,https://query.sse.com.cn/commonQuery.do
2021-01-08,510330,58.466498,上交所,https://query.sse.com.cn/commonQuery.do
2021-01-11,159919,47.351166,深交所,https://www.szse.cn/api/report/ShowReport/data
2021-01-11,510300,86.530877,上交所,https://query.sse.com.cn/commonQuery.do
2021-01-11,510310,36.403074,上交所,https://query.sse.com.cn/commonQuery.do
2021-01-11,510330,57.989498,上交所,https://query.sse.com.cn/commonQuery.do
2021-01-12,159919,47.315166,深交所,https://www.szse.cn/api/report/ShowReport/data
2021-01-12,510300,85.027877,上交所,https://query.sse.com.cn/commonQuery.do
2021-01-12,510310,36.183074,上交所,https://query.sse.com.cn/commonQuery.do
2021-01-12,510330,57.800498,上交所,https://query.sse.com.cn/commonQuery.do
2021-01-13,159919,47.162166,深交所,https://www.szse.cn/api/report/ShowReport/data
2021-01-13,510300,84.946877,上交所,https://query.sse.com.cn/commonQuery.do
2021-01-13,510310,36.183074,上交所,https://query.sse.com.cn/commonQuery.do
2021-01-13,510330,57.638498,上交所,https://query.sse.com.cn/commonQuery.do
2021-01-14,159919,47.837166,深交所,https://www.szse.cn/api/report/ShowReport/data
2021-01-14,510300,88.447877,上交所,https://query.sse.com.cn/commonQuery.do
2021-01-14,510310,36.523074,上交所,https://query.sse.com.cn/commonQuery.do
2021-01-14,510330,57.899498,上交所,https://query.sse.com.cn/commonQuery.do
2021-01-15,159919,47.819166,深交所,https://www.szse.cn/api/report/ShowReport/data
2021-01-15,510300,88.249877,上交所,https://query.sse.com.cn/commonQuery.do
2021-01-15,510310,36.683074,上交所,https://query.sse.com.cn/commonQuery.do
2021-01-15,510330,57.332498,上交所,https://query.sse.com.cn/commonQuery.do
2021-01-18,159919,47.954166,深交所,https://www.szse.cn/api/report/ShowReport/data
2021-01-18,510300,88.096877,上交所,https://query.sse.com.cn/commonQuery.do
2021-01-18,510310,36.583074,上交所,https://query.sse.com.cn/commonQuery.do
2021-01-18,510330,57.323498,上交所,https://query.sse.com.cn/commonQuery.do
2021-01-19,159919,48.017166,深交所,https://www.szse.cn/api/report/ShowReport/data
2021-01-19,510300,87.457877,上交所,https://query.sse.com.cn/commonQuery.do
2021-01-19,510310,36.683074,上交所,https://query.sse.com.cn/commonQuery.do
2021-01-19,510330,57.215498,上交所,https://query.sse.com.cn/commonQuery.do
2021-01-20,159919,47.702166,深交所,https://www.szse.cn/api/report/ShowReport/data
2021-01-20,510300,86.674877,上交所,https://query.sse.com.cn/commonQuery.do
2021-01-20,510310,36.723074,上交所,https://query.sse.com.cn/commonQuery.do
2021-01-20,510330,56.999498,上交所,https://query.sse.com.cn/commonQuery.do
2021-01-21,159919,46.541166,深交所,https://www.szse.cn/api/report/ShowReport/data
2021-01-21,510300,85.423877,上交所,https://query.sse.com.cn/commonQuery.do
2021-01-21,510310,36.663074,上交所,https://query.sse.com.cn/commonQuery.do
2021-01-21,510330,56.342498,上交所,https://query.sse.com.cn/commonQuery.do
2021-01-22,159919,44.921166,深交所,https://www.szse.cn/api/report/ShowReport/data
2021-01-22,510300,82.471877,上交所,https://query.sse.com.cn/commonQuery.do
2021-01-22,510310,36.483074,上交所,https://query.sse.com.cn/commonQuery.do
2021-01-22,510330,55.622498,上交所,https://query.sse.com.cn/commonQuery.do
2021-01-25,159919,43.454166,深交所,https://www.szse.cn/api/report/ShowReport/data
2021-01-25,510300,79.888877,上交所,https://query.sse.com.cn/commonQuery.do
2021-01-25,510310,36.303074,上交所,https://query.sse.com.cn/commonQuery.do
2021-01-25,510330,55.496498,上交所,https://query.sse.com.cn/commonQuery.do
2021-01-26,159919,43.598166,深交所,https://www.szse.cn/api/report/ShowReport/data
2021-01-26,510300,80.221877,上交所,https://query.sse.com.cn/commonQuery.do
2021-01-26,510310,36.443074,上交所,https://query.sse.com.cn/commonQuery.do
2021-01-26,510330,55.253498,上交所,https://query.sse.com.cn/commonQuery.do
2021-01-27,159919,42.860166,深交所,https://www.szse.cn/api/report/ShowReport/data
2021-01-27,510300,81.211877,上交所,https://query.sse.com.cn/commonQuery.do
2021-01-27,510310,36.823074,上交所,https://query.sse.com.cn/commonQuery.do
2021-01-27,510330,54.794498,上交所,https://query.sse.com.cn/commonQuery.do
2021-01-28,159919,43.526166,深交所,https://www.szse.cn/api/report/ShowReport/data
2021-01-28,510300,81.832877,上交所,https://query.sse.com.cn/commonQuery.do
2021-01-28,510310,37.543074,上交所,https://query.sse.com.cn/commonQuery.do
2021-01-28,510330,55.325498,上交所,https://query.sse.com.cn/commonQuery.do
2021-01-29,159919,44.399166,深交所,https://www.szse.cn/api/report/ShowReport/data
2021-01-29,510300,83.479877,上交所,https://query.sse.com.cn/commonQuery.do
2021-01-29,510310,37.843074,上交所,https://query.sse.com.cn/commonQuery.do
2021-01-29,510330,55.802498,上交所,https://query.sse.com.cn/commonQuery.do
2021-02-01,159919,45.236166,深交所,https://www.szse.cn/api/report/ShowReport/data
2021-02-01,510300,81.913877,上交所,https://query.sse.com.cn/commonQuery.do
2021-02-01,510310,37.343074,上交所,https://query.sse.com.cn/commonQuery.do
2021-02-01,510330,55.145498,上交所,https://query.sse.com.cn/commonQuery.do
2021-02-02,159919,43.436166,深交所,https://www.szse.cn/api/report/ShowReport/data
2021-02-02,510300,77.800877,上交所,https://query.sse.com.cn/commonQuery.do
2021-02-02,510310,36.983074,上交所,https://query.sse.com.cn/commonQuery.do
2021-02-02,510330,54.047498,上交所,https://query.sse.com.cn/commonQuery.do
2021-02-03,159919,41.924166,深交所,https://www.szse.cn/api/report/ShowReport/data
2021-02-03,510300,76.459877,上交所,https://query.sse.com.cn/commonQuery.do
2021-02-03,510310,36.843074,上交所,https://query.sse.com.cn/commonQuery.do
2021-02-03,510330,53.723498,上交所,https://query.sse.com.cn/commonQuery.do
2021-02-04,159919,42.239166,深交所,https://www.szse.cn/api/report/ShowReport/data
2021-02-04,510300,77.755877,上交所,https://query.sse.com.cn/commonQuery.do
2021-02-04,510310,37.123074,上交所,https://query.sse.com.cn/commonQuery.do
2021-02-04,510330,53.993498,上交所,https://query.sse.com.cn/commonQuery.do
2021-02-05,159919,41.789166,深交所,https://www.szse.cn/api/report/ShowReport/data
2021-02-05,510300,76.144877,上交所,https://query.sse.com.cn/commonQuery.do
2021-02-05,510310,37.123074,上交所,https://query.sse.com.cn/commonQuery.do
2021-02-05,510330,53.084498,上交所,https://query.sse.com.cn/commonQuery.do
2021-02-08,159919,41.159166,深交所,https://www.szse.cn/api/report/ShowReport/data
2021-02-08,510300,75.793877,上交所,https://query.sse.com.cn/commonQuery.do
2021-02-08,510310,36.963074,上交所,https://query.sse.com.cn/commonQuery.do
2021-02-08,510330,51.878498,上交所,https://query.sse.com.cn/commonQuery.do
2021-02-09,159919,40.214166,深交所,https://www.szse.cn/api/report/ShowReport/data
2021-02-09,510300,74.560877,上交所,https://query.sse.com.cn/commonQuery.do
2021-02-09,510310,36.663074,上交所,https://query.sse.com.cn/commonQuery.do
2021-02-09,510330,51.545498,上交所,https://query.sse.com.cn/commonQuery.do
2021-02-10,159919,40.061166,深交所,https://www.szse.cn/api/report/ShowReport/data
2021-02-10,510300,75.226877,上交所,https://query.sse.com.cn/commonQuery.do
2021-02-10,510310,36.603074,上交所,https://query.sse.com.cn/commonQuery.do
2021-02-10,510330,51.293498,上交所,https://query.sse.com.cn/commonQuery.do
2021-02-18,159919,40.934166,深交所,https://www.szse.cn/api/report/ShowReport/data
2021-02-18,510300,76.405877,上交所,https://query.sse.com.cn/commonQuery.do
2021-02-18,510310,36.483074,上交所,https://query.sse.com.cn/commonQuery.do
2021-02-18,510330,51.410498,上交所,https://query.sse.com.cn/commonQuery.do
2021-02-19,159919,41.051166,深交所,https://www.szse.cn/api/report/ShowReport/data
2021-02-19,510300,77.629877,上交所,https://query.sse.com.cn/commonQuery.do
2021-02-19,510310,36.823074,上交所,https://query.sse.com.cn/commonQuery.do
2021-02-19,510330,51.392498,上交所,https://query.sse.com.cn/commonQuery.do
2021-02-22,159919,40.709166,深交所,https://www.szse.cn/api/report/ShowReport/data
2021-02-22,510300,79.807877,上交所,https://query.sse.com.cn/commonQuery.do
2021-02-22,510310,36.943074,上交所,https://query.sse.com.cn/commonQuery.do
2021-02-22,510330,51.383498,上交所,https://query.sse.com.cn/commonQuery.do
2021-02-23,159919,41.492166,深交所,https://www.szse.cn/api/report/ShowReport/data
2021-02-23,510300,80.662877,上交所,https://query.sse.com.cn/commonQuery.do
2021-02-23,510310,37.583074,上交所,https://query.sse.com.cn/commonQuery.do
2021-02-23,510330,51.851498,上交所,https://query.sse.com.cn/commonQuery.do
2021-02-24,159919,42.239166,深交所,https://www.szse.cn/api/report/ShowReport/data
2021-02-24,510300,83.065877,上交所,https://query.sse.com.cn/commonQuery.do
2021-02-24,510310,38.163074,上交所,https://query.sse.com.cn/commonQuery.do
2021-02-24,510330,52.418498,上交所,https://query.sse.com.cn/commonQuery.do
2021-02-25,159919,41.375166,深交所,https://www.szse.cn/api/report/ShowReport/data
2021-02-25,510300,79.267877,上交所,https://query.sse.com.cn/commonQuery.do
2021-02-25,510310,37.503074,上交所,https://query.sse.com.cn/commonQuery.do
2021-02-25,510330,51.635498,上交所,https://query.sse.com.cn/commonQuery.do
2021-02-26,159919,41.681166,深交所,https://www.szse.cn/api/report/ShowReport/data
2021-02-26,510300,80.635877,上交所,https://query.sse.com.cn/commonQuery.do
2021-02-26,510310,37.903074,上交所,https://query.sse.com.cn/commonQuery.do
2021-02-26,510330,51.968498,上交所,https://query.sse.com.cn/commonQuery.do
2021-03-01,159919,40.520166,深交所,https://www.szse.cn/api/report/ShowReport/data
2021-03-01,510300,78.061877,上交所,https://query.sse.com.cn/commonQuery.do
2021-03-01,510310,37.103074,上交所,https://query.sse.com.cn/commonQuery.do
2021-03-01,510330,51.149498,上交所,https://query.sse.com.cn/commonQuery.do
2021-03-02,159919,40.367166,深交所,https://www.szse.cn/api/report/ShowReport/data
2021-03-02,510300,76.819877,上交所,https://query.sse.com.cn/commonQuery.do
2021-03-02,510310,37.063074,上交所,https://query.sse.com.cn/commonQuery.do
2021-03-02,510330,51.041498,上交所,https://query.sse.com.cn/commonQuery.do
2021-03-03,159919,40.304166,深交所,https://www.szse.cn/api/report/ShowReport/data
2021-03-03,510300,77.170877,上交所,https://query.sse.com.cn/commonQuery.do
2021-03-03,510310,36.983074,上交所,https://query.sse.com.cn/commonQuery.do
2021-03-03,510330,51.014498,上交所,https://query.sse.com.cn/commonQuery.do
2021-03-04,159919,40.421166,深交所,https://www.szse.cn/api/report/ShowReport/data
2021-03-04,510300,79.807877,上交所,https://query.sse.com.cn/commonQuery.do
2021-03-04,510310,37.263074,上交所,https://query.sse.com.cn/commonQuery.do
2021-03-04,510330,51.203498,上交所,https://query.sse.com.cn/commonQuery.do
2021-03-05,159919,40.898166,深交所,https://www.szse.cn/api/report/ShowReport/data
2021-03-05,510300,82.381877,上交所,https://query.sse.com.cn/commonQuery.do
2021-03-05,510310,37.903074,上交所,https://query.sse.com.cn/commonQuery.do
2021-03-05,510330,51.671498,上交所,https://query.sse.com.cn/commonQuery.do
2021-03-08,159919,41.069166,深交所,https://www.szse.cn/api/report/ShowReport/data
2021-03-08,510300,82.201877,上交所,https://query.sse.com.cn/commonQuery.do
2021-03-08,510310,37.863074,上交所,https://query.sse.com.cn/commonQuery.do
2021-03-08,510330,51.113498,上交所,https://query.sse.com.cn/commonQuery.do
2021-03-09,159919,42.527166,深交所,https://www.szse.cn/api/report/ShowReport/data
2021-03-09,510300,86.890877,上交所,https://query.sse.com.cn/commonQuery.do
2021-03-09,510310,38.823074,上交所,https://query.sse.com.cn/commonQuery.do
2021-03-09,510330,51.878498,上交所,https://query.sse.com.cn/commonQuery.do
2021-03-10,159919,42.590166,深交所,https://www.szse.cn/api/report/ShowReport/data
2021-03-10,510300,87.304877,上交所,https://query.sse.com.cn/commonQuery.do
2021-03-10,510310,38.483074,上交所,https://query.sse.com.cn/commonQuery.do
2021-03-10,510330,51.554498,上交所,https://query.sse.com.cn/commonQuery.do
2021-03-11,159919,41.429166,深交所,https://www.szse.cn/api/report/ShowReport/data
2021-03-11,510300,84.091877,上交所,https://query.sse.com.cn/commonQuery.do
2021-03-11,510310,37.703074,上交所,https://query.sse.com.cn/commonQuery.do
2021-03-11,510330,50.753498,上交所,https://query.sse.com.cn/commonQuery.do
2021-03-12,159919,40.520166,深交所,https://www.szse.cn/api/report/ShowReport/data
2021-03-12,510300,80.860877,上交所,https://query.sse.com.cn/commonQuery.do
2021-03-12,510310,37.463074,上交所,https://query.sse.com.cn/commonQuery.do
2021-03-12,510330,50.267498,上交所,https://query.sse.com.cn/commonQuery.do
2021-03-15,159919,40.538166,深交所,https://www.szse.cn/api/report/ShowReport/data
2021-03-15,510300,81.535877,上交所,https://query.sse.com.cn/commonQuery.do
2021-03-15,510310,37.643074,上交所,https://query.sse.com.cn/commonQuery.do
2021-03-15,510330,50.474498,上交所,https://query.sse.com.cn/commonQuery.do
2021-03-16,159919,40.709166,深交所,https://www.szse.cn/api/report/ShowReport/data
2021-03-16,510300,81.805877,上交所,https://query.sse.com.cn/commonQuery.do
2021-03-16,510310,37.743074,上交所,https://query.sse.com.cn/commonQuery.do
2021-03-16,510330,50.483498,上交所,https://query.sse.com.cn/commonQuery.do
2021-03-17,159919,40.538166,深交所,https://www.szse.cn/api/report/ShowReport/data
2021-03-17,510300,80.518877,上交所,https://query.sse.com.cn/commonQuery.do
2021-03-17,510310,37.543074,上交所,https://query.sse.com.cn/commonQuery.do
2021-03-17,510330,50.231498,上交所,https://query.sse.com.cn/commonQuery.do
2021-03-18,159919,40.844166,深交所,https://www.szse.cn/api/report/ShowReport/data
2021-03-18,510300,79.807877,上交所,https://query.sse.com.cn/commonQuery.do
2021-03-18,510310,37.523074,上交所,https://query.sse.com.cn/commonQuery.do
2021-03-18,510330,50.159498,上交所,https://query.sse.com.cn/commonQuery.do
2021-03-19,159919,41.501166,深交所,https://www.szse.cn/api/report/ShowReport/data
2021-03-19,510300,81.454877,上交所,https://query.sse.com.cn/commonQuery.do
2021-03-19,510310,37.583074,上交所,https://query.sse.com.cn/commonQuery.do
2021-03-19,510330,50.159498,上交所,https://query.sse.com.cn/commonQuery.do
2021-03-22,159919,42.095166,深交所,https://www.szse.cn/api/report/ShowReport/data
2021-03-22,510300,79.915877,上交所,https://query.sse.com.cn/commonQuery.do
2021-03-22,510310,37.723074,上交所,https://query.sse.com.cn/commonQuery.do
2021-03-22,510330,50.123498,上交所,https://query.sse.com.cn/commonQuery.do
2021-03-23,159919,42.185166,深交所,https://www.szse.cn/api/report/ShowReport/data
2021-03-23,510300,81.418877,上交所,https://query.sse.com.cn/commonQuery.do
2021-03-23,510310,38.003074,上交所,https://query.sse.com.cn/commonQuery.do
2021-03-23,510330,50.483498,上交所,https://query.sse.com.cn/commonQuery.do
2021-03-24,159919,42.707166,深交所,https://www.szse.cn/api/report/ShowReport/data
2021-03-24,510300,86.008877,上交所,https://query.sse.com.cn/commonQuery.do
2021-03-24,510310,38.423074,上交所,https://query.sse.com.cn/commonQuery.do
2021-03-24,510330,51.194498,上交所,https://query.sse.com.cn/commonQuery.do
2021-03-25,159919,42.716166,深交所,https://www.szse.cn/api/report/ShowReport/data
2021-03-25,510300,86.413877,上交所,https://query.sse.com.cn/commonQuery.do
2021-03-25,510310,38.543074,上交所,https://query.sse.com.cn/commonQuery.do
2021-03-25,510330,51.347498,上交所,https://query.sse.com.cn/commonQuery.do
2021-03-26,159919,43.382166,深交所,https://www.szse.cn/api/report/ShowReport/data
2021-03-26,510300,86.386877,上交所,https://query.sse.com.cn/commonQuery.do
2021-03-26,510310,38.563074,上交所,https://query.sse.com.cn/commonQuery.do
2021-03-26,510330,51.338498,上交所,https://query.sse.com.cn/commonQuery.do
2021-03-29,159919,42.995166,深交所,https://www.szse.cn/api/report/ShowReport/data
2021-03-29,510300,82.867877,上交所,https://query.sse.com.cn/commonQuery.do
2021-03-29,510310,38.283074,上交所,https://query.sse.com.cn/commonQuery.do
2021-03-29,510330,51.428498,上交所,https://query.sse.com.cn/commonQuery.do
2021-03-30,159919,42.878166,深交所,https://www.szse.cn/api/report/ShowReport/data
2021-03-30,510300,81.661877,上交所,https://query.sse.com.cn/commonQuery.do
2021-03-30,510310,38.083074,上交所,https://query.sse.com.cn/commonQuery.do
2021-03-30,510330,51.239498,上交所,https://query.sse.com.cn/commonQuery.do
2021-03-31,159919,42.941166,深交所,https://www.szse.cn/api/report/ShowReport/data
2021-03-31,510300,81.301877,上交所,https://query.sse.com.cn/commonQuery.do
2021-03-31,510310,38.063074,上交所,https://query.sse.com.cn/commonQuery.do
2021-03-31,510330,51.275498,上交所,https://query.sse.com.cn/commonQuery.do
2021-04-01,159919,42.635166,深交所,https://www.szse.cn/api/report/ShowReport/data
2021-04-01,510300,80.311877,上交所,https://query.sse.com.cn/commonQuery.do
2021-04-01,510310,38.143074,上交所,https://query.sse.com.cn/commonQuery.do
2021-04-01,510330,51.194498,上交所,https://query.sse.com.cn/commonQuery.do
2021-04-02,159919,42.473166,深交所,https://www.szse.cn/api/report/ShowReport/data
2021-04-02,510300,79.429877,上交所,https://query.sse.com.cn/commonQuery.do
2021-04-02,510310,38.143074,上交所,https://query.sse.com.cn/commonQuery.do
2021-04-02,510330,51.005498,上交所,https://query.sse.com.cn/commonQuery.do
2021-04-06,159919,42.311166,深交所,https://www.szse.cn/api/report/ShowReport/data
2021-04-06,510300,78.250877,上交所,https://query.sse.com.cn/commonQuery.do
2021-04-06,510310,38.123074,上交所,https://query.sse.com.cn/commonQuery.do
2021-04-06,510330,50.915498,上交所,https://query.sse.com.cn/commonQuery.do
2021-04-07,159919,42.266166,深交所,https://www.szse.cn/api/report/ShowReport/data
2021-04-07,510300,78.214877,上交所,https://query.sse.com.cn/commonQuery.do
2021-04-07,510310,38.203074,上交所,https://query.sse.com.cn/commonQuery.do
2021-04-07,510330,50.969498,上交所,https://query.sse.com.cn/commonQuery.do
2021-04-08,159919,42.266166,深交所,https://www.szse.cn/api/report/ShowReport/data
2021-04-08,510300,78.061877,上交所,https://query.sse.com.cn/commonQuery.do
2021-04-08,510310,38.203074,上交所,https://query.sse.com.cn/commonQuery.do
2021-04-08,510330,50.969498,上交所,https://query.sse.com.cn/commonQuery.do
2021-04-09,159919,42.446166,深交所,https://www.szse.cn/api/report/ShowReport/data
2021-04-09,510300,78.799877,上交所,https://query.sse.com.cn/commonQuery.do
2021-04-09,510310,38.443074,上交所,https://query.sse.com.cn/commonQuery.do
2021-04-09,510330,51.266498,上交所,https://query.sse.com.cn/commonQuery.do
2021-04-12,159919,43.157166,深交所,https://www.szse.cn/api/report/ShowReport/data
2021-04-12,510300,84.505877,上交所,https://query.sse.com.cn/commonQuery.do
2021-04-12,510310,38.863074,上交所,https://query.sse.com.cn/commonQuery.do
2021-04-12,510330,52.481498,上交所,https://query.sse.com.cn/commonQuery.do
2021-04-13,159919,43.886166,深交所,https://www.szse.cn/api/report/ShowReport/data
2021-04-13,510300,86.890877,上交所,https://query.sse.com.cn/commonQuery.do
2021-04-13,510310,39.223074,上交所,https://query.sse.com.cn/commonQuery.do
2021-04-13,510330,52.823498,上交所,https://query.sse.com.cn/commonQuery.do
2021-04-14,159919,43.931166,深交所,https://www.szse.cn/api/report/ShowReport/data
2021-04-14,510300,89.401877,上交所,https://query.sse.com.cn/commonQuery.do
2021-04-14,510310,39.063074,上交所,https://query.sse.com.cn/commonQuery.do
2021-04-14,510330,52.958498,上交所,https://query.sse.com.cn/commonQuery.do
2021-04-15,159919,43.562166,深交所,https://www.szse.cn/api/report/ShowReport/data
2021-04-15,510300,87.709877,上交所,https://query.sse.com.cn/commonQuery.do
2021-04-15,510310,39.063074,上交所,https://query.sse.com.cn/commonQuery.do
2021-04-15,510330,52.472498,上交所,https://query.sse.com.cn/commonQuery.do
2021-04-16,159919,43.535166,深交所,https://www.szse.cn/api/report/ShowReport/data
2021-04-16,510300,87.592877,上交所,https://query.sse.com.cn/commonQuery.do
2021-04-16,510310,39.223074,上交所,https://query.sse.com.cn/commonQuery.do
2021-04-16,510330,52.706498,上交所,https://query.sse.com.cn/commonQuery.do
2021-04-19,159919,42.239166,深交所,https://www.szse.cn/api/report/ShowReport/data
2021-04-19,510300,88.816877,上交所,https://query.sse.com.cn/commonQuery.do
2021-04-19,510310,39.303074,上交所,https://query.sse.com.cn/commonQuery.do
2021-04-19,510330,53.183498,上交所,https://query.sse.com.cn/commonQuery.do
2021-04-20,159919,41.681166,深交所,https://www.szse.cn/api/report/ShowReport/data
2021-04-20,510300,87.367877,上交所,https://query.sse.com.cn/commonQuery.do
2021-04-20,510310,39.023074,上交所,https://query.sse.com.cn/commonQuery.do
2021-04-20,510330,52.940498,上交所,https://query.sse.com.cn/commonQuery.do
2021-04-21,159919,41.123166,深交所,https://www.szse.cn/api/report/ShowReport/data
2021-04-21,510300,84.991877,上交所,https://query.sse.com.cn/commonQuery.do
2021-04-21,510310,38.803074,上交所,https://query.sse.com.cn/commonQuery.do
2021-04-21,510330,52.580498,上交所,https://query.sse.com.cn/commonQuery.do
2021-04-22,159919,39.755166,深交所,https://www.szse.cn/api/report/ShowReport/data
2021-04-22,510300,81.697877,上交所,https://query.sse.com.cn/commonQuery.do
2021-04-22,510310,38.503074,上交所,https://query.sse.com.cn/commonQuery.do
2021-04-22,510330,51.554498,上交所,https://query.sse.com.cn/commonQuery.do
2021-04-23,159919,40.592166,深交所,https://www.szse.cn/api/report/ShowReport/data
2021-04-23,510300,81.625877,上交所,https://query.sse.com.cn/commonQuery.do
2021-04-23,510310,38.463074,上交所,https://query.sse.com.cn/commonQuery.do
2021-04-23,510330,51.824498,上交所,https://query.sse.com.cn/commonQuery.do
2021-04-26,159919,40.106166,深交所,https://www.szse.cn/api/report/ShowReport/data
2021-04-26,510300,79.924877,上交所,https://query.sse.com.cn/commonQuery.do
2021-04-26,510310,38.563074,上交所,https://query.sse.com.cn/commonQuery.do
2021-04-26,510330,51.797498,上交所,https://query.sse.com.cn/commonQuery.do
2021-04-27,159919,40.196166,深交所,https://www.szse.cn/api/report/ShowReport/data
2021-04-27,510300,79.960877,上交所,https://query.sse.com.cn/commonQuery.do
2021-04-27,510310,38.563074,上交所,https://query.sse.com.cn/commonQuery.do
2021-04-27,510330,51.752498,上交所,https://query.sse.com.cn/commonQuery.do
2021-04-28,159919,39.980166,深交所,https://www.szse.cn/api/report/ShowReport/data
2021-04-28,510300,79.123877,上交所,https://query.sse.com.cn/commonQuery.do
2021-04-28,510310,38.523074,上交所,https://query.sse.com.cn/commonQuery.do
2021-04-28,510330,51.851498,上交所,https://query.sse.com.cn/commonQuery.do
2021-04-29,159919,40.286166,深交所,https://www.szse.cn/api/report/ShowReport/data
2021-04-29,510300,81.283877,上交所,https://query.sse.com.cn/commonQuery.do
2021-04-29,510310,39.323074,上交所,https://query.sse.com.cn/commonQuery.do
2021-04-29,510330,52.796498,上交所,https://query.sse.com.cn/commonQuery.do
2021-04-30,159919,40.691166,深交所,https://www.szse.cn/api/report/ShowReport/data
2021-04-30,510300,82.192877,上交所,https://query.sse.com.cn/commonQuery.do
2021-04-30,510310,39.283074,上交所,https://query.sse.com.cn/commonQuery.do
2021-04-30,510330,52.643498,上交所,https://query.sse.com.cn/commonQuery.do
2021-05-06,159919,41.114166,深交所,https://www.szse.cn/api/report/ShowReport/data
2021-05-06,510300,82.984877,上交所,https://query.sse.com.cn/commonQuery.do
2021-05-06,510310,39.423074,上交所,https://query.sse.com.cn/commonQuery.do
2021-05-06,510330,52.769498,上交所,https://query.sse.com.cn/commonQuery.do
2021-05-07,159919,41.357166,深交所,https://www.szse.cn/api/report/ShowReport/data
2021-05-07,510300,83.146877,上交所,https://query.sse.com.cn/commonQuery.do
2021-05-07,510310,40.003074,上交所,https://query.sse.com.cn/commonQuery.do
2021-05-07,510330,52.832498,上交所,https://query.sse.com.cn/commonQuery.do
2021-05-10,159919,41.843166,深交所,https://www.szse.cn/api/report/ShowReport/data
2021-05-10,510300,84.613877,上交所,https://query.sse.com.cn/commonQuery.do
2021-05-10,510310,40.223074,上交所,https://query.sse.com.cn/commonQuery.do
2021-05-10,510330,52.994498,上交所,https://query.sse.com.cn/commonQuery.do
2021-05-11,159919,42.131166,深交所,https://www.szse.cn/api/report/ShowReport/data
2021-05-11,510300,85.846877,上交所,https://query.sse.com.cn/commonQuery.do
2021-05-11,510310,40.463074,上交所,https://query.sse.com.cn/commonQuery.do
2021-05-11,510330,53.111498,上交所,https://query.sse.com.cn/commonQuery.do
2021-05-12,159919,42.194166,深交所,https://www.szse.cn/api/report/ShowReport/data
2021-05-12,510300,85.927877,上交所,https://query.sse.com.cn/commonQuery.do
2021-05-12,510310,40.683074,上交所,https://query.sse.com.cn/commonQuery.do
2021-05-12,510330,53.111498,上交所,https://query.sse.com.cn/commonQuery.do
2021-05-13,159919,42.590166,深交所,https://www.szse.cn/api/report/ShowReport/data
2021-05-13,510300,86.683877,上交所,https://query.sse.com.cn/commonQuery.do
2021-05-13,510310,40.743074,上交所,https://query.sse.com.cn/commonQuery.do
2021-05-13,510330,53.300498,上交所,https://query.sse.com.cn/commonQuery.do
2021-05-14,159919,43.292166,深交所,https://www.szse.cn/api/report/ShowReport/data
2021-05-14,510300,91.093877,上交所,https://query.sse.com.cn/commonQuery.do
2021-05-14,510310,40.863074,上交所,https://query.sse.com.cn/commonQuery.do
2021-05-14,510330,54.605498,上交所,https://query.sse.com.cn/commonQuery.do
2021-05-17,159919,43.688166,深交所,https://www.szse.cn/api/report/ShowReport/data
2021-05-17,510300,93.955877,上交所,https://query.sse.com.cn/commonQuery.do
2021-05-17,510310,40.923074,上交所,https://query.sse.com.cn/commonQuery.do
2021-05-17,510330,55.712498,上交所,https://query.sse.com.cn/commonQuery.do
2021-05-18,159919,43.868166,深交所,https://www.szse.cn/api/report/ShowReport/data
2021-05-18,510300,94.936877,上交所,https://query.sse.com.cn/commonQuery.do
2021-05-18,510310,41.003074,上交所,https://query.sse.com.cn/commonQuery.do
2021-05-18,510330,55.910498,上交所,https://query.sse.com.cn/commonQuery.do
2021-05-19,159919,43.814166,深交所,https://www.szse.cn/api/report/ShowReport/data
2021-05-19,510300,92.929877,上交所,https://query.sse.com.cn/commonQuery.do
2021-05-19,510310,40.823074,上交所,https://query.sse.com.cn/commonQuery.do
2021-05-19,510330,55.793498,上交所,https://query.sse.com.cn/commonQuery.do
2021-05-20,159919,43.805166,深交所,https://www.szse.cn/api/report/ShowReport/data
2021-05-20,510300,92.911877,上交所,https://query.sse.com.cn/commonQuery.do
2021-05-20,510310,40.823074,上交所,https://query.sse.com.cn/commonQuery.do
2021-05-20,510330,55.811498,上交所,https://query.sse.com.cn/commonQuery.do
2021-05-21,159919,43.724166,深交所,https://www.szse.cn/api/report/ShowReport/data
2021-05-21,510300,91.759877,上交所,https://query.sse.com.cn/commonQuery.do
2021-05-21,510310,40.543074,上交所,https://query.sse.com.cn/commonQuery.do
2021-05-21,510330,55.766498,上交所,https://query.sse.com.cn/commonQuery.do
2021-05-24,159919,43.634166,深交所,https://www.szse.cn/api/report/ShowReport/data
2021-05-24,510300,91.057877,上交所,https://query.sse.com.cn/commonQuery.do
2021-05-24,510310,40.583074,上交所,https://query.sse.com.cn/commonQuery.do
2021-05-24,510330,55.640498,上交所,https://query.sse.com.cn/commonQuery.do
2021-05-25,159919,44.498166,深交所,https://www.szse.cn/api/report/ShowReport/data
2021-05-25,510300,102.406877,上交所,https://query.sse.com.cn/commonQuery.do
2021-05-25,510310,40.963074,上交所,https://query.sse.com.cn/commonQuery.do
2021-05-25,510330,57.161498,上交所,https://query.sse.com.cn/commonQuery.do
2021-05-26,159919,44.354166,深交所,https://www.szse.cn/api/report/ShowReport/data
2021-05-26,510300,103.414877,上交所,https://query.sse.com.cn/commonQuery.do
2021-05-26,510310,40.963074,上交所,https://query.sse.com.cn/commonQuery.do
2021-05-26,510330,57.161498,上交所,https://query.sse.com.cn/commonQuery.do
2021-05-27,159919,44.462166,深交所,https://www.szse.cn/api/report/ShowReport/data
2021-05-27,510300,104.737877,上交所,https://query.sse.com.cn/commonQuery.do
2021-05-27,510310,40.983074,上交所,https://query.sse.com.cn/commonQuery.do
2021-05-27,510330,57.368498,上交所,https://query.sse.com.cn/commonQuery.do
2021-05-28,159919,44.435166,深交所,https://www.szse.cn/api/report/ShowReport/data
2021-05-28,510300,104.431877,上交所,https://query.sse.com.cn/commonQuery.do
2021-05-28,510310,40.923074,上交所,https://query.sse.com.cn/commonQuery.do
2021-05-28,510330,57.368498,上交所,https://query.sse.com.cn/commonQuery.do
2021-05-31,159919,44.633166,深交所,https://www.szse.cn/api/report/ShowReport/data
2021-05-31,510300,105.565877,上交所,https://query.sse.com.cn/commonQuery.do
2021-05-31,510310,40.923074,上交所,https://query.sse.com.cn/commonQuery.do
2021-05-31,510330,57.692498,上交所,https://query.sse.com.cn/commonQuery.do
2021-06-01,159919,44.291166,深交所,https://www.szse.cn/api/report/ShowReport/data
2021-06-01,510300,103.360877,上交所,https://query.sse.com.cn/commonQuery.do
2021-06-01,510310,40.743074,上交所,https://query.sse.com.cn/commonQuery.do
2021-06-01,510330,56.891498,上交所,https://query.sse.com.cn/commonQuery.do
2021-06-02,159919,43.760166,深交所,https://www.szse.cn/api/report/ShowReport/data
2021-06-02,510300,100.165877,上交所,https://query.sse.com.cn/commonQuery.do
2021-06-02,510310,40.523074,上交所,https://query.sse.com.cn/commonQuery.do
2021-06-02,510330,56.477498,上交所,https://query.sse.com.cn/commonQuery.do
2021-06-03,159919,43.517166,深交所,https://www.szse.cn/api/report/ShowReport/data
2021-06-03,510300,98.140877,上交所,https://query.sse.com.cn/commonQuery.do
2021-06-03,510310,40.443074,上交所,https://query.sse.com.cn/commonQuery.do
2021-06-03,510330,55.901498,上交所,https://query.sse.com.cn/commonQuery.do
2021-06-04,159919,43.544166,深交所,https://www.szse.cn/api/report/ShowReport/data
2021-06-04,510300,97.510877,上交所,https://query.sse.com.cn/commonQuery.do
2021-06-04,510310,40.563074,上交所,https://query.sse.com.cn/commonQuery.do
2021-06-04,510330,56.288498,上交所,https://query.sse.com.cn/commonQuery.do
2021-06-07,159919,43.679166,深交所,https://www.szse.cn/api/report/ShowReport/data
2021-06-07,510300,96.619877,上交所,https://query.sse.com.cn/commonQuery.do
2021-06-07,510310,40.563074,上交所,https://query.sse.com.cn/commonQuery.do
2021-06-07,510330,56.036498,上交所,https://query.sse.com.cn/commonQuery.do
2021-06-08,159919,43.832166,深交所,https://www.szse.cn/api/report/ShowReport/data
2021-06-08,510300,96.115877,上交所,https://query.sse.com.cn/commonQuery.do
2021-06-08,510310,40.823074,上交所,https://query.sse.com.cn/commonQuery.do
2021-06-08,510330,55.910498,上交所,https://query.sse.com.cn/commonQuery.do
2021-06-09,159919,44.300166,深交所,https://www.szse.cn/api/report/ShowReport/data
2021-06-09,510300,96.412877,上交所,https://query.sse.com.cn/commonQuery.do
2021-06-09,510310,40.883074,上交所,https://query.sse.com.cn/commonQuery.do
2021-06-09,510330,55.982498,上交所,https://query.sse.com.cn/commonQuery.do
2021-06-10,159919,44.480166,深交所,https://www.szse.cn/api/report/ShowReport/data
2021-06-10,510300,97.051877,上交所,https://query.sse.com.cn/commonQuery.do
2021-06-10,510310,40.923074,上交所,https://query.sse.com.cn/commonQuery.do
2021-06-10,510330,56.108498,上交所,https://query.sse.com.cn/commonQuery.do
2021-06-11,159919,44.606166,深交所,https://www.szse.cn/api/report/ShowReport/data
2021-06-11,510300,97.663877,上交所,https://query.sse.com.cn/commonQuery.do
2021-06-11,510310,40.983074,上交所,https://query.sse.com.cn/commonQuery.do
2021-06-11,510330,56.468498,上交所,https://query.sse.com.cn/commonQuery.do
2021-06-15,159919,44.525166,深交所,https://www.szse.cn/api/report/ShowReport/data
2021-06-15,510300,96.457877,上交所,https://query.sse.com.cn/commonQuery.do
2021-06-15,510310,41.043074,上交所,https://query.sse.com.cn/commonQuery.do
2021-06-15,510330,56.153498,上交所,https://query.sse.com.cn/commonQuery.do
2021-06-16,159919,44.624166,深交所,https://www.szse.cn/api/report/ShowReport/data
2021-06-16,510300,96.700877,上交所,https://query.sse.com.cn/commonQuery.do
2021-06-16,510310,41.183074,上交所,https://query.sse.com.cn/commonQuery.do
2021-06-16,510330,56.144498,上交所,https://query.sse.com.cn/commonQuery.do
2021-06-17,159919,44.669166,深交所,https://www.szse.cn/api/report/ShowReport/data
2021-06-17,510300,96.538877,上交所,https://query.sse.com.cn/commonQuery.do
2021-06-17,510310,41.183074,上交所,https://query.sse.com.cn/commonQuery.do
2021-06-17,510330,55.982498,上交所,https://query.sse.com.cn/commonQuery.do
2021-06-18,159919,44.570166,深交所,https://www.szse.cn/api/report/ShowReport/data
2021-06-18,510300,95.224877,上交所,https://query.sse.com.cn/commonQuery.do
2021-06-18,510310,41.163074,上交所,https://query.sse.com.cn/commonQuery.do
2021-06-18,510330,55.730498,上交所,https://query.sse.com.cn/commonQuery.do
2021-06-21,159919,44.660166,深交所,https://www.szse.cn/api/report/ShowReport/data
2021-06-21,510300,96.466877,上交所,https://query.sse.com.cn/commonQuery.do
2021-06-21,510310,41.223074,上交所,https://query.sse.com.cn/commonQuery.do
2021-06-21,510330,55.928498,上交所,https://query.sse.com.cn/commonQuery.do
2021-06-22,159919,43.751166,深交所,https://www.szse.cn/api/report/ShowReport/data
2021-06-22,510300,93.172877,上交所,https://query.sse.com.cn/commonQuery.do
2021-06-22,510310,40.703074,上交所,https://query.sse.com.cn/commonQuery.do
2021-06-22,510330,54.821498,上交所,https://query.sse.com.cn/commonQuery.do
2021-06-23,159919,43.661166,深交所,https://www.szse.cn/api/report/ShowReport/data
2021-06-23,510300,92.794877,上交所,https://query.sse.com.cn/commonQuery.do
2021-06-23,510310,40.683074,上交所,https://query.sse.com.cn/commonQuery.do
2021-06-23,510330,54.929498,上交所,https://query.sse.com.cn/commonQuery.do
2021-06-24,159919,43.715166,深交所,https://www.szse.cn/api/report/ShowReport/data
2021-06-24,510300,92.749877,上交所,https://query.sse.com.cn/commonQuery.do
2021-06-24,510310,40.683074,上交所,https://query.sse.com.cn/commonQuery.do
2021-06-24,510330,54.956498,上交所,https://query.sse.com.cn/commonQuery.do
2021-06-25,159919,43.814166,深交所,https://www.szse.cn/api/report/ShowReport/data
2021-06-25,510300,95.638877,上交所,https://query.sse.com.cn/commonQuery.do
2021-06-25,510310,40.863074,上交所,https://query.sse.com.cn/commonQuery.do
2021-06-25,510330,55.721498,上交所,https://query.sse.com.cn/commonQuery.do
2021-06-28,159919,43.571166,深交所,https://www.szse.cn/api/report/ShowReport/data
2021-06-28,510300,93.640877,上交所,https://query.sse.com.cn/commonQuery.do
2021-06-28,510310,40.663074,上交所,https://query.sse.com.cn/commonQuery.do
2021-06-28,510330,55.091498,上交所,https://query.sse.com.cn/commonQuery.do
2021-06-29,159919,43.553166,深交所,https://www.szse.cn/api/report/ShowReport/data
2021-06-29,510300,93.289877,上交所,https://query.sse.com.cn/commonQuery.do
2021-06-29,510310,40.663074,上交所,https://query.sse.com.cn/commonQuery.do
2021-06-29,510330,55.073498,上交所,https://query.sse.com.cn/commonQuery.do
2021-06-30,159919,43.400166,深交所,https://www.szse.cn/api/report/ShowReport/data
2021-06-30,510300,91.867877,上交所,https://query.sse.com.cn/commonQuery.do
2021-06-30,510310,40.603074,上交所,https://query.sse.com.cn/commonQuery.do
2021-06-30,510330,54.992498,上交所,https://query.sse.com.cn/commonQuery.do
2021-07-01,159919,42.797166,深交所,https://www.szse.cn/api/report/ShowReport/data
2021-07-01,510300,87.844877,上交所,https://query.sse.com.cn/commonQuery.do
2021-07-01,510310,40.383074,上交所,https://query.sse.com.cn/commonQuery.do
2021-07-01,510330,54.497498,上交所,https://query.sse.com.cn/commonQuery.do
2021-07-02,159919,42.824166,深交所,https://www.szse.cn/api/report/ShowReport/data
2021-07-02,510300,87.799877,上交所,https://query.sse.com.cn/commonQuery.do
2021-07-02,510310,40.503074,上交所,https://query.sse.com.cn/commonQuery.do
2021-07-02,510330,54.623498,上交所,https://query.sse.com.cn/commonQuery.do
2021-07-05,159919,42.878166,深交所,https://www.szse.cn/api/report/ShowReport/data
2021-07-05,510300,87.826877,上交所,https://query.sse.com.cn/commonQuery.do
2021-07-05,510310,40.643074,上交所,https://query.sse.com.cn/commonQuery.do
2021-07-05,510330,54.614498,上交所,https://query.sse.com.cn/commonQuery.do
2021-07-06,159919,42.896166,深交所,https://www.szse.cn/api/report/ShowReport/data
2021-07-06,510300,88.897877,上交所,https://query.sse.com.cn/commonQuery.do
2021-07-06,510310,40.743074,上交所,https://query.sse.com.cn/commonQuery.do
2021-07-06,510330,54.641498,上交所,https://query.sse.com.cn/commonQuery.do
2021-07-07,159919,42.563166,深交所,https://www.szse.cn/api/report/ShowReport/data
2021-07-07,510300,89.005877,上交所,https://query.sse.com.cn/commonQuery.do
2021-07-07,510310,40.803074,上交所,https://query.sse.com.cn/commonQuery.do
2021-07-07,510330,54.704498,上交所,https://query.sse.com.cn/commonQuery.do
2021-07-08,159919,42.509166,深交所,https://www.szse.cn/api/report/ShowReport/data
2021-07-08,510300,88.879877,上交所,https://query.sse.com.cn/commonQuery.do
2021-07-08,510310,40.883074,上交所,https://query.sse.com.cn/commonQuery.do
2021-07-08,510330,54.776498,上交所,https://query.sse.com.cn/commonQuery.do
2021-07-09,159919,42.158166,深交所,https://www.szse.cn/api/report/ShowReport/data
2021-07-09,510300,88.186877,上交所,https://query.sse.com.cn/commonQuery.do
2021-07-09,510310,41.183074,上交所,https://query.sse.com.cn/commonQuery.do
2021-07-09,510330,53.687498,上交所,https://query.sse.com.cn/commonQuery.do
2021-07-12,159919,41.870166,深交所,https://www.szse.cn/api/report/ShowReport/data
2021-07-12,510300,85.612877,上交所,https://query.sse.com.cn/commonQuery.do
2021-07-12,510310,41.303074,上交所,https://query.sse.com.cn/commonQuery.do
2021-07-12,510330,52.931498,上交所,https://query.sse.com.cn/commonQuery.do
2021-07-13,159919,41.843166,深交所,https://www.szse.cn/api/report/ShowReport/data
2021-07-13,510300,84.613877,上交所,https://query.sse.com.cn/commonQuery.do
2021-07-13,510310,41.303074,上交所,https://query.sse.com.cn/commonQuery.do
2021-07-13,510330,52.895498,上交所,https://query.sse.com.cn/commonQuery.do
2021-07-14,159919,41.375166,深交所,https://www.szse.cn/api/report/ShowReport/data
2021-07-14,510300,82.786877,上交所,https://query.sse.com.cn/commonQuery.do
2021-07-14,510310,41.063074,上交所,https://query.sse.com.cn/commonQuery.do
2021-07-14,510330,52.391498,上交所,https://query.sse.com.cn/commonQuery.do
2021-07-15,159919,41.393166,深交所,https://www.szse.cn/api/report/ShowReport/data
2021-07-15,510300,83.119877,上交所,https://query.sse.com.cn/commonQuery.do
2021-07-15,510310,41.183074,上交所,https://query.sse.com.cn/commonQuery.do
2021-07-15,510330,52.517498,上交所,https://query.sse.com.cn/commonQuery.do
2021-07-16,159919,40.646166,深交所,https://www.szse.cn/api/report/ShowReport/data
2021-07-16,510300,81.778877,上交所,https://query.sse.com.cn/commonQuery.do
2021-07-16,510310,40.943074,上交所,https://query.sse.com.cn/commonQuery.do
2021-07-16,510330,52.103498,上交所,https://query.sse.com.cn/commonQuery.do
2021-07-19,159919,40.556166,深交所,https://www.szse.cn/api/report/ShowReport/data
2021-07-19,510300,81.922877,上交所,https://query.sse.com.cn/commonQuery.do
2021-07-19,510310,40.963074,上交所,https://query.sse.com.cn/commonQuery.do
2021-07-19,510330,52.337498,上交所,https://query.sse.com.cn/commonQuery.do
2021-07-20,159919,40.565166,深交所,https://www.szse.cn/api/report/ShowReport/data
2021-07-20,510300,82.984877,上交所,https://query.sse.com.cn/commonQuery.do
2021-07-20,510310,40.943074,上交所,https://query.sse.com.cn/commonQuery.do
2021-07-20,510330,52.355498,上交所,https://query.sse.com.cn/commonQuery.do
2021-07-21,159919,39.953166,深交所,https://www.szse.cn/api/report/ShowReport/data
2021-07-21,510300,79.951877,上交所,https://query.sse.com.cn/commonQuery.do
2021-07-21,510310,40.263074,上交所,https://query.sse.com.cn/commonQuery.do
2021-07-21,510330,51.572498,上交所,https://query.sse.com.cn/commonQuery.do
2021-07-22,159919,39.872166,深交所,https://www.szse.cn/api/report/ShowReport/data
2021-07-22,510300,79.564877,上交所,https://query.sse.com.cn/commonQuery.do
2021-07-22,510310,40.083074,上交所,https://query.sse.com.cn/commonQuery.do
2021-07-22,510330,51.563498,上交所,https://query.sse.com.cn/commonQuery.do
2021-07-23,159919,39.800166,深交所,https://www.szse.cn/api/report/ShowReport/data
2021-07-23,510300,79.285877,上交所,https://query.sse.com.cn/commonQuery.do
2021-07-23,510310,40.083074,上交所,https://query.sse.com.cn/commonQuery.do
2021-07-23,510330,51.581498,上交所,https://query.sse.com.cn/commonQuery.do
2021-07-26,159919,39.719166,深交所,https://www.szse.cn/api/report/ShowReport/data
2021-07-26,510300,80.878877,上交所,https://query.sse.com.cn/commonQuery.do
2021-07-26,510310,40.123074,上交所,https://query.sse.com.cn/commonQuery.do
2021-07-26,510330,51.185498,上交所,https://query.sse.com.cn/commonQuery.do
2021-07-27,159919,39.728166,深交所,https://www.szse.cn/api/report/ShowReport/data
2021-07-27,510300,80.347877,上交所,https://query.sse.com.cn/commonQuery.do
2021-07-27,510310,40.203074,上交所,https://query.sse.com.cn/commonQuery.do
2021-07-27,510330,51.167498,上交所,https://query.sse.com.cn/commonQuery.do
2021-07-28,159919,39.980166,深交所,https://www.szse.cn/api/report/ShowReport/data
2021-07-28,510300,80.491877,上交所,https://query.sse.com.cn/commonQuery.do
2021-07-28,510310,40.743074,上交所,https://query.sse.com.cn/commonQuery.do
2021-07-28,510330,51.311498,上交所,https://query.sse.com.cn/commonQuery.do
2021-07-29,159919,38.324166,深交所,https://www.szse.cn/api/report/ShowReport/data
2021-07-29,510300,76.153877,上交所,https://query.sse.com.cn/commonQuery.do
2021-07-29,510310,40.223074,上交所,https://query.sse.com.cn/commonQuery.do
2021-07-29,510330,50.501498,上交所,https://query.sse.com.cn/commonQuery.do
2021-07-30,159919,37.946166,深交所,https://www.szse.cn/api/report/ShowReport/data
2021-07-30,510300,75.568877,上交所,https://query.sse.com.cn/commonQuery.do
2021-07-30,510310,40.183074,上交所,https://query.sse.com.cn/commonQuery.do
2021-07-30,510330,50.240498,上交所,https://query.sse.com.cn/commonQuery.do
2021-08-02,159919,37.793166,深交所,https://www.szse.cn/api/report/ShowReport/data
2021-08-02,510300,74.542877,上交所,https://query.sse.com.cn/commonQuery.do
2021-08-02,510310,40.043074,上交所,https://query.sse.com.cn/commonQuery.do
2021-08-02,510330,50.618498,上交所,https://query.sse.com.cn/commonQuery.do
2021-08-03,159919,37.451166,深交所,https://www.szse.cn/api/report/ShowReport/data
2021-08-03,510300,73.696877,上交所,https://query.sse.com.cn/commonQuery.do
2021-08-03,510310,39.863074,上交所,https://query.sse.com.cn/commonQuery.do
2021-08-03,510330,51.176498,上交所,https://query.sse.com.cn/commonQuery.do
2021-08-04,159919,37.064166,深交所,https://www.szse.cn/api/report/ShowReport/data
2021-08-04,510300,72.463877,上交所,https://query.sse.com.cn/commonQuery.do
2021-08-04,510310,39.663074,上交所,https://query.sse.com.cn/commonQuery.do
2021-08-04,510330,51.185498,上交所,https://query.sse.com.cn/commonQuery.do
2021-08-05,159919,36.884166,深交所,https://www.szse.cn/api/report/ShowReport/data
2021-08-05,510300,71.356877,上交所,https://query.sse.com.cn/commonQuery.do
2021-08-05,510310,39.423074,上交所,https://query.sse.com.cn/commonQuery.do
2021-08-05,510330,50.978498,上交所,https://query.sse.com.cn/commonQuery.do
2021-08-06,159919,36.974166,深交所,https://www.szse.cn/api/report/ShowReport/data
2021-08-06,510300,71.554877,上交所,https://query.sse.com.cn/commonQuery.do
2021-08-06,510310,39.423074,上交所,https://query.sse.com.cn/commonQuery.do
2021-08-06,510330,51.068498,上交所,https://query.sse.com.cn/commonQuery.do
2021-08-09,159919,37.046166,深交所,https://www.szse.cn/api/report/ShowReport/data
2021-08-09,510300,71.329877,上交所,https://query.sse.com.cn/commonQuery.do
2021-08-09,510310,39.503074,上交所,https://query.sse.com.cn/commonQuery.do
2021-08-09,510330,51.113498,上交所,https://query.sse.com.cn/commonQuery.do
2021-08-10,159919,36.632166,深交所,https://www.szse.cn/api/report/ShowReport/data
2021-08-10,510300,70.060877,上交所,https://query.sse.com.cn/commonQuery.do
2021-08-10,510310,39.403074,上交所,https://query.sse.com.cn/commonQuery.do
2021-08-10,510330,50.960498,上交所,https://query.sse.com.cn/commonQuery.do
2021-08-11,159919,36.335166,深交所,https://www.szse.cn/api/report/ShowReport/data
2021-08-11,510300,68.782877,上交所,https://query.sse.com.cn/commonQuery.do
2021-08-11,510310,39.143074,上交所,https://query.sse.com.cn/commonQuery.do
2021-08-11,510330,50.699498,上交所,https://query.sse.com.cn/commonQuery.do
2021-08-12,159919,36.425166,深交所,https://www.szse.cn/api/report/ShowReport/data
2021-08-12,510300,69.097877,上交所,https://query.sse.com.cn/commonQuery.do
2021-08-12,510310,39.283074,上交所,https://query.sse.com.cn/commonQuery.do
2021-08-12,510330,50.834498,上交所,https://query.sse.com.cn/commonQuery.do
2021-08-13,159919,36.578166,深交所,https://www.szse.cn/api/report/ShowReport/data
2021-08-13,510300,69.691877,上交所,https://query.sse.com.cn/commonQuery.do
2021-08-13,510310,39.343074,上交所,https://query.sse.com.cn/commonQuery.do
2021-08-13,510330,50.987498,上交所,https://query.sse.com.cn/commonQuery.do
2021-08-16,159919,36.578166,深交所,https://www.szse.cn/api/report/ShowReport/data
2021-08-16,510300,70.006877,上交所,https://query.sse.com.cn/commonQuery.do
2021-08-16,510310,39.503074,上交所,https://query.sse.com.cn/commonQuery.do
2021-08-16,510330,51.113498,上交所,https://query.sse.com.cn/commonQuery.do
2021-08-17,159919,36.749166,深交所,https://www.szse.cn/api/report/ShowReport/data
2021-08-17,510300,71.590877,上交所,https://query.sse.com.cn/commonQuery.do
2021-08-17,510310,39.463074,上交所,https://query.sse.com.cn/commonQuery.do
2021-08-17,510330,51.329498,上交所,https://query.sse.com.cn/commonQuery.do
2021-08-18,159919,36.821166,深交所,https://www.szse.cn/api/report/ShowReport/data
2021-08-18,510300,72.814877,上交所,https://query.sse.com.cn/commonQuery.do
2021-08-18,510310,39.543074,上交所,https://query.sse.com.cn/commonQuery.do
2021-08-18,510330,51.275498,上交所,https://query.sse.com.cn/commonQuery.do
2021-08-19,159919,36.596166,深交所,https://www.szse.cn/api/report/ShowReport/data
2021-08-19,510300,71.887877,上交所,https://query.sse.com.cn/commonQuery.do
2021-08-19,510310,39.263074,上交所,https://query.sse.com.cn/commonQuery.do
2021-08-19,510330,50.861498,上交所,https://query.sse.com.cn/commonQuery.do
2021-08-20,159919,37.199166,深交所,https://www.szse.cn/api/report/ShowReport/data
2021-08-20,510300,73.633877,上交所,https://query.sse.com.cn/commonQuery.do
2021-08-20,510310,39.663074,上交所,https://query.sse.com.cn/commonQuery.do
2021-08-20,510330,50.951498,上交所,https://query.sse.com.cn/commonQuery.do
2021-08-23,159919,37.199166,深交所,https://www.szse.cn/api/report/ShowReport/data
2021-08-23,510300,73.147877,上交所,https://query.sse.com.cn/commonQuery.do
2021-08-23,510310,39.703074,上交所,https://query.sse.com.cn/commonQuery.do
2021-08-23,510330,50.789498,上交所,https://query.sse.com.cn/commonQuery.do
2021-08-24,159919,36.821166,深交所,https://www.szse.cn/api/report/ShowReport/data
2021-08-24,510300,71.590877,上交所,https://query.sse.com.cn/commonQuery.do
2021-08-24,510310,39.463074,上交所,https://query.sse.com.cn/commonQuery.do
2021-08-24,510330,50.717498,上交所,https://query.sse.com.cn/commonQuery.do
2021-08-25,159919,36.533166,深交所,https://www.szse.cn/api/report/ShowReport/data
2021-08-25,510300,70.537877,上交所,https://query.sse.com.cn/commonQuery.do
2021-08-25,510310,39.163074,上交所,https://query.sse.com.cn/commonQuery.do
2021-08-25,510330,50.438498,上交所,https://query.sse.com.cn/commonQuery.do
2021-08-26,159919,36.695166,深交所,https://www.szse.cn/api/report/ShowReport/data
2021-08-26,510300,71.041877,上交所,https://query.sse.com.cn/commonQuery.do
2021-08-26,510310,39.183074,上交所,https://query.sse.com.cn/commonQuery.do
2021-08-26,510330,50.456498,上交所,https://query.sse.com.cn/commonQuery.do
2021-08-27,159919,36.956166,深交所,https://www.szse.cn/api/report/ShowReport/data
2021-08-27,510300,72.085877,上交所,https://query.sse.com.cn/commonQuery.do
2021-08-27,510310,39.443074,上交所,https://query.sse.com.cn/commonQuery.do
2021-08-27,510330,50.672498,上交所,https://query.sse.com.cn/commonQuery.do
2021-08-30,159919,36.677166,深交所,https://www.szse.cn/api/report/ShowReport/data
2021-08-30,510300,71.770877,上交所,https://query.sse.com.cn/commonQuery.do
2021-08-30,510310,39.463074,上交所,https://query.sse.com.cn/commonQuery.do
2021-08-30,510330,49.754498,上交所,https://query.sse.com.cn/commonQuery.do
2021-08-31,159919,36.677166,深交所,https://www.szse.cn/api/report/ShowReport/data
2021-08-31,510300,72.112877,上交所,https://query.sse.com.cn/commonQuery.do
2021-08-31,510310,39.483074,上交所,https://query.sse.com.cn/commonQuery.do
2021-08-31,510330,49.538498,上交所,https://query.sse.com.cn/commonQuery.do
2021-09-01,159919,36.866166,深交所,https://www.szse.cn/api/report/ShowReport/data
2021-09-01,510300,73.039877,上交所,https://query.sse.com.cn/commonQuery.do
2021-09-01,510310,39.563074,上交所,https://query.sse.com.cn/commonQuery.do
2021-09-01,510330,49.997498,上交所,https://query.sse.com.cn/commonQuery.do
2021-09-02,159919,36.974166,深交所,https://www.szse.cn/api/report/ShowReport/data
2021-09-02,510300,73.669877,上交所,https://query.sse.com.cn/commonQuery.do
2021-09-02,510310,39.643074,上交所,https://query.sse.com.cn/commonQuery.do
2021-09-02,510330,50.150498,上交所,https://query.sse.com.cn/commonQuery.do
2021-09-03,159919,37.118166,深交所,https://www.szse.cn/api/report/ShowReport/data
2021-09-03,510300,75.550877,上交所,https://query.sse.com.cn/commonQuery.do
2021-09-03,510310,39.923074,上交所,https://query.sse.com.cn/commonQuery.do
2021-09-03,510330,50.744498,上交所,https://query.sse.com.cn/commonQuery.do
2021-09-06,159919,37.019166,深交所,https://www.szse.cn/api/report/ShowReport/data
2021-09-06,510300,73.813877,上交所,https://query.sse.com.cn/commonQuery.do
2021-09-06,510310,39.483074,上交所,https://query.sse.com.cn/commonQuery.do
2021-09-06,510330,50.078498,上交所,https://query.sse.com.cn/commonQuery.do
2021-09-07,159919,36.902166,深交所,https://www.szse.cn/api/report/ShowReport/data
2021-09-07,510300,73.804877,上交所,https://query.sse.com.cn/commonQuery.do
2021-09-07,510310,39.583074,上交所,https://query.sse.com.cn/commonQuery.do
2021-09-07,510330,50.483498,上交所,https://query.sse.com.cn/commonQuery.do
2021-09-08,159919,36.929166,深交所,https://www.szse.cn/api/report/ShowReport/data
2021-09-08,510300,73.543877,上交所,https://query.sse.com.cn/commonQuery.do
2021-09-08,510310,39.463074,上交所,https://query.sse.com.cn/commonQuery.do
2021-09-08,510330,50.474498,上交所,https://query.sse.com.cn/commonQuery.do
2021-09-09,159919,36.758166,深交所,https://www.szse.cn/api/report/ShowReport/data
2021-09-09,510300,73.345877,上交所,https://query.sse.com.cn/commonQuery.do
2021-09-09,510310,39.343074,上交所,https://query.sse.com.cn/commonQuery.do
2021-09-09,510330,50.402498,上交所,https://query.sse.com.cn/commonQuery.do
2021-09-10,159919,36.893166,深交所,https://www.szse.cn/api/report/ShowReport/data
2021-09-10,510300,75.055877,上交所,https://query.sse.com.cn/commonQuery.do
2021-09-10,510310,39.423074,上交所,https://query.sse.com.cn/commonQuery.do
2021-09-10,510330,51.041498,上交所,https://query.sse.com.cn/commonQuery.do
2021-09-13,159919,36.722166,深交所,https://www.szse.cn/api/report/ShowReport/data
2021-09-13,510300,73.264877,上交所,https://query.sse.com.cn/commonQuery.do
2021-09-13,510310,39.023074,上交所,https://query.sse.com.cn/commonQuery.do
2021-09-13,510330,50.582498,上交所,https://query.sse.com.cn/commonQuery.do
2021-09-14,159919,36.974166,深交所,https://www.szse.cn/api/report/ShowReport/data
2021-09-14,510300,73.237877,上交所,https://query.sse.com.cn/commonQuery.do
2021-09-14,510310,38.983074,上交所,https://query.sse.com.cn/commonQuery.do
2021-09-14,510330,50.267498,上交所,https://query.sse.com.cn/commonQuery.do
2021-09-15,159919,37.082166,深交所,https://www.szse.cn/api/report/ShowReport/data
2021-09-15,510300,73.966877,上交所,https://query.sse.com.cn/commonQuery.do
2021-09-15,510310,39.003074,上交所,https://query.sse.com.cn/commonQuery.do
2021-09-15,510330,50.303498,上交所,https://query.sse.com.cn/commonQuery.do
2021-09-16,159919,37.739166,深交所,https://www.szse.cn/api/report/ShowReport/data
2021-09-16,510300,76.072877,上交所,https://query.sse.com.cn/commonQuery.do
2021-09-16,510310,39.063074,上交所,https://query.sse.com.cn/commonQuery.do
2021-09-16,510330,50.294498,上交所,https://query.sse.com.cn/commonQuery.do
2021-09-17,159919,38.540166,深交所,https://www.szse.cn/api/report/ShowReport/data
2021-09-17,510300,77.872877,上交所,https://query.sse.com.cn/commonQuery.do
2021-09-17,510310,39.223074,上交所,https://query.sse.com.cn/commonQuery.do
2021-09-17,510330,50.717498,上交所,https://query.sse.com.cn/commonQuery.do
2021-09-22,159919,38.621166,深交所,https://www.szse.cn/api/report/ShowReport/data
2021-09-22,510300,76.891877,上交所,https://query.sse.com.cn/commonQuery.do
2021-09-22,510310,38.923074,上交所,https://query.sse.com.cn/commonQuery.do
2021-09-22,510330,50.141498,上交所,https://query.sse.com.cn/commonQuery.do
2021-09-23,159919,38.351166,深交所,https://www.szse.cn/api/report/ShowReport/data
2021-09-23,510300,75.604877,上交所,https://query.sse.com.cn/commonQuery.do
2021-09-23,510310,38.823074,上交所,https://query.sse.com.cn/commonQuery.do
2021-09-23,510330,49.637498,上交所,https://query.sse.com.cn/commonQuery.do
2021-09-24,159919,38.621166,深交所,https://www.szse.cn/api/report/ShowReport/data
2021-09-24,510300,77.647877,上交所,https://query.sse.com.cn/commonQuery.do
2021-09-24,510310,38.823074,上交所,https://query.sse.com.cn/commonQuery.do
2021-09-24,510330,49.790498,上交所,https://query.sse.com.cn/commonQuery.do
2021-09-27,159919,38.657166,深交所,https://www.szse.cn/api/report/ShowReport/data
2021-09-27,510300,77.791877,上交所,https://query.sse.com.cn/commonQuery.do
2021-09-27,510310,38.823074,上交所,https://query.sse.com.cn/commonQuery.do
2021-09-27,510330,49.925498,上交所,https://query.sse.com.cn/commonQuery.do
2021-09-28,159919,38.792166,深交所,https://www.szse.cn/api/report/ShowReport/data
2021-09-28,510300,77.746877,上交所,https://query.sse.com.cn/commonQuery.do
2021-09-28,510310,39.003074,上交所,https://query.sse.com.cn/commonQuery.do
2021-09-28,510330,49.979498,上交所,https://query.sse.com.cn/commonQuery.do
2021-09-29,159919,38.972166,深交所,https://www.szse.cn/api/report/ShowReport/data
2021-09-29,510300,79.816877,上交所,https://query.sse.com.cn/commonQuery.do
2021-09-29,510310,39.283074,上交所,https://query.sse.com.cn/commonQuery.do
2021-09-29,510330,50.033498,上交所,https://query.sse.com.cn/commonQuery.do
2021-09-30,159919,38.837166,深交所,https://www.szse.cn/api/report/ShowReport/data
2021-09-30,510300,78.745877,上交所,https://query.sse.com.cn/commonQuery.do
2021-09-30,510310,38.683074,上交所,https://query.sse.com.cn/commonQuery.do
2021-09-30,510330,49.439498,上交所,https://query.sse.com.cn/commonQuery.do
2021-10-08,159919,38.792166,深交所,https://www.szse.cn/api/report/ShowReport/data
2021-10-08,510300,78.727877,上交所,https://query.sse.com.cn/commonQuery.do
2021-10-08,510310,38.623074,上交所,https://query.sse.com.cn/commonQuery.do
2021-10-08,510330,49.664498,上交所,https://query.sse.com.cn/commonQuery.do
2021-10-11,159919,38.630166,深交所,https://www.szse.cn/api/report/ShowReport/data
2021-10-11,510300,78.430877,上交所,https://query.sse.com.cn/commonQuery.do
2021-10-11,510310,38.683074,上交所,https://query.sse.com.cn/commonQuery.do
2021-10-11,510330,49.691498,上交所,https://query.sse.com.cn/commonQuery.do
2021-10-12,159919,38.504166,深交所,https://www.szse.cn/api/report/ShowReport/data
2021-10-12,510300,78.232877,上交所,https://query.sse.com.cn/commonQuery.do
2021-10-12,510310,38.703074,上交所,https://query.sse.com.cn/commonQuery.do
2021-10-12,510330,49.700498,上交所,https://query.sse.com.cn/commonQuery.do
2021-10-13,159919,38.450166,深交所,https://www.szse.cn/api/report/ShowReport/data
2021-10-13,510300,77.809877,上交所,https://query.sse.com.cn/commonQuery.do
2021-10-13,510310,38.683074,上交所,https://query.sse.com.cn/commonQuery.do
2021-10-13,510330,49.691498,上交所,https://query.sse.com.cn/commonQuery.do
2021-10-14,159919,38.324166,深交所,https://www.szse.cn/api/report/ShowReport/data
2021-10-14,510300,77.080877,上交所,https://query.sse.com.cn/commonQuery.do
2021-10-14,510310,38.663074,上交所,https://query.sse.com.cn/commonQuery.do
2021-10-14,510330,49.565498,上交所,https://query.sse.com.cn/commonQuery.do
2021-10-15,159919,38.342166,深交所,https://www.szse.cn/api/report/ShowReport/data
2021-10-15,510300,77.656877,上交所,https://query.sse.com.cn/commonQuery.do
2021-10-15,510310,38.703074,上交所,https://query.sse.com.cn/commonQuery.do
2021-10-15,510330,49.763498,上交所,https://query.sse.com.cn/commonQuery.do
2021-10-18,159919,38.270166,深交所,https://www.szse.cn/api/report/ShowReport/data
2021-10-18,510300,77.377877,上交所,https://query.sse.com.cn/commonQuery.do
2021-10-18,510310,38.643074,上交所,https://query.sse.com.cn/commonQuery.do
2021-10-18,510330,49.493498,上交所,https://query.sse.com.cn/commonQuery.do
2021-10-19,159919,37.757166,深交所,https://www.szse.cn/api/report/ShowReport/data
2021-10-19,510300,75.757877,上交所,https://query.sse.com.cn/commonQuery.do
2021-10-19,510310,38.563074,上交所,https://query.sse.com.cn/commonQuery.do
2021-10-19,510330,49.376498,上交所,https://query.sse.com.cn/commonQuery.do
2021-10-20,159919,37.739166,深交所,https://www.szse.cn/api/report/ShowReport/data
2021-10-20,510300,75.784877,上交所,https://query.sse.com.cn/commonQuery.do
2021-10-20,510310,38.563074,上交所,https://query.sse.com.cn/commonQuery.do
2021-10-20,510330,49.412498,上交所,https://query.sse.com.cn/commonQuery.do
2021-10-21,159919,37.694166,深交所,https://www.szse.cn/api/report/ShowReport/data
2021-10-21,510300,75.766877,上交所,https://query.sse.com.cn/commonQuery.do
2021-10-21,510310,38.603074,上交所,https://query.sse.com.cn/commonQuery.do
2021-10-21,510330,49.538498,上交所,https://query.sse.com.cn/commonQuery.do
2021-10-22,159919,37.703166,深交所,https://www.szse.cn/api/report/ShowReport/data
2021-10-22,510300,76.630877,上交所,https://query.sse.com.cn/commonQuery.do
2021-10-22,510310,38.703074,上交所,https://query.sse.com.cn/commonQuery.do
2021-10-22,510330,49.934498,上交所,https://query.sse.com.cn/commonQuery.do
2021-10-25,159919,37.685166,深交所,https://www.szse.cn/api/report/ShowReport/data
2021-10-25,510300,77.332877,上交所,https://query.sse.com.cn/commonQuery.do
2021-10-25,510310,38.863074,上交所,https://query.sse.com.cn/commonQuery.do
2021-10-25,510330,49.880498,上交所,https://query.sse.com.cn/commonQuery.do
2021-10-26,159919,37.271166,深交所,https://www.szse.cn/api/report/ShowReport/data
2021-10-26,510300,76.432877,上交所,https://query.sse.com.cn/commonQuery.do
2021-10-26,510310,39.003074,上交所,https://query.sse.com.cn/commonQuery.do
2021-10-26,510330,49.529498,上交所,https://query.sse.com.cn/commonQuery.do
2021-10-27,159919,37.244166,深交所,https://www.szse.cn/api/report/ShowReport/data
2021-10-27,510300,76.261877,上交所,https://query.sse.com.cn/commonQuery.do
2021-10-27,510310,39.443074,上交所,https://query.sse.com.cn/commonQuery.do
2021-10-27,510330,49.196498,上交所,https://query.sse.com.cn/commonQuery.do
2021-10-28,159919,37.550166,深交所,https://www.szse.cn/api/report/ShowReport/data
2021-10-28,510300,79.240877,上交所,https://query.sse.com.cn/commonQuery.do
2021-10-28,510310,40.043074,上交所,https://query.sse.com.cn/commonQuery.do
2021-10-28,510330,49.844498,上交所,https://query.sse.com.cn/commonQuery.do
2021-10-29,159919,37.649166,深交所,https://www.szse.cn/api/report/ShowReport/data
2021-10-29,510300,81.076877,上交所,https://query.sse.com.cn/commonQuery.do
2021-10-29,510310,40.663074,上交所,https://query.sse.com.cn/commonQuery.do
2021-10-29,510330,50.321498,上交所,https://query.sse.com.cn/commonQuery.do
2021-11-01,159919,37.649166,深交所,https://www.szse.cn/api/report/ShowReport/data
2021-11-01,510300,81.175877,上交所,https://query.sse.com.cn/commonQuery.do
2021-11-01,510310,40.683074,上交所,https://query.sse.com.cn/commonQuery.do
2021-11-01,510330,50.312498,上交所,https://query.sse.com.cn/commonQuery.do
2021-11-02,159919,37.730166,深交所,https://www.szse.cn/api/report/ShowReport/data
2021-11-02,510300,82.237877,上交所,https://query.sse.com.cn/commonQuery.do
2021-11-02,510310,40.723074,上交所,https://query.sse.com.cn/commonQuery.do
2021-11-02,510330,50.474498,上交所,https://query.sse.com.cn/commonQuery.do
2021-11-03,159919,37.721166,深交所,https://www.szse.cn/api/report/ShowReport/data
2021-11-03,510300,83.182877,上交所,https://query.sse.com.cn/commonQuery.do
2021-11-03,510310,40.783074,上交所,https://query.sse.com.cn/commonQuery.do
2021-11-03,510330,50.627498,上交所,https://query.sse.com.cn/commonQuery.do
2021-11-04,159919,37.577166,深交所,https://www.szse.cn/api/report/ShowReport/data
2021-11-04,510300,82.453877,上交所,https://query.sse.com.cn/commonQuery.do
2021-11-04,510310,40.723074,上交所,https://query.sse.com.cn/commonQuery.do
2021-11-04,510330,50.438498,上交所,https://query.sse.com.cn/commonQuery.do
2021-11-05,159919,37.892166,深交所,https://www.szse.cn/api/report/ShowReport/data
2021-11-05,510300,83.884877,上交所,https://query.sse.com.cn/commonQuery.do
2021-11-05,510310,40.783074,上交所,https://query.sse.com.cn/commonQuery.do
2021-11-05,510330,50.726498,上交所,https://query.sse.com.cn/commonQuery.do
2021-11-08,159919,37.937166,深交所,https://www.szse.cn/api/report/ShowReport/data
2021-11-08,510300,84.694877,上交所,https://query.sse.com.cn/commonQuery.do
2021-11-08,510310,40.803074,上交所,https://query.sse.com.cn/commonQuery.do
2021-11-08,510330,50.681498,上交所,https://query.sse.com.cn/commonQuery.do
2021-11-09,159919,38.432166,深交所,https://www.szse.cn/api/report/ShowReport/data
2021-11-09,510300,84.595877,上交所,https://query.sse.com.cn/commonQuery.do
2021-11-09,510310,41.083074,上交所,https://query.sse.com.cn/commonQuery.do
2021-11-09,510330,50.456498,上交所,https://query.sse.com.cn/commonQuery.do
2021-11-10,159919,38.360166,深交所,https://www.szse.cn/api/report/ShowReport/data
2021-11-10,510300,84.136877,上交所,https://query.sse.com.cn/commonQuery.do
2021-11-10,510310,41.583074,上交所,https://query.sse.com.cn/commonQuery.do
2021-11-10,510330,50.123498,上交所,https://query.sse.com.cn/commonQuery.do
2021-11-11,159919,38.315166,深交所,https://www.szse.cn/api/report/ShowReport/data
2021-11-11,510300,83.686877,上交所,https://query.sse.com.cn/commonQuery.do
2021-11-11,510310,42.143074,上交所,https://query.sse.com.cn/commonQuery.do
2021-11-11,510330,50.123498,上交所,https://query.sse.com.cn/commonQuery.do
2021-11-12,159919,38.315166,深交所,https://www.szse.cn/api/report/ShowReport/data
2021-11-12,510300,84.658877,上交所,https://query.sse.com.cn/commonQuery.do
2021-11-12,510310,42.363074,上交所,https://query.sse.com.cn/commonQuery.do
2021-11-12,510330,50.141498,上交所,https://query.sse.com.cn/commonQuery.do
2021-11-15,159919,38.333166,深交所,https://www.szse.cn/api/report/ShowReport/data
2021-11-15,510300,86.584877,上交所,https://query.sse.com.cn/commonQuery.do
2021-11-15,510310,42.363074,上交所,https://query.sse.com.cn/commonQuery.do
2021-11-15,510330,50.276498,上交所,https://query.sse.com.cn/commonQuery.do
2021-11-16,159919,38.405166,深交所,https://www.szse.cn/api/report/ShowReport/data
2021-11-16,510300,88.024877,上交所,https://query.sse.com.cn/commonQuery.do
2021-11-16,510310,42.403074,上交所,https://query.sse.com.cn/commonQuery.do
2021-11-16,510330,50.267498,上交所,https://query.sse.com.cn/commonQuery.do
2021-11-17,159919,38.837166,深交所,https://www.szse.cn/api/report/ShowReport/data
2021-11-17,510300,87.574877,上交所,https://query.sse.com.cn/commonQuery.do
2021-11-17,510310,42.223074,上交所,https://query.sse.com.cn/commonQuery.do
2021-11-17,510330,50.276498,上交所,https://query.sse.com.cn/commonQuery.do
2021-11-18,159919,38.468166,深交所,https://www.szse.cn/api/report/ShowReport/data
2021-11-18,510300,86.089877,上交所,https://query.sse.com.cn/commonQuery.do
2021-11-18,510310,41.923074,上交所,https://query.sse.com.cn/commonQuery.do
2021-11-18,510330,49.961498,上交所,https://query.sse.com.cn/commonQuery.do
2021-11-19,159919,38.450166,深交所,https://www.szse.cn/api/report/ShowReport/data
2021-11-19,510300,86.422877,上交所,https://query.sse.com.cn/commonQuery.do
2021-11-19,510310,42.143074,上交所,https://query.sse.com.cn/commonQuery.do
2021-11-19,510330,50.402498,上交所,https://query.sse.com.cn/commonQuery.do
2021-11-22,159919,37.991166,深交所,https://www.szse.cn/api/report/ShowReport/data
2021-11-22,510300,84.433877,上交所,https://query.sse.com.cn/commonQuery.do
2021-11-22,510310,41.943074,上交所,https://query.sse.com.cn/commonQuery.do
2021-11-22,510330,50.195498,上交所,https://query.sse.com.cn/commonQuery.do
2021-11-23,159919,37.433166,深交所,https://www.szse.cn/api/report/ShowReport/data
2021-11-23,510300,82.354877,上交所,https://query.sse.com.cn/commonQuery.do
2021-11-23,510310,41.883074,上交所,https://query.sse.com.cn/commonQuery.do
2021-11-23,510330,50.195498,上交所,https://query.sse.com.cn/commonQuery.do
2021-11-24,159919,37.424166,深交所,https://www.szse.cn/api/report/ShowReport/data
2021-11-24,510300,82.516877,上交所,https://query.sse.com.cn/commonQuery.do
2021-11-24,510310,41.883074,上交所,https://query.sse.com.cn/commonQuery.do
2021-11-24,510330,50.195498,上交所,https://query.sse.com.cn/commonQuery.do
2021-11-25,159919,37.379166,深交所,https://www.szse.cn/api/report/ShowReport/data
2021-11-25,510300,82.264877,上交所,https://query.sse.com.cn/commonQuery.do
2021-11-25,510310,41.983074,上交所,https://query.sse.com.cn/commonQuery.do
2021-11-25,510330,50.060498,上交所,https://query.sse.com.cn/commonQuery.do
2021-11-26,159919,37.469166,深交所,https://www.szse.cn/api/report/ShowReport/data
2021-11-26,510300,82.273877,上交所,https://query.sse.com.cn/commonQuery.do
2021-11-26,510310,42.363074,上交所,https://query.sse.com.cn/commonQuery.do
2021-11-26,510330,50.015498,上交所,https://query.sse.com.cn/commonQuery.do
2021-11-29,159919,37.874166,深交所,https://www.szse.cn/api/report/ShowReport/data
2021-11-29,510300,83.452877,上交所,https://query.sse.com.cn/commonQuery.do
2021-11-29,510310,42.483074,上交所,https://query.sse.com.cn/commonQuery.do
2021-11-29,510330,50.411498,上交所,https://query.sse.com.cn/commonQuery.do
2021-11-30,159919,38.180166,深交所,https://www.szse.cn/api/report/ShowReport/data
2021-11-30,510300,83.398877,上交所,https://query.sse.com.cn/commonQuery.do
2021-11-30,510310,42.503074,上交所,https://query.sse.com.cn/commonQuery.do
2021-11-30,510330,50.564498,上交所,https://query.sse.com.cn/commonQuery.do
2021-12-01,159919,38.747166,深交所,https://www.szse.cn/api/report/ShowReport/data
2021-12-01,510300,84.568877,上交所,https://query.sse.com.cn/commonQuery.do
2021-12-01,510310,42.543074,上交所,https://query.sse.com.cn/commonQuery.do
2021-12-01,510330,50.942498,上交所,https://query.sse.com.cn/commonQuery.do
2021-12-02,159919,39.899166,深交所,https://www.szse.cn/api/report/ShowReport/data
2021-12-02,510300,84.595877,上交所,https://query.sse.com.cn/commonQuery.do
2021-12-02,510310,42.563074,上交所,https://query.sse.com.cn/commonQuery.do
2021-12-02,510330,50.915498,上交所,https://query.sse.com.cn/commonQuery.do
2021-12-03,159919,39.917166,深交所,https://www.szse.cn/api/report/ShowReport/data
2021-12-03,510300,84.091877,上交所,https://query.sse.com.cn/commonQuery.do
2021-12-03,510310,42.563074,上交所,https://query.sse.com.cn/commonQuery.do
2021-12-03,510330,50.726498,上交所,https://query.sse.com.cn/commonQuery.do
2021-12-06,159919,39.512166,深交所,https://www.szse.cn/api/report/ShowReport/data
2021-12-06,510300,82.642877,上交所,https://query.sse.com.cn/commonQuery.do
2021-12-06,510310,42.143074,上交所,https://query.sse.com.cn/commonQuery.do
2021-12-06,510330,50.429498,上交所,https://query.sse.com.cn/commonQuery.do
2021-12-07,159919,39.548166,深交所,https://www.szse.cn/api/report/ShowReport/data
2021-12-07,510300,82.912877,上交所,https://query.sse.com.cn/commonQuery.do
2021-12-07,510310,42.123074,上交所,https://query.sse.com.cn/commonQuery.do
2021-12-07,510330,51.131498,上交所,https://query.sse.com.cn/commonQuery.do
2021-12-08,159919,39.575166,深交所,https://www.szse.cn/api/report/ShowReport/data
2021-12-08,510300,83.704877,上交所,https://query.sse.com.cn/commonQuery.do
2021-12-08,510310,42.083074,上交所,https://query.sse.com.cn/commonQuery.do
2021-12-08,510330,51.590498,上交所,https://query.sse.com.cn/commonQuery.do
2021-12-09,159919,39.692166,深交所,https://www.szse.cn/api/report/ShowReport/data
2021-12-09,510300,86.755877,上交所,https://query.sse.com.cn/commonQuery.do
2021-12-09,510310,42.143074,上交所,https://query.sse.com.cn/commonQuery.do
2021-12-09,510330,54.128498,上交所,https://query.sse.com.cn/commonQuery.do
2021-12-10,159919,41.060166,深交所,https://www.szse.cn/api/report/ShowReport/data
2021-12-10,510300,89.464877,上交所,https://query.sse.com.cn/commonQuery.do
2021-12-10,510310,42.263074,上交所,https://query.sse.com.cn/commonQuery.do
2021-12-10,510330,55.721498,上交所,https://query.sse.com.cn/commonQuery.do
2021-12-13,159919,40.961166,深交所,https://www.szse.cn/api/report/ShowReport/data
2021-12-13,510300,90.373877,上交所,https://query.sse.com.cn/commonQuery.do
2021-12-13,510310,42.343074,上交所,https://query.sse.com.cn/commonQuery.do
2021-12-13,510330,55.244498,上交所,https://query.sse.com.cn/commonQuery.do
2021-12-14,159919,41.231166,深交所,https://www.szse.cn/api/report/ShowReport/data
2021-12-14,510300,92.803877,上交所,https://query.sse.com.cn/commonQuery.do
2021-12-14,510310,42.423074,上交所,https://query.sse.com.cn/commonQuery.do
2021-12-14,510330,55.613498,上交所,https://query.sse.com.cn/commonQuery.do
2021-12-15,159919,42.230166,深交所,https://www.szse.cn/api/report/ShowReport/data
2021-12-15,510300,92.929877,上交所,https://query.sse.com.cn/commonQuery.do
2021-12-15,510310,42.423074,上交所,https://query.sse.com.cn/commonQuery.do
2021-12-15,510330,55.478498,上交所,https://query.sse.com.cn/commonQuery.do
2021-12-16,159919,42.239166,深交所,https://www.szse.cn/api/report/ShowReport/data
2021-12-16,510300,94.549877,上交所,https://query.sse.com.cn/commonQuery.do
2021-12-16,510310,42.483074,上交所,https://query.sse.com.cn/commonQuery.do
2021-12-16,510330,55.514498,上交所,https://query.sse.com.cn/commonQuery.do
2021-12-17,159919,42.806166,深交所,https://www.szse.cn/api/report/ShowReport/data
2021-12-17,510300,98.536877,上交所,https://query.sse.com.cn/commonQuery.do
2021-12-17,510310,42.563074,上交所,https://query.sse.com.cn/commonQuery.do
2021-12-17,510330,55.676498,上交所,https://query.sse.com.cn/commonQuery.do
2021-12-20,159919,43.166166,深交所,https://www.szse.cn/api/report/ShowReport/data
2021-12-20,510300,105.331877,上交所,https://query.sse.com.cn/commonQuery.do
2021-12-20,510310,43.103074,上交所,https://query.sse.com.cn/commonQuery.do
2021-12-20,510330,56.603498,上交所,https://query.sse.com.cn/commonQuery.do
2021-12-21,159919,44.174166,深交所,https://www.szse.cn/api/report/ShowReport/data
2021-12-21,510300,105.997877,上交所,https://query.sse.com.cn/commonQuery.do
2021-12-21,510310,43.143074,上交所,https://query.sse.com.cn/commonQuery.do
2021-12-21,510330,56.810498,上交所,https://query.sse.com.cn/commonQuery.do
2021-12-22,159919,44.354166,深交所,https://www.szse.cn/api/report/ShowReport/data
2021-12-22,510300,102.037877,上交所,https://query.sse.com.cn/commonQuery.do
2021-12-22,510310,42.983074,上交所,https://query.sse.com.cn/commonQuery.do
2021-12-22,510330,56.162498,上交所,https://query.sse.com.cn/commonQuery.do
2021-12-23,159919,44.300166,深交所,https://www.szse.cn/api/report/ShowReport/data
2021-12-23,510300,102.496877,上交所,https://query.sse.com.cn/commonQuery.do
2021-12-23,510310,42.923074,上交所,https://query.sse.com.cn/commonQuery.do
2021-12-23,510330,56.189498,上交所,https://query.sse.com.cn/commonQuery.do
2021-12-24,159919,44.552166,深交所,https://www.szse.cn/api/report/ShowReport/data
2021-12-24,510300,103.045877,上交所,https://query.sse.com.cn/commonQuery.do
2021-12-24,510310,43.063074,上交所,https://query.sse.com.cn/commonQuery.do
2021-12-24,510330,56.225498,上交所,https://query.sse.com.cn/commonQuery.do
2021-12-27,159919,44.993166,深交所,https://www.szse.cn/api/report/ShowReport/data
2021-12-27,510300,106.267877,上交所,https://query.sse.com.cn/commonQuery.do
2021-12-27,510310,43.763074,上交所,https://query.sse.com.cn/commonQuery.do
2021-12-27,510330,57.458498,上交所,https://query.sse.com.cn/commonQuery.do
2021-12-28,159919,45.254166,深交所,https://www.szse.cn/api/report/ShowReport/data
2021-12-28,510300,110.281877,上交所,https://query.sse.com.cn/commonQuery.do
2021-12-28,510310,45.023074,上交所,https://query.sse.com.cn/commonQuery.do
2021-12-28,510330,58.277498,上交所,https://query.sse.com.cn/commonQuery.do
2021-12-29,159919,45.776166,深交所,https://www.szse.cn/api/report/ShowReport/data
2021-12-29,510300,111.694877,上交所,https://query.sse.com.cn/commonQuery.do
2021-12-29,510310,45.003074,上交所,https://query.sse.com.cn/commonQuery.do
2021-12-29,510330,58.250498,上交所,https://query.sse.com.cn/commonQuery.do
2021-12-30,159919,45.857166,深交所,https://www.szse.cn/api/report/ShowReport/data
2021-12-30,510300,113.530877,上交所,https://query.sse.com.cn/commonQuery.do
2021-12-30,510310,44.943074,上交所,https://query.sse.com.cn/commonQuery.do
2021-12-30,510330,58.151498,上交所,https://query.sse.com.cn/commonQuery.do
2021-12-31,159919,45.965166,深交所,https://www.szse.cn/api/report/ShowReport/data
2021-12-31,510300,113.404877,上交所,https://query.sse.com.cn/commonQuery.do
2021-12-31,510310,44.863074,上交所,https://query.sse.com.cn/commonQuery.do
2021-12-31,510330,57.593498,上交所,https://query.sse.com.cn/commonQuery.do
2022-01-04,159919,45.659166,深交所,https://www.szse.cn/api/report/ShowReport/data
2022-01-04,510300,111.766877,上交所,https://query.sse.com.cn/commonQuery.do
2022-01-04,510310,44.703074,上交所,https://query.sse.com.cn/commonQuery.do
2022-01-04,510330,57.026498,上交所,https://query.sse.com.cn/commonQuery.do
2022-01-05,159919,45.722166,深交所,https://www.szse.cn/api/report/ShowReport/data
2022-01-05,510300,113.773877,上交所,https://query.sse.com.cn/commonQuery.do
2022-01-05,510310,44.803074,上交所,https://query.sse.com.cn/commonQuery.do
2022-01-05,510330,56.990498,上交所,https://query.sse.com.cn/commonQuery.do
2022-01-06,159919,45.587166,深交所,https://www.szse.cn/api/report/ShowReport/data
2022-01-06,510300,113.530877,上交所,https://query.sse.com.cn/commonQuery.do
2022-01-06,510310,44.863074,上交所,https://query.sse.com.cn/commonQuery.do
2022-01-06,510330,54.614498,上交所,https://query.sse.com.cn/commonQuery.do
2022-01-07,159919,45.569166,深交所,https://www.szse.cn/api/report/ShowReport/data
2022-01-07,510300,114.394877,上交所,https://query.sse.com.cn/commonQuery.do
2022-01-07,510310,44.943074,上交所,https://query.sse.com.cn/commonQuery.do
2022-01-07,510330,54.407498,上交所,https://query.sse.com.cn/commonQuery.do
2022-01-10,159919,45.587166,深交所,https://www.szse.cn/api/report/ShowReport/data
2022-01-10,510300,117.130877,上交所,https://query.sse.com.cn/commonQuery.do
2022-01-10,510310,44.943074,上交所,https://query.sse.com.cn/commonQuery.do
2022-01-10,510330,54.398498,上交所,https://query.sse.com.cn/commonQuery.do
2022-01-11,159919,45.938166,深交所,https://www.szse.cn/api/report/ShowReport/data
2022-01-11,510300,117.193877,上交所,https://query.sse.com.cn/commonQuery.do
2022-01-11,510310,44.763074,上交所,https://query.sse.com.cn/commonQuery.do
2022-01-11,510330,53.678498,上交所,https://query.sse.com.cn/commonQuery.do
2022-01-12,159919,45.938166,深交所,https://www.szse.cn/api/report/ShowReport/data
2022-01-12,510300,119.020877,上交所,https://query.sse.com.cn/commonQuery.do
2022-01-12,510310,44.763074,上交所,https://query.sse.com.cn/commonQuery.do
2022-01-12,510330,53.705498,上交所,https://query.sse.com.cn/commonQuery.do
2022-01-13,159919,46.181166,深交所,https://www.szse.cn/api/report/ShowReport/data
2022-01-13,510300,119.290877,上交所,https://query.sse.com.cn/commonQuery.do
2022-01-13,510310,44.763074,上交所,https://query.sse.com.cn/commonQuery.do
2022-01-13,510330,53.372498,上交所,https://query.sse.com.cn/commonQuery.do
2022-01-14,159919,46.208166,深交所,https://www.szse.cn/api/report/ShowReport/data
2022-01-14,510300,119.425877,上交所,https://query.sse.com.cn/commonQuery.do
2022-01-14,510310,44.843074,上交所,https://query.sse.com.cn/commonQuery.do
2022-01-14,510330,53.525498,上交所,https://query.sse.com.cn/commonQuery.do
2022-01-17,159919,46.181166,深交所,https://www.szse.cn/api/report/ShowReport/data
2022-01-17,510300,118.660877,上交所,https://query.sse.com.cn/commonQuery.do
2022-01-17,510310,44.903074,上交所,https://query.sse.com.cn/commonQuery.do
2022-01-17,510330,53.633498,上交所,https://query.sse.com.cn/commonQuery.do
2022-01-18,159919,45.380166,深交所,https://www.szse.cn/api/report/ShowReport/data
2022-01-18,510300,115.141877,上交所,https://query.sse.com.cn/commonQuery.do
2022-01-18,510310,44.703074,上交所,https://query.sse.com.cn/commonQuery.do
2022-01-18,510330,53.642498,上交所,https://query.sse.com.cn/commonQuery.do
2022-01-19,159919,45.389166,深交所,https://www.szse.cn/api/report/ShowReport/data
2022-01-19,510300,117.877877,上交所,https://query.sse.com.cn/commonQuery.do
2022-01-19,510310,44.803074,上交所,https://query.sse.com.cn/commonQuery.do
2022-01-19,510330,54.398498,上交所,https://query.sse.com.cn/commonQuery.do
2022-01-20,159919,46.325166,深交所,https://www.szse.cn/api/report/ShowReport/data
2022-01-20,510300,119.425877,上交所,https://query.sse.com.cn/commonQuery.do
2022-01-20,510310,45.143074,上交所,https://query.sse.com.cn/commonQuery.do
2022-01-20,510330,54.614498,上交所,https://query.sse.com.cn/commonQuery.do
2022-01-21,159919,46.334166,深交所,https://www.szse.cn/api/report/ShowReport/data
2022-01-21,510300,125.104877,上交所,https://query.sse.com.cn/commonQuery.do
2022-01-21,510310,45.503074,上交所,https://query.sse.com.cn/commonQuery.do
2022-01-21,510330,55.190498,上交所,https://query.sse.com.cn/commonQuery.do
2022-01-24,159919,47.387166,深交所,https://www.szse.cn/api/report/ShowReport/data
2022-01-24,510300,126.643877,上交所,https://query.sse.com.cn/commonQuery.do
2022-01-24,510310,45.863074,上交所,https://query.sse.com.cn/commonQuery.do
2022-01-24,510330,55.487498,上交所,https://query.sse.com.cn/commonQuery.do
2022-01-25,159919,47.153166,深交所,https://www.szse.cn/api/report/ShowReport/data
2022-01-25,510300,126.886877,上交所,https://query.sse.com.cn/commonQuery.do
2022-01-25,510310,46.023074,上交所,https://query.sse.com.cn/commonQuery.do
2022-01-25,510330,55.181498,上交所,https://query.sse.com.cn/commonQuery.do
2022-01-26,159919,46.784166,深交所,https://www.szse.cn/api/report/ShowReport/data
2022-01-26,510300,126.373877,上交所,https://query.sse.com.cn/commonQuery.do
2022-01-26,510310,46.183074,上交所,https://query.sse.com.cn/commonQuery.do
2022-01-26,510330,55.334498,上交所,https://query.sse.com.cn/commonQuery.do
2022-01-27,159919,46.451166,深交所,https://www.szse.cn/api/report/ShowReport/data
2022-01-27,510300,126.121877,上交所,https://query.sse.com.cn/commonQuery.do
2022-01-27,510310,46.203074,上交所,https://query.sse.com.cn/commonQuery.do
2022-01-27,510330,55.046498,上交所,https://query.sse.com.cn/commonQuery.do
2022-01-28,159919,45.569166,深交所,https://www.szse.cn/api/report/ShowReport/data
2022-01-28,510300,125.995877,上交所,https://query.sse.com.cn/commonQuery.do
2022-01-28,510310,46.503074,上交所,https://query.sse.com.cn/commonQuery.do
2022-01-28,510330,55.046498,上交所,https://query.sse.com.cn/commonQuery.do
2022-02-07,159919,45.650166,深交所,https://www.szse.cn/api/report/ShowReport/data
2022-02-07,510300,123.466877,上交所,https://query.sse.com.cn/commonQuery.do
2022-02-07,510310,46.463074,上交所,https://query.sse.com.cn/commonQuery.do
2022-02-07,510330,55.001498,上交所,https://query.sse.com.cn/commonQuery.do
2022-02-08,159919,45.704166,深交所,https://www.szse.cn/api/report/ShowReport/data
2022-02-08,510300,124.528877,上交所,https://query.sse.com.cn/commonQuery.do
2022-02-08,510310,46.803074,上交所,https://query.sse.com.cn/commonQuery.do
2022-02-08,510330,55.280498,上交所,https://query.sse.com.cn/commonQuery.do
2022-02-09,159919,45.632166,深交所,https://www.szse.cn/api/report/ShowReport/data
2022-02-09,510300,122.818877,上交所,https://query.sse.com.cn/commonQuery.do
2022-02-09,510310,46.803074,上交所,https://query.sse.com.cn/commonQuery.do
2022-02-09,510330,55.397498,上交所,https://query.sse.com.cn/commonQuery.do
2022-02-10,159919,45.353166,深交所,https://www.szse.cn/api/report/ShowReport/data
2022-02-10,510300,121.225877,上交所,https://query.sse.com.cn/commonQuery.do
2022-02-10,510310,46.903074,上交所,https://query.sse.com.cn/commonQuery.do
2022-02-10,510330,55.604498,上交所,https://query.sse.com.cn/commonQuery.do
2022-02-11,159919,45.299166,深交所,https://www.szse.cn/api/report/ShowReport/data
2022-02-11,510300,119.938877,上交所,https://query.sse.com.cn/commonQuery.do
2022-02-11,510310,46.843074,上交所,https://query.sse.com.cn/commonQuery.do
2022-02-11,510330,55.613498,上交所,https://query.sse.com.cn/commonQuery.do
2022-02-14,159919,45.317166,深交所,https://www.szse.cn/api/report/ShowReport/data
2022-02-14,510300,120.397877,上交所,https://query.sse.com.cn/commonQuery.do
2022-02-14,510310,46.903074,上交所,https://query.sse.com.cn/commonQuery.do
2022-02-14,510330,55.694498,上交所,https://query.sse.com.cn/commonQuery.do
2022-02-15,159919,44.768166,深交所,https://www.szse.cn/api/report/ShowReport/data
2022-02-15,510300,116.599877,上交所,https://query.sse.com.cn/commonQuery.do
2022-02-15,510310,46.983074,上交所,https://query.sse.com.cn/commonQuery.do
2022-02-15,510330,55.586498,上交所,https://query.sse.com.cn/commonQuery.do
2022-02-16,159919,44.516166,深交所,https://www.szse.cn/api/report/ShowReport/data
2022-02-16,510300,113.989877,上交所,https://query.sse.com.cn/commonQuery.do
2022-02-16,510310,47.003074,上交所,https://query.sse.com.cn/commonQuery.do
2022-02-16,510330,55.496498,上交所,https://query.sse.com.cn/commonQuery.do
2022-02-17,159919,44.408166,深交所,https://www.szse.cn/api/report/ShowReport/data
2022-02-17,510300,110.074877,上交所,https://query.sse.com.cn/commonQuery.do
2022-02-17,510310,46.303074,上交所,https://query.sse.com.cn/commonQuery.do
2022-02-17,510330,55.280498,上交所,https://query.sse.com.cn/commonQuery.do
2022-02-18,159919,44.354166,深交所,https://www.szse.cn/api/report/ShowReport/data
2022-02-18,510300,109.318877,上交所,https://query.sse.com.cn/commonQuery.do
2022-02-18,510310,46.323074,上交所,https://query.sse.com.cn/commonQuery.do
2022-02-18,510330,55.352498,上交所,https://query.sse.com.cn/commonQuery.do
2022-02-21,159919,44.003166,深交所,https://www.szse.cn/api/report/ShowReport/data
2022-02-21,510300,107.896877,上交所,https://query.sse.com.cn/commonQuery.do
2022-02-21,510310,46.263074,上交所,https://query.sse.com.cn/commonQuery.do
2022-02-21,510330,55.154498,上交所,https://query.sse.com.cn/commonQuery.do
2022-02-22,159919,43.832166,深交所,https://www.szse.cn/api/report/ShowReport/data
2022-02-22,510300,108.409877,上交所,https://query.sse.com.cn/commonQuery.do
2022-02-22,510310,46.683074,上交所,https://query.sse.com.cn/commonQuery.do
2022-02-22,510330,55.226498,上交所,https://query.sse.com.cn/commonQuery.do
2022-02-23,159919,43.148166,深交所,https://www.szse.cn/api/report/ShowReport/data
2022-02-23,510300,106.519877,上交所,https://query.sse.com.cn/commonQuery.do
2022-02-23,510310,46.823074,上交所,https://query.sse.com.cn/commonQuery.do
2022-02-23,510330,55.208498,上交所,https://query.sse.com.cn/commonQuery.do
2022-02-24,159919,42.896166,深交所,https://www.szse.cn/api/report/ShowReport/data
2022-02-24,510300,108.625877,上交所,https://query.sse.com.cn/commonQuery.do
2022-02-24,510310,47.103074,上交所,https://query.sse.com.cn/commonQuery.do
2022-02-24,510330,55.514498,上交所,https://query.sse.com.cn/commonQuery.do
2022-02-25,159919,42.905166,深交所,https://www.szse.cn/api/report/ShowReport/data
2022-02-25,510300,109.129877,上交所,https://query.sse.com.cn/commonQuery.do
2022-02-25,510310,47.223074,上交所,https://query.sse.com.cn/commonQuery.do
2022-02-25,510330,55.829498,上交所,https://query.sse.com.cn/commonQuery.do
2022-02-28,159919,42.752166,深交所,https://www.szse.cn/api/report/ShowReport/data
2022-02-28,510300,108.220877,上交所,https://query.sse.com.cn/commonQuery.do
2022-02-28,510310,47.243074,上交所,https://query.sse.com.cn/commonQuery.do
2022-02-28,510330,55.406498,上交所,https://query.sse.com.cn/commonQuery.do
2022-03-01,159919,42.635166,深交所,https://www.szse.cn/api/report/ShowReport/data
2022-03-01,510300,106.582877,上交所,https://query.sse.com.cn/commonQuery.do
2022-03-01,510310,47.623074,上交所,https://query.sse.com.cn/commonQuery.do
2022-03-01,510330,55.028498,上交所,https://query.sse.com.cn/commonQuery.do
2022-03-02,159919,42.644166,深交所,https://www.szse.cn/api/report/ShowReport/data
2022-03-02,510300,106.672877,上交所,https://query.sse.com.cn/commonQuery.do
2022-03-02,510310,47.803074,上交所,https://query.sse.com.cn/commonQuery.do
2022-03-02,510330,54.749498,上交所,https://query.sse.com.cn/commonQuery.do
2022-03-03,159919,42.599166,深交所,https://www.szse.cn/api/report/ShowReport/data
2022-03-03,510300,106.519877,上交所,https://query.sse.com.cn/commonQuery.do
2022-03-03,510310,47.863074,上交所,https://query.sse.com.cn/commonQuery.do
2022-03-03,510330,54.650498,上交所,https://query.sse.com.cn/commonQuery.do
2022-03-04,159919,42.527166,深交所,https://www.szse.cn/api/report/ShowReport/data
2022-03-04,510300,108.724877,上交所,https://query.sse.com.cn/commonQuery.do
2022-03-04,510310,48.063074,上交所,https://query.sse.com.cn/commonQuery.do
2022-03-04,510330,54.776498,上交所,https://query.sse.com.cn/commonQuery.do
2022-03-07,159919,41.960166,深交所,https://www.szse.cn/api/report/ShowReport/data
2022-03-07,510300,107.248877,上交所,https://query.sse.com.cn/commonQuery.do
2022-03-07,510310,48.183074,上交所,https://query.sse.com.cn/commonQuery.do
2022-03-07,510330,54.362498,上交所,https://query.sse.com.cn/commonQuery.do
2022-03-08,159919,41.213166,深交所,https://www.szse.cn/api/report/ShowReport/data
2022-03-08,510300,105.799877,上交所,https://query.sse.com.cn/commonQuery.do
2022-03-08,510310,48.003074,上交所,https://query.sse.com.cn/commonQuery.do
2022-03-08,510330,53.804498,上交所,https://query.sse.com.cn/commonQuery.do
2022-03-09,159919,41.357166,深交所,https://www.szse.cn/api/report/ShowReport/data
2022-03-09,510300,109.561877,上交所,https://query.sse.com.cn/commonQuery.do
2022-03-09,510310,48.463074,上交所,https://query.sse.com.cn/commonQuery.do
2022-03-09,510330,53.975498,上交所,https://query.sse.com.cn/commonQuery.do
2022-03-10,159919,40.745166,深交所,https://www.szse.cn/api/report/ShowReport/data
2022-03-10,510300,106.735877,上交所,https://query.sse.com.cn/commonQuery.do
2022-03-10,510310,48.463074,上交所,https://query.sse.com.cn/commonQuery.do
2022-03-10,510330,53.417498,上交所,https://query.sse.com.cn/commonQuery.do
2022-03-11,159919,40.772166,深交所,https://www.szse.cn/api/report/ShowReport/data
2022-03-11,510300,107.950877,上交所,https://query.sse.com.cn/commonQuery.do
2022-03-11,510310,50.823074,上交所,https://query.sse.com.cn/commonQuery.do
2022-03-11,510330,53.669498,上交所,https://query.sse.com.cn/commonQuery.do
2022-03-14,159919,40.799166,深交所,https://www.szse.cn/api/report/ShowReport/data
2022-03-14,510300,107.896877,上交所,https://query.sse.com.cn/commonQuery.do
2022-03-14,510310,50.623074,上交所,https://query.sse.com.cn/commonQuery.do
2022-03-14,510330,53.444498,上交所,https://query.sse.com.cn/commonQuery.do
2022-03-15,159919,40.556166,深交所,https://www.szse.cn/api/report/ShowReport/data
2022-03-15,510300,108.661877,上交所,https://query.sse.com.cn/commonQuery.do
2022-03-15,510310,50.623074,上交所,https://query.sse.com.cn/commonQuery.do
2022-03-15,510330,53.264498,上交所,https://query.sse.com.cn/commonQuery.do
2022-03-16,159919,40.556166,深交所,https://www.szse.cn/api/report/ShowReport/data
2022-03-16,510300,113.494877,上交所,https://query.sse.com.cn/commonQuery.do
2022-03-16,510310,50.283074,上交所,https://query.sse.com.cn/commonQuery.do
2022-03-16,510330,53.381498,上交所,https://query.sse.com.cn/commonQuery.do
2022-03-17,159919,40.061166,深交所,https://www.szse.cn/api/report/ShowReport/data
2022-03-17,510300,107.707877,上交所,https://query.sse.com.cn/commonQuery.do
2022-03-17,510310,49.543074,上交所,https://query.sse.com.cn/commonQuery.do
2022-03-17,510330,52.688498,上交所,https://query.sse.com.cn/commonQuery.do
2022-03-18,159919,39.953166,深交所,https://www.szse.cn/api/report/ShowReport/data
2022-03-18,510300,107.410877,上交所,https://query.sse.com.cn/commonQuery.do
2022-03-18,510310,49.343074,上交所,https://query.sse.com.cn/commonQuery.do
2022-03-18,510330,52.787498,上交所,https://query.sse.com.cn/commonQuery.do
2022-03-21,159919,39.863166,深交所,https://www.szse.cn/api/report/ShowReport/data
2022-03-21,510300,105.610877,上交所,https://query.sse.com.cn/commonQuery.do
2022-03-21,510310,48.323074,上交所,https://query.sse.com.cn/commonQuery.do
2022-03-21,510330,52.499498,上交所,https://query.sse.com.cn/commonQuery.do
2022-03-22,159919,39.854166,深交所,https://www.szse.cn/api/report/ShowReport/data
2022-03-22,510300,105.169877,上交所,https://query.sse.com.cn/commonQuery.do
2022-03-22,510310,48.323074,上交所,https://query.sse.com.cn/commonQuery.do
2022-03-22,510330,52.688498,上交所,https://query.sse.com.cn/commonQuery.do
2022-03-23,159919,39.845166,深交所,https://www.szse.cn/api/report/ShowReport/data
2022-03-23,510300,105.520877,上交所,https://query.sse.com.cn/commonQuery.do
2022-03-23,510310,48.363074,上交所,https://query.sse.com.cn/commonQuery.do
2022-03-23,510330,52.607498,上交所,https://query.sse.com.cn/commonQuery.do
2022-03-24,159919,40.178166,深交所,https://www.szse.cn/api/report/ShowReport/data
2022-03-24,510300,105.475877,上交所,https://query.sse.com.cn/commonQuery.do
2022-03-24,510310,48.383074,上交所,https://query.sse.com.cn/commonQuery.do
2022-03-24,510330,52.607498,上交所,https://query.sse.com.cn/commonQuery.do
2022-03-25,159919,40.214166,深交所,https://www.szse.cn/api/report/ShowReport/data
2022-03-25,510300,105.340877,上交所,https://query.sse.com.cn/commonQuery.do
2022-03-25,510310,48.563074,上交所,https://query.sse.com.cn/commonQuery.do
2022-03-25,510330,53.174498,上交所,https://query.sse.com.cn/commonQuery.do
2022-03-28,159919,40.709166,深交所,https://www.szse.cn/api/report/ShowReport/data
2022-03-28,510300,105.556877,上交所,https://query.sse.com.cn/commonQuery.do
2022-03-28,510310,48.783074,上交所,https://query.sse.com.cn/commonQuery.do
2022-03-28,510330,53.345498,上交所,https://query.sse.com.cn/commonQuery.do
2022-03-29,159919,41.231166,深交所,https://www.szse.cn/api/report/ShowReport/data
2022-03-29,510300,105.313877,上交所,https://query.sse.com.cn/commonQuery.do
2022-03-29,510310,48.883074,上交所,https://query.sse.com.cn/commonQuery.do
2022-03-29,510330,53.516498,上交所,https://query.sse.com.cn/commonQuery.do
2022-03-30,159919,41.573166,深交所,https://www.szse.cn/api/report/ShowReport/data
2022-03-30,510300,106.996877,上交所,https://query.sse.com.cn/commonQuery.do
2022-03-30,510310,49.023074,上交所,https://query.sse.com.cn/commonQuery.do
2022-03-30,510330,54.092498,上交所,https://query.sse.com.cn/commonQuery.do
2022-03-31,159919,41.717166,深交所,https://www.szse.cn/api/report/ShowReport/data
2022-03-31,510300,106.024877,上交所,https://query.sse.com.cn/commonQuery.do
2022-03-31,510310,48.983074,上交所,https://query.sse.com.cn/commonQuery.do
2022-03-31,510330,54.047498,上交所,https://query.sse.com.cn/commonQuery.do
2022-04-01,159919,41.168166,深交所,https://www.szse.cn/api/report/ShowReport/data
2022-04-01,510300,105.151877,上交所,https://query.sse.com.cn/commonQuery.do
2022-04-01,510310,48.763074,上交所,https://query.sse.com.cn/commonQuery.do
2022-04-01,510330,53.939498,上交所,https://query.sse.com.cn/commonQuery.do
2022-04-06,159919,40.664166,深交所,https://www.szse.cn/api/report/ShowReport/data
2022-04-06,510300,103.612877,上交所,https://query.sse.com.cn/commonQuery.do
2022-04-06,510310,48.163074,上交所,https://query.sse.com.cn/commonQuery.do
2022-04-06,510330,53.399498,上交所,https://query.sse.com.cn/commonQuery.do
2022-04-07,159919,40.673166,深交所,https://www.szse.cn/api/report/ShowReport/data
2022-04-07,510300,103.306877,上交所,https://query.sse.com.cn/commonQuery.do
2022-04-07,510310,48.043074,上交所,https://query.sse.com.cn/commonQuery.do
2022-04-07,510330,53.498498,上交所,https://query.sse.com.cn/commonQuery.do
2022-04-08,159919,40.763166,深交所,https://www.szse.cn/api/report/ShowReport/data
2022-04-08,510300,104.701877,上交所,https://query.sse.com.cn/commonQuery.do
2022-04-08,510310,48.083074,上交所,https://query.sse.com.cn/commonQuery.do
2022-04-08,510330,53.894498,上交所,https://query.sse.com.cn/commonQuery.do
2022-04-11,159919,40.943166,深交所,https://www.szse.cn/api/report/ShowReport/data
2022-04-11,510300,108.229877,上交所,https://query.sse.com.cn/commonQuery.do
2022-04-11,510310,48.123074,上交所,https://query.sse.com.cn/commonQuery.do
2022-04-11,510330,54.308498,上交所,https://query.sse.com.cn/commonQuery.do
2022-04-12,159919,41.627166,深交所,https://www.szse.cn/api/report/ShowReport/data
2022-04-12,510300,113.341877,上交所,https://query.sse.com.cn/commonQuery.do
2022-04-12,510310,48.643074,上交所,https://query.sse.com.cn/commonQuery.do
2022-04-12,510330,54.875498,上交所,https://query.sse.com.cn/commonQuery.do
2022-04-13,159919,42.536166,深交所,https://www.szse.cn/api/report/ShowReport/data
2022-04-13,510300,112.648877,上交所,https://query.sse.com.cn/commonQuery.do
2022-04-13,510310,48.223074,上交所,https://query.sse.com.cn/commonQuery.do
2022-04-13,510330,54.632498,上交所,https://query.sse.com.cn/commonQuery.do
2022-04-14,159919,42.239166,深交所,https://www.szse.cn/api/report/ShowReport/data
2022-04-14,510300,111.334877,上交所,https://query.sse.com.cn/commonQuery.do
2022-04-14,510310,48.143074,上交所,https://query.sse.com.cn/commonQuery.do
2022-04-14,510330,54.722498,上交所,https://query.sse.com.cn/commonQuery.do
2022-04-15,159919,41.987166,深交所,https://www.szse.cn/api/report/ShowReport/data
2022-04-15,510300,109.498877,上交所,https://query.sse.com.cn/commonQuery.do
2022-04-15,510310,48.183074,上交所,https://query.sse.com.cn/commonQuery.do
2022-04-15,510330,54.695498,上交所,https://query.sse.com.cn/commonQuery.do
2022-04-18,159919,41.735166,深交所,https://www.szse.cn/api/report/ShowReport/data
2022-04-18,510300,108.904877,上交所,https://query.sse.com.cn/commonQuery.do
2022-04-18,510310,47.823074,上交所,https://query.sse.com.cn/commonQuery.do
2022-04-18,510330,54.542498,上交所,https://query.sse.com.cn/commonQuery.do
2022-04-19,159919,41.780166,深交所,https://www.szse.cn/api/report/ShowReport/data
2022-04-19,510300,110.119877,上交所,https://query.sse.com.cn/commonQuery.do
2022-04-19,510310,47.823074,上交所,https://query.sse.com.cn/commonQuery.do
2022-04-19,510330,54.659498,上交所,https://query.sse.com.cn/commonQuery.do
2022-04-20,159919,41.897166,深交所,https://www.szse.cn/api/report/ShowReport/data
2022-04-20,510300,110.443877,上交所,https://query.sse.com.cn/commonQuery.do
2022-04-20,510310,47.803074,上交所,https://query.sse.com.cn/commonQuery.do
2022-04-20,510330,54.668498,上交所,https://query.sse.com.cn/commonQuery.do
2022-04-21,159919,42.482166,深交所,https://www.szse.cn/api/report/ShowReport/data
2022-04-21,510300,115.249877,上交所,https://query.sse.com.cn/commonQuery.do
2022-04-21,510310,48.383074,上交所,https://query.sse.com.cn/commonQuery.do
2022-04-21,510330,55.208498,上交所,https://query.sse.com.cn/commonQuery.do
2022-04-22,159919,43.670166,深交所,https://www.szse.cn/api/report/ShowReport/data
2022-04-22,510300,117.481877,上交所,https://query.sse.com.cn/commonQuery.do
2022-04-22,510310,48.603074,上交所,https://query.sse.com.cn/commonQuery.do
2022-04-22,510330,55.343498,上交所,https://query.sse.com.cn/commonQuery.do
2022-04-25,159919,44.651166,深交所,https://www.szse.cn/api/report/ShowReport/data
2022-04-25,510300,126.463877,上交所,https://query.sse.com.cn/commonQuery.do
2022-04-25,510310,49.643074,上交所,https://query.sse.com.cn/commonQuery.do
2022-04-25,510330,56.630498,上交所,https://query.sse.com.cn/commonQuery.do
2022-04-26,159919,45.704166,深交所,https://www.szse.cn/api/report/ShowReport/data
2022-04-26,510300,135.103877,上交所,https://query.sse.com.cn/commonQuery.do
2022-04-26,510310,50.923074,上交所,https://query.sse.com.cn/commonQuery.do
2022-04-26,510330,57.539498,上交所,https://query.sse.com.cn/commonQuery.do
2022-04-27,159919,45.479166,深交所,https://www.szse.cn/api/report/ShowReport/data
2022-04-27,510300,135.103877,上交所,https://query.sse.com.cn/commonQuery.do
2022-04-27,510310,52.463074,上交所,https://query.sse.com.cn/commonQuery.do
2022-04-27,510330,57.809498,上交所,https://query.sse.com.cn/commonQuery.do
2022-04-28,159919,45.047166,深交所,https://www.szse.cn/api/report/ShowReport/data
2022-04-28,510300,130.918877,上交所,https://query.sse.com.cn/commonQuery.do
2022-04-28,510310,54.523074,上交所,https://query.sse.com.cn/commonQuery.do
2022-04-28,510330,57.557498,上交所,https://query.sse.com.cn/commonQuery.do
2022-04-29,159919,44.957166,深交所,https://www.szse.cn/api/report/ShowReport/data
2022-04-29,510300,131.422877,上交所,https://query.sse.com.cn/commonQuery.do
2022-04-29,510310,55.083074,上交所,https://query.sse.com.cn/commonQuery.do
2022-04-29,510330,57.494498,上交所,https://query.sse.com.cn/commonQuery.do
2022-05-05,159919,44.642166,深交所,https://www.szse.cn/api/report/ShowReport/data
2022-05-05,510300,126.868877,上交所,https://query.sse.com.cn/commonQuery.do
2022-05-05,510310,55.203074,上交所,https://query.sse.com.cn/commonQuery.do
2022-05-05,510330,57.080498,上交所,https://query.sse.com.cn/commonQuery.do
2022-05-06,159919,43.976166,深交所,https://www.szse.cn/api/report/ShowReport/data
2022-05-06,510300,125.878877,上交所,https://query.sse.com.cn/commonQuery.do
2022-05-06,510310,55.363074,上交所,https://query.sse.com.cn/commonQuery.do
2022-05-06,510330,56.873498,上交所,https://query.sse.com.cn/commonQuery.do
2022-05-09,159919,43.445166,深交所,https://www.szse.cn/api/report/ShowReport/data
2022-05-09,510300,124.915877,上交所,https://query.sse.com.cn/commonQuery.do
2022-05-09,510310,55.043074,上交所,https://query.sse.com.cn/commonQuery.do
2022-05-09,510330,56.531498,上交所,https://query.sse.com.cn/commonQuery.do
2022-05-10,159919,43.382166,深交所,https://www.szse.cn/api/report/ShowReport/data
2022-05-10,510300,126.364877,上交所,https://query.sse.com.cn/commonQuery.do
2022-05-10,510310,55.143074,上交所,https://query.sse.com.cn/commonQuery.do
2022-05-10,510330,56.756498,上交所,https://query.sse.com.cn/commonQuery.do
2022-05-11,159919,42.599166,深交所,https://www.szse.cn/api/report/ShowReport/data
2022-05-11,510300,122.836877,上交所,https://query.sse.com.cn/commonQuery.do
2022-05-11,510310,54.883074,上交所,https://query.sse.com.cn/commonQuery.do
2022-05-11,510330,55.811498,上交所,https://query.sse.com.cn/commonQuery.do
2022-05-12,159919,42.536166,深交所,https://www.szse.cn/api/report/ShowReport/data
2022-05-12,510300,122.557877,上交所,https://query.sse.com.cn/commonQuery.do
2022-05-12,510310,54.803074,上交所,https://query.sse.com.cn/commonQuery.do
2022-05-12,510330,55.748498,上交所,https://query.sse.com.cn/commonQuery.do
2022-05-13,159919,42.446166,深交所,https://www.szse.cn/api/report/ShowReport/data
2022-05-13,510300,122.323877,上交所,https://query.sse.com.cn/commonQuery.do
2022-05-13,510310,54.803074,上交所,https://query.sse.com.cn/commonQuery.do
2022-05-13,510330,55.739498,上交所,https://query.sse.com.cn/commonQuery.do
2022-05-16,159919,42.518166,深交所,https://www.szse.cn/api/report/ShowReport/data
2022-05-16,510300,119.920877,上交所,https://query.sse.com.cn/commonQuery.do
2022-05-16,510310,54.763074,上交所,https://query.sse.com.cn/commonQuery.do
2022-05-16,510330,55.379498,上交所,https://query.sse.com.cn/commonQuery.do
2022-05-17,159919,42.554166,深交所,https://www.szse.cn/api/report/ShowReport/data
2022-05-17,510300,119.281877,上交所,https://query.sse.com.cn/commonQuery.do
2022-05-17,510310,54.843074,上交所,https://query.sse.com.cn/commonQuery.do
2022-05-17,510330,55.442498,上交所,https://query.sse.com.cn/commonQuery.do
2022-05-18,159919,42.716166,深交所,https://www.szse.cn/api/report/ShowReport/data
2022-05-18,510300,118.858877,上交所,https://query.sse.com.cn/commonQuery.do
2022-05-18,510310,54.803074,上交所,https://query.sse.com.cn/commonQuery.do
2022-05-18,510330,55.370498,上交所,https://query.sse.com.cn/commonQuery.do
2022-05-19,159919,42.923166,深交所,https://www.szse.cn/api/report/ShowReport/data
2022-05-19,510300,119.524877,上交所,https://query.sse.com.cn/commonQuery.do
2022-05-19,510310,54.583074,上交所,https://query.sse.com.cn/commonQuery.do
2022-05-19,510330,55.469498,上交所,https://query.sse.com.cn/commonQuery.do
2022-05-20,159919,43.193166,深交所,https://www.szse.cn/api/report/ShowReport/data
2022-05-20,510300,120.640877,上交所,https://query.sse.com.cn/commonQuery.do
2022-05-20,510310,54.283074,上交所,https://query.sse.com.cn/commonQuery.do
2022-05-20,510330,55.586498,上交所,https://query.sse.com.cn/commonQuery.do
2022-05-23,159919,43.319166,深交所,https://www.szse.cn/api/report/ShowReport/data
2022-05-23,510300,117.895877,上交所,https://query.sse.com.cn/commonQuery.do
2022-05-23,510310,54.143074,上交所,https://query.sse.com.cn/commonQuery.do
2022-05-23,510330,54.929498,上交所,https://query.sse.com.cn/commonQuery.do
2022-05-24,159919,43.409166,深交所,https://www.szse.cn/api/report/ShowReport/data
2022-05-24,510300,118.480877,上交所,https://query.sse.com.cn/commonQuery.do
2022-05-24,510310,54.343074,上交所,https://query.sse.com.cn/commonQuery.do
2022-05-24,510330,54.911498,上交所,https://query.sse.com.cn/commonQuery.do
2022-05-25,159919,43.544166,深交所,https://www.szse.cn/api/report/ShowReport/data
2022-05-25,510300,120.613877,上交所,https://query.sse.com.cn/commonQuery.do
2022-05-25,510310,54.543074,上交所,https://query.sse.com.cn/commonQuery.do
2022-05-25,510330,55.091498,上交所,https://query.sse.com.cn/commonQuery.do
2022-05-26,159919,43.517166,深交所,https://www.szse.cn/api/report/ShowReport/data
2022-05-26,510300,120.145877,上交所,https://query.sse.com.cn/commonQuery.do
2022-05-26,510310,54.463074,上交所,https://query.sse.com.cn/commonQuery.do
2022-05-26,510330,55.100498,上交所,https://query.sse.com.cn/commonQuery.do
2022-05-27,159919,44.192166,深交所,https://www.szse.cn/api/report/ShowReport/data
2022-05-27,510300,121.954877,上交所,https://query.sse.com.cn/commonQuery.do
2022-05-27,510310,54.483074,上交所,https://query.sse.com.cn/commonQuery.do
2022-05-27,510330,55.343498,上交所,https://query.sse.com.cn/commonQuery.do
2022-05-30,159919,44.543166,深交所,https://www.szse.cn/api/report/ShowReport/data
2022-05-30,510300,119.335877,上交所,https://query.sse.com.cn/commonQuery.do
2022-05-30,510310,54.483074,上交所,https://query.sse.com.cn/commonQuery.do
2022-05-30,510330,55.181498,上交所,https://query.sse.com.cn/commonQuery.do
2022-05-31,159919,44.525166,深交所,https://www.szse.cn/api/report/ShowReport/data
2022-05-31,510300,118.066877,上交所,https://query.sse.com.cn/commonQuery.do
2022-05-31,510310,54.583074,上交所,https://query.sse.com.cn/commonQuery.do
2022-05-31,510330,55.019498,上交所,https://query.sse.com.cn/commonQuery.do
2022-06-01,159919,44.156166,深交所,https://www.szse.cn/api/report/ShowReport/data
2022-06-01,510300,115.834877,上交所,https://query.sse.com.cn/commonQuery.do
2022-06-01,510310,54.563074,上交所,https://query.sse.com.cn/commonQuery.do
2022-06-01,510330,54.434498,上交所,https://query.sse.com.cn/commonQuery.do
2022-06-02,159919,44.030166,深交所,https://www.szse.cn/api/report/ShowReport/data
2022-06-02,510300,114.898877,上交所,https://query.sse.com.cn/commonQuery.do
2022-06-02,510310,54.363074,上交所,https://query.sse.com.cn/commonQuery.do
2022-06-02,510330,54.182498,上交所,https://query.sse.com.cn/commonQuery.do
2022-06-06,159919,43.418166,深交所,https://www.szse.cn/api/report/ShowReport/data
2022-06-06,510300,113.152877,上交所,https://query.sse.com.cn/commonQuery.do
2022-06-06,510310,54.503074,上交所,https://query.sse.com.cn/commonQuery.do
2022-06-06,510330,53.786498,上交所,https://query.sse.com.cn/commonQuery.do
2022-06-07,159919,42.869166,深交所,https://www.szse.cn/api/report/ShowReport/data
2022-06-07,510300,111.343877,上交所,https://query.sse.com.cn/commonQuery.do
2022-06-07,510310,52.723074,上交所,https://query.sse.com.cn/commonQuery.do
2022-06-07,510330,53.183498,上交所,https://query.sse.com.cn/commonQuery.do
2022-06-08,159919,42.482166,深交所,https://www.szse.cn/api/report/ShowReport/data
2022-06-08,510300,109.516877,上交所,https://query.sse.com.cn/commonQuery.do
2022-06-08,510310,52.823074,上交所,https://query.sse.com.cn/commonQuery.do
2022-06-08,510330,52.328498,上交所,https://query.sse.com.cn/commonQuery.do
2022-06-09,159919,42.626166,深交所,https://www.szse.cn/api/report/ShowReport/data
2022-06-09,510300,109.111877,上交所,https://query.sse.com.cn/commonQuery.do
2022-06-09,510310,52.003074,上交所,https://query.sse.com.cn/commonQuery.do
2022-06-09,510330,52.247498,上交所,https://query.sse.com.cn/commonQuery.do
2022-06-10,159919,42.788166,深交所,https://www.szse.cn/api/report/ShowReport/data
2022-06-10,510300,112.000877,上交所,https://query.sse.com.cn/commonQuery.do
2022-06-10,510310,52.163074,上交所,https://query.sse.com.cn/commonQuery.do
2022-06-10,510330,52.922498,上交所,https://query.sse.com.cn/commonQuery.do
2022-06-13,159919,42.302166,深交所,https://www.szse.cn/api/report/ShowReport/data
2022-06-13,510300,108.985877,上交所,https://query.sse.com.cn/commonQuery.do
2022-06-13,510310,52.343074,上交所,https://query.sse.com.cn/commonQuery.do
2022-06-13,510330,51.896498,上交所,https://query.sse.com.cn/commonQuery.do
2022-06-14,159919,42.770166,深交所,https://www.szse.cn/api/report/ShowReport/data
2022-06-14,510300,111.550877,上交所,https://query.sse.com.cn/commonQuery.do
2022-06-14,510310,52.563074,上交所,https://query.sse.com.cn/commonQuery.do
2022-06-14,510330,52.319498,上交所,https://query.sse.com.cn/commonQuery.do
2022-06-15,159919,42.329166,深交所,https://www.szse.cn/api/report/ShowReport/data
2022-06-15,510300,112.477877,上交所,https://query.sse.com.cn/commonQuery.do
2022-06-15,510310,52.643074,上交所,https://query.sse.com.cn/commonQuery.do
2022-06-15,510330,52.445498,上交所,https://query.sse.com.cn/commonQuery.do
2022-06-16,159919,42.932166,深交所,https://www.szse.cn/api/report/ShowReport/data
2022-06-16,510300,112.585877,上交所,https://query.sse.com.cn/commonQuery.do
2022-06-16,510310,52.603074,上交所,https://query.sse.com.cn/commonQuery.do
2022-06-16,510330,51.716498,上交所,https://query.sse.com.cn/commonQuery.do
2022-06-17,159919,42.392166,深交所,https://www.szse.cn/api/report/ShowReport/data
2022-06-17,510300,109.966877,上交所,https://query.sse.com.cn/commonQuery.do
2022-06-17,510310,52.723074,上交所,https://query.sse.com.cn/commonQuery.do
2022-06-17,510330,51.293498,上交所,https://query.sse.com.cn/commonQuery.do
2022-06-20,159919,41.915166,深交所,https://www.szse.cn/api/report/ShowReport/data
2022-06-20,510300,104.728877,上交所,https://query.sse.com.cn/commonQuery.do
2022-06-20,510310,52.243074,上交所,https://query.sse.com.cn/commonQuery.do
2022-06-20,510330,50.582498,上交所,https://query.sse.com.cn/commonQuery.do
2022-06-21,159919,41.789166,深交所,https://www.szse.cn/api/report/ShowReport/data
2022-06-21,510300,105.232877,上交所,https://query.sse.com.cn/commonQuery.do
2022-06-21,510310,52.023074,上交所,https://query.sse.com.cn/commonQuery.do
2022-06-21,510330,50.393498,上交所,https://query.sse.com.cn/commonQuery.do
2022-06-22,159919,41.735166,深交所,https://www.szse.cn/api/report/ShowReport/data
2022-06-22,510300,104.854877,上交所,https://query.sse.com.cn/commonQuery.do
2022-06-22,510310,51.963074,上交所,https://query.sse.com.cn/commonQuery.do
2022-06-22,510330,50.096498,上交所,https://query.sse.com.cn/commonQuery.do
2022-06-23,159919,41.762166,深交所,https://www.szse.cn/api/report/ShowReport/data
2022-06-23,510300,106.510877,上交所,https://query.sse.com.cn/commonQuery.do
2022-06-23,510310,52.123074,上交所,https://query.sse.com.cn/commonQuery.do
2022-06-23,510330,50.546498,上交所,https://query.sse.com.cn/commonQuery.do
2022-06-24,159919,41.627166,深交所,https://www.szse.cn/api/report/ShowReport/data
2022-06-24,510300,105.781877,上交所,https://query.sse.com.cn/commonQuery.do
2022-06-24,510310,52.103074,上交所,https://query.sse.com.cn/commonQuery.do
2022-06-24,510330,50.465498,上交所,https://query.sse.com.cn/commonQuery.do
2022-06-27,159919,42.104166,深交所,https://www.szse.cn/api/report/ShowReport/data
2022-06-27,510300,105.691877,上交所,https://query.sse.com.cn/commonQuery.do
2022-06-27,510310,52.043074,上交所,https://query.sse.com.cn/commonQuery.do
2022-06-27,510330,50.501498,上交所,https://query.sse.com.cn/commonQuery.do
2022-06-28,159919,42.104166,深交所,https://www.szse.cn/api/report/ShowReport/data
2022-06-28,510300,107.032877,上交所,https://query.sse.com.cn/commonQuery.do
2022-06-28,510310,52.623074,上交所,https://query.sse.com.cn/commonQuery.do
2022-06-28,510330,50.663498,上交所,https://query.sse.com.cn/commonQuery.do
2022-06-29,159919,42.338166,深交所,https://www.szse.cn/api/report/ShowReport/data
2022-06-29,510300,109.237877,上交所,https://query.sse.com.cn/commonQuery.do
2022-06-29,510310,53.143074,上交所,https://query.sse.com.cn/commonQuery.do
2022-06-29,510330,51.320498,上交所,https://query.sse.com.cn/commonQuery.do
2022-06-30,159919,42.239166,深交所,https://www.szse.cn/api/report/ShowReport/data
2022-06-30,510300,107.977877,上交所,https://query.sse.com.cn/commonQuery.do
2022-06-30,510310,53.323074,上交所,https://query.sse.com.cn/commonQuery.do
2022-06-30,510330,51.221498,上交所,https://query.sse.com.cn/commonQuery.do
2022-07-01,159919,42.617166,深交所,https://www.szse.cn/api/report/ShowReport/data
2022-07-01,510300,105.331877,上交所,https://query.sse.com.cn/commonQuery.do
2022-07-01,510310,53.343074,上交所,https://query.sse.com.cn/commonQuery.do
2022-07-01,510330,50.879498,上交所,https://query.sse.com.cn/commonQuery.do
2022-07-04,159919,42.473166,深交所,https://www.szse.cn/api/report/ShowReport/data
2022-07-04,510300,103.513877,上交所,https://query.sse.com.cn/commonQuery.do
2022-07-04,510310,53.183074,上交所,https://query.sse.com.cn/commonQuery.do
2022-07-04,510330,50.510498,上交所,https://query.sse.com.cn/commonQuery.do
2022-07-05,159919,42.131166,深交所,https://www.szse.cn/api/report/ShowReport/data
2022-07-05,510300,101.803877,上交所,https://query.sse.com.cn/commonQuery.do
2022-07-05,510310,53.003074,上交所,https://query.sse.com.cn/commonQuery.do
2022-07-05,510330,50.258498,上交所,https://query.sse.com.cn/commonQuery.do
2022-07-06,159919,42.347166,深交所,https://www.szse.cn/api/report/ShowReport/data
2022-07-06,510300,102.127877,上交所,https://query.sse.com.cn/commonQuery.do
2022-07-06,510310,53.163074,上交所,https://query.sse.com.cn/commonQuery.do
2022-07-06,510330,50.402498,上交所,https://query.sse.com.cn/commonQuery.do
2022-07-07,159919,42.167166,深交所,https://www.szse.cn/api/report/ShowReport/data
2022-07-07,510300,99.958877,上交所,https://query.sse.com.cn/commonQuery.do
2022-07-07,510310,53.343074,上交所,https://query.sse.com.cn/commonQuery.do
2022-07-07,510330,50.258498,上交所,https://query.sse.com.cn/commonQuery.do
2022-07-08,159919,42.176166,深交所,https://www.szse.cn/api/report/ShowReport/data
2022-07-08,510300,99.670877,上交所,https://query.sse.com.cn/commonQuery.do
2022-07-08,510310,53.283074,上交所,https://query.sse.com.cn/commonQuery.do
2022-07-08,510330,50.240498,上交所,https://query.sse.com.cn/commonQuery.do
2022-07-11,159919,42.806166,深交所,https://www.szse.cn/api/report/ShowReport/data
2022-07-11,510300,100.750877,上交所,https://query.sse.com.cn/commonQuery.do
2022-07-11,510310,53.403074,上交所,https://query.sse.com.cn/commonQuery.do
2022-07-11,510330,50.285498,上交所,https://query.sse.com.cn/commonQuery.do
2022-07-12,159919,42.887166,深交所,https://www.szse.cn/api/report/ShowReport/data
2022-07-12,510300,101.281877,上交所,https://query.sse.com.cn/commonQuery.do
2022-07-12,510310,53.743074,上交所,https://query.sse.com.cn/commonQuery.do
2022-07-12,510330,50.276498,上交所,https://query.sse.com.cn/commonQuery.do
2022-07-13,159919,42.680166,深交所,https://www.szse.cn/api/report/ShowReport/data
2022-07-13,510300,100.921877,上交所,https://query.sse.com.cn/commonQuery.do
2022-07-13,510310,53.663074,上交所,https://query.sse.com.cn/commonQuery.do
2022-07-13,510330,50.177498,上交所,https://query.sse.com.cn/commonQuery.do
2022-07-14,159919,42.716166,深交所,https://www.szse.cn/api/report/ShowReport/data
2022-07-14,510300,100.948877,上交所,https://query.sse.com.cn/commonQuery.do
2022-07-14,510310,53.643074,上交所,https://query.sse.com.cn/commonQuery.do
2022-07-14,510330,49.988498,上交所,https://query.sse.com.cn/commonQuery.do
2022-07-15,159919,42.194166,深交所,https://www.szse.cn/api/report/ShowReport/data
2022-07-15,510300,96.610877,上交所,https://query.sse.com.cn/commonQuery.do
2022-07-15,510310,53.683074,上交所,https://query.sse.com.cn/commonQuery.do
2022-07-15,510330,49.538498,上交所,https://query.sse.com.cn/commonQuery.do
2022-07-18,159919,42.401166,深交所,https://www.szse.cn/api/report/ShowReport/data
2022-07-18,510300,98.068877,上交所,https://query.sse.com.cn/commonQuery.do
2022-07-18,510310,53.923074,上交所,https://query.sse.com.cn/commonQuery.do
2022-07-18,510330,49.520498,上交所,https://query.sse.com.cn/commonQuery.do
2022-07-19,159919,42.626166,深交所,https://www.szse.cn/api/report/ShowReport/data
2022-07-19,510300,99.292877,上交所,https://query.sse.com.cn/commonQuery.do
2022-07-19,510310,53.963074,上交所,https://query.sse.com.cn/commonQuery.do
2022-07-19,510330,49.493498,上交所,https://query.sse.com.cn/commonQuery.do
2022-07-20,159919,42.572166,深交所,https://www.szse.cn/api/report/ShowReport/data
2022-07-20,510300,99.193877,上交所,https://query.sse.com.cn/commonQuery.do
2022-07-20,510310,53.943074,上交所,https://query.sse.com.cn/commonQuery.do
2022-07-20,510330,49.376498,上交所,https://query.sse.com.cn/commonQuery.do
2022-07-21,159919,42.662166,深交所,https://www.szse.cn/api/report/ShowReport/data
2022-07-21,510300,98.950877,上交所,https://query.sse.com.cn/commonQuery.do
2022-07-21,510310,53.923074,上交所,https://query.sse.com.cn/commonQuery.do
2022-07-21,510330,49.322498,上交所,https://query.sse.com.cn/commonQuery.do
2022-07-22,159919,42.734166,深交所,https://www.szse.cn/api/report/ShowReport/data
2022-07-22,510300,100.156877,上交所,https://query.sse.com.cn/commonQuery.do
2022-07-22,510310,54.063074,上交所,https://query.sse.com.cn/commonQuery.do
2022-07-22,510330,49.556498,上交所,https://query.sse.com.cn/commonQuery.do
2022-07-25,159919,42.842166,深交所,https://www.szse.cn/api/report/ShowReport/data
2022-07-25,510300,100.489877,上交所,https://query.sse.com.cn/commonQuery.do
2022-07-25,510310,54.043074,上交所,https://query.sse.com.cn/commonQuery.do
2022-07-25,510330,49.475498,上交所,https://query.sse.com.cn/commonQuery.do
2022-07-26,159919,42.878166,深交所,https://www.szse.cn/api/report/ShowReport/data
2022-07-26,510300,101.659877,上交所,https://query.sse.com.cn/commonQuery.do
2022-07-26,510310,54.223074,上交所,https://query.sse.com.cn/commonQuery.do
2022-07-26,510330,49.772498,上交所,https://query.sse.com.cn/commonQuery.do
2022-07-27,159919,43.193166,深交所,https://www.szse.cn/api/report/ShowReport/data
2022-07-27,510300,101.542877,上交所,https://query.sse.com.cn/commonQuery.do
2022-07-27,510310,54.423074,上交所,https://query.sse.com.cn/commonQuery.do
2022-07-27,510330,49.655498,上交所,https://query.sse.com.cn/commonQuery.do
2022-07-28,159919,43.202166,深交所,https://www.szse.cn/api/report/ShowReport/data
2022-07-28,510300,102.262877,上交所,https://query.sse.com.cn/commonQuery.do
2022-07-28,510310,54.423074,上交所,https://query.sse.com.cn/commonQuery.do
2022-07-28,510330,49.691498,上交所,https://query.sse.com.cn/commonQuery.do
2022-07-29,159919,42.986166,深交所,https://www.szse.cn/api/report/ShowReport/data
2022-07-29,510300,101.551877,上交所,https://query.sse.com.cn/commonQuery.do
2022-07-29,510310,54.343074,上交所,https://query.sse.com.cn/commonQuery.do
2022-07-29,510330,49.340498,上交所,https://query.sse.com.cn/commonQuery.do
2022-08-01,159919,42.734166,深交所,https://www.szse.cn/api/report/ShowReport/data
2022-08-01,510300,100.174877,上交所,https://query.sse.com.cn/commonQuery.do
2022-08-01,510310,54.603074,上交所,https://query.sse.com.cn/commonQuery.do
2022-08-01,510330,49.160498,上交所,https://query.sse.com.cn/commonQuery.do
2022-08-02,159919,42.869166,深交所,https://www.szse.cn/api/report/ShowReport/data
2022-08-02,510300,103.081877,上交所,https://query.sse.com.cn/commonQuery.do
2022-08-02,510310,54.343074,上交所,https://query.sse.com.cn/commonQuery.do
2022-08-02,510330,49.538498,上交所,https://query.sse.com.cn/commonQuery.do
2022-08-03,159919,42.959166,深交所,https://www.szse.cn/api/report/ShowReport/data
2022-08-03,510300,103.954877,上交所,https://query.sse.com.cn/commonQuery.do
2022-08-03,510310,54.483074,上交所,https://query.sse.com.cn/commonQuery.do
2022-08-03,510330,49.664498,上交所,https://query.sse.com.cn/commonQuery.do
2022-08-04,159919,43.247166,深交所,https://www.szse.cn/api/report/ShowReport/data
2022-08-04,510300,104.269877,上交所,https://query.sse.com.cn/commonQuery.do
2022-08-04,510310,54.603074,上交所,https://query.sse.com.cn/commonQuery.do
2022-08-04,510330,49.682498,上交所,https://query.sse.com.cn/commonQuery.do
2022-08-05,159919,43.175166,深交所,https://www.szse.cn/api/report/ShowReport/data
2022-08-05,510300,103.297877,上交所,https://query.sse.com.cn/commonQuery.do
2022-08-05,510310,54.563074,上交所,https://query.sse.com.cn/commonQuery.do
2022-08-05,510330,49.727498,上交所,https://query.sse.com.cn/commonQuery.do
2022-08-08,159919,43.175166,深交所,https://www.szse.cn/api/report/ShowReport/data
2022-08-08,510300,103.306877,上交所,https://query.sse.com.cn/commonQuery.do
2022-08-08,510310,54.603074,上交所,https://query.sse.com.cn/commonQuery.do
2022-08-08,510330,49.673498,上交所,https://query.sse.com.cn/commonQuery.do
2022-08-09,159919,43.166166,深交所,https://www.szse.cn/api/report/ShowReport/data
2022-08-09,510300,102.055877,上交所,https://query.sse.com.cn/commonQuery.do
2022-08-09,510310,54.683074,上交所,https://query.sse.com.cn/commonQuery.do
2022-08-09,510330,49.448498,上交所,https://query.sse.com.cn/commonQuery.do
2022-08-10,159919,43.175166,深交所,https://www.szse.cn/api/report/ShowReport/data
2022-08-10,510300,101.920877,上交所,https://query.sse.com.cn/commonQuery.do
2022-08-10,510310,54.683074,上交所,https://query.sse.com.cn/commonQuery.do
2022-08-10,510330,49.331498,上交所,https://query.sse.com.cn/commonQuery.do
2022-08-11,159919,43.175166,深交所,https://www.szse.cn/api/report/ShowReport/data
2022-08-11,510300,102.676877,上交所,https://query.sse.com.cn/commonQuery.do
2022-08-11,510310,54.763074,上交所,https://query.sse.com.cn/commonQuery.do
2022-08-11,510330,49.376498,上交所,https://query.sse.com.cn/commonQuery.do
2022-08-12,159919,43.499166,深交所,https://www.szse.cn/api/report/ShowReport/data
2022-08-12,510300,102.991877,上交所,https://query.sse.com.cn/commonQuery.do
2022-08-12,510310,54.883074,上交所,https://query.sse.com.cn/commonQuery.do
2022-08-12,510330,49.385498,上交所,https://query.sse.com.cn/commonQuery.do
2022-08-15,159919,43.715166,深交所,https://www.szse.cn/api/report/ShowReport/data
2022-08-15,510300,103.612877,上交所,https://query.sse.com.cn/commonQuery.do
2022-08-15,510310,54.963074,上交所,https://query.sse.com.cn/commonQuery.do
2022-08-15,510330,49.439498,上交所,https://query.sse.com.cn/commonQuery.do
2022-08-16,159919,44.030166,深交所,https://www.szse.cn/api/report/ShowReport/data
2022-08-16,510300,103.459877,上交所,https://query.sse.com.cn/commonQuery.do
2022-08-16,510310,54.943074,上交所,https://query.sse.com.cn/commonQuery.do
2022-08-16,510330,49.385498,上交所,https://query.sse.com.cn/commonQuery.do
2022-08-17,159919,43.994166,深交所,https://www.szse.cn/api/report/ShowReport/data
2022-08-17,510300,103.558877,上交所,https://query.sse.com.cn/commonQuery.do
2022-08-17,510310,54.923074,上交所,https://query.sse.com.cn/commonQuery.do
2022-08-17,510330,49.394498,上交所,https://query.sse.com.cn/commonQuery.do
2022-08-18,159919,44.030166,深交所,https://www.szse.cn/api/report/ShowReport/data
2022-08-18,510300,103.702877,上交所,https://query.sse.com.cn/commonQuery.do
2022-08-18,510310,54.983074,上交所,https://query.sse.com.cn/commonQuery.do
2022-08-18,510330,49.385498,上交所,https://query.sse.com.cn/commonQuery.do
2022-08-19,159919,44.003166,深交所,https://www.szse.cn/api/report/ShowReport/data
2022-08-19,510300,104.278877,上交所,https://query.sse.com.cn/commonQuery.do
2022-08-19,510310,55.003074,上交所,https://query.sse.com.cn/commonQuery.do
2022-08-19,510330,49.313498,上交所,https://query.sse.com.cn/commonQuery.do
2022-08-22,159919,44.237166,深交所,https://www.szse.cn/api/report/ShowReport/data
2022-08-22,510300,103.972877,上交所,https://query.sse.com.cn/commonQuery.do
2022-08-22,510310,55.143074,上交所,https://query.sse.com.cn/commonQuery.do
2022-08-22,510330,49.259498,上交所,https://query.sse.com.cn/commonQuery.do
2022-08-23,159919,44.030166,深交所,https://www.szse.cn/api/report/ShowReport/data
2022-08-23,510300,102.829877,上交所,https://query.sse.com.cn/commonQuery.do
2022-08-23,510310,55.143074,上交所,https://query.sse.com.cn/commonQuery.do
2022-08-23,510330,49.178498,上交所,https://query.sse.com.cn/commonQuery.do
2022-08-24,159919,43.715166,深交所,https://www.szse.cn/api/report/ShowReport/data
2022-08-24,510300,103.864877,上交所,https://query.sse.com.cn/commonQuery.do
2022-08-24,510310,55.343074,上交所,https://query.sse.com.cn/commonQuery.do
2022-08-24,510330,49.196498,上交所,https://query.sse.com.cn/commonQuery.do
2022-08-25,159919,43.706166,深交所,https://www.szse.cn/api/report/ShowReport/data
2022-08-25,510300,104.665877,上交所,https://query.sse.com.cn/commonQuery.do
2022-08-25,510310,55.563074,上交所,https://query.sse.com.cn/commonQuery.do
2022-08-25,510330,49.304498,上交所,https://query.sse.com.cn/commonQuery.do
2022-08-26,159919,43.760166,深交所,https://www.szse.cn/api/report/ShowReport/data
2022-08-26,510300,104.296877,上交所,https://query.sse.com.cn/commonQuery.do
2022-08-26,510310,55.583074,上交所,https://query.sse.com.cn/commonQuery.do
2022-08-26,510330,49.304498,上交所,https://query.sse.com.cn/commonQuery.do
2022-08-29,159919,43.760166,深交所,https://www.szse.cn/api/report/ShowReport/data
2022-08-29,510300,105.214877,上交所,https://query.sse.com.cn/commonQuery.do
2022-08-29,510310,55.703074,上交所,https://query.sse.com.cn/commonQuery.do
2022-08-29,510330,49.457498,上交所,https://query.sse.com.cn/commonQuery.do
2022-08-30,159919,43.508166,深交所,https://www.szse.cn/api/report/ShowReport/data
2022-08-30,510300,104.620877,上交所,https://query.sse.com.cn/commonQuery.do
2022-08-30,510310,55.643074,上交所,https://query.sse.com.cn/commonQuery.do
2022-08-30,510330,49.331498,上交所,https://query.sse.com.cn/commonQuery.do
2022-08-31,159919,43.706166,深交所,https://www.szse.cn/api/report/ShowReport/data
2022-08-31,510300,108.580877,上交所,https://query.sse.com.cn/commonQuery.do
2022-08-31,510310,55.783074,上交所,https://query.sse.com.cn/commonQuery.do
2022-08-31,510330,49.691498,上交所,https://query.sse.com.cn/commonQuery.do
2022-09-01,159919,44.192166,深交所,https://www.szse.cn/api/report/ShowReport/data
2022-09-01,510300,107.959877,上交所,https://query.sse.com.cn/commonQuery.do
2022-09-01,510310,55.863074,上交所,https://query.sse.com.cn/commonQuery.do
2022-09-01,510330,49.646498,上交所,https://query.sse.com.cn/commonQuery.do
2022-09-02,159919,44.345166,深交所,https://www.szse.cn/api/report/ShowReport/data
2022-09-02,510300,108.085877,上交所,https://query.sse.com.cn/commonQuery.do
2022-09-02,510310,56.243074,上交所,https://query.sse.com.cn/commonQuery.do
2022-09-02,510330,49.691498,上交所,https://query.sse.com.cn/commonQuery.do
2022-09-05,159919,44.399166,深交所,https://www.szse.cn/api/report/ShowReport/data
2022-09-05,510300,108.013877,上交所,https://query.sse.com.cn/commonQuery.do
2022-09-05,510310,56.323074,上交所,https://query.sse.com.cn/commonQuery.do
2022-09-05,510330,49.673498,上交所,https://query.sse.com.cn/commonQuery.do
2022-09-06,159919,44.444166,深交所,https://www.szse.cn/api/report/ShowReport/data
2022-09-06,510300,108.364877,上交所,https://query.sse.com.cn/commonQuery.do
2022-09-06,510310,57.503074,上交所,https://query.sse.com.cn/commonQuery.do
2022-09-06,510330,49.754498,上交所,https://query.sse.com.cn/commonQuery.do
2022-09-07,159919,44.480166,深交所,https://www.szse.cn/api/report/ShowReport/data
2022-09-07,510300,108.364877,上交所,https://query.sse.com.cn/commonQuery.do
2022-09-07,510310,57.543074,上交所,https://query.sse.com.cn/commonQuery.do
2022-09-07,510330,49.763498,上交所,https://query.sse.com.cn/commonQuery.do
2022-09-08,159919,44.516166,深交所,https://www.szse.cn/api/report/ShowReport/data
2022-09-08,510300,108.319877,上交所,https://query.sse.com.cn/commonQuery.do
2022-09-08,510310,57.763074,上交所,https://query.sse.com.cn/commonQuery.do
2022-09-08,510330,49.772498,上交所,https://query.sse.com.cn/commonQuery.do
2022-09-09,159919,44.615166,深交所,https://www.szse.cn/api/report/ShowReport/data
2022-09-09,510300,109.930877,上交所,https://query.sse.com.cn/commonQuery.do
2022-09-09,510310,58.003074,上交所,https://query.sse.com.cn/commonQuery.do
2022-09-09,510330,50.123498,上交所,https://query.sse.com.cn/commonQuery.do
2022-09-13,159919,45.002166,深交所,https://www.szse.cn/api/report/ShowReport/data
2022-09-13,510300,111.271877,上交所,https://query.sse.com.cn/commonQuery.do
2022-09-13,510310,58.443074,上交所,https://query.sse.com.cn/commonQuery.do
2022-09-13,510330,50.186498,上交所,https://query.sse.com.cn/commonQuery.do
2022-09-14,159919,45.236166,深交所,https://www.szse.cn/api/report/ShowReport/data
2022-09-14,510300,113.746877,上交所,https://query.sse.com.cn/commonQuery.do
2022-09-14,510310,58.543074,上交所,https://query.sse.com.cn/commonQuery.do
2022-09-14,510330,50.411498,上交所,https://query.sse.com.cn/commonQuery.do
2022-09-15,159919,45.371166,深交所,https://www.szse.cn/api/report/ShowReport/data
2022-09-15,510300,116.626877,上交所,https://query.sse.com.cn/commonQuery.do
2022-09-15,510310,58.743074,上交所,https://query.sse.com.cn/commonQuery.do
2022-09-15,510330,50.555498,上交所,https://query.sse.com.cn/commonQuery.do
2022-09-16,159919,45.803166,深交所,https://www.szse.cn/api/report/ShowReport/data
2022-09-16,510300,119.731877,上交所,https://query.sse.com.cn/commonQuery.do
2022-09-16,510310,59.423074,上交所,https://query.sse.com.cn/commonQuery.do
2022-09-16,510330,51.104498,上交所,https://query.sse.com.cn/commonQuery.do
2022-09-19,159919,46.154166,深交所,https://www.szse.cn/api/report/ShowReport/data
2022-09-19,510300,121.540877,上交所,https://query.sse.com.cn/commonQuery.do
2022-09-19,510310,59.663074,上交所,https://query.sse.com.cn/commonQuery.do
2022-09-19,510330,51.284498,上交所,https://query.sse.com.cn/commonQuery.do
2022-09-20,159919,46.253166,深交所,https://www.szse.cn/api/report/ShowReport/data
2022-09-20,510300,121.549877,上交所,https://query.sse.com.cn/commonQuery.do
2022-09-20,510310,59.823074,上交所,https://query.sse.com.cn/commonQuery.do
2022-09-20,510330,51.311498,上交所,https://query.sse.com.cn/commonQuery.do
2022-09-21,159919,46.280166,深交所,https://www.szse.cn/api/report/ShowReport/data
2022-09-21,510300,121.144877,上交所,https://query.sse.com.cn/commonQuery.do
2022-09-21,510310,59.883074,上交所,https://query.sse.com.cn/commonQuery.do
2022-09-21,510330,51.293498,上交所,https://query.sse.com.cn/commonQuery.do
2022-09-22,159919,46.361166,深交所,https://www.szse.cn/api/report/ShowReport/data
2022-09-22,510300,121.459877,上交所,https://query.sse.com.cn/commonQuery.do
2022-09-22,510310,60.063074,上交所,https://query.sse.com.cn/commonQuery.do
2022-09-22,510330,51.338498,上交所,https://query.sse.com.cn/commonQuery.do
2022-09-23,159919,46.388166,深交所,https://www.szse.cn/api/report/ShowReport/data
2022-09-23,510300,124.096877,上交所,https://query.sse.com.cn/commonQuery.do
2022-09-23,510310,60.303074,上交所,https://query.sse.com.cn/commonQuery.do
2022-09-23,510330,51.581498,上交所,https://query.sse.com.cn/commonQuery.do
2022-09-26,159919,46.415166,深交所,https://www.szse.cn/api/report/ShowReport/data
2022-09-26,510300,128.497877,上交所,https://query.sse.com.cn/commonQuery.do
2022-09-26,510310,60.503074,上交所,https://query.sse.com.cn/commonQuery.do
2022-09-26,510330,52.130498,上交所,https://query.sse.com.cn/commonQuery.do
2022-09-27,159919,47.108166,深交所,https://www.szse.cn/api/report/ShowReport/data
2022-09-27,510300,129.019877,上交所,https://query.sse.com.cn/commonQuery.do
2022-09-27,510310,60.683074,上交所,https://query.sse.com.cn/commonQuery.do
2022-09-27,510330,52.292498,上交所,https://query.sse.com.cn/commonQuery.do
2022-09-28,159919,47.018166,深交所,https://www.szse.cn/api/report/ShowReport/data
2022-09-28,510300,128.047877,上交所,https://query.sse.com.cn/commonQuery.do
2022-09-28,510310,60.743074,上交所,https://query.sse.com.cn/commonQuery.do
2022-09-28,510330,52.283498,上交所,https://query.sse.com.cn/commonQuery.do
2022-09-29,159919,47.054166,深交所,https://www.szse.cn/api/report/ShowReport/data
2022-09-29,510300,129.478877,上交所,https://query.sse.com.cn/commonQuery.do
2022-09-29,510310,61.023074,上交所,https://query.sse.com.cn/commonQuery.do
2022-09-29,510330,52.778498,上交所,https://query.sse.com.cn/commonQuery.do
2022-09-30,159919,47.270166,深交所,https://www.szse.cn/api/report/ShowReport/data
2022-09-30,510300,132.439877,上交所,https://query.sse.com.cn/commonQuery.do
2022-09-30,510310,61.263074,上交所,https://query.sse.com.cn/commonQuery.do
2022-09-30,510330,52.877498,上交所,https://query.sse.com.cn/commonQuery.do
2022-10-10,159919,47.576166,深交所,https://www.szse.cn/api/report/ShowReport/data
2022-10-10,510300,134.473877,上交所,https://query.sse.com.cn/commonQuery.do
2022-10-10,510310,61.763074,上交所,https://query.sse.com.cn/commonQuery.do
2022-10-10,510330,52.886498,上交所,https://query.sse.com.cn/commonQuery.do
2022-10-11,159919,48.080166,深交所,https://www.szse.cn/api/report/ShowReport/data
2022-10-11,510300,137.083877,上交所,https://query.sse.com.cn/commonQuery.do
2022-10-11,510310,62.223074,上交所,https://query.sse.com.cn/commonQuery.do
2022-10-11,510330,53.003498,上交所,https://query.sse.com.cn/commonQuery.do
2022-10-12,159919,48.440166,深交所,https://www.szse.cn/api/report/ShowReport/data
2022-10-12,510300,137.542877,上交所,https://query.sse.com.cn/commonQuery.do
2022-10-12,510310,62.803074,上交所,https://query.sse.com.cn/commonQuery.do
2022-10-12,510330,53.057498,上交所,https://query.sse.com.cn/commonQuery.do
2022-10-13,159919,48.377166,深交所,https://www.szse.cn/api/report/ShowReport/data
2022-10-13,510300,137.659877,上交所,https://query.sse.com.cn/commonQuery.do
2022-10-13,510310,64.223074,上交所,https://query.sse.com.cn/commonQuery.do
2022-10-13,510330,52.967498,上交所,https://query.sse.com.cn/commonQuery.do
2022-10-14,159919,48.395166,深交所,https://www.szse.cn/api/report/ShowReport/data
2022-10-14,510300,137.380877,上交所,https://query.sse.com.cn/commonQuery.do
2022-10-14,510310,64.463074,上交所,https://query.sse.com.cn/commonQuery.do
2022-10-14,510330,52.994498,上交所,https://query.sse.com.cn/commonQuery.do
2022-10-17,159919,48.251166,深交所,https://www.szse.cn/api/report/ShowReport/data
2022-10-17,510300,136.309877,上交所,https://query.sse.com.cn/commonQuery.do
2022-10-17,510310,64.743074,上交所,https://query.sse.com.cn/commonQuery.do
2022-10-17,510330,53.165498,上交所,https://query.sse.com.cn/commonQuery.do
2022-10-18,159919,48.098166,深交所,https://www.szse.cn/api/report/ShowReport/data
2022-10-18,510300,134.842877,上交所,https://query.sse.com.cn/commonQuery.do
2022-10-18,510310,64.883074,上交所,https://query.sse.com.cn/commonQuery.do
2022-10-18,510330,53.138498,上交所,https://query.sse.com.cn/commonQuery.do
2022-10-19,159919,48.080166,深交所,https://www.szse.cn/api/report/ShowReport/data
2022-10-19,510300,134.797877,上交所,https://query.sse.com.cn/commonQuery.do
2022-10-19,510310,64.923074,上交所,https://query.sse.com.cn/commonQuery.do
2022-10-19,510330,53.084498,上交所,https://query.sse.com.cn/commonQuery.do
2022-10-20,159919,47.999166,深交所,https://www.szse.cn/api/report/ShowReport/data
2022-10-20,510300,134.914877,上交所,https://query.sse.com.cn/commonQuery.do
2022-10-20,510310,65.063074,上交所,https://query.sse.com.cn/commonQuery.do
2022-10-20,510330,53.048498,上交所,https://query.sse.com.cn/commonQuery.do
2022-10-21,159919,48.026166,深交所,https://www.szse.cn/api/report/ShowReport/data
2022-10-21,510300,134.806877,上交所,https://query.sse.com.cn/commonQuery.do
2022-10-21,510310,65.183074,上交所,https://query.sse.com.cn/commonQuery.do
2022-10-21,510330,53.048498,上交所,https://query.sse.com.cn/commonQuery.do
2022-10-24,159919,47.990166,深交所,https://www.szse.cn/api/report/ShowReport/data
2022-10-24,510300,135.931877,上交所,https://query.sse.com.cn/commonQuery.do
2022-10-24,510310,65.663074,上交所,https://query.sse.com.cn/commonQuery.do
2022-10-24,510330,53.372498,上交所,https://query.sse.com.cn/commonQuery.do
2022-10-25,159919,48.323166,深交所,https://www.szse.cn/api/report/ShowReport/data
2022-10-25,510300,140.575877,上交所,https://query.sse.com.cn/commonQuery.do
2022-10-25,510310,65.963074,上交所,https://query.sse.com.cn/commonQuery.do
2022-10-25,510330,53.705498,上交所,https://query.sse.com.cn/commonQuery.do
2022-10-26,159919,48.575166,深交所,https://www.szse.cn/api/report/ShowReport/data
2022-10-26,510300,139.414877,上交所,https://query.sse.com.cn/commonQuery.do
2022-10-26,510310,66.063074,上交所,https://query.sse.com.cn/commonQuery.do
2022-10-26,510330,53.705498,上交所,https://query.sse.com.cn/commonQuery.do
2022-10-27,159919,48.629166,深交所,https://www.szse.cn/api/report/ShowReport/data
2022-10-27,510300,140.827877,上交所,https://query.sse.com.cn/commonQuery.do
2022-10-27,510310,66.263074,上交所,https://query.sse.com.cn/commonQuery.do
2022-10-27,510330,53.786498,上交所,https://query.sse.com.cn/commonQuery.do
2022-10-28,159919,48.728166,深交所,https://www.szse.cn/api/report/ShowReport/data
2022-10-28,510300,142.753877,上交所,https://query.sse.com.cn/commonQuery.do
2022-10-28,510310,66.743074,上交所,https://query.sse.com.cn/commonQuery.do
2022-10-28,510330,53.831498,上交所,https://query.sse.com.cn/commonQuery.do
2022-10-31,159919,48.674166,深交所,https://www.szse.cn/api/report/ShowReport/data
2022-10-31,510300,143.617877,上交所,https://query.sse.com.cn/commonQuery.do
2022-10-31,510310,67.003074,上交所,https://query.sse.com.cn/commonQuery.do
2022-10-31,510330,53.849498,上交所,https://query.sse.com.cn/commonQuery.do
2022-11-01,159919,48.836166,深交所,https://www.szse.cn/api/report/ShowReport/data
2022-11-01,510300,148.522877,上交所,https://query.sse.com.cn/commonQuery.do
2022-11-01,510310,67.003074,上交所,https://query.sse.com.cn/commonQuery.do
2022-11-01,510330,54.074498,上交所,https://query.sse.com.cn/commonQuery.do
2022-11-02,159919,48.836166,深交所,https://www.szse.cn/api/report/ShowReport/data
2022-11-02,510300,148.216877,上交所,https://query.sse.com.cn/commonQuery.do
2022-11-02,510310,66.943074,上交所,https://query.sse.com.cn/commonQuery.do
2022-11-02,510330,54.182498,上交所,https://query.sse.com.cn/commonQuery.do
2022-11-03,159919,48.980166,深交所,https://www.szse.cn/api/report/ShowReport/data
2022-11-03,510300,148.774877,上交所,https://query.sse.com.cn/commonQuery.do
2022-11-03,510310,66.963074,上交所,https://query.sse.com.cn/commonQuery.do
2022-11-03,510330,54.182498,上交所,https://query.sse.com.cn/commonQuery.do
2022-11-04,159919,49.070166,深交所,https://www.szse.cn/api/report/ShowReport/data
2022-11-04,510300,153.229877,上交所,https://query.sse.com.cn/commonQuery.do
2022-11-04,510310,67.063074,上交所,https://query.sse.com.cn/commonQuery.do
2022-11-04,510330,54.569498,上交所,https://query.sse.com.cn/commonQuery.do
2022-11-07,159919,49.637166,深交所,https://www.szse.cn/api/report/ShowReport/data
2022-11-07,510300,153.751877,上交所,https://query.sse.com.cn/commonQuery.do
2022-11-07,510310,67.003074,上交所,https://query.sse.com.cn/commonQuery.do
2022-11-07,510330,54.461498,上交所,https://query.sse.com.cn/commonQuery.do
2022-11-08,159919,49.646166,深交所,https://www.szse.cn/api/report/ShowReport/data
2022-11-08,510300,156.946877,上交所,https://query.sse.com.cn/commonQuery.do
2022-11-08,510310,67.103074,上交所,https://query.sse.com.cn/commonQuery.do
2022-11-08,510330,54.479498,上交所,https://query.sse.com.cn/commonQuery.do
2022-11-09,159919,49.709166,深交所,https://www.szse.cn/api/report/ShowReport/data
2022-11-09,510300,156.937877,上交所,https://query.sse.com.cn/commonQuery.do
2022-11-09,510310,67.203074,上交所,https://query.sse.com.cn/commonQuery.do
2022-11-09,510330,54.416498,上交所,https://query.sse.com.cn/commonQuery.do
2022-11-10,159919,50.051166,深交所,https://www.szse.cn/api/report/ShowReport/data
2022-11-10,510300,157.063877,上交所,https://query.sse.com.cn/commonQuery.do
2022-11-10,510310,67.263074,上交所,https://query.sse.com.cn/commonQuery.do
2022-11-10,510330,54.416498,上交所,https://query.sse.com.cn/commonQuery.do
2022-11-11,159919,50.186166,深交所,https://www.szse.cn/api/report/ShowReport/data
2022-11-11,510300,161.941877,上交所,https://query.sse.com.cn/commonQuery.do
2022-11-11,510310,67.343074,上交所,https://query.sse.com.cn/commonQuery.do
2022-11-11,510330,54.722498,上交所,https://query.sse.com.cn/commonQuery.do
2022-11-14,159919,50.645166,深交所,https://www.szse.cn/api/report/ShowReport/data
2022-11-14,510300,162.481877,上交所,https://query.sse.com.cn/commonQuery.do
2022-11-14,510310,68.863074,上交所,https://query.sse.com.cn/commonQuery.do
2022-11-14,510330,54.614498,上交所,https://query.sse.com.cn/commonQuery.do
2022-11-15,159919,50.771166,深交所,https://www.szse.cn/api/report/ShowReport/data
2022-11-15,510300,164.209877,上交所,https://query.sse.com.cn/commonQuery.do
2022-11-15,510310,68.943074,上交所,https://query.sse.com.cn/commonQuery.do
2022-11-15,510330,54.641498,上交所,https://query.sse.com.cn/commonQuery.do
2022-11-16,159919,50.465166,深交所,https://www.szse.cn/api/report/ShowReport/data
2022-11-16,510300,164.542877,上交所,https://query.sse.com.cn/commonQuery.do
2022-11-16,510310,69.023074,上交所,https://query.sse.com.cn/commonQuery.do
2022-11-16,510330,54.542498,上交所,https://query.sse.com.cn/commonQuery.do
2022-11-17,159919,50.456166,深交所,https://www.szse.cn/api/report/ShowReport/data
2022-11-17,510300,164.956877,上交所,https://query.sse.com.cn/commonQuery.do
2022-11-17,510310,69.083074,上交所,https://query.sse.com.cn/commonQuery.do
2022-11-17,510330,54.506498,上交所,https://query.sse.com.cn/commonQuery.do
2022-11-18,159919,49.376166,深交所,https://www.szse.cn/api/report/ShowReport/data
2022-11-18,510300,164.326877,上交所,https://query.sse.com.cn/commonQuery.do
2022-11-18,510310,69.223074,上交所,https://query.sse.com.cn/commonQuery.do
2022-11-18,510330,54.362498,上交所,https://query.sse.com.cn/commonQuery.do
2022-11-21,159919,49.385166,深交所,https://www.szse.cn/api/report/ShowReport/data
2022-11-21,510300,164.461877,上交所,https://query.sse.com.cn/commonQuery.do
2022-11-21,510310,69.383074,上交所,https://query.sse.com.cn/commonQuery.do
2022-11-21,510330,54.344498,上交所,https://query.sse.com.cn/commonQuery.do
2022-11-22,159919,49.286166,深交所,https://www.szse.cn/api/report/ShowReport/data
2022-11-22,510300,163.786877,上交所,https://query.sse.com.cn/commonQuery.do
2022-11-22,510310,69.443074,上交所,https://query.sse.com.cn/commonQuery.do
2022-11-22,510330,54.587498,上交所,https://query.sse.com.cn/commonQuery.do
2022-11-23,159919,49.340166,深交所,https://www.szse.cn/api/report/ShowReport/data
2022-11-23,510300,164.119877,上交所,https://query.sse.com.cn/commonQuery.do
2022-11-23,510310,69.623074,上交所,https://query.sse.com.cn/commonQuery.do
2022-11-23,510330,55.370498,上交所,https://query.sse.com.cn/commonQuery.do
2022-11-24,159919,49.790166,深交所,https://www.szse.cn/api/report/ShowReport/data
2022-11-24,510300,164.911877,上交所,https://query.sse.com.cn/commonQuery.do
2022-11-24,510310,69.923074,上交所,https://query.sse.com.cn/commonQuery.do
2022-11-24,510330,55.496498,上交所,https://query.sse.com.cn/commonQuery.do
2022-11-25,159919,49.808166,深交所,https://www.szse.cn/api/report/ShowReport/data
2022-11-25,510300,165.991877,上交所,https://query.sse.com.cn/commonQuery.do
2022-11-25,510310,69.943074,上交所,https://query.sse.com.cn/commonQuery.do
2022-11-25,510330,55.559498,上交所,https://query.sse.com.cn/commonQuery.do
2022-11-28,159919,49.718166,深交所,https://www.szse.cn/api/report/ShowReport/data
2022-11-28,510300,165.955877,上交所,https://query.sse.com.cn/commonQuery.do
2022-11-28,510310,70.183074,上交所,https://query.sse.com.cn/commonQuery.do
2022-11-28,510330,55.739498,上交所,https://query.sse.com.cn/commonQuery.do
2022-11-29,159919,49.754166,深交所,https://www.szse.cn/api/report/ShowReport/data
2022-11-29,510300,165.901877,上交所,https://query.sse.com.cn/commonQuery.do
2022-11-29,510310,70.243074,上交所,https://query.sse.com.cn/commonQuery.do
2022-11-29,510330,55.892498,上交所,https://query.sse.com.cn/commonQuery.do
2022-11-30,159919,49.988166,深交所,https://www.szse.cn/api/report/ShowReport/data
2022-11-30,510300,166.090877,上交所,https://query.sse.com.cn/commonQuery.do
2022-11-30,510310,70.243074,上交所,https://query.sse.com.cn/commonQuery.do
2022-11-30,510330,56.081498,上交所,https://query.sse.com.cn/commonQuery.do
2022-12-01,159919,50.060166,深交所,https://www.szse.cn/api/report/ShowReport/data
2022-12-01,510300,167.035877,上交所,https://query.sse.com.cn/commonQuery.do
2022-12-01,510310,70.243074,上交所,https://query.sse.com.cn/commonQuery.do
2022-12-01,510330,56.297498,上交所,https://query.sse.com.cn/commonQuery.do
2022-12-02,159919,49.997166,深交所,https://www.szse.cn/api/report/ShowReport/data
2022-12-02,510300,173.740877,上交所,https://query.sse.com.cn/commonQuery.do
2022-12-02,510310,70.403074,上交所,https://query.sse.com.cn/commonQuery.do
2022-12-02,510330,56.990498,上交所,https://query.sse.com.cn/commonQuery.do
2022-12-05,159919,49.394166,深交所,https://www.szse.cn/api/report/ShowReport/data
2022-12-05,510300,171.661877,上交所,https://query.sse.com.cn/commonQuery.do
2022-12-05,510310,70.183074,上交所,https://query.sse.com.cn/commonQuery.do
2022-12-05,510330,56.558498,上交所,https://query.sse.com.cn/commonQuery.do
2022-12-06,159919,49.223166,深交所,https://www.szse.cn/api/report/ShowReport/data
2022-12-06,510300,171.535877,上交所,https://query.sse.com.cn/commonQuery.do
2022-12-06,510310,70.243074,上交所,https://query.sse.com.cn/commonQuery.do
2022-12-06,510330,56.648498,上交所,https://query.sse.com.cn/commonQuery.do
2022-12-07,159919,49.178166,深交所,https://www.szse.cn/api/report/ShowReport/data
2022-12-07,510300,172.111877,上交所,https://query.sse.com.cn/commonQuery.do
2022-12-07,510310,70.363074,上交所,https://query.sse.com.cn/commonQuery.do
2022-12-07,510330,57.071498,上交所,https://query.sse.com.cn/commonQuery.do
2022-12-08,159919,49.637166,深交所,https://www.szse.cn/api/report/ShowReport/data
2022-12-08,510300,172.867877,上交所,https://query.sse.com.cn/commonQuery.do
2022-12-08,510310,70.363074,上交所,https://query.sse.com.cn/commonQuery.do
2022-12-08,510330,57.602498,上交所,https://query.sse.com.cn/commonQuery.do
2022-12-09,159919,49.673166,深交所,https://www.szse.cn/api/report/ShowReport/data
2022-12-09,510300,174.316877,上交所,https://query.sse.com.cn/commonQuery.do
2022-12-09,510310,70.983074,上交所,https://query.sse.com.cn/commonQuery.do
2022-12-09,510330,58.331498,上交所,https://query.sse.com.cn/commonQuery.do
2022-12-12,159919,49.700166,深交所,https://www.szse.cn/api/report/ShowReport/data
2022-12-12,510300,175.918877,上交所,https://query.sse.com.cn/commonQuery.do
2022-12-12,510310,71.263074,上交所,https://query.sse.com.cn/commonQuery.do
2022-12-12,510330,58.367498,上交所,https://query.sse.com.cn/commonQuery.do
2022-12-13,159919,50.510166,深交所,https://www.szse.cn/api/report/ShowReport/data
2022-12-13,510300,176.953877,上交所,https://query.sse.com.cn/commonQuery.do
2022-12-13,510310,71.403074,上交所,https://query.sse.com.cn/commonQuery.do
2022-12-13,510330,58.196498,上交所,https://query.sse.com.cn/commonQuery.do
2022-12-14,159919,50.996166,深交所,https://www.szse.cn/api/report/ShowReport/data
2022-12-14,510300,177.673877,上交所,https://query.sse.com.cn/commonQuery.do
2022-12-14,510310,71.423074,上交所,https://query.sse.com.cn/commonQuery.do
2022-12-14,510330,57.908498,上交所,https://query.sse.com.cn/commonQuery.do
2022-12-15,159919,50.996166,深交所,https://www.szse.cn/api/report/ShowReport/data
2022-12-15,510300,177.808877,上交所,https://query.sse.com.cn/commonQuery.do
2022-12-15,510310,72.743074,上交所,https://query.sse.com.cn/commonQuery.do
2022-12-15,510330,57.926498,上交所,https://query.sse.com.cn/commonQuery.do
2022-12-16,159919,51.041166,深交所,https://www.szse.cn/api/report/ShowReport/data
2022-12-16,510300,181.210877,上交所,https://query.sse.com.cn/commonQuery.do
2022-12-16,510310,72.883074,上交所,https://query.sse.com.cn/commonQuery.do
2022-12-16,510330,58.169498,上交所,https://query.sse.com.cn/commonQuery.do
2022-12-19,159919,51.428166,深交所,https://www.szse.cn/api/report/ShowReport/data
2022-12-19,510300,182.578877,上交所,https://query.sse.com.cn/commonQuery.do
2022-12-19,510310,73.023074,上交所,https://query.sse.com.cn/commonQuery.do
2022-12-19,510330,58.250498,上交所,https://query.sse.com.cn/commonQuery.do
2022-12-20,159919,51.491166,深交所,https://www.szse.cn/api/report/ShowReport/data
2022-12-20,510300,185.260877,上交所,https://query.sse.com.cn/commonQuery.do
2022-12-20,510310,73.663074,上交所,https://query.sse.com.cn/commonQuery.do
2022-12-20,510330,58.691498,上交所,https://query.sse.com.cn/commonQuery.do
2022-12-21,159919,51.896166,深交所,https://www.szse.cn/api/report/ShowReport/data
2022-12-21,510300,185.863877,上交所,https://query.sse.com.cn/commonQuery.do
2022-12-21,510310,75.183074,上交所,https://query.sse.com.cn/commonQuery.do
2022-12-21,510330,58.700498,上交所,https://query.sse.com.cn/commonQuery.do
2022-12-22,159919,51.644166,深交所,https://www.szse.cn/api/report/ShowReport/data
2022-12-22,510300,187.834877,上交所,https://query.sse.com.cn/commonQuery.do
2022-12-22,510310,75.963074,上交所,https://query.sse.com.cn/commonQuery.do
2022-12-22,510330,58.997498,上交所,https://query.sse.com.cn/commonQuery.do
2022-12-23,159919,51.707166,深交所,https://www.szse.cn/api/report/ShowReport/data
2022-12-23,510300,194.467877,上交所,https://query.sse.com.cn/commonQuery.do
2022-12-23,510310,76.583074,上交所,https://query.sse.com.cn/commonQuery.do
2022-12-23,510330,59.276498,上交所,https://query.sse.com.cn/commonQuery.do
2022-12-26,159919,51.365166,深交所,https://www.szse.cn/api/report/ShowReport/data
2022-12-26,510300,196.402877,上交所,https://query.sse.com.cn/commonQuery.do
2022-12-26,510310,79.323074,上交所,https://query.sse.com.cn/commonQuery.do
2022-12-26,510330,59.420498,上交所,https://query.sse.com.cn/commonQuery.do
2022-12-27,159919,51.302166,深交所,https://www.szse.cn/api/report/ShowReport/data
2022-12-27,510300,196.393877,上交所,https://query.sse.com.cn/commonQuery.do
2022-12-27,510310,79.423074,上交所,https://query.sse.com.cn/commonQuery.do
2022-12-27,510330,59.942498,上交所,https://query.sse.com.cn/commonQuery.do
2022-12-28,159919,51.401166,深交所,https://www.szse.cn/api/report/ShowReport/data
2022-12-28,510300,196.582877,上交所,https://query.sse.com.cn/commonQuery.do
2022-12-28,510310,81.203074,上交所,https://query.sse.com.cn/commonQuery.do
2022-12-28,510330,60.959498,上交所,https://query.sse.com.cn/commonQuery.do
2022-12-29,159919,52.373166,深交所,https://www.szse.cn/api/report/ShowReport/data
2022-12-29,510300,196.492877,上交所,https://query.sse.com.cn/commonQuery.do
2022-12-29,510310,83.443074,上交所,https://query.sse.com.cn/commonQuery.do
2022-12-29,510330,62.075498,上交所,https://query.sse.com.cn/commonQuery.do
2022-12-30,159919,53.282166,深交所,https://www.szse.cn/api/report/ShowReport/data
2022-12-30,510300,196.915877,上交所,https://query.sse.com.cn/commonQuery.do
2022-12-30,510310,86.263074,上交所,https://query.sse.com.cn/commonQuery.do
2022-12-30,510330,63.272498,上交所,https://query.sse.com.cn/commonQuery.do
2023-01-03,159919,53.282166,深交所,https://www.szse.cn/api/report/ShowReport/data
2023-01-03,510300,197.068877,上交所,https://query.sse.com.cn/commonQuery.do
2023-01-03,510310,85.963074,上交所,https://query.sse.com.cn/commonQuery.do
2023-01-03,510330,63.506498,上交所,https://query.sse.com.cn/commonQuery.do
2023-01-04,159919,53.066166,深交所,https://www.szse.cn/api/report/ShowReport/data
2023-01-04,510300,191.695877,上交所,https://query.sse.com.cn/commonQuery.do
2023-01-04,510310,84.163074,上交所,https://query.sse.com.cn/commonQuery.do
2023-01-04,510330,63.353498,上交所,https://query.sse.com.cn/commonQuery.do
2023-01-05,159919,52.949166,深交所,https://www.szse.cn/api/report/ShowReport/data
2023-01-05,510300,190.768877,上交所,https://query.sse.com.cn/commonQuery.do
2023-01-05,510310,84.303074,上交所,https://query.sse.com.cn/commonQuery.do
2023-01-05,510330,63.236498,上交所,https://query.sse.com.cn/commonQuery.do
2023-01-06,159919,52.886166,深交所,https://www.szse.cn/api/report/ShowReport/data
2023-01-06,510300,191.353877,上交所,https://query.sse.com.cn/commonQuery.do
2023-01-06,510310,84.103074,上交所,https://query.sse.com.cn/commonQuery.do
2023-01-06,510330,63.578498,上交所,https://query.sse.com.cn/commonQuery.do
2023-01-09,159919,53.282166,深交所,https://www.szse.cn/api/report/ShowReport/data
2023-01-09,510300,188.617877,上交所,https://query.sse.com.cn/commonQuery.do
2023-01-09,510310,82.783074,上交所,https://query.sse.com.cn/commonQuery.do
2023-01-09,510330,64.046498,上交所,https://query.sse.com.cn/commonQuery.do
2023-01-10,159919,53.480166,深交所,https://www.szse.cn/api/report/ShowReport/data
2023-01-10,510300,184.720877,上交所,https://query.sse.com.cn/commonQuery.do
2023-01-10,510310,82.863074,上交所,https://query.sse.com.cn/commonQuery.do
2023-01-10,510330,64.226498,上交所,https://query.sse.com.cn/commonQuery.do
2023-01-11,159919,53.759166,深交所,https://www.szse.cn/api/report/ShowReport/data
2023-01-11,510300,183.847877,上交所,https://query.sse.com.cn/commonQuery.do
2023-01-11,510310,83.923074,上交所,https://query.sse.com.cn/commonQuery.do
2023-01-11,510330,64.568498,上交所,https://query.sse.com.cn/commonQuery.do
2023-01-12,159919,54.137166,深交所,https://www.szse.cn/api/report/ShowReport/data
2023-01-12,510300,183.874877,上交所,https://query.sse.com.cn/commonQuery.do
2023-01-12,510310,85.823074,上交所,https://query.sse.com.cn/commonQuery.do
2023-01-12,510330,65.810498,上交所,https://query.sse.com.cn/commonQuery.do
2023-01-13,159919,54.452166,深交所,https://www.szse.cn/api/report/ShowReport/data
2023-01-13,510300,186.439877,上交所,https://query.sse.com.cn/commonQuery.do
2023-01-13,510310,85.643074,上交所,https://query.sse.com.cn/commonQuery.do
2023-01-13,510330,66.422498,上交所,https://query.sse.com.cn/commonQuery.do
2023-01-16,159919,55.757166,深交所,https://www.szse.cn/api/report/ShowReport/data
2023-01-16,510300,196.807877,上交所,https://query.sse.com.cn/commonQuery.do
2023-01-16,510310,86.463074,上交所,https://query.sse.com.cn/commonQuery.do
2023-01-16,510330,67.115498,上交所,https://query.sse.com.cn/commonQuery.do
2023-01-17,159919,56.000166,深交所,https://www.szse.cn/api/report/ShowReport/data
2023-01-17,510300,199.642877,上交所,https://query.sse.com.cn/commonQuery.do
2023-01-17,510310,88.683074,上交所,https://query.sse.com.cn/commonQuery.do
2023-01-17,510330,67.799498,上交所,https://query.sse.com.cn/commonQuery.do
2023-01-18,159919,57.647166,深交所,https://www.szse.cn/api/report/ShowReport/data
2023-01-18,510300,199.714877,上交所,https://query.sse.com.cn/commonQuery.do
2023-01-18,510310,88.383074,上交所,https://query.sse.com.cn/commonQuery.do
2023-01-18,510330,67.745498,上交所,https://query.sse.com.cn/commonQuery.do
2023-01-19,159919,58.367166,深交所,https://www.szse.cn/api/report/ShowReport/data
2023-01-19,510300,200.209877,上交所,https://query.sse.com.cn/commonQuery.do
2023-01-19,510310,88.043074,上交所,https://query.sse.com.cn/commonQuery.do
2023-01-19,510330,67.565498,上交所,https://query.sse.com.cn/commonQuery.do
2023-01-20,159919,58.331166,深交所,https://www.szse.cn/api/report/ShowReport/data
2023-01-20,510300,201.109877,上交所,https://query.sse.com.cn/commonQuery.do
2023-01-20,510310,87.803074,上交所,https://query.sse.com.cn/commonQuery.do
2023-01-20,510330,67.412498,上交所,https://query.sse.com.cn/commonQuery.do
2023-01-30,159919,58.304166,深交所,https://www.szse.cn/api/report/ShowReport/data
2023-01-30,510300,202.513877,上交所,https://query.sse.com.cn/commonQuery.do
2023-01-30,510310,87.763074,上交所,https://query.sse.com.cn/commonQuery.do
2023-01-30,510330,67.466498,上交所,https://query.sse.com.cn/commonQuery.do
2023-01-31,159919,58.547166,深交所,https://www.szse.cn/api/report/ShowReport/data
2023-01-31,510300,208.939877,上交所,https://query.sse.com.cn/commonQuery.do
2023-01-31,510310,87.803074,上交所,https://query.sse.com.cn/commonQuery.do
2023-01-31,510330,67.817498,上交所,https://query.sse.com.cn/commonQuery.do
2023-02-01,159919,59.024166,深交所,https://www.szse.cn/api/report/ShowReport/data
2023-02-01,510300,207.193877,上交所,https://query.sse.com.cn/commonQuery.do
2023-02-01,510310,87.283074,上交所,https://query.sse.com.cn/commonQuery.do
2023-02-01,510330,67.745498,上交所,https://query.sse.com.cn/commonQuery.do
2023-02-02,159919,57.773166,深交所,https://www.szse.cn/api/report/ShowReport/data
2023-02-02,510300,200.821877,上交所,https://query.sse.com.cn/commonQuery.do
2023-02-02,510310,86.703074,上交所,https://query.sse.com.cn/commonQuery.do
2023-02-02,510330,67.223498,上交所,https://query.sse.com.cn/commonQuery.do
2023-02-03,159919,56.603166,深交所,https://www.szse.cn/api/report/ShowReport/data
2023-02-03,510300,196.699877,上交所,https://query.sse.com.cn/commonQuery.do
2023-02-03,510310,86.243074,上交所,https://query.sse.com.cn/commonQuery.do
2023-02-03,510330,66.971498,上交所,https://query.sse.com.cn/commonQuery.do
2023-02-06,159919,55.712166,深交所,https://www.szse.cn/api/report/ShowReport/data
2023-02-06,510300,194.683877,上交所,https://query.sse.com.cn/commonQuery.do
2023-02-06,510310,86.083074,上交所,https://query.sse.com.cn/commonQuery.do
2023-02-06,510330,65.378498,上交所,https://query.sse.com.cn/commonQuery.do
2023-02-07,159919,53.462166,深交所,https://www.szse.cn/api/report/ShowReport/data
2023-02-07,510300,192.118877,上交所,https://query.sse.com.cn/commonQuery.do
2023-02-07,510310,82.483074,上交所,https://query.sse.com.cn/commonQuery.do
2023-02-07,510330,64.325498,上交所,https://query.sse.com.cn/commonQuery.do
2023-02-08,159919,52.913166,深交所,https://www.szse.cn/api/report/ShowReport/data
2023-02-08,510300,190.669877,上交所,https://query.sse.com.cn/commonQuery.do
2023-02-08,510310,82.343074,上交所,https://query.sse.com.cn/commonQuery.do
2023-02-08,510330,63.578498,上交所,https://query.sse.com.cn/commonQuery.do
2023-02-09,159919,52.931166,深交所,https://www.szse.cn/api/report/ShowReport/data
2023-02-09,510300,191.209877,上交所,https://query.sse.com.cn/commonQuery.do
2023-02-09,510310,82.203074,上交所,https://query.sse.com.cn/commonQuery.do
2023-02-09,510330,63.677498,上交所,https://query.sse.com.cn/commonQuery.do
2023-02-10,159919,52.634166,深交所,https://www.szse.cn/api/report/ShowReport/data
2023-02-10,510300,189.463877,上交所,https://query.sse.com.cn/commonQuery.do
2023-02-10,510310,81.603074,上交所,https://query.sse.com.cn/commonQuery.do
2023-02-10,510330,63.335498,上交所,https://query.sse.com.cn/commonQuery.do
2023-02-13,159919,52.004166,深交所,https://www.szse.cn/api/report/ShowReport/data
2023-02-13,510300,184.594877,上交所,https://query.sse.com.cn/commonQuery.do
2023-02-13,510310,81.463074,上交所,https://query.sse.com.cn/commonQuery.do
2023-02-13,510330,62.597498,上交所,https://query.sse.com.cn/commonQuery.do
2023-02-14,159919,51.806166,深交所,https://www.szse.cn/api/report/ShowReport/data
2023-02-14,510300,184.171877,上交所,https://query.sse.com.cn/commonQuery.do
2023-02-14,510310,81.463074,上交所,https://query.sse.com.cn/commonQuery.do
2023-02-14,510330,62.291498,上交所,https://query.sse.com.cn/commonQuery.do
2023-02-15,159919,51.788166,深交所,https://www.szse.cn/api/report/ShowReport/data
2023-02-15,510300,180.634877,上交所,https://query.sse.com.cn/commonQuery.do
2023-02-15,510310,81.643074,上交所,https://query.sse.com.cn/commonQuery.do
2023-02-15,510330,62.246498,上交所,https://query.sse.com.cn/commonQuery.do
2023-02-16,159919,51.689166,深交所,https://www.szse.cn/api/report/ShowReport/data
2023-02-16,510300,180.796877,上交所,https://query.sse.com.cn/commonQuery.do
2023-02-16,510310,81.803074,上交所,https://query.sse.com.cn/commonQuery.do
2023-02-16,510330,62.381498,上交所,https://query.sse.com.cn/commonQuery.do
2023-02-17,159919,51.806166,深交所,https://www.szse.cn/api/report/ShowReport/data
2023-02-17,510300,181.012877,上交所,https://query.sse.com.cn/commonQuery.do
2023-02-17,510310,82.023074,上交所,https://query.sse.com.cn/commonQuery.do
2023-02-17,510330,61.976498,上交所,https://query.sse.com.cn/commonQuery.do
2023-02-20,159919,51.914166,深交所,https://www.szse.cn/api/report/ShowReport/data
2023-02-20,510300,178.042877,上交所,https://query.sse.com.cn/commonQuery.do
2023-02-20,510310,81.783074,上交所,https://query.sse.com.cn/commonQuery.do
2023-02-20,510330,62.111498,上交所,https://query.sse.com.cn/commonQuery.do
2023-02-21,159919,52.238166,深交所,https://www.szse.cn/api/report/ShowReport/data
2023-02-21,510300,179.293877,上交所,https://query.sse.com.cn/commonQuery.do
2023-02-21,510310,81.843074,上交所,https://query.sse.com.cn/commonQuery.do
2023-02-21,510330,62.462498,上交所,https://query.sse.com.cn/commonQuery.do
2023-02-22,159919,52.211166,深交所,https://www.szse.cn/api/report/ShowReport/data
2023-02-22,510300,178.915877,上交所,https://query.sse.com.cn/commonQuery.do
2023-02-22,510310,81.823074,上交所,https://query.sse.com.cn/commonQuery.do
2023-02-22,510330,62.183498,上交所,https://query.sse.com.cn/commonQuery.do
2023-02-23,159919,52.112166,深交所,https://www.szse.cn/api/report/ShowReport/data
2023-02-23,510300,177.268877,上交所,https://query.sse.com.cn/commonQuery.do
2023-02-23,510310,81.603074,上交所,https://query.sse.com.cn/commonQuery.do
2023-02-23,510330,61.958498,上交所,https://query.sse.com.cn/commonQuery.do
2023-02-24,159919,52.094166,深交所,https://www.szse.cn/api/report/ShowReport/data
2023-02-24,510300,173.173877,上交所,https://query.sse.com.cn/commonQuery.do
2023-02-24,510310,82.083074,上交所,https://query.sse.com.cn/commonQuery.do
2023-02-24,510330,61.643498,上交所,https://query.sse.com.cn/commonQuery.do
2023-02-27,159919,51.977166,深交所,https://www.szse.cn/api/report/ShowReport/data
2023-02-27,510300,171.409877,上交所,https://query.sse.com.cn/commonQuery.do
2023-02-27,510310,82.483074,上交所,https://query.sse.com.cn/commonQuery.do
2023-02-27,510330,61.607498,上交所,https://query.sse.com.cn/commonQuery.do
2023-02-28,159919,52.004166,深交所,https://www.szse.cn/api/report/ShowReport/data
2023-02-28,510300,172.426877,上交所,https://query.sse.com.cn/commonQuery.do
2023-02-28,510310,82.723074,上交所,https://query.sse.com.cn/commonQuery.do
2023-02-28,510330,61.616498,上交所,https://query.sse.com.cn/commonQuery.do
2023-03-01,159919,52.382166,深交所,https://www.szse.cn/api/report/ShowReport/data
2023-03-01,510300,178.978877,上交所,https://query.sse.com.cn/commonQuery.do
2023-03-01,510310,83.263074,上交所,https://query.sse.com.cn/commonQuery.do
2023-03-01,510330,62.039498,上交所,https://query.sse.com.cn/commonQuery.do
2023-03-02,159919,52.625166,深交所,https://www.szse.cn/api/report/ShowReport/data
2023-03-02,510300,178.978877,上交所,https://query.sse.com.cn/commonQuery.do
2023-03-02,510310,83.703074,上交所,https://query.sse.com.cn/commonQuery.do
2023-03-02,510330,62.057498,上交所,https://query.sse.com.cn/commonQuery.do
2023-03-03,159919,52.715166,深交所,https://www.szse.cn/api/report/ShowReport/data
2023-03-03,510300,179.248877,上交所,https://query.sse.com.cn/commonQuery.do
2023-03-03,510310,83.703074,上交所,https://query.sse.com.cn/commonQuery.do
2023-03-03,510330,62.129498,上交所,https://query.sse.com.cn/commonQuery.do
2023-03-06,159919,52.193166,深交所,https://www.szse.cn/api/report/ShowReport/data
2023-03-06,510300,173.101877,上交所,https://query.sse.com.cn/commonQuery.do
2023-03-06,510310,83.463074,上交所,https://query.sse.com.cn/commonQuery.do
2023-03-06,510330,61.616498,上交所,https://query.sse.com.cn/commonQuery.do
2023-03-07,159919,51.896166,深交所,https://www.szse.cn/api/report/ShowReport/data
2023-03-07,510300,170.491877,上交所,https://query.sse.com.cn/commonQuery.do
2023-03-07,510310,83.343074,上交所,https://query.sse.com.cn/commonQuery.do
2023-03-07,510330,61.508498,上交所,https://query.sse.com.cn/commonQuery.do
2023-03-08,159919,51.896166,深交所,https://www.szse.cn/api/report/ShowReport/data
2023-03-08,510300,170.950877,上交所,https://query.sse.com.cn/commonQuery.do
2023-03-08,510310,83.643074,上交所,https://query.sse.com.cn/commonQuery.do
2023-03-08,510330,61.508498,上交所,https://query.sse.com.cn/commonQuery.do
2023-03-09,159919,52.112166,深交所,https://www.szse.cn/api/report/ShowReport/data
2023-03-09,510300,170.140877,上交所,https://query.sse.com.cn/commonQuery.do
2023-03-09,510310,83.583074,上交所,https://query.sse.com.cn/commonQuery.do
2023-03-09,510330,61.328498,上交所,https://query.sse.com.cn/commonQuery.do
2023-03-10,159919,52.004166,深交所,https://www.szse.cn/api/report/ShowReport/data
2023-03-10,510300,170.176877,上交所,https://query.sse.com.cn/commonQuery.do
2023-03-10,510310,83.743074,上交所,https://query.sse.com.cn/commonQuery.do
2023-03-10,510330,61.256498,上交所,https://query.sse.com.cn/commonQuery.do
2023-03-13,159919,51.995166,深交所,https://www.szse.cn/api/report/ShowReport/data
2023-03-13,510300,170.608877,上交所,https://query.sse.com.cn/commonQuery.do
2023-03-13,510310,83.843074,上交所,https://query.sse.com.cn/commonQuery.do
2023-03-13,510330,61.274498,上交所,https://query.sse.com.cn/commonQuery.do
2023-03-14,159919,52.013166,深交所,https://www.szse.cn/api/report/ShowReport/data
2023-03-14,510300,171.427877,上交所,https://query.sse.com.cn/commonQuery.do
2023-03-14,510310,83.823074,上交所,https://query.sse.com.cn/commonQuery.do
2023-03-14,510330,61.274498,上交所,https://query.sse.com.cn/commonQuery.do
2023-03-15,159919,51.869166,深交所,https://www.szse.cn/api/report/ShowReport/data
2023-03-15,510300,170.851877,上交所,https://query.sse.com.cn/commonQuery.do
2023-03-15,510310,83.823074,上交所,https://query.sse.com.cn/commonQuery.do
2023-03-15,510330,61.157498,上交所,https://query.sse.com.cn/commonQuery.do
2023-03-16,159919,51.869166,深交所,https://www.szse.cn/api/report/ShowReport/data
2023-03-16,510300,171.670877,上交所,https://query.sse.com.cn/commonQuery.do
2023-03-16,510310,83.743074,上交所,https://query.sse.com.cn/commonQuery.do
2023-03-16,510330,61.121498,上交所,https://query.sse.com.cn/commonQuery.do
2023-03-17,159919,52.490166,深交所,https://www.szse.cn/api/report/ShowReport/data
2023-03-17,510300,169.294877,上交所,https://query.sse.com.cn/commonQuery.do
2023-03-17,510310,83.443074,上交所,https://query.sse.com.cn/commonQuery.do
2023-03-17,510330,61.166498,上交所,https://query.sse.com.cn/commonQuery.do
2023-03-20,159919,52.481166,深交所,https://www.szse.cn/api/report/ShowReport/data
2023-03-20,510300,168.763877,上交所,https://query.sse.com.cn/commonQuery.do
2023-03-20,510310,83.443074,上交所,https://query.sse.com.cn/commonQuery.do
2023-03-20,510330,60.806498,上交所,https://query.sse.com.cn/commonQuery.do
2023-03-21,159919,52.535166,深交所,https://www.szse.cn/api/report/ShowReport/data
2023-03-21,510300,167.836877,上交所,https://query.sse.com.cn/commonQuery.do
2023-03-21,510310,83.763074,上交所,https://query.sse.com.cn/commonQuery.do
2023-03-21,510330,60.806498,上交所,https://query.sse.com.cn/commonQuery.do
2023-03-22,159919,52.490166,深交所,https://www.szse.cn/api/report/ShowReport/data
2023-03-22,510300,165.586877,上交所,https://query.sse.com.cn/commonQuery.do
2023-03-22,510310,83.763074,上交所,https://query.sse.com.cn/commonQuery.do
2023-03-22,510330,60.653498,上交所,https://query.sse.com.cn/commonQuery.do
2023-03-23,159919,52.445166,深交所,https://www.szse.cn/api/report/ShowReport/data
2023-03-23,510300,165.127877,上交所,https://query.sse.com.cn/commonQuery.do
2023-03-23,510310,83.843074,上交所,https://query.sse.com.cn/commonQuery.do
2023-03-23,510330,60.626498,上交所,https://query.sse.com.cn/commonQuery.do
2023-03-24,159919,52.445166,深交所,https://www.szse.cn/api/report/ShowReport/data
2023-03-24,510300,165.145877,上交所,https://query.sse.com.cn/commonQuery.do
2023-03-24,510310,83.743074,上交所,https://query.sse.com.cn/commonQuery.do
2023-03-24,510330,60.626498,上交所,https://query.sse.com.cn/commonQuery.do
2023-03-27,159919,52.616166,深交所,https://www.szse.cn/api/report/ShowReport/data
2023-03-27,510300,164.929877,上交所,https://query.sse.com.cn/commonQuery.do
2023-03-27,510310,83.843074,上交所,https://query.sse.com.cn/commonQuery.do
2023-03-27,510330,60.590498,上交所,https://query.sse.com.cn/commonQuery.do
2023-03-28,159919,52.472166,深交所,https://www.szse.cn/api/report/ShowReport/data
2023-03-28,510300,163.624877,上交所,https://query.sse.com.cn/commonQuery.do
2023-03-28,510310,83.663074,上交所,https://query.sse.com.cn/commonQuery.do
2023-03-28,510330,60.509498,上交所,https://query.sse.com.cn/commonQuery.do
2023-03-29,159919,52.202166,深交所,https://www.szse.cn/api/report/ShowReport/data
2023-03-29,510300,163.075877,上交所,https://query.sse.com.cn/commonQuery.do
2023-03-29,510310,83.503074,上交所,https://query.sse.com.cn/commonQuery.do
2023-03-29,510330,60.518498,上交所,https://query.sse.com.cn/commonQuery.do
2023-03-30,159919,52.463166,深交所,https://www.szse.cn/api/report/ShowReport/data
2023-03-30,510300,163.741877,上交所,https://query.sse.com.cn/commonQuery.do
2023-03-30,510310,83.383074,上交所,https://query.sse.com.cn/commonQuery.do
2023-03-30,510330,60.536498,上交所,https://query.sse.com.cn/commonQuery.do
2023-03-31,159919,52.463166,深交所,https://www.szse.cn/api/report/ShowReport/data
2023-03-31,510300,165.766877,上交所,https://query.sse.com.cn/commonQuery.do
2023-03-31,510310,83.323074,上交所,https://query.sse.com.cn/commonQuery.do
2023-03-31,510330,60.941498,上交所,https://query.sse.com.cn/commonQuery.do
2023-04-03,159919,52.517166,深交所,https://www.szse.cn/api/report/ShowReport/data
2023-04-03,510300,165.208877,上交所,https://query.sse.com.cn/commonQuery.do
2023-04-03,510310,83.083074,上交所,https://query.sse.com.cn/commonQuery.do
2023-04-03,510330,60.896498,上交所,https://query.sse.com.cn/commonQuery.do
2023-04-04,159919,52.004166,深交所,https://www.szse.cn/api/report/ShowReport/data
2023-04-04,510300,163.705877,上交所,https://query.sse.com.cn/commonQuery.do
2023-04-04,510310,82.423074,上交所,https://query.sse.com.cn/commonQuery.do
2023-04-04,510330,60.959498,上交所,https://query.sse.com.cn/commonQuery.do
2023-04-06,159919,51.644166,深交所,https://www.szse.cn/api/report/ShowReport/data
2023-04-06,510300,163.327877,上交所,https://query.sse.com.cn/commonQuery.do
2023-04-06,510310,82.283074,上交所,https://query.sse.com.cn/commonQuery.do
2023-04-06,510330,60.878498,上交所,https://query.sse.com.cn/commonQuery.do
2023-04-07,159919,51.518166,深交所,https://www.szse.cn/api/report/ShowReport/data
2023-04-07,510300,163.417877,上交所,https://query.sse.com.cn/commonQuery.do
2023-04-07,510310,82.403074,上交所,https://query.sse.com.cn/commonQuery.do
2023-04-07,510330,60.842498,上交所,https://query.sse.com.cn/commonQuery.do
2023-04-10,159919,51.302166,深交所,https://www.szse.cn/api/report/ShowReport/data
2023-04-10,510300,163.399877,上交所,https://query.sse.com.cn/commonQuery.do
2023-04-10,510310,82.643074,上交所,https://query.sse.com.cn/commonQuery.do
2023-04-10,510330,60.725498,上交所,https://query.sse.com.cn/commonQuery.do
2023-04-11,159919,51.302166,深交所,https://www.szse.cn/api/report/ShowReport/data
2023-04-11,510300,164.695877,上交所,https://query.sse.com.cn/commonQuery.do
2023-04-11,510310,82.643074,上交所,https://query.sse.com.cn/commonQuery.do
2023-04-11,510330,60.959498,上交所,https://query.sse.com.cn/commonQuery.do
2023-04-12,159919,50.690166,深交所,https://www.szse.cn/api/report/ShowReport/data
2023-04-12,510300,163.237877,上交所,https://query.sse.com.cn/commonQuery.do
2023-04-12,510310,82.083074,上交所,https://query.sse.com.cn/commonQuery.do
2023-04-12,510330,60.824498,上交所,https://query.sse.com.cn/commonQuery.do
2023-04-13,159919,50.465166,深交所,https://www.szse.cn/api/report/ShowReport/data
2023-04-13,510300,162.472877,上交所,https://query.sse.com.cn/commonQuery.do
2023-04-13,510310,82.003074,上交所,https://query.sse.com.cn/commonQuery.do
2023-04-13,510330,60.788498,上交所,https://query.sse.com.cn/commonQuery.do
2023-04-14,159919,50.456166,深交所,https://www.szse.cn/api/report/ShowReport/data
2023-04-14,510300,162.166877,上交所,https://query.sse.com.cn/commonQuery.do
2023-04-14,510310,82.003074,上交所,https://query.sse.com.cn/commonQuery.do
2023-04-14,510330,60.797498,上交所,https://query.sse.com.cn/commonQuery.do
2023-04-17,159919,50.321166,深交所,https://www.szse.cn/api/report/ShowReport/data
2023-04-17,510300,160.807877,上交所,https://query.sse.com.cn/commonQuery.do
2023-04-17,510310,81.883074,上交所,https://query.sse.com.cn/commonQuery.do
2023-04-17,510330,60.833498,上交所,https://query.sse.com.cn/commonQuery.do
2023-04-18,159919,50.303166,深交所,https://www.szse.cn/api/report/ShowReport/data
2023-04-18,510300,160.726877,上交所,https://query.sse.com.cn/commonQuery.do
2023-04-18,510310,81.823074,上交所,https://query.sse.com.cn/commonQuery.do
2023-04-18,510330,60.851498,上交所,https://query.sse.com.cn/commonQuery.do
2023-04-19,159919,50.303166,深交所,https://www.szse.cn/api/report/ShowReport/data
2023-04-19,510300,160.789877,上交所,https://query.sse.com.cn/commonQuery.do
2023-04-19,510310,81.723074,上交所,https://query.sse.com.cn/commonQuery.do
2023-04-19,510330,60.851498,上交所,https://query.sse.com.cn/commonQuery.do
2023-04-20,159919,50.213166,深交所,https://www.szse.cn/api/report/ShowReport/data
2023-04-20,510300,160.393877,上交所,https://query.sse.com.cn/commonQuery.do
2023-04-20,510310,81.043074,上交所,https://query.sse.com.cn/commonQuery.do
2023-04-20,510330,60.797498,上交所,https://query.sse.com.cn/commonQuery.do
2023-04-21,159919,49.826166,深交所,https://www.szse.cn/api/report/ShowReport/data
2023-04-21,510300,158.467877,上交所,https://query.sse.com.cn/commonQuery.do
2023-04-21,510310,80.983074,上交所,https://query.sse.com.cn/commonQuery.do
2023-04-21,510330,60.680498,上交所,https://query.sse.com.cn/commonQuery.do
2023-04-24,159919,49.898166,深交所,https://www.szse.cn/api/report/ShowReport/data
2023-04-24,510300,159.349877,上交所,https://query.sse.com.cn/commonQuery.do
2023-04-24,510310,81.463074,上交所,https://query.sse.com.cn/commonQuery.do
2023-04-24,510330,60.707498,上交所,https://query.sse.com.cn/commonQuery.do
2023-04-25,159919,50.978166,深交所,https://www.szse.cn/api/report/ShowReport/data
2023-04-25,510300,164.749877,上交所,https://query.sse.com.cn/commonQuery.do
2023-04-25,510310,82.063074,上交所,https://query.sse.com.cn/commonQuery.do
2023-04-25,510330,61.220498,上交所,https://query.sse.com.cn/commonQuery.do
2023-04-26,159919,51.599166,深交所,https://www.szse.cn/api/report/ShowReport/data
2023-04-26,510300,167.971877,上交所,https://query.sse.com.cn/commonQuery.do
2023-04-26,510310,82.443074,上交所,https://query.sse.com.cn/commonQuery.do
2023-04-26,510330,61.454498,上交所,https://query.sse.com.cn/commonQuery.do
2023-04-27,159919,51.545166,深交所,https://www.szse.cn/api/report/ShowReport/data
2023-04-27,510300,167.692877,上交所,https://query.sse.com.cn/commonQuery.do
2023-04-27,510310,82.483074,上交所,https://query.sse.com.cn/commonQuery.do
2023-04-27,510330,61.382498,上交所,https://query.sse.com.cn/commonQuery.do
2023-04-28,159919,51.392166,深交所,https://www.szse.cn/api/report/ShowReport/data
2023-04-28,510300,168.124877,上交所,https://query.sse.com.cn/commonQuery.do
2023-04-28,510310,82.483074,上交所,https://query.sse.com.cn/commonQuery.do
2023-04-28,510330,61.661498,上交所,https://query.sse.com.cn/commonQuery.do
2023-05-04,159919,51.077166,深交所,https://www.szse.cn/api/report/ShowReport/data
2023-05-04,510300,167.539877,上交所,https://query.sse.com.cn/commonQuery.do
2023-05-04,510310,82.423074,上交所,https://query.sse.com.cn/commonQuery.do
2023-05-04,510330,61.562498,上交所,https://query.sse.com.cn/commonQuery.do
2023-05-05,159919,51.014166,深交所,https://www.szse.cn/api/report/ShowReport/data
2023-05-05,510300,166.729877,上交所,https://query.sse.com.cn/commonQuery.do
2023-05-05,510310,82.303074,上交所,https://query.sse.com.cn/commonQuery.do
2023-05-05,510330,61.526498,上交所,https://query.sse.com.cn/commonQuery.do
2023-05-08,159919,50.726166,深交所,https://www.szse.cn/api/report/ShowReport/data
2023-05-08,510300,162.355877,上交所,https://query.sse.com.cn/commonQuery.do
2023-05-08,510310,82.103074,上交所,https://query.sse.com.cn/commonQuery.do
2023-05-08,510330,61.409498,上交所,https://query.sse.com.cn/commonQuery.do
2023-05-09,159919,50.519166,深交所,https://www.szse.cn/api/report/ShowReport/data
2023-05-09,510300,160.798877,上交所,https://query.sse.com.cn/commonQuery.do
2023-05-09,510310,81.983074,上交所,https://query.sse.com.cn/commonQuery.do
2023-05-09,510330,60.815498,上交所,https://query.sse.com.cn/commonQuery.do
2023-05-10,159919,50.717166,深交所,https://www.szse.cn/api/report/ShowReport/data
2023-05-10,510300,165.199877,上交所,https://query.sse.com.cn/commonQuery.do
2023-05-10,510310,82.043074,上交所,https://query.sse.com.cn/commonQuery.do
2023-05-10,510330,60.887498,上交所,https://query.sse.com.cn/commonQuery.do
2023-05-11,159919,51.293166,深交所,https://www.szse.cn/api/report/ShowReport/data
2023-05-11,510300,164.236877,上交所,https://query.sse.com.cn/commonQuery.do
2023-05-11,510310,82.063074,上交所,https://query.sse.com.cn/commonQuery.do
2023-05-11,510330,60.788498,上交所,https://query.sse.com.cn/commonQuery.do
2023-05-12,159919,51.329166,深交所,https://www.szse.cn/api/report/ShowReport/data
2023-05-12,510300,165.091877,上交所,https://query.sse.com.cn/commonQuery.do
2023-05-12,510310,83.403074,上交所,https://query.sse.com.cn/commonQuery.do
2023-05-12,510330,61.049498,上交所,https://query.sse.com.cn/commonQuery.do
2023-05-15,159919,51.842166,深交所,https://www.szse.cn/api/report/ShowReport/data
2023-05-15,510300,170.149877,上交所,https://query.sse.com.cn/commonQuery.do
2023-05-15,510310,83.823074,上交所,https://query.sse.com.cn/commonQuery.do
2023-05-15,510330,61.184498,上交所,https://query.sse.com.cn/commonQuery.do
2023-05-16,159919,52.076166,深交所,https://www.szse.cn/api/report/ShowReport/data
2023-05-16,510300,170.221877,上交所,https://query.sse.com.cn/commonQuery.do
2023-05-16,510310,84.883074,上交所,https://query.sse.com.cn/commonQuery.do
2023-05-16,510330,61.184498,上交所,https://query.sse.com.cn/commonQuery.do
2023-05-17,159919,52.436166,深交所,https://www.szse.cn/api/report/ShowReport/data
2023-05-17,510300,172.489877,上交所,https://query.sse.com.cn/commonQuery.do
2023-05-17,510310,85.143074,上交所,https://query.sse.com.cn/commonQuery.do
2023-05-17,510330,61.391498,上交所,https://query.sse.com.cn/commonQuery.do
2023-05-18,159919,52.184166,深交所,https://www.szse.cn/api/report/ShowReport/data
2023-05-18,510300,169.393877,上交所,https://query.sse.com.cn/commonQuery.do
2023-05-18,510310,85.363074,上交所,https://query.sse.com.cn/commonQuery.do
2023-05-18,510330,61.265498,上交所,https://query.sse.com.cn/commonQuery.do
2023-05-19,159919,52.184166,深交所,https://www.szse.cn/api/report/ShowReport/data
2023-05-19,510300,169.420877,上交所,https://query.sse.com.cn/commonQuery.do
2023-05-19,510310,85.763074,上交所,https://query.sse.com.cn/commonQuery.do
2023-05-19,510330,61.238498,上交所,https://query.sse.com.cn/commonQuery.do
2023-05-22,159919,52.175166,深交所,https://www.szse.cn/api/report/ShowReport/data
2023-05-22,510300,169.033877,上交所,https://query.sse.com.cn/commonQuery.do
2023-05-22,510310,86.203074,上交所,https://query.sse.com.cn/commonQuery.do
2023-05-22,510330,61.274498,上交所,https://query.sse.com.cn/commonQuery.do
2023-05-23,159919,51.968166,深交所,https://www.szse.cn/api/report/ShowReport/data
2023-05-23,510300,168.286877,上交所,https://query.sse.com.cn/commonQuery.do
2023-05-23,510310,86.943074,上交所,https://query.sse.com.cn/commonQuery.do
2023-05-23,510330,61.310498,上交所,https://query.sse.com.cn/commonQuery.do
2023-05-24,159919,51.698166,深交所,https://www.szse.cn/api/report/ShowReport/data
2023-05-24,510300,167.197877,上交所,https://query.sse.com.cn/commonQuery.do
2023-05-24,510310,87.523074,上交所,https://query.sse.com.cn/commonQuery.do
2023-05-24,510330,61.400498,上交所,https://query.sse.com.cn/commonQuery.do
2023-05-25,159919,51.689166,深交所,https://www.szse.cn/api/report/ShowReport/data
2023-05-25,510300,167.701877,上交所,https://query.sse.com.cn/commonQuery.do
2023-05-25,510310,88.183074,上交所,https://query.sse.com.cn/commonQuery.do
2023-05-25,510330,61.598498,上交所,https://query.sse.com.cn/commonQuery.do
2023-05-26,159919,51.833166,深交所,https://www.szse.cn/api/report/ShowReport/data
2023-05-26,510300,168.349877,上交所,https://query.sse.com.cn/commonQuery.do
2023-05-26,510310,88.303074,上交所,https://query.sse.com.cn/commonQuery.do
2023-05-26,510330,61.670498,上交所,https://query.sse.com.cn/commonQuery.do
2023-05-29,159919,51.869166,深交所,https://www.szse.cn/api/report/ShowReport/data
2023-05-29,510300,169.114877,上交所,https://query.sse.com.cn/commonQuery.do
2023-05-29,510310,88.783074,上交所,https://query.sse.com.cn/commonQuery.do
2023-05-29,510330,61.670498,上交所,https://query.sse.com.cn/commonQuery.do
2023-05-30,159919,52.031166,深交所,https://www.szse.cn/api/report/ShowReport/data
2023-05-30,510300,170.743877,上交所,https://query.sse.com.cn/commonQuery.do
2023-05-30,510310,88.863074,上交所,https://query.sse.com.cn/commonQuery.do
2023-05-30,510330,61.850498,上交所,https://query.sse.com.cn/commonQuery.do
2023-05-31,159919,52.562166,深交所,https://www.szse.cn/api/report/ShowReport/data
2023-05-31,510300,173.542877,上交所,https://query.sse.com.cn/commonQuery.do
2023-05-31,510310,88.883074,上交所,https://query.sse.com.cn/commonQuery.do
2023-05-31,510330,62.057498,上交所,https://query.sse.com.cn/commonQuery.do
2023-06-01,159919,52.652166,深交所,https://www.szse.cn/api/report/ShowReport/data
2023-06-01,510300,176.386877,上交所,https://query.sse.com.cn/commonQuery.do
2023-06-01,510310,89.303074,上交所,https://query.sse.com.cn/commonQuery.do
2023-06-01,510330,62.228498,上交所,https://query.sse.com.cn/commonQuery.do
2023-06-02,159919,53.021166,深交所,https://www.szse.cn/api/report/ShowReport/data
2023-06-02,510300,178.141877,上交所,https://query.sse.com.cn/commonQuery.do
2023-06-02,510310,90.483074,上交所,https://query.sse.com.cn/commonQuery.do
2023-06-02,510330,62.624498,上交所,https://query.sse.com.cn/commonQuery.do
2023-06-05,159919,53.021166,深交所,https://www.szse.cn/api/report/ShowReport/data
2023-06-05,510300,177.961877,上交所,https://query.sse.com.cn/commonQuery.do
2023-06-05,510310,90.523074,上交所,https://query.sse.com.cn/commonQuery.do
2023-06-05,510330,62.624498,上交所,https://query.sse.com.cn/commonQuery.do
2023-06-06,159919,53.012166,深交所,https://www.szse.cn/api/report/ShowReport/data
2023-06-06,510300,177.655877,上交所,https://query.sse.com.cn/commonQuery.do
2023-06-06,510310,90.863074,上交所,https://query.sse.com.cn/commonQuery.do
2023-06-06,510330,62.093498,上交所,https://query.sse.com.cn/commonQuery.do
2023-06-07,159919,53.021166,深交所,https://www.szse.cn/api/report/ShowReport/data
2023-06-07,510300,177.835877,上交所,https://query.sse.com.cn/commonQuery.do
2023-06-07,510310,92.643074,上交所,https://query.sse.com.cn/commonQuery.do
2023-06-07,510330,62.111498,上交所,https://query.sse.com.cn/commonQuery.do
2023-06-08,159919,53.102166,深交所,https://www.szse.cn/api/report/ShowReport/data
2023-06-08,510300,178.078877,上交所,https://query.sse.com.cn/commonQuery.do
2023-06-08,510310,93.423074,上交所,https://query.sse.com.cn/commonQuery.do
2023-06-08,510330,62.192498,上交所,https://query.sse.com.cn/commonQuery.do
2023-06-09,159919,53.318166,深交所,https://www.szse.cn/api/report/ShowReport/data
2023-06-09,510300,180.904877,上交所,https://query.sse.com.cn/commonQuery.do
2023-06-09,510310,94.363074,上交所,https://query.sse.com.cn/commonQuery.do
2023-06-09,510330,62.597498,上交所,https://query.sse.com.cn/commonQuery.do
2023-06-12,159919,53.165166,深交所,https://www.szse.cn/api/report/ShowReport/data
2023-06-12,510300,180.715877,上交所,https://query.sse.com.cn/commonQuery.do
2023-06-12,510310,94.443074,上交所,https://query.sse.com.cn/commonQuery.do
2023-06-12,510330,62.552498,上交所,https://query.sse.com.cn/commonQuery.do
2023-06-13,159919,53.165166,深交所,https://www.szse.cn/api/report/ShowReport/data
2023-06-13,510300,180.814877,上交所,https://query.sse.com.cn/commonQuery.do
2023-06-13,510310,94.523074,上交所,https://query.sse.com.cn/commonQuery.do
2023-06-13,510330,62.471498,上交所,https://query.sse.com.cn/commonQuery.do
2023-06-14,159919,53.147166,深交所,https://www.szse.cn/api/report/ShowReport/data
2023-06-14,510300,180.787877,上交所,https://query.sse.com.cn/commonQuery.do
2023-06-14,510310,94.763074,上交所,https://query.sse.com.cn/commonQuery.do
2023-06-14,510330,62.309498,上交所,https://query.sse.com.cn/commonQuery.do
2023-06-15,159919,53.003166,深交所,https://www.szse.cn/api/report/ShowReport/data
2023-06-15,510300,180.634877,上交所,https://query.sse.com.cn/commonQuery.do
2023-06-15,510310,95.003074,上交所,https://query.sse.com.cn/commonQuery.do
2023-06-15,510330,62.192498,上交所,https://query.sse.com.cn/commonQuery.do
2023-06-16,159919,53.003166,深交所,https://www.szse.cn/api/report/ShowReport/data
2023-06-16,510300,181.930877,上交所,https://query.sse.com.cn/commonQuery.do
2023-06-16,510310,95.363074,上交所,https://query.sse.com.cn/commonQuery.do
2023-06-16,510330,62.237498,上交所,https://query.sse.com.cn/commonQuery.do
2023-06-19,159919,53.003166,深交所,https://www.szse.cn/api/report/ShowReport/data
2023-06-19,510300,182.155877,上交所,https://query.sse.com.cn/commonQuery.do
2023-06-19,510310,95.463074,上交所,https://query.sse.com.cn/commonQuery.do
2023-06-19,510330,61.724498,上交所,https://query.sse.com.cn/commonQuery.do
2023-06-20,159919,53.003166,深交所,https://www.szse.cn/api/report/ShowReport/data
2023-06-20,510300,181.831877,上交所,https://query.sse.com.cn/commonQuery.do
2023-06-20,510310,95.543074,上交所,https://query.sse.com.cn/commonQuery.do
2023-06-20,510330,61.202498,上交所,https://query.sse.com.cn/commonQuery.do
2023-06-21,159919,52.895166,深交所,https://www.szse.cn/api/report/ShowReport/data
2023-06-21,510300,181.408877,上交所,https://query.sse.com.cn/commonQuery.do
2023-06-21,510310,95.583074,上交所,https://query.sse.com.cn/commonQuery.do
2023-06-21,510330,61.076498,上交所,https://query.sse.com.cn/commonQuery.do
2023-06-26,159919,53.462166,深交所,https://www.szse.cn/api/report/ShowReport/data
2023-06-26,510300,183.415877,上交所,https://query.sse.com.cn/commonQuery.do
2023-06-26,510310,96.943074,上交所,https://query.sse.com.cn/commonQuery.do
2023-06-26,510330,61.319498,上交所,https://query.sse.com.cn/commonQuery.do
2023-06-27,159919,53.462166,深交所,https://www.szse.cn/api/report/ShowReport/data
2023-06-27,510300,183.118877,上交所,https://query.sse.com.cn/commonQuery.do
2023-06-27,510310,97.043074,上交所,https://query.sse.com.cn/commonQuery.do
2023-06-27,510330,61.337498,上交所,https://query.sse.com.cn/commonQuery.do
2023-06-28,159919,53.453166,深交所,https://www.szse.cn/api/report/ShowReport/data
2023-06-28,510300,183.037877,上交所,https://query.sse.com.cn/commonQuery.do
2023-06-28,510310,97.103074,上交所,https://query.sse.com.cn/commonQuery.do
2023-06-28,510330,61.310498,上交所,https://query.sse.com.cn/commonQuery.do
2023-06-29,159919,53.444166,深交所,https://www.szse.cn/api/report/ShowReport/data
2023-06-29,510300,183.181877,上交所,https://query.sse.com.cn/commonQuery.do
2023-06-29,510310,97.163074,上交所,https://query.sse.com.cn/commonQuery.do
2023-06-29,510330,61.328498,上交所,https://query.sse.com.cn/commonQuery.do
2023-06-30,159919,53.471166,深交所,https://www.szse.cn/api/report/ShowReport/data
2023-06-30,510300,185.215877,上交所,https://query.sse.com.cn/commonQuery.do
2023-06-30,510310,97.383074,上交所,https://query.sse.com.cn/commonQuery.do
2023-06-30,510330,61.526498,上交所,https://query.sse.com.cn/commonQuery.do
2023-07-03,159919,53.579166,深交所,https://www.szse.cn/api/report/ShowReport/data
2023-07-03,510300,186.367877,上交所,https://query.sse.com.cn/commonQuery.do
2023-07-03,510310,97.723074,上交所,https://query.sse.com.cn/commonQuery.do
2023-07-03,510330,61.544498,上交所,https://query.sse.com.cn/commonQuery.do
2023-07-04,159919,53.480166,深交所,https://www.szse.cn/api/report/ShowReport/data
2023-07-04,510300,186.259877,上交所,https://query.sse.com.cn/commonQuery.do
2023-07-04,510310,97.723074,上交所,https://query.sse.com.cn/commonQuery.do
2023-07-04,510330,61.994498,上交所,https://query.sse.com.cn/commonQuery.do
2023-07-05,159919,53.480166,深交所,https://www.szse.cn/api/report/ShowReport/data
2023-07-05,510300,186.295877,上交所,https://query.sse.com.cn/commonQuery.do
2023-07-05,510310,99.323074,上交所,https://query.sse.com.cn/commonQuery.do
2023-07-05,510330,61.967498,上交所,https://query.sse.com.cn/commonQuery.do
2023-07-06,159919,53.489166,深交所,https://www.szse.cn/api/report/ShowReport/data
2023-07-06,510300,186.610877,上交所,https://query.sse.com.cn/commonQuery.do
2023-07-06,510310,99.543074,上交所,https://query.sse.com.cn/commonQuery.do
2023-07-06,510330,61.976498,上交所,https://query.sse.com.cn/commonQuery.do
2023-07-07,159919,53.516166,深交所,https://www.szse.cn/api/report/ShowReport/data
2023-07-07,510300,186.853877,上交所,https://query.sse.com.cn/commonQuery.do
2023-07-07,510310,100.283074,上交所,https://query.sse.com.cn/commonQuery.do
2023-07-07,510330,61.976498,上交所,https://query.sse.com.cn/commonQuery.do
2023-07-10,159919,53.840166,深交所,https://www.szse.cn/api/report/ShowReport/data
2023-07-10,510300,187.951877,上交所,https://query.sse.com.cn/commonQuery.do
2023-07-10,510310,100.763074,上交所,https://query.sse.com.cn/commonQuery.do
2023-07-10,510330,61.985498,上交所,https://query.sse.com.cn/commonQuery.do
2023-07-11,159919,54.074166,深交所,https://www.szse.cn/api/report/ShowReport/data
2023-07-11,510300,191.389877,上交所,https://query.sse.com.cn/commonQuery.do
2023-07-11,510310,101.363074,上交所,https://query.sse.com.cn/commonQuery.do
2023-07-11,510330,62.156498,上交所,https://query.sse.com.cn/commonQuery.do
2023-07-12,159919,54.083166,深交所,https://www.szse.cn/api/report/ShowReport/data
2023-07-12,510300,191.479877,上交所,https://query.sse.com.cn/commonQuery.do
2023-07-12,510310,102.243074,上交所,https://query.sse.com.cn/commonQuery.do
2023-07-12,510330,62.183498,上交所,https://query.sse.com.cn/commonQuery.do
2023-07-13,159919,54.515166,深交所,https://www.szse.cn/api/report/ShowReport/data
2023-07-13,510300,193.450877,上交所,https://query.sse.com.cn/commonQuery.do
2023-07-13,510310,104.163074,上交所,https://query.sse.com.cn/commonQuery.do
2023-07-13,510330,62.354498,上交所,https://query.sse.com.cn/commonQuery.do
2023-07-14,159919,54.551166,深交所,https://www.szse.cn/api/report/ShowReport/data
2023-07-14,510300,193.630877,上交所,https://query.sse.com.cn/commonQuery.do
2023-07-14,510310,105.003074,上交所,https://query.sse.com.cn/commonQuery.do
2023-07-14,510330,62.390498,上交所,https://query.sse.com.cn/commonQuery.do
2023-07-17,159919,54.542166,深交所,https://www.szse.cn/api/report/ShowReport/data
2023-07-17,510300,193.612877,上交所,https://query.sse.com.cn/commonQuery.do
2023-07-17,510310,106.083074,上交所,https://query.sse.com.cn/commonQuery.do
2023-07-17,510330,62.390498,上交所,https://query.sse.com.cn/commonQuery.do
2023-07-18,159919,54.551166,深交所,https://www.szse.cn/api/report/ShowReport/data
2023-07-18,510300,193.621877,上交所,https://query.sse.com.cn/commonQuery.do
2023-07-18,510310,106.743074,上交所,https://query.sse.com.cn/commonQuery.do
2023-07-18,510330,62.390498,上交所,https://query.sse.com.cn/commonQuery.do
2023-07-19,159919,55.343166,深交所,https://www.szse.cn/api/report/ShowReport/data
2023-07-19,510300,195.358877,上交所,https://query.sse.com.cn/commonQuery.do
2023-07-19,510310,108.863074,上交所,https://query.sse.com.cn/commonQuery.do
2023-07-19,510330,62.507498,上交所,https://query.sse.com.cn/commonQuery.do
2023-07-20,159919,55.775166,深交所,https://www.szse.cn/api/report/ShowReport/data
2023-07-20,510300,198.553877,上交所,https://query.sse.com.cn/commonQuery.do
2023-07-20,510310,109.683074,上交所,https://query.sse.com.cn/commonQuery.do
2023-07-20,510330,62.858498,上交所,https://query.sse.com.cn/commonQuery.do
2023-07-21,159919,55.919166,深交所,https://www.szse.cn/api/report/ShowReport/data
2023-07-21,510300,201.991877,上交所,https://query.sse.com.cn/commonQuery.do
2023-07-21,510310,110.503074,上交所,https://query.sse.com.cn/commonQuery.do
2023-07-21,510330,63.407498,上交所,https://query.sse.com.cn/commonQuery.do
2023-07-24,159919,56.216166,深交所,https://www.szse.cn/api/report/ShowReport/data
2023-07-24,510300,202.207877,上交所,https://query.sse.com.cn/commonQuery.do
2023-07-24,510310,111.023074,上交所,https://query.sse.com.cn/commonQuery.do
2023-07-24,510330,63.524498,上交所,https://query.sse.com.cn/commonQuery.do
2023-07-25,159919,56.306166,深交所,https://www.szse.cn/api/report/ShowReport/data
2023-07-25,510300,202.441877,上交所,https://query.sse.com.cn/commonQuery.do
2023-07-25,510310,111.643074,上交所,https://query.sse.com.cn/commonQuery.do
2023-07-25,510330,63.551498,上交所,https://query.sse.com.cn/commonQuery.do
2023-07-26,159919,56.396166,深交所,https://www.szse.cn/api/report/ShowReport/data
2023-07-26,510300,202.900877,上交所,https://query.sse.com.cn/commonQuery.do
2023-07-26,510310,112.183074,上交所,https://query.sse.com.cn/commonQuery.do
2023-07-26,510330,63.884498,上交所,https://query.sse.com.cn/commonQuery.do
2023-07-27,159919,56.441166,深交所,https://www.szse.cn/api/report/ShowReport/data
2023-07-27,510300,202.828877,上交所,https://query.sse.com.cn/commonQuery.do
2023-07-27,510310,114.163074,上交所,https://query.sse.com.cn/commonQuery.do
2023-07-27,510330,63.830498,上交所,https://query.sse.com.cn/commonQuery.do
2023-07-28,159919,56.954166,深交所,https://www.szse.cn/api/report/ShowReport/data
2023-07-28,510300,212.035877,上交所,https://query.sse.com.cn/commonQuery.do
2023-07-28,510310,116.643074,上交所,https://query.sse.com.cn/commonQuery.do
2023-07-28,510330,65.351498,上交所,https://query.sse.com.cn/commonQuery.do
2023-07-31,159919,58.106166,深交所,https://www.szse.cn/api/report/ShowReport/data
2023-07-31,510300,224.482877,上交所,https://query.sse.com.cn/commonQuery.do
2023-07-31,510310,119.643074,上交所,https://query.sse.com.cn/commonQuery.do
2023-07-31,510330,66.899498,上交所,https://query.sse.com.cn/commonQuery.do
2023-08-01,159919,59.051166,深交所,https://www.szse.cn/api/report/ShowReport/data
2023-08-01,510300,231.133877,上交所,https://query.sse.com.cn/commonQuery.do
2023-08-01,510310,127.123074,上交所,https://query.sse.com.cn/commonQuery.do
2023-08-01,510330,67.655498,上交所,https://query.sse.com.cn/commonQuery.do
2023-08-02,159919,60.500166,深交所,https://www.szse.cn/api/report/ShowReport/data
2023-08-02,510300,233.806877,上交所,https://query.sse.com.cn/commonQuery.do
2023-08-02,510310,129.043074,上交所,https://query.sse.com.cn/commonQuery.do
2023-08-02,510330,68.078498,上交所,https://query.sse.com.cn/commonQuery.do
2023-08-03,159919,60.716166,深交所,https://www.szse.cn/api/report/ShowReport/data
2023-08-03,510300,234.904877,上交所,https://query.sse.com.cn/commonQuery.do
2023-08-03,510310,129.563074,上交所,https://query.sse.com.cn/commonQuery.do
2023-08-03,510330,68.303498,上交所,https://query.sse.com.cn/commonQuery.do
2023-08-04,159919,61.535166,深交所,https://www.szse.cn/api/report/ShowReport/data
2023-08-04,510300,241.132877,上交所,https://query.sse.com.cn/commonQuery.do
2023-08-04,510310,130.303074,上交所,https://query.sse.com.cn/commonQuery.do
2023-08-04,510330,69.518498,上交所,https://query.sse.com.cn/commonQuery.do
2023-08-07,159919,62.552166,深交所,https://www.szse.cn/api/report/ShowReport/data
2023-08-07,510300,250.150877,上交所,https://query.sse.com.cn/commonQuery.do
2023-08-07,510310,131.683074,上交所,https://query.sse.com.cn/commonQuery.do
2023-08-07,510330,71.858498,上交所,https://query.sse.com.cn/commonQuery.do
2023-08-08,159919,63.524166,深交所,https://www.szse.cn/api/report/ShowReport/data
2023-08-08,510300,255.694877,上交所,https://query.sse.com.cn/commonQuery.do
2023-08-08,510310,133.323074,上交所,https://query.sse.com.cn/commonQuery.do
2023-08-08,510330,73.316498,上交所,https://query.sse.com.cn/commonQuery.do
2023-08-09,159919,64.406166,深交所,https://www.szse.cn/api/report/ShowReport/data
2023-08-09,510300,265.531877,上交所,https://query.sse.com.cn/commonQuery.do
2023-08-09,510310,133.883074,上交所,https://query.sse.com.cn/commonQuery.do
2023-08-09,510330,75.998498,上交所,https://query.sse.com.cn/commonQuery.do
2023-08-10,159919,65.270166,深交所,https://www.szse.cn/api/report/ShowReport/data
2023-08-10,510300,268.825877,上交所,https://query.sse.com.cn/commonQuery.do
2023-08-10,510310,134.603074,上交所,https://query.sse.com.cn/commonQuery.do
2023-08-10,510330,77.546498,上交所,https://query.sse.com.cn/commonQuery.do
2023-08-11,159919,65.603166,深交所,https://www.szse.cn/api/report/ShowReport/data
2023-08-11,510300,268.483877,上交所,https://query.sse.com.cn/commonQuery.do
2023-08-11,510310,136.103074,上交所,https://query.sse.com.cn/commonQuery.do
2023-08-11,510330,77.744498,上交所,https://query.sse.com.cn/commonQuery.do
2023-08-14,159919,66.377166,深交所,https://www.szse.cn/api/report/ShowReport/data
2023-08-14,510300,271.831877,上交所,https://query.sse.com.cn/commonQuery.do
2023-08-14,510310,137.763074,上交所,https://query.sse.com.cn/commonQuery.do
2023-08-14,510330,78.392498,上交所,https://query.sse.com.cn/commonQuery.do
2023-08-15,159919,66.476166,深交所,https://www.szse.cn/api/report/ShowReport/data
2023-08-15,510300,272.659877,上交所,https://query.sse.com.cn/commonQuery.do
2023-08-15,510310,140.803074,上交所,https://query.sse.com.cn/commonQuery.do
2023-08-15,510330,79.022498,上交所,https://query.sse.com.cn/commonQuery.do
2023-08-16,159919,67.970166,深交所,https://www.szse.cn/api/report/ShowReport/data
2023-08-16,510300,276.223877,上交所,https://query.sse.com.cn/commonQuery.do
2023-08-16,510310,142.983074,上交所,https://query.sse.com.cn/commonQuery.do
2023-08-16,510330,79.958498,上交所,https://query.sse.com.cn/commonQuery.do
2023-08-17,159919,68.600166,深交所,https://www.szse.cn/api/report/ShowReport/data
2023-08-17,510300,281.614877,上交所,https://query.sse.com.cn/commonQuery.do
2023-08-17,510310,144.743074,上交所,https://query.sse.com.cn/commonQuery.do
2023-08-17,510330,81.236498,上交所,https://query.sse.com.cn/commonQuery.do
2023-08-18,159919,69.086166,深交所,https://www.szse.cn/api/report/ShowReport/data
2023-08-18,510300,285.277877,上交所,https://query.sse.com.cn/commonQuery.do
2023-08-18,510310,145.163074,上交所,https://query.sse.com.cn/commonQuery.do
2023-08-18,510330,81.506498,上交所,https://query.sse.com.cn/commonQuery.do
2023-08-21,159919,69.617166,深交所,https://www.szse.cn/api/report/ShowReport/data
2023-08-21,510300,287.329877,上交所,https://query.sse.com.cn/commonQuery.do
2023-08-21,510310,145.703074,上交所,https://query.sse.com.cn/commonQuery.do
2023-08-21,510330,81.839498,上交所,https://query.sse.com.cn/commonQuery.do
2023-08-22,159919,70.670166,深交所,https://www.szse.cn/api/report/ShowReport/data
2023-08-22,510300,290.596877,上交所,https://query.sse.com.cn/commonQuery.do
2023-08-22,510310,146.863074,上交所,https://query.sse.com.cn/commonQuery.do
2023-08-22,510330,82.055498,上交所,https://query.sse.com.cn/commonQuery.do
2023-08-23,159919,71.300166,深交所,https://www.szse.cn/api/report/ShowReport/data
2023-08-23,510300,290.488877,上交所,https://query.sse.com.cn/commonQuery.do
2023-08-23,510310,148.203074,上交所,https://query.sse.com.cn/commonQuery.do
2023-08-23,510330,82.100498,上交所,https://query.sse.com.cn/commonQuery.do
2023-08-24,159919,72.038166,深交所,https://www.szse.cn/api/report/ShowReport/data
2023-08-24,510300,292.099877,上交所,https://query.sse.com.cn/commonQuery.do
2023-08-24,510310,149.063074,上交所,https://query.sse.com.cn/commonQuery.do
2023-08-24,510330,82.811498,上交所,https://query.sse.com.cn/commonQuery.do
2023-08-25,159919,72.740166,深交所,https://www.szse.cn/api/report/ShowReport/data
2023-08-25,510300,296.167877,上交所,https://query.sse.com.cn/commonQuery.do
2023-08-25,510310,150.343074,上交所,https://query.sse.com.cn/commonQuery.do
2023-08-25,510330,83.441498,上交所,https://query.sse.com.cn/commonQuery.do
2023-08-28,159919,74.099166,深交所,https://www.szse.cn/api/report/ShowReport/data
2023-08-28,510300,305.833877,上交所,https://query.sse.com.cn/commonQuery.do
2023-08-28,510310,153.603074,上交所,https://query.sse.com.cn/commonQuery.do
2023-08-28,510330,84.611498,上交所,https://query.sse.com.cn/commonQuery.do
2023-08-29,159919,74.819166,深交所,https://www.szse.cn/api/report/ShowReport/data
2023-08-29,510300,317.452877,上交所,https://query.sse.com.cn/commonQuery.do
2023-08-29,510310,156.983074,上交所,https://query.sse.com.cn/commonQuery.do
2023-08-29,510330,86.654498,上交所,https://query.sse.com.cn/commonQuery.do
2023-08-30,159919,75.602166,深交所,https://www.szse.cn/api/report/ShowReport/data
2023-08-30,510300,315.085877,上交所,https://query.sse.com.cn/commonQuery.do
2023-08-30,510310,159.083074,上交所,https://query.sse.com.cn/commonQuery.do
2023-08-30,510330,86.456498,上交所,https://query.sse.com.cn/commonQuery.do
2023-08-31,159919,75.620166,深交所,https://www.szse.cn/api/report/ShowReport/data
2023-08-31,510300,313.564877,上交所,https://query.sse.com.cn/commonQuery.do
2023-08-31,510310,159.783074,上交所,https://query.sse.com.cn/commonQuery.do
2023-08-31,510330,86.015498,上交所,https://query.sse.com.cn/commonQuery.do
2023-09-01,159919,75.620166,深交所,https://www.szse.cn/api/report/ShowReport/data
2023-09-01,510300,312.178877,上交所,https://query.sse.com.cn/commonQuery.do
2023-09-01,510310,160.743074,上交所,https://query.sse.com.cn/commonQuery.do
2023-09-01,510330,85.709498,上交所,https://query.sse.com.cn/commonQuery.do
2023-09-04,159919,75.629166,深交所,https://www.szse.cn/api/report/ShowReport/data
2023-09-04,510300,310.225877,上交所,https://query.sse.com.cn/commonQuery.do
2023-09-04,510310,160.103074,上交所,https://query.sse.com.cn/commonQuery.do
2023-09-04,510330,85.664498,上交所,https://query.sse.com.cn/commonQuery.do
2023-09-05,159919,75.575166,深交所,https://www.szse.cn/api/report/ShowReport/data
2023-09-05,510300,309.991877,上交所,https://query.sse.com.cn/commonQuery.do
2023-09-05,510310,159.863074,上交所,https://query.sse.com.cn/commonQuery.do
2023-09-05,510330,85.817498,上交所,https://query.sse.com.cn/commonQuery.do
2023-09-06,159919,76.187166,深交所,https://www.szse.cn/api/report/ShowReport/data
2023-09-06,510300,312.097877,上交所,https://query.sse.com.cn/commonQuery.do
2023-09-06,510310,160.183074,上交所,https://query.sse.com.cn/commonQuery.do
2023-09-06,510330,86.123498,上交所,https://query.sse.com.cn/commonQuery.do
2023-09-07,159919,76.394166,深交所,https://www.szse.cn/api/report/ShowReport/data
2023-09-07,510300,312.295877,上交所,https://query.sse.com.cn/commonQuery.do
2023-09-07,510310,159.563074,上交所,https://query.sse.com.cn/commonQuery.do
2023-09-07,510330,86.015498,上交所,https://query.sse.com.cn/commonQuery.do
2023-09-08,159919,76.358166,深交所,https://www.szse.cn/api/report/ShowReport/data
2023-09-08,510300,312.997877,上交所,https://query.sse.com.cn/commonQuery.do
2023-09-08,510310,157.823074,上交所,https://query.sse.com.cn/commonQuery.do
2023-09-08,510330,85.763498,上交所,https://query.sse.com.cn/commonQuery.do
2023-09-11,159919,76.340166,深交所,https://www.szse.cn/api/report/ShowReport/data
2023-09-11,510300,312.880877,上交所,https://query.sse.com.cn/commonQuery.do
2023-09-11,510310,157.663074,上交所,https://query.sse.com.cn/commonQuery.do
2023-09-11,510330,85.628498,上交所,https://query.sse.com.cn/commonQuery.do
2023-09-12,159919,76.340166,深交所,https://www.szse.cn/api/report/ShowReport/data
2023-09-12,510300,312.808877,上交所,https://query.sse.com.cn/commonQuery.do
2023-09-12,510310,157.583074,上交所,https://query.sse.com.cn/commonQuery.do
2023-09-12,510330,85.646498,上交所,https://query.sse.com.cn/commonQuery.do
2023-09-13,159919,76.223166,深交所,https://www.szse.cn/api/report/ShowReport/data
2023-09-13,510300,310.936877,上交所,https://query.sse.com.cn/commonQuery.do
2023-09-13,510310,157.463074,上交所,https://query.sse.com.cn/commonQuery.do
2023-09-13,510330,85.340498,上交所,https://query.sse.com.cn/commonQuery.do
2023-09-14,159919,76.133166,深交所,https://www.szse.cn/api/report/ShowReport/data
2023-09-14,510300,308.002877,上交所,https://query.sse.com.cn/commonQuery.do
2023-09-14,510310,157.763074,上交所,https://query.sse.com.cn/commonQuery.do
2023-09-14,510330,84.998498,上交所,https://query.sse.com.cn/commonQuery.do
2023-09-15,159919,76.943166,深交所,https://www.szse.cn/api/report/ShowReport/data
2023-09-15,510300,306.895877,上交所,https://query.sse.com.cn/commonQuery.do
2023-09-15,510310,158.883074,上交所,https://query.sse.com.cn/commonQuery.do
2023-09-15,510330,85.295498,上交所,https://query.sse.com.cn/commonQuery.do
2023-09-18,159919,78.014166,深交所,https://www.szse.cn/api/report/ShowReport/data
2023-09-18,510300,307.840877,上交所,https://query.sse.com.cn/commonQuery.do
2023-09-18,510310,160.043074,上交所,https://query.sse.com.cn/commonQuery.do
2023-09-18,510330,85.862498,上交所,https://query.sse.com.cn/commonQuery.do
2023-09-19,159919,77.942166,深交所,https://www.szse.cn/api/report/ShowReport/data
2023-09-19,510300,308.443877,上交所,https://query.sse.com.cn/commonQuery.do
2023-09-19,510310,160.363074,上交所,https://query.sse.com.cn/commonQuery.do
2023-09-19,510330,85.970498,上交所,https://query.sse.com.cn/commonQuery.do
2023-09-20,159919,78.185166,深交所,https://www.szse.cn/api/report/ShowReport/data
2023-09-20,510300,309.415877,上交所,https://query.sse.com.cn/commonQuery.do
2023-09-20,510310,160.843074,上交所,https://query.sse.com.cn/commonQuery.do
2023-09-20,510330,86.339498,上交所,https://query.sse.com.cn/commonQuery.do
2023-09-21,159919,78.626166,深交所,https://www.szse.cn/api/report/ShowReport/data
2023-09-21,510300,310.198877,上交所,https://query.sse.com.cn/commonQuery.do
2023-09-21,510310,161.303074,上交所,https://query.sse.com.cn/commonQuery.do
2023-09-21,510330,86.645498,上交所,https://query.sse.com.cn/commonQuery.do
2023-09-22,159919,79.121166,深交所,https://www.szse.cn/api/report/ShowReport/data
2023-09-22,510300,312.646877,上交所,https://query.sse.com.cn/commonQuery.do
2023-09-22,510310,162.003074,上交所,https://query.sse.com.cn/commonQuery.do
2023-09-22,510330,87.482498,上交所,https://query.sse.com.cn/commonQuery.do
2023-09-25,159919,79.373166,深交所,https://www.szse.cn/api/report/ShowReport/data
2023-09-25,510300,311.908877,上交所,https://query.sse.com.cn/commonQuery.do
2023-09-25,510310,161.943074,上交所,https://query.sse.com.cn/commonQuery.do
2023-09-25,510330,87.230498,上交所,https://query.sse.com.cn/commonQuery.do
2023-09-26,159919,79.769166,深交所,https://www.szse.cn/api/report/ShowReport/data
2023-09-26,510300,313.447877,上交所,https://query.sse.com.cn/commonQuery.do
2023-09-26,510310,162.043074,上交所,https://query.sse.com.cn/commonQuery.do
2023-09-26,510330,88.211498,上交所,https://query.sse.com.cn/commonQuery.do
2023-09-27,159919,80.552166,深交所,https://www.szse.cn/api/report/ShowReport/data
2023-09-27,510300,315.103877,上交所,https://query.sse.com.cn/commonQuery.do
2023-09-27,510310,162.543074,上交所,https://query.sse.com.cn/commonQuery.do
2023-09-27,510330,88.985498,上交所,https://query.sse.com.cn/commonQuery.do
2023-09-28,159919,81.524166,深交所,https://www.szse.cn/api/report/ShowReport/data
2023-09-28,510300,319.162877,上交所,https://query.sse.com.cn/commonQuery.do
2023-09-28,510310,163.563074,上交所,https://query.sse.com.cn/commonQuery.do
2023-09-28,510330,89.444498,上交所,https://query.sse.com.cn/commonQuery.do
2023-10-09,159919,81.416166,深交所,https://www.szse.cn/api/report/ShowReport/data
2023-10-09,510300,320.305877,上交所,https://query.sse.com.cn/commonQuery.do
2023-10-09,510310,163.283074,上交所,https://query.sse.com.cn/commonQuery.do
2023-10-09,510330,89.300498,上交所,https://query.sse.com.cn/commonQuery.do
2023-10-10,159919,81.470166,深交所,https://www.szse.cn/api/report/ShowReport/data
2023-10-10,510300,322.204877,上交所,https://query.sse.com.cn/commonQuery.do
2023-10-10,510310,163.263074,上交所,https://query.sse.com.cn/commonQuery.do
2023-10-10,510330,89.552498,上交所,https://query.sse.com.cn/commonQuery.do
2023-10-11,159919,82.037166,深交所,https://www.szse.cn/api/report/ShowReport/data
2023-10-11,510300,323.887877,上交所,https://query.sse.com.cn/commonQuery.do
2023-10-11,510310,163.463074,上交所,https://query.sse.com.cn/commonQuery.do
2023-10-11,510330,89.759498,上交所,https://query.sse.com.cn/commonQuery.do
2023-10-12,159919,82.235166,深交所,https://www.szse.cn/api/report/ShowReport/data
2023-10-12,510300,323.995877,上交所,https://query.sse.com.cn/commonQuery.do
2023-10-12,510310,163.503074,上交所,https://query.sse.com.cn/commonQuery.do
2023-10-12,510330,89.714498,上交所,https://query.sse.com.cn/commonQuery.do
2023-10-13,159919,82.604166,深交所,https://www.szse.cn/api/report/ShowReport/data
2023-10-13,510300,328.243877,上交所,https://query.sse.com.cn/commonQuery.do
2023-10-13,510310,164.523074,上交所,https://query.sse.com.cn/commonQuery.do
2023-10-13,510330,89.984498,上交所,https://query.sse.com.cn/commonQuery.do
2023-10-16,159919,82.703166,深交所,https://www.szse.cn/api/report/ShowReport/data
2023-10-16,510300,327.964877,上交所,https://query.sse.com.cn/commonQuery.do
2023-10-16,510310,164.703074,上交所,https://query.sse.com.cn/commonQuery.do
2023-10-16,510330,90.146498,上交所,https://query.sse.com.cn/commonQuery.do
2023-10-17,159919,82.595166,深交所,https://www.szse.cn/api/report/ShowReport/data
2023-10-17,510300,326.695877,上交所,https://query.sse.com.cn/commonQuery.do
2023-10-17,510310,164.783074,上交所,https://query.sse.com.cn/commonQuery.do
2023-10-17,510330,89.957498,上交所,https://query.sse.com.cn/commonQuery.do
2023-10-18,159919,82.532166,深交所,https://www.szse.cn/api/report/ShowReport/data
2023-10-18,510300,326.227877,上交所,https://query.sse.com.cn/commonQuery.do
2023-10-18,510310,164.803074,上交所,https://query.sse.com.cn/commonQuery.do
2023-10-18,510330,89.777498,上交所,https://query.sse.com.cn/commonQuery.do
2023-10-19,159919,82.820166,深交所,https://www.szse.cn/api/report/ShowReport/data
2023-10-19,510300,324.463877,上交所,https://query.sse.com.cn/commonQuery.do
2023-10-19,510310,165.083074,上交所,https://query.sse.com.cn/commonQuery.do
2023-10-19,510330,89.264498,上交所,https://query.sse.com.cn/commonQuery.do
2023-10-20,159919,82.289166,深交所,https://www.szse.cn/api/report/ShowReport/data
2023-10-20,510300,319.900877,上交所,https://query.sse.com.cn/commonQuery.do
2023-10-20,510310,166.783074,上交所,https://query.sse.com.cn/commonQuery.do
2023-10-20,510330,88.418498,上交所,https://query.sse.com.cn/commonQuery.do
2023-10-23,159919,82.145166,深交所,https://www.szse.cn/api/report/ShowReport/data
2023-10-23,510300,329.773877,上交所,https://query.sse.com.cn/commonQuery.do
2023-10-23,510310,171.083074,上交所,https://query.sse.com.cn/commonQuery.do
2023-10-23,510330,88.787498,上交所,https://query.sse.com.cn/commonQuery.do
2023-10-24,159919,85.979166,深交所,https://www.szse.cn/api/report/ShowReport/data
2023-10-24,510300,333.193877,上交所,https://query.sse.com.cn/commonQuery.do
2023-10-24,510310,184.903074,上交所,https://query.sse.com.cn/commonQuery.do
2023-10-24,510330,90.146498,上交所,https://query.sse.com.cn/commonQuery.do
2023-10-25,159919,88.184166,深交所,https://www.szse.cn/api/report/ShowReport/data
2023-10-25,510300,332.716877,上交所,https://query.sse.com.cn/commonQuery.do
2023-10-25,510310,193.923074,上交所,https://query.sse.com.cn/commonQuery.do
2023-10-25,510330,90.992498,上交所,https://query.sse.com.cn/commonQuery.do
2023-10-26,159919,90.317166,深交所,https://www.szse.cn/api/report/ShowReport/data
2023-10-26,510300,333.778877,上交所,https://query.sse.com.cn/commonQuery.do
2023-10-26,510310,201.183074,上交所,https://query.sse.com.cn/commonQuery.do
2023-10-26,510330,91.703498,上交所,https://query.sse.com.cn/commonQuery.do
2023-10-27,159919,91.766166,深交所,https://www.szse.cn/api/report/ShowReport/data
2023-10-27,510300,334.039877,上交所,https://query.sse.com.cn/commonQuery.do
2023-10-27,510310,205.363074,上交所,https://query.sse.com.cn/commonQuery.do
2023-10-27,510330,91.793498,上交所,https://query.sse.com.cn/commonQuery.do
2023-10-30,159919,92.342166,深交所,https://www.szse.cn/api/report/ShowReport/data
2023-10-30,510300,333.589877,上交所,https://query.sse.com.cn/commonQuery.do
2023-10-30,510310,209.863074,上交所,https://query.sse.com.cn/commonQuery.do
2023-10-30,510330,91.964498,上交所,https://query.sse.com.cn/commonQuery.do
2023-10-31,159919,92.423166,深交所,https://www.szse.cn/api/report/ShowReport/data
2023-10-31,510300,333.589877,上交所,https://query.sse.com.cn/commonQuery.do
2023-10-31,510310,211.143074,上交所,https://query.sse.com.cn/commonQuery.do
2023-10-31,510330,92.000498,上交所,https://query.sse.com.cn/commonQuery.do
2023-11-01,159919,91.928166,深交所,https://www.szse.cn/api/report/ShowReport/data
2023-11-01,510300,332.617877,上交所,https://query.sse.com.cn/commonQuery.do
2023-11-01,510310,211.063074,上交所,https://query.sse.com.cn/commonQuery.do
2023-11-01,510330,91.631498,上交所,https://query.sse.com.cn/commonQuery.do
2023-11-02,159919,92.351166,深交所,https://www.szse.cn/api/report/ShowReport/data
2023-11-02,510300,334.669877,上交所,https://query.sse.com.cn/commonQuery.do
2023-11-02,510310,213.763074,上交所,https://query.sse.com.cn/commonQuery.do
2023-11-02,510330,91.721498,上交所,https://query.sse.com.cn/commonQuery.do
2023-11-03,159919,93.260166,深交所,https://www.szse.cn/api/report/ShowReport/data
2023-11-03,510300,337.648877,上交所,https://query.sse.com.cn/commonQuery.do
2023-11-03,510310,216.743074,上交所,https://query.sse.com.cn/commonQuery.do
2023-11-03,510330,91.955498,上交所,https://query.sse.com.cn/commonQuery.do
2023-11-06,159919,93.737166,深交所,https://www.szse.cn/api/report/ShowReport/data
2023-11-06,510300,338.044877,上交所,https://query.sse.com.cn/commonQuery.do
2023-11-06,510310,217.163074,上交所,https://query.sse.com.cn/commonQuery.do
2023-11-06,510330,93.350498,上交所,https://query.sse.com.cn/commonQuery.do
2023-11-07,159919,94.601166,深交所,https://www.szse.cn/api/report/ShowReport/data
2023-11-07,510300,338.179877,上交所,https://query.sse.com.cn/commonQuery.do
2023-11-07,510310,217.163074,上交所,https://query.sse.com.cn/commonQuery.do
2023-11-07,510330,93.629498,上交所,https://query.sse.com.cn/commonQuery.do
2023-11-08,159919,94.403166,深交所,https://www.szse.cn/api/report/ShowReport/data
2023-11-08,510300,335.686877,上交所,https://query.sse.com.cn/commonQuery.do
2023-11-08,510310,216.043074,上交所,https://query.sse.com.cn/commonQuery.do
2023-11-08,510330,93.620498,上交所,https://query.sse.com.cn/commonQuery.do
2023-11-09,159919,94.304166,深交所,https://www.szse.cn/api/report/ShowReport/data
2023-11-09,510300,334.948877,上交所,https://query.sse.com.cn/commonQuery.do
2023-11-09,510310,215.703074,上交所,https://query.sse.com.cn/commonQuery.do
2023-11-09,510330,93.674498,上交所,https://query.sse.com.cn/commonQuery.do
2023-11-10,159919,94.079166,深交所,https://www.szse.cn/api/report/ShowReport/data
2023-11-10,510300,333.490877,上交所,https://query.sse.com.cn/commonQuery.do
2023-11-10,510310,215.343074,上交所,https://query.sse.com.cn/commonQuery.do
2023-11-10,510330,93.683498,上交所,https://query.sse.com.cn/commonQuery.do
2023-11-13,159919,94.097166,深交所,https://www.szse.cn/api/report/ShowReport/data
2023-11-13,510300,333.760877,上交所,https://query.sse.com.cn/commonQuery.do
2023-11-13,510310,216.203074,上交所,https://query.sse.com.cn/commonQuery.do
2023-11-13,510330,93.899498,上交所,https://query.sse.com.cn/commonQuery.do
2023-11-14,159919,94.169166,深交所,https://www.szse.cn/api/report/ShowReport/data
2023-11-14,510300,333.976877,上交所,https://query.sse.com.cn/commonQuery.do
2023-11-14,510310,216.683074,上交所,https://query.sse.com.cn/commonQuery.do
2023-11-14,510330,94.007498,上交所,https://query.sse.com.cn/commonQuery.do
2023-11-15,159919,94.484166,深交所,https://www.szse.cn/api/report/ShowReport/data
2023-11-15,510300,332.752877,上交所,https://query.sse.com.cn/commonQuery.do
2023-11-15,510310,216.743074,上交所,https://query.sse.com.cn/commonQuery.do
2023-11-15,510330,93.971498,上交所,https://query.sse.com.cn/commonQuery.do
2023-11-16,159919,94.484166,深交所,https://www.szse.cn/api/report/ShowReport/data
2023-11-16,510300,330.628877,上交所,https://query.sse.com.cn/commonQuery.do
2023-11-16,510310,216.863074,上交所,https://query.sse.com.cn/commonQuery.do
2023-11-16,510330,93.728498,上交所,https://query.sse.com.cn/commonQuery.do
2023-11-17,159919,94.709166,深交所,https://www.szse.cn/api/report/ShowReport/data
2023-11-17,510300,326.452877,上交所,https://query.sse.com.cn/commonQuery.do
2023-11-17,510310,220.903074,上交所,https://query.sse.com.cn/commonQuery.do
2023-11-17,510330,94.862498,上交所,https://query.sse.com.cn/commonQuery.do
2023-11-20,159919,94.664166,深交所,https://www.szse.cn/api/report/ShowReport/data
2023-11-20,510300,325.318877,上交所,https://query.sse.com.cn/commonQuery.do
2023-11-20,510310,221.123074,上交所,https://query.sse.com.cn/commonQuery.do
2023-11-20,510330,95.123498,上交所,https://query.sse.com.cn/commonQuery.do
2023-11-21,159919,95.159166,深交所,https://www.szse.cn/api/report/ShowReport/data
2023-11-21,510300,325.570877,上交所,https://query.sse.com.cn/commonQuery.do
2023-11-21,510310,222.283074,上交所,https://query.sse.com.cn/commonQuery.do
2023-11-21,510330,95.285498,上交所,https://query.sse.com.cn/commonQuery.do
2023-11-22,159919,95.582166,深交所,https://www.szse.cn/api/report/ShowReport/data
2023-11-22,510300,325.795877,上交所,https://query.sse.com.cn/commonQuery.do
2023-11-22,510310,222.983074,上交所,https://query.sse.com.cn/commonQuery.do
2023-11-22,510330,95.132498,上交所,https://query.sse.com.cn/commonQuery.do
2023-11-23,159919,95.411166,深交所,https://www.szse.cn/api/report/ShowReport/data
2023-11-23,510300,324.967877,上交所,https://query.sse.com.cn/commonQuery.do
2023-11-23,510310,222.543074,上交所,https://query.sse.com.cn/commonQuery.do
2023-11-23,510330,94.691498,上交所,https://query.sse.com.cn/commonQuery.do
2023-11-24,159919,94.511166,深交所,https://www.szse.cn/api/report/ShowReport/data
2023-11-24,510300,322.663877,上交所,https://query.sse.com.cn/commonQuery.do
2023-11-24,510310,221.283074,上交所,https://query.sse.com.cn/commonQuery.do
2023-11-24,510330,93.917498,上交所,https://query.sse.com.cn/commonQuery.do
2023-11-27,159919,94.205166,深交所,https://www.szse.cn/api/report/ShowReport/data
2023-11-27,510300,322.096877,上交所,https://query.sse.com.cn/commonQuery.do
2023-11-27,510310,221.363074,上交所,https://query.sse.com.cn/commonQuery.do
2023-11-27,510330,93.782498,上交所,https://query.sse.com.cn/commonQuery.do
2023-11-28,159919,94.232166,深交所,https://www.szse.cn/api/report/ShowReport/data
2023-11-28,510300,322.123877,上交所,https://query.sse.com.cn/commonQuery.do
2023-11-28,510310,221.783074,上交所,https://query.sse.com.cn/commonQuery.do
2023-11-28,510330,93.863498,上交所,https://query.sse.com.cn/commonQuery.do
2023-11-29,159919,94.331166,深交所,https://www.szse.cn/api/report/ShowReport/data
2023-11-29,510300,321.124877,上交所,https://query.sse.com.cn/commonQuery.do
2023-11-29,510310,222.883074,上交所,https://query.sse.com.cn/commonQuery.do
2023-11-29,510330,93.782498,上交所,https://query.sse.com.cn/commonQuery.do
2023-11-30,159919,94.619166,深交所,https://www.szse.cn/api/report/ShowReport/data
2023-11-30,510300,321.052877,上交所,https://query.sse.com.cn/commonQuery.do
2023-11-30,510310,224.543074,上交所,https://query.sse.com.cn/commonQuery.do
2023-11-30,510330,93.773498,上交所,https://query.sse.com.cn/commonQuery.do
2023-12-01,159919,97.202166,深交所,https://www.szse.cn/api/report/ShowReport/data
2023-12-01,510300,320.422877,上交所,https://query.sse.com.cn/commonQuery.do
2023-12-01,510310,234.943074,上交所,https://query.sse.com.cn/commonQuery.do
2023-12-01,510330,96.923498,上交所,https://query.sse.com.cn/commonQuery.do
2023-12-04,159919,97.697166,深交所,https://www.szse.cn/api/report/ShowReport/data
2023-12-04,510300,319.468877,上交所,https://query.sse.com.cn/commonQuery.do
2023-12-04,510310,234.763074,上交所,https://query.sse.com.cn/commonQuery.do
2023-12-04,510330,96.824498,上交所,https://query.sse.com.cn/commonQuery.do
2023-12-05,159919,97.337166,深交所,https://www.szse.cn/api/report/ShowReport/data
2023-12-05,510300,318.253877,上交所,https://query.sse.com.cn/commonQuery.do
2023-12-05,510310,233.423074,上交所,https://query.sse.com.cn/commonQuery.do
2023-12-05,510330,96.374498,上交所,https://query.sse.com.cn/commonQuery.do
2023-12-06,159919,96.986166,深交所,https://www.szse.cn/api/report/ShowReport/data
2023-12-06,510300,314.743877,上交所,https://query.sse.com.cn/commonQuery.do
2023-12-06,510310,231.163074,上交所,https://query.sse.com.cn/commonQuery.do
2023-12-06,510330,95.735498,上交所,https://query.sse.com.cn/commonQuery.do
2023-12-07,159919,97.031166,深交所,https://www.szse.cn/api/report/ShowReport/data
2023-12-07,510300,312.970877,上交所,https://query.sse.com.cn/commonQuery.do
2023-12-07,510310,232.063074,上交所,https://query.sse.com.cn/commonQuery.do
2023-12-07,510330,95.456498,上交所,https://query.sse.com.cn/commonQuery.do
2023-12-08,159919,96.878166,深交所,https://www.szse.cn/api/report/ShowReport/data
2023-12-08,510300,311.044877,上交所,https://query.sse.com.cn/commonQuery.do
2023-12-08,510310,232.503074,上交所,https://query.sse.com.cn/commonQuery.do
2023-12-08,510330,95.150498,上交所,https://query.sse.com.cn/commonQuery.do
2023-12-11,159919,96.995166,深交所,https://www.szse.cn/api/report/ShowReport/data
2023-12-11,510300,311.062877,上交所,https://query.sse.com.cn/commonQuery.do
2023-12-11,510310,234.183074,上交所,https://query.sse.com.cn/commonQuery.do
2023-12-11,510330,95.249498,上交所,https://query.sse.com.cn/commonQuery.do
2023-12-12,159919,97.202166,深交所,https://www.szse.cn/api/report/ShowReport/data
2023-12-12,510300,310.531877,上交所,https://query.sse.com.cn/commonQuery.do
2023-12-12,510310,234.463074,上交所,https://query.sse.com.cn/commonQuery.do
2023-12-12,510330,95.123498,上交所,https://query.sse.com.cn/commonQuery.do
2023-12-13,159919,97.085166,深交所,https://www.szse.cn/api/report/ShowReport/data
2023-12-13,510300,310.369877,上交所,https://query.sse.com.cn/commonQuery.do
2023-12-13,510310,234.883074,上交所,https://query.sse.com.cn/commonQuery.do
2023-12-13,510330,95.078498,上交所,https://query.sse.com.cn/commonQuery.do
2023-12-14,159919,96.770166,深交所,https://www.szse.cn/api/report/ShowReport/data
2023-12-14,510300,309.586877,上交所,https://query.sse.com.cn/commonQuery.do
2023-12-14,510310,234.883074,上交所,https://query.sse.com.cn/commonQuery.do
2023-12-14,510330,94.835498,上交所,https://query.sse.com.cn/commonQuery.do
2023-12-15,159919,96.725166,深交所,https://www.szse.cn/api/report/ShowReport/data
2023-12-15,510300,309.991877,上交所,https://query.sse.com.cn/commonQuery.do
2023-12-15,510310,234.263074,上交所,https://query.sse.com.cn/commonQuery.do
2023-12-15,510330,94.574498,上交所,https://query.sse.com.cn/commonQuery.do
2023-12-18,159919,96.878166,深交所,https://www.szse.cn/api/report/ShowReport/data
2023-12-18,510300,313.456877,上交所,https://query.sse.com.cn/commonQuery.do
2023-12-18,510310,235.063074,上交所,https://query.sse.com.cn/commonQuery.do
2023-12-18,510330,94.529498,上交所,https://query.sse.com.cn/commonQuery.do
2023-12-19,159919,98.435166,深交所,https://www.szse.cn/api/report/ShowReport/data
2023-12-19,510300,320.305877,上交所,https://query.sse.com.cn/commonQuery.do
2023-12-19,510310,240.743074,上交所,https://query.sse.com.cn/commonQuery.do
2023-12-19,510330,95.195498,上交所,https://query.sse.com.cn/commonQuery.do
2023-12-20,159919,99.848166,深交所,https://www.szse.cn/api/report/ShowReport/data
2023-12-20,510300,324.283877,上交所,https://query.sse.com.cn/commonQuery.do
2023-12-20,510310,243.103074,上交所,https://query.sse.com.cn/commonQuery.do
2023-12-20,510330,95.825498,上交所,https://query.sse.com.cn/commonQuery.do
2023-12-21,159919,102.062166,深交所,https://www.szse.cn/api/report/ShowReport/data
2023-12-21,510300,333.193877,上交所,https://query.sse.com.cn/commonQuery.do
2023-12-21,510310,244.743074,上交所,https://query.sse.com.cn/commonQuery.do
2023-12-21,510330,97.895498,上交所,https://query.sse.com.cn/commonQuery.do
2023-12-22,159919,105.284166,深交所,https://www.szse.cn/api/report/ShowReport/data
2023-12-22,510300,340.474877,上交所,https://query.sse.com.cn/commonQuery.do
2023-12-22,510310,254.203074,上交所,https://query.sse.com.cn/commonQuery.do
2023-12-22,510330,99.191498,上交所,https://query.sse.com.cn/commonQuery.do
2023-12-25,159919,107.192166,深交所,https://www.szse.cn/api/report/ShowReport/data
2023-12-25,510300,344.020877,上交所,https://query.sse.com.cn/commonQuery.do
2023-12-25,510310,258.523074,上交所,https://query.sse.com.cn/commonQuery.do
2023-12-25,510330,99.704498,上交所,https://query.sse.com.cn/commonQuery.do
2023-12-26,159919,107.822166,深交所,https://www.szse.cn/api/report/ShowReport/data
2023-12-26,510300,344.434877,上交所,https://query.sse.com.cn/commonQuery.do
2023-12-26,510310,267.183074,上交所,https://query.sse.com.cn/commonQuery.do
2023-12-26,510330,100.415498,上交所,https://query.sse.com.cn/commonQuery.do
2023-12-27,159919,109.487166,深交所,https://www.szse.cn/api/report/ShowReport/data
2023-12-27,510300,345.064877,上交所,https://query.sse.com.cn/commonQuery.do
2023-12-27,510310,269.303074,上交所,https://query.sse.com.cn/commonQuery.do
2023-12-27,510330,100.766498,上交所,https://query.sse.com.cn/commonQuery.do
2023-12-28,159919,111.269166,深交所,https://www.szse.cn/api/report/ShowReport/data
2023-12-28,510300,357.466877,上交所,https://query.sse.com.cn/commonQuery.do
2023-12-28,510310,272.783074,上交所,https://query.sse.com.cn/commonQuery.do
2023-12-28,510330,104.744498,上交所,https://query.sse.com.cn/commonQuery.do
2023-12-29,159919,115.949166,深交所,https://www.szse.cn/api/report/ShowReport/data
2023-12-29,510300,374.440877,上交所,https://query.sse.com.cn/commonQuery.do
2023-12-29,510310,283.683074,上交所,https://query.sse.com.cn/commonQuery.do
2023-12-29,510330,107.426498,上交所,https://query.sse.com.cn/commonQuery.do
2024-01-02,159919,115.832166,深交所,https://www.szse.cn/api/report/ShowReport/data
2024-01-02,510300,374.620877,上交所,https://query.sse.com.cn/commonQuery.do
2024-01-02,510310,282.443074,上交所,https://query.sse.com.cn/commonQuery.do
2024-01-02,510330,107.228498,上交所,https://query.sse.com.cn/commonQuery.do
2024-01-03,159919,115.814166,深交所,https://www.szse.cn/api/report/ShowReport/data
2024-01-03,510300,373.144877,上交所,https://query.sse.com.cn/commonQuery.do
2024-01-03,510310,283.743074,上交所,https://query.sse.com.cn/commonQuery.do
2024-01-03,510330,107.192498,上交所,https://query.sse.com.cn/commonQuery.do
2024-01-04,159919,115.841166,深交所,https://www.szse.cn/api/report/ShowReport/data
2024-01-04,510300,365.602877,上交所,https://query.sse.com.cn/commonQuery.do
2024-01-04,510310,292.163074,上交所,https://query.sse.com.cn/commonQuery.do
2024-01-04,510330,108.470498,上交所,https://query.sse.com.cn/commonQuery.do
2024-01-05,159919,116.192166,深交所,https://www.szse.cn/api/report/ShowReport/data
2024-01-05,510300,359.689877,上交所,https://query.sse.com.cn/commonQuery.do
2024-01-05,510310,292.883074,上交所,https://query.sse.com.cn/commonQuery.do
2024-01-05,510330,108.839498,上交所,https://query.sse.com.cn/commonQuery.do
2024-01-08,159919,117.416166,深交所,https://www.szse.cn/api/report/ShowReport/data
2024-01-08,510300,359.941877,上交所,https://query.sse.com.cn/commonQuery.do
2024-01-08,510310,295.003074,上交所,https://query.sse.com.cn/commonQuery.do
2024-01-08,510330,110.729498,上交所,https://query.sse.com.cn/commonQuery.do
2024-01-09,159919,121.880166,深交所,https://www.szse.cn/api/report/ShowReport/data
2024-01-09,510300,358.060877,上交所,https://query.sse.com.cn/commonQuery.do
2024-01-09,510310,304.363074,上交所,https://query.sse.com.cn/commonQuery.do
2024-01-09,510330,115.427498,上交所,https://query.sse.com.cn/commonQuery.do
2024-01-10,159919,123.635166,深交所,https://www.szse.cn/api/report/ShowReport/data
2024-01-10,510300,357.421877,上交所,https://query.sse.com.cn/commonQuery.do
2024-01-10,510310,306.063074,上交所,https://query.sse.com.cn/commonQuery.do
2024-01-10,510330,116.192498,上交所,https://query.sse.com.cn/commonQuery.do
2024-01-11,159919,124.130166,深交所,https://www.szse.cn/api/report/ShowReport/data
2024-01-11,510300,360.805877,上交所,https://query.sse.com.cn/commonQuery.do
2024-01-11,510310,307.043074,上交所,https://query.sse.com.cn/commonQuery.do
2024-01-11,510330,116.732498,上交所,https://query.sse.com.cn/commonQuery.do
2024-01-12,159919,124.499166,深交所,https://www.szse.cn/api/report/ShowReport/data
2024-01-12,510300,360.121877,上交所,https://query.sse.com.cn/commonQuery.do
2024-01-12,510310,307.123074,上交所,https://query.sse.com.cn/commonQuery.do
2024-01-12,510330,116.633498,上交所,https://query.sse.com.cn/commonQuery.do
2024-01-15,159919,124.391166,深交所,https://www.szse.cn/api/report/ShowReport/data
2024-01-15,510300,357.916877,上交所,https://query.sse.com.cn/commonQuery.do
2024-01-15,510310,307.263074,上交所,https://query.sse.com.cn/commonQuery.do
2024-01-15,510330,116.237498,上交所,https://query.sse.com.cn/commonQuery.do
2024-01-16,159919,130.718166,深交所,https://www.szse.cn/api/report/ShowReport/data
2024-01-16,510300,360.544877,上交所,https://query.sse.com.cn/commonQuery.do
2024-01-16,510310,330.583074,上交所,https://query.sse.com.cn/commonQuery.do
2024-01-16,510330,124.751498,上交所,https://query.sse.com.cn/commonQuery.do
2024-01-17,159919,139.538166,深交所,https://www.szse.cn/api/report/ShowReport/data
2024-01-17,510300,361.462877,上交所,https://query.sse.com.cn/commonQuery.do
2024-01-17,510310,348.703074,上交所,https://query.sse.com.cn/commonQuery.do
2024-01-17,510330,134.291498,上交所,https://query.sse.com.cn/commonQuery.do
2024-01-18,159919,154.091166,深交所,https://www.szse.cn/api/report/ShowReport/data
2024-01-18,510300,384.799877,上交所,https://query.sse.com.cn/commonQuery.do
2024-01-18,510310,373.323074,上交所,https://query.sse.com.cn/commonQuery.do
2024-01-18,510330,142.931498,上交所,https://query.sse.com.cn/commonQuery.do
2024-01-19,159919,160.634166,深交所,https://www.szse.cn/api/report/ShowReport/data
2024-01-19,510300,401.926877,上交所,https://query.sse.com.cn/commonQuery.do
2024-01-19,510310,405.363074,上交所,https://query.sse.com.cn/commonQuery.do
2024-01-19,510330,152.336498,上交所,https://query.sse.com.cn/commonQuery.do
2024-01-22,159919,180.677166,深交所,https://www.szse.cn/api/report/ShowReport/data
2024-01-22,510300,435.703877,上交所,https://query.sse.com.cn/commonQuery.do
2024-01-22,510310,459.243074,上交所,https://query.sse.com.cn/commonQuery.do
2024-01-22,510330,170.696498,上交所,https://query.sse.com.cn/commonQuery.do
2024-01-23,159919,182.819166,深交所,https://www.szse.cn/api/report/ShowReport/data
2024-01-23,510300,437.224877,上交所,https://query.sse.com.cn/commonQuery.do
2024-01-23,510310,461.343074,上交所,https://query.sse.com.cn/commonQuery.do
2024-01-23,510330,172.514498,上交所,https://query.sse.com.cn/commonQuery.do
2024-01-24,159919,188.966166,深交所,https://www.szse.cn/api/report/ShowReport/data
2024-01-24,510300,445.450877,上交所,https://query.sse.com.cn/commonQuery.do
2024-01-24,510310,480.743074,上交所,https://query.sse.com.cn/commonQuery.do
2024-01-24,510330,175.358498,上交所,https://query.sse.com.cn/commonQuery.do
2024-01-25,159919,190.037166,深交所,https://www.szse.cn/api/report/ShowReport/data
2024-01-25,510300,446.548877,上交所,https://query.sse.com.cn/commonQuery.do
2024-01-25,510310,485.183074,上交所,https://query.sse.com.cn/commonQuery.do
2024-01-25,510330,176.924498,上交所,https://query.sse.com.cn/commonQuery.do
2024-01-26,159919,193.187166,深交所,https://www.szse.cn/api/report/ShowReport/data
2024-01-26,510300,455.521877,上交所,https://query.sse.com.cn/commonQuery.do
2024-01-26,510310,506.743074,上交所,https://query.sse.com.cn/commonQuery.do
2024-01-26,510330,178.481498,上交所,https://query.sse.com.cn/commonQuery.do
2024-01-29,159919,193.349166,深交所,https://www.szse.cn/api/report/ShowReport/data
2024-01-29,510300,454.009877,上交所,https://query.sse.com.cn/commonQuery.do
2024-01-29,510310,507.423074,上交所,https://query.sse.com.cn/commonQuery.do
2024-01-29,510330,178.202498,上交所,https://query.sse.com.cn/commonQuery.do
2024-01-30,159919,196.454166,深交所,https://www.szse.cn/api/report/ShowReport/data
2024-01-30,510300,463.729877,上交所,https://query.sse.com.cn/commonQuery.do
2024-01-30,510310,515.843074,上交所,https://query.sse.com.cn/commonQuery.do
2024-01-30,510330,179.156498,上交所,https://query.sse.com.cn/commonQuery.do
2024-01-31,159919,207.308166,深交所,https://www.szse.cn/api/report/ShowReport/data
2024-01-31,510300,469.264877,上交所,https://query.sse.com.cn/commonQuery.do
2024-01-31,510310,533.243074,上交所,https://query.sse.com.cn/commonQuery.do
2024-01-31,510330,181.271498,上交所,https://query.sse.com.cn/commonQuery.do
2024-02-01,159919,214.427166,深交所,https://www.szse.cn/api/report/ShowReport/data
2024-02-01,510300,477.679877,上交所,https://query.sse.com.cn/commonQuery.do
2024-02-01,510310,534.903074,上交所,https://query.sse.com.cn/commonQuery.do
2024-02-01,510330,191.045498,上交所,https://query.sse.com.cn/commonQuery.do
2024-02-02,159919,221.843166,深交所,https://www.szse.cn/api/report/ShowReport/data
2024-02-02,510300,488.740877,上交所,https://query.sse.com.cn/commonQuery.do
2024-02-02,510310,552.223074,上交所,https://query.sse.com.cn/commonQuery.do
2024-02-02,510330,199.181498,上交所,https://query.sse.com.cn/commonQuery.do
2024-02-05,159919,235.433166,深交所,https://www.szse.cn/api/report/ShowReport/data
2024-02-05,510300,493.951877,上交所,https://query.sse.com.cn/commonQuery.do
2024-02-05,510310,582.423074,上交所,https://query.sse.com.cn/commonQuery.do
2024-02-05,510330,215.984498,上交所,https://query.sse.com.cn/commonQuery.do
2024-02-06,159919,240.437166,深交所,https://www.szse.cn/api/report/ShowReport/data
2024-02-06,510300,497.524877,上交所,https://query.sse.com.cn/commonQuery.do
2024-02-06,510310,587.743074,上交所,https://query.sse.com.cn/commonQuery.do
2024-02-06,510330,217.307498,上交所,https://query.sse.com.cn/commonQuery.do
2024-02-07,159919,264.809166,深交所,https://www.szse.cn/api/report/ShowReport/data
2024-02-07,510300,518.152877,上交所,https://query.sse.com.cn/commonQuery.do
2024-02-07,510310,635.963074,上交所,https://query.sse.com.cn/commonQuery.do
2024-02-07,510330,240.239498,上交所,https://query.sse.com.cn/commonQuery.do
2024-02-08,159919,273.647166,深交所,https://www.szse.cn/api/report/ShowReport/data
2024-02-08,510300,529.645877,上交所,https://query.sse.com.cn/commonQuery.do
2024-02-08,510310,651.423074,上交所,https://query.sse.com.cn/commonQuery.do
2024-02-08,510330,247.808498,上交所,https://query.sse.com.cn/commonQuery.do
2024-02-19,159919,274.871166,深交所,https://www.szse.cn/api/report/ShowReport/data
2024-02-19,510300,528.736877,上交所,https://query.sse.com.cn/commonQuery.do
2024-02-19,510310,663.903074,上交所,https://query.sse.com.cn/commonQuery.do
2024-02-19,510330,252.884498,上交所,https://query.sse.com.cn/commonQuery.do
2024-02-20,159919,275.528166,深交所,https://www.szse.cn/api/report/ShowReport/data
2024-02-20,510300,528.034877,上交所,https://query.sse.com.cn/commonQuery.do
2024-02-20,510310,668.503074,上交所,https://query.sse.com.cn/commonQuery.do
2024-02-20,510330,254.936498,上交所,https://query.sse.com.cn/commonQuery.do
2024-02-21,159919,276.320166,深交所,https://www.szse.cn/api/report/ShowReport/data
2024-02-21,510300,531.391877,上交所,https://query.sse.com.cn/commonQuery.do
2024-02-21,510310,671.143074,上交所,https://query.sse.com.cn/commonQuery.do
2024-02-21,510330,256.628498,上交所,https://query.sse.com.cn/commonQuery.do
2024-02-22,159919,276.662166,深交所,https://www.szse.cn/api/report/ShowReport/data
2024-02-22,510300,530.536877,上交所,https://query.sse.com.cn/commonQuery.do
2024-02-22,510310,671.703074,上交所,https://query.sse.com.cn/commonQuery.do
2024-02-22,510330,256.961498,上交所,https://query.sse.com.cn/commonQuery.do
2024-02-23,159919,276.311166,深交所,https://www.szse.cn/api/report/ShowReport/data
2024-02-23,510300,527.017877,上交所,https://query.sse.com.cn/commonQuery.do
2024-02-23,510310,671.543074,上交所,https://query.sse.com.cn/commonQuery.do
2024-02-23,510330,257.222498,上交所,https://query.sse.com.cn/commonQuery.do
2024-02-26,159919,275.447166,深交所,https://www.szse.cn/api/report/ShowReport/data
2024-02-26,510300,523.075877,上交所,https://query.sse.com.cn/commonQuery.do
2024-02-26,510310,668.783074,上交所,https://query.sse.com.cn/commonQuery.do
2024-02-26,510330,256.466498,上交所,https://query.sse.com.cn/commonQuery.do
2024-02-27,159919,275.600166,深交所,https://www.szse.cn/api/report/ShowReport/data
2024-02-27,510300,521.059877,上交所,https://query.sse.com.cn/commonQuery.do
2024-02-27,510310,668.043074,上交所,https://query.sse.com.cn/commonQuery.do
2024-02-27,510330,256.106498,上交所,https://query.sse.com.cn/commonQuery.do
2024-02-28,159919,275.582166,深交所,https://www.szse.cn/api/report/ShowReport/data
2024-02-28,510300,529.906877,上交所,https://query.sse.com.cn/commonQuery.do
2024-02-28,510310,678.343074,上交所,https://query.sse.com.cn/commonQuery.do
2024-02-28,510330,258.788498,上交所,https://query.sse.com.cn/commonQuery.do
2024-02-29,159919,276.014166,深交所,https://www.szse.cn/api/report/ShowReport/data
2024-02-29,510300,535.360877,上交所,https://query.sse.com.cn/commonQuery.do
2024-02-29,510310,684.023074,上交所,https://query.sse.com.cn/commonQuery.do
2024-02-29,510330,260.840498,上交所,https://query.sse.com.cn/commonQuery.do
2024-03-01,159919,276.311166,深交所,https://www.szse.cn/api/report/ShowReport/data
2024-03-01,510300,536.305877,上交所,https://query.sse.com.cn/commonQuery.do
2024-03-01,510310,688.143074,上交所,https://query.sse.com.cn/commonQuery.do
2024-03-01,510330,261.983498,上交所,https://query.sse.com.cn/commonQuery.do
2024-03-04,159919,276.572166,深交所,https://www.szse.cn/api/report/ShowReport/data
2024-03-04,510300,531.391877,上交所,https://query.sse.com.cn/commonQuery.do
2024-03-04,510310,686.343074,上交所,https://query.sse.com.cn/commonQuery.do
2024-03-04,510330,261.164498,上交所,https://query.sse.com.cn/commonQuery.do
2024-03-05,159919,283.619166,深交所,https://www.szse.cn/api/report/ShowReport/data
2024-03-05,510300,545.476877,上交所,https://query.sse.com.cn/commonQuery.do
2024-03-05,510310,733.563074,上交所,https://query.sse.com.cn/commonQuery.do
2024-03-05,510330,269.282498,上交所,https://query.sse.com.cn/commonQuery.do
2024-03-06,159919,284.456166,深交所,https://www.szse.cn/api/report/ShowReport/data
2024-03-06,510300,551.173877,上交所,https://query.sse.com.cn/commonQuery.do
2024-03-06,510310,746.043074,上交所,https://query.sse.com.cn/commonQuery.do
2024-03-06,510330,272.045498,上交所,https://query.sse.com.cn/commonQuery.do
2024-03-07,159919,285.014166,深交所,https://www.szse.cn/api/report/ShowReport/data
2024-03-07,510300,552.532877,上交所,https://query.sse.com.cn/commonQuery.do
2024-03-07,510310,749.103074,上交所,https://query.sse.com.cn/commonQuery.do
2024-03-07,510330,273.395498,上交所,https://query.sse.com.cn/commonQuery.do
2024-03-08,159919,286.949166,深交所,https://www.szse.cn/api/report/ShowReport/data
2024-03-08,510300,553.126877,上交所,https://query.sse.com.cn/commonQuery.do
2024-03-08,510310,751.743074,上交所,https://query.sse.com.cn/commonQuery.do
2024-03-08,510330,274.394498,上交所,https://query.sse.com.cn/commonQuery.do
2024-03-11,159919,288.650166,深交所,https://www.szse.cn/api/report/ShowReport/data
2024-03-11,510300,553.567877,上交所,https://query.sse.com.cn/commonQuery.do
2024-03-11,510310,752.303074,上交所,https://query.sse.com.cn/commonQuery.do
2024-03-11,510330,274.583498,上交所,https://query.sse.com.cn/commonQuery.do
2024-03-12,159919,290.504166,深交所,https://www.szse.cn/api/report/ShowReport/data
2024-03-12,510300,557.950877,上交所,https://query.sse.com.cn/commonQuery.do
2024-03-12,510310,755.143074,上交所,https://query.sse.com.cn/commonQuery.do
2024-03-12,510330,275.969498,上交所,https://query.sse.com.cn/commonQuery.do
2024-03-13,159919,291.152166,深交所,https://www.szse.cn/api/report/ShowReport/data
2024-03-13,510300,558.679877,上交所,https://query.sse.com.cn/commonQuery.do
2024-03-13,510310,756.263074,上交所,https://query.sse.com.cn/commonQuery.do
2024-03-13,510330,276.149498,上交所,https://query.sse.com.cn/commonQuery.do
2024-03-14,159919,290.621166,深交所,https://www.szse.cn/api/report/ShowReport/data
2024-03-14,510300,558.364877,上交所,https://query.sse.com.cn/commonQuery.do
2024-03-14,510310,757.503074,上交所,https://query.sse.com.cn/commonQuery.do
2024-03-14,510330,275.825498,上交所,https://query.sse.com.cn/commonQuery.do
2024-03-15,159919,290.081166,深交所,https://www.szse.cn/api/report/ShowReport/data
2024-03-15,510300,556.870877,上交所,https://query.sse.com.cn/commonQuery.do
2024-03-15,510310,757.503074,上交所,https://query.sse.com.cn/commonQuery.do
2024-03-15,510330,275.348498,上交所,https://query.sse.com.cn/commonQuery.do
2024-03-18,159919,288.578166,深交所,https://www.szse.cn/api/report/ShowReport/data
2024-03-18,510300,554.521877,上交所,https://query.sse.com.cn/commonQuery.do
2024-03-18,510310,761.343074,上交所,https://query.sse.com.cn/commonQuery.do
2024-03-18,510330,274.421498,上交所,https://query.sse.com.cn/commonQuery.do
2024-03-19,159919,288.362166,深交所,https://www.szse.cn/api/report/ShowReport/data
2024-03-19,510300,552.865877,上交所,https://query.sse.com.cn/commonQuery.do
2024-03-19,510310,762.263074,上交所,https://query.sse.com.cn/commonQuery.do
2024-03-19,510330,274.169498,上交所,https://query.sse.com.cn/commonQuery.do
2024-03-20,159919,287.759166,深交所,https://www.szse.cn/api/report/ShowReport/data
2024-03-20,510300,551.767877,上交所,https://query.sse.com.cn/commonQuery.do
2024-03-20,510310,764.103074,上交所,https://query.sse.com.cn/commonQuery.do
2024-03-20,510330,273.494498,上交所,https://query.sse.com.cn/commonQuery.do
2024-03-21,159919,287.570166,深交所,https://www.szse.cn/api/report/ShowReport/data
2024-03-21,510300,551.920877,上交所,https://query.sse.com.cn/commonQuery.do
2024-03-21,510310,764.063074,上交所,https://query.sse.com.cn/commonQuery.do
2024-03-21,510330,272.666498,上交所,https://query.sse.com.cn/commonQuery.do
2024-03-22,159919,287.858166,深交所,https://www.szse.cn/api/report/ShowReport/data
2024-03-22,510300,553.801877,上交所,https://query.sse.com.cn/commonQuery.do
2024-03-22,510310,770.543074,上交所,https://query.sse.com.cn/commonQuery.do
2024-03-22,510330,273.818498,上交所,https://query.sse.com.cn/commonQuery.do
2024-03-25,159919,288.101166,深交所,https://www.szse.cn/api/report/ShowReport/data
2024-03-25,510300,553.765877,上交所,https://query.sse.com.cn/commonQuery.do
2024-03-25,510310,773.803074,上交所,https://query.sse.com.cn/commonQuery.do
2024-03-25,510330,273.134498,上交所,https://query.sse.com.cn/commonQuery.do
2024-03-26,159919,288.587166,深交所,https://www.szse.cn/api/report/ShowReport/data
2024-03-26,510300,555.808877,上交所,https://query.sse.com.cn/commonQuery.do
2024-03-26,510310,779.883074,上交所,https://query.sse.com.cn/commonQuery.do
2024-03-26,510330,273.035498,上交所,https://query.sse.com.cn/commonQuery.do
2024-03-27,159919,288.272166,深交所,https://www.szse.cn/api/report/ShowReport/data
2024-03-27,510300,554.152877,上交所,https://query.sse.com.cn/commonQuery.do
2024-03-27,510310,782.383074,上交所,https://query.sse.com.cn/commonQuery.do
2024-03-27,510330,271.901498,上交所,https://query.sse.com.cn/commonQuery.do
2024-03-28,159919,288.191166,深交所,https://www.szse.cn/api/report/ShowReport/data
2024-03-28,510300,555.106877,上交所,https://query.sse.com.cn/commonQuery.do
2024-03-28,510310,783.003074,上交所,https://query.sse.com.cn/commonQuery.do
2024-03-28,510330,272.765498,上交所,https://query.sse.com.cn/commonQuery.do
2024-03-29,159919,287.138166,深交所,https://www.szse.cn/api/report/ShowReport/data
2024-03-29,510300,553.288877,上交所,https://query.sse.com.cn/commonQuery.do
2024-03-29,510310,781.043074,上交所,https://query.sse.com.cn/commonQuery.do
2024-03-29,510330,271.730498,上交所,https://query.sse.com.cn/commonQuery.do
2024-04-01,159919,287.714166,深交所,https://www.szse.cn/api/report/ShowReport/data
2024-04-01,510300,556.384877,上交所,https://query.sse.com.cn/commonQuery.do
2024-04-01,510310,782.443074,上交所,https://query.sse.com.cn/commonQuery.do
2024-04-01,510330,272.243498,上交所,https://query.sse.com.cn/commonQuery.do
2024-04-02,159919,287.930166,深交所,https://www.szse.cn/api/report/ShowReport/data
2024-04-02,510300,556.681877,上交所,https://query.sse.com.cn/commonQuery.do
2024-04-02,510310,782.023074,上交所,https://query.sse.com.cn/commonQuery.do
2024-04-02,510330,272.216498,上交所,https://query.sse.com.cn/commonQuery.do
2024-04-03,159919,287.462166,深交所,https://www.szse.cn/api/report/ShowReport/data
2024-04-03,510300,556.636877,上交所,https://query.sse.com.cn/commonQuery.do
2024-04-03,510310,781.423074,上交所,https://query.sse.com.cn/commonQuery.do
2024-04-03,510330,271.613498,上交所,https://query.sse.com.cn/commonQuery.do
2024-04-08,159919,285.734166,深交所,https://www.szse.cn/api/report/ShowReport/data
2024-04-08,510300,554.710877,上交所,https://query.sse.com.cn/commonQuery.do
2024-04-08,510310,780.523074,上交所,https://query.sse.com.cn/commonQuery.do
2024-04-08,510330,271.253498,上交所,https://query.sse.com.cn/commonQuery.do
2024-04-09,159919,285.095166,深交所,https://www.szse.cn/api/report/ShowReport/data
2024-04-09,510300,554.962877,上交所,https://query.sse.com.cn/commonQuery.do
2024-04-09,510310,780.323074,上交所,https://query.sse.com.cn/commonQuery.do
2024-04-09,510330,271.154498,上交所,https://query.sse.com.cn/commonQuery.do
2024-04-10,159919,284.321166,深交所,https://www.szse.cn/api/report/ShowReport/data
2024-04-10,510300,554.503877,上交所,https://query.sse.com.cn/commonQuery.do
2024-04-10,510310,780.223074,上交所,https://query.sse.com.cn/commonQuery.do
2024-04-10,510330,271.055498,上交所,https://query.sse.com.cn/commonQuery.do
2024-04-11,159919,283.835166,深交所,https://www.szse.cn/api/report/ShowReport/data
2024-04-11,510300,554.395877,上交所,https://query.sse.com.cn/commonQuery.do
2024-04-11,510310,780.023074,上交所,https://query.sse.com.cn/commonQuery.do
2024-04-11,510330,270.794498,上交所,https://query.sse.com.cn/commonQuery.do
2024-04-12,159919,281.693166,深交所,https://www.szse.cn/api/report/ShowReport/data
2024-04-12,510300,551.938877,上交所,https://query.sse.com.cn/commonQuery.do
2024-04-12,510310,778.083074,上交所,https://query.sse.com.cn/commonQuery.do
2024-04-12,510330,269.264498,上交所,https://query.sse.com.cn/commonQuery.do
2024-04-15,159919,281.189166,深交所,https://www.szse.cn/api/report/ShowReport/data
2024-04-15,510300,551.434877,上交所,https://query.sse.com.cn/commonQuery.do
2024-04-15,510310,777.863074,上交所,https://query.sse.com.cn/commonQuery.do
2024-04-15,510330,268.985498,上交所,https://query.sse.com.cn/commonQuery.do
2024-04-16,159919,280.964166,深交所,https://www.szse.cn/api/report/ShowReport/data
2024-04-16,510300,550.561877,上交所,https://query.sse.com.cn/commonQuery.do
2024-04-16,510310,778.123074,上交所,https://query.sse.com.cn/commonQuery.do
2024-04-16,510330,268.229498,上交所,https://query.sse.com.cn/commonQuery.do
2024-04-17,159919,281.108166,深交所,https://www.szse.cn/api/report/ShowReport/data
2024-04-17,510300,552.847877,上交所,https://query.sse.com.cn/commonQuery.do
2024-04-17,510310,778.443074,上交所,https://query.sse.com.cn/commonQuery.do
2024-04-17,510330,268.472498,上交所,https://query.sse.com.cn/commonQuery.do
2024-04-18,159919,280.883166,深交所,https://www.szse.cn/api/report/ShowReport/data
2024-04-18,510300,553.081877,上交所,https://query.sse.com.cn/commonQuery.do
2024-04-18,510310,778.183074,上交所,https://query.sse.com.cn/commonQuery.do
2024-04-18,510330,268.364498,上交所,https://query.sse.com.cn/commonQuery.do
2024-04-19,159919,280.361166,深交所,https://www.szse.cn/api/report/ShowReport/data
2024-04-19,510300,553.486877,上交所,https://query.sse.com.cn/commonQuery.do
2024-04-19,510310,779.403074,上交所,https://query.sse.com.cn/commonQuery.do
2024-04-19,510330,268.877498,上交所,https://query.sse.com.cn/commonQuery.do
2024-04-22,159919,280.199166,深交所,https://www.szse.cn/api/report/ShowReport/data
2024-04-22,510300,555.376877,上交所,https://query.sse.com.cn/commonQuery.do
2024-04-22,510310,780.163074,上交所,https://query.sse.com.cn/commonQuery.do
2024-04-22,510330,269.192498,上交所,https://query.sse.com.cn/commonQuery.do
2024-04-23,159919,280.235166,深交所,https://www.szse.cn/api/report/ShowReport/data
2024-04-23,510300,560.056877,上交所,https://query.sse.com.cn/commonQuery.do
2024-04-23,510310,784.423074,上交所,https://query.sse.com.cn/commonQuery.do
2024-04-23,510330,269.444498,上交所,https://query.sse.com.cn/commonQuery.do
2024-04-24,159919,280.208166,深交所,https://www.szse.cn/api/report/ShowReport/data
2024-04-24,510300,561.460877,上交所,https://query.sse.com.cn/commonQuery.do
2024-04-24,510310,784.723074,上交所,https://query.sse.com.cn/commonQuery.do
2024-04-24,510330,269.507498,上交所,https://query.sse.com.cn/commonQuery.do
2024-04-25,159919,279.596166,深交所,https://www.szse.cn/api/report/ShowReport/data
2024-04-25,510300,562.108877,上交所,https://query.sse.com.cn/commonQuery.do
2024-04-25,510310,784.663074,上交所,https://query.sse.com.cn/commonQuery.do
2024-04-25,510330,269.354498,上交所,https://query.sse.com.cn/commonQuery.do
2024-04-26,159919,279.632166,深交所,https://www.szse.cn/api/report/ShowReport/data
2024-04-26,510300,567.607877,上交所,https://query.sse.com.cn/commonQuery.do
2024-04-26,510310,785.623074,上交所,https://query.sse.com.cn/commonQuery.do
2024-04-26,510330,269.597498,上交所,https://query.sse.com.cn/commonQuery.do
2024-04-29,159919,279.767166,深交所,https://www.szse.cn/api/report/ShowReport/data
2024-04-29,510300,573.808877,上交所,https://query.sse.com.cn/commonQuery.do
2024-04-29,510310,789.223074,上交所,https://query.sse.com.cn/commonQuery.do
2024-04-29,510330,270.407498,上交所,https://query.sse.com.cn/commonQuery.do
2024-04-30,159919,279.614166,深交所,https://www.szse.cn/api/report/ShowReport/data
2024-04-30,510300,574.447877,上交所,https://query.sse.com.cn/commonQuery.do
2024-04-30,510310,789.563074,上交所,https://query.sse.com.cn/commonQuery.do
2024-04-30,510330,270.452498,上交所,https://query.sse.com.cn/commonQuery.do
2024-05-06,159919,277.526166,深交所,https://www.szse.cn/api/report/ShowReport/data
2024-05-06,510300,574.366877,上交所,https://query.sse.com.cn/commonQuery.do
2024-05-06,510310,790.083074,上交所,https://query.sse.com.cn/commonQuery.do
2024-05-06,510330,269.588498,上交所,https://query.sse.com.cn/commonQuery.do
2024-05-07,159919,276.455166,深交所,https://www.szse.cn/api/report/ShowReport/data
2024-05-07,510300,571.918877,上交所,https://query.sse.com.cn/commonQuery.do
2024-05-07,510310,789.523074,上交所,https://query.sse.com.cn/commonQuery.do
2024-05-07,510330,269.390498,上交所,https://query.sse.com.cn/commonQuery.do
2024-05-08,159919,275.690166,深交所,https://www.szse.cn/api/report/ShowReport/data
2024-05-08,510300,570.649877,上交所,https://query.sse.com.cn/commonQuery.do
2024-05-08,510310,788.963074,上交所,https://query.sse.com.cn/commonQuery.do
2024-05-08,510330,268.778498,上交所,https://query.sse.com.cn/commonQuery.do
2024-05-09,159919,275.231166,深交所,https://www.szse.cn/api/report/ShowReport/data
2024-05-09,510300,570.352877,上交所,https://query.sse.com.cn/commonQuery.do
2024-05-09,510310,788.423074,上交所,https://query.sse.com.cn/commonQuery.do
2024-05-09,510330,268.427498,上交所,https://query.sse.com.cn/commonQuery.do
2024-05-10,159919,273.575166,深交所,https://www.szse.cn/api/report/ShowReport/data
2024-05-10,510300,566.968877,上交所,https://query.sse.com.cn/commonQuery.do
2024-05-10,510310,785.943074,上交所,https://query.sse.com.cn/commonQuery.do
2024-05-10,510330,267.014498,上交所,https://query.sse.com.cn/commonQuery.do
2024-05-13,159919,272.855166,深交所,https://www.szse.cn/api/report/ShowReport/data
2024-05-13,510300,565.348877,上交所,https://query.sse.com.cn/commonQuery.do
2024-05-13,510310,783.663074,上交所,https://query.sse.com.cn/commonQuery.do
2024-05-13,510330,266.411498,上交所,https://query.sse.com.cn/commonQuery.do
2024-05-14,159919,272.558166,深交所,https://www.szse.cn/api/report/ShowReport/data
2024-05-14,510300,564.223877,上交所,https://query.sse.com.cn/commonQuery.do
2024-05-14,510310,782.883074,上交所,https://query.sse.com.cn/commonQuery.do
2024-05-14,510330,266.384498,上交所,https://query.sse.com.cn/commonQuery.do
2024-05-15,159919,271.820166,深交所,https://www.szse.cn/api/report/ShowReport/data
2024-05-15,510300,561.109877,上交所,https://query.sse.com.cn/commonQuery.do
2024-05-15,510310,781.723074,上交所,https://query.sse.com.cn/commonQuery.do
2024-05-15,510330,266.366498,上交所,https://query.sse.com.cn/commonQuery.do
2024-05-16,159919,270.416166,深交所,https://www.szse.cn/api/report/ShowReport/data
2024-05-16,510300,556.060877,上交所,https://query.sse.com.cn/commonQuery.do
2024-05-16,510310,780.963074,上交所,https://query.sse.com.cn/commonQuery.do
2024-05-16,510330,266.105498,上交所,https://query.sse.com.cn/commonQuery.do
2024-05-17,159919,270.497166,深交所,https://www.szse.cn/api/report/ShowReport/data
2024-05-17,510300,558.940877,上交所,https://query.sse.com.cn/commonQuery.do
2024-05-17,510310,781.303074,上交所,https://query.sse.com.cn/commonQuery.do
2024-05-17,510330,266.501498,上交所,https://query.sse.com.cn/commonQuery.do
2024-05-20,159919,270.488166,深交所,https://www.szse.cn/api/report/ShowReport/data
2024-05-20,510300,556.609877,上交所,https://query.sse.com.cn/commonQuery.do
2024-05-20,510310,780.543074,上交所,https://query.sse.com.cn/commonQuery.do
2024-05-20,510330,266.303498,上交所,https://query.sse.com.cn/commonQuery.do
2024-05-21,159919,270.416166,深交所,https://www.szse.cn/api/report/ShowReport/data
2024-05-21,510300,556.177877,上交所,https://query.sse.com.cn/commonQuery.do
2024-05-21,510310,778.783074,上交所,https://query.sse.com.cn/commonQuery.do
2024-05-21,510330,266.303498,上交所,https://query.sse.com.cn/commonQuery.do
2024-05-22,159919,270.839166,深交所,https://www.szse.cn/api/report/ShowReport/data
2024-05-22,510300,555.232877,上交所,https://query.sse.com.cn/commonQuery.do
2024-05-22,510310,778.523074,上交所,https://query.sse.com.cn/commonQuery.do
2024-05-22,510330,265.673498,上交所,https://query.sse.com.cn/commonQuery.do
2024-05-23,159919,271.478166,深交所,https://www.szse.cn/api/report/ShowReport/data
2024-05-23,510300,555.151877,上交所,https://query.sse.com.cn/commonQuery.do
2024-05-23,510310,778.243074,上交所,https://query.sse.com.cn/commonQuery.do
2024-05-23,510330,265.655498,上交所,https://query.sse.com.cn/commonQuery.do
2024-05-24,159919,272.072166,深交所,https://www.szse.cn/api/report/ShowReport/data
2024-05-24,510300,558.121877,上交所,https://query.sse.com.cn/commonQuery.do
2024-05-24,510310,779.623074,上交所,https://query.sse.com.cn/commonQuery.do
2024-05-24,510330,266.429498,上交所,https://query.sse.com.cn/commonQuery.do
2024-05-27,159919,272.144166,深交所,https://www.szse.cn/api/report/ShowReport/data
2024-05-27,510300,556.402877,上交所,https://query.sse.com.cn/commonQuery.do
2024-05-27,510310,778.543074,上交所,https://query.sse.com.cn/commonQuery.do
2024-05-27,510330,266.411498,上交所,https://query.sse.com.cn/commonQuery.do
2024-05-28,159919,271.937166,深交所,https://www.szse.cn/api/report/ShowReport/data
2024-05-28,510300,555.808877,上交所,https://query.sse.com.cn/commonQuery.do
2024-05-28,510310,777.423074,上交所,https://query.sse.com.cn/commonQuery.do
2024-05-28,510330,265.907498,上交所,https://query.sse.com.cn/commonQuery.do
2024-05-29,159919,272.099166,深交所,https://www.szse.cn/api/report/ShowReport/data
2024-05-29,510300,556.573877,上交所,https://query.sse.com.cn/commonQuery.do
2024-05-29,510310,777.563074,上交所,https://query.sse.com.cn/commonQuery.do
2024-05-29,510330,266.141498,上交所,https://query.sse.com.cn/commonQuery.do
2024-05-30,159919,272.333166,深交所,https://www.szse.cn/api/report/ShowReport/data
2024-05-30,510300,558.832877,上交所,https://query.sse.com.cn/commonQuery.do
2024-05-30,510310,777.463074,上交所,https://query.sse.com.cn/commonQuery.do
2024-05-30,510330,266.186498,上交所,https://query.sse.com.cn/commonQuery.do
2024-05-31,159919,272.405166,深交所,https://www.szse.cn/api/report/ShowReport/data
2024-05-31,510300,560.182877,上交所,https://query.sse.com.cn/commonQuery.do
2024-05-31,510310,775.803074,上交所,https://query.sse.com.cn/commonQuery.do
2024-05-31,510330,266.204498,上交所,https://query.sse.com.cn/commonQuery.do
2024-06-03,159919,271.775166,深交所,https://www.szse.cn/api/report/ShowReport/data
2024-06-03,510300,559.102877,上交所,https://query.sse.com.cn/commonQuery.do
2024-06-03,510310,774.343074,上交所,https://query.sse.com.cn/commonQuery.do
2024-06-03,510330,265.592498,上交所,https://query.sse.com.cn/commonQuery.do
2024-06-04,159919,271.289166,深交所,https://www.szse.cn/api/report/ShowReport/data
2024-06-04,510300,557.689877,上交所,https://query.sse.com.cn/commonQuery.do
2024-06-04,510310,773.263074,上交所,https://query.sse.com.cn/commonQuery.do
2024-06-04,510330,264.773498,上交所,https://query.sse.com.cn/commonQuery.do
2024-06-05,159919,271.082166,深交所,https://www.szse.cn/api/report/ShowReport/data
2024-06-05,510300,557.005877,上交所,https://query.sse.com.cn/commonQuery.do
2024-06-05,510310,771.983074,上交所,https://query.sse.com.cn/commonQuery.do
2024-06-05,510330,264.512498,上交所,https://query.sse.com.cn/commonQuery.do
2024-06-06,159919,271.298166,深交所,https://www.szse.cn/api/report/ShowReport/data
2024-06-06,510300,560.407877,上交所,https://query.sse.com.cn/commonQuery.do
2024-06-06,510310,772.243074,上交所,https://query.sse.com.cn/commonQuery.do
2024-06-06,510330,264.593498,上交所,https://query.sse.com.cn/commonQuery.do
2024-06-07,159919,271.262166,深交所,https://www.szse.cn/api/report/ShowReport/data
2024-06-07,510300,560.254877,上交所,https://query.sse.com.cn/commonQuery.do
2024-06-07,510310,772.543074,上交所,https://query.sse.com.cn/commonQuery.do
2024-06-07,510330,264.449498,上交所,https://query.sse.com.cn/commonQuery.do
2024-06-11,159919,272.027166,深交所,https://www.szse.cn/api/report/ShowReport/data
2024-06-11,510300,564.817877,上交所,https://query.sse.com.cn/commonQuery.do
2024-06-11,510310,773.883074,上交所,https://query.sse.com.cn/commonQuery.do
2024-06-11,510330,264.710498,上交所,https://query.sse.com.cn/commonQuery.do
2024-06-12,159919,272.000166,深交所,https://www.szse.cn/api/report/ShowReport/data
2024-06-12,510300,564.097877,上交所,https://query.sse.com.cn/commonQuery.do
2024-06-12,510310,773.543074,上交所,https://query.sse.com.cn/commonQuery.do
2024-06-12,510330,264.719498,上交所,https://query.sse.com.cn/commonQuery.do
2024-06-13,159919,272.144166,深交所,https://www.szse.cn/api/report/ShowReport/data
2024-06-13,510300,563.368877,上交所,https://query.sse.com.cn/commonQuery.do
2024-06-13,510310,773.503074,上交所,https://query.sse.com.cn/commonQuery.do
2024-06-13,510330,264.566498,上交所,https://query.sse.com.cn/commonQuery.do
2024-06-14,159919,272.243166,深交所,https://www.szse.cn/api/report/ShowReport/data
2024-06-14,510300,563.287877,上交所,https://query.sse.com.cn/commonQuery.do
2024-06-14,510310,773.983074,上交所,https://query.sse.com.cn/commonQuery.do
2024-06-14,510330,264.629498,上交所,https://query.sse.com.cn/commonQuery.do
2024-06-17,159919,272.531166,深交所,https://www.szse.cn/api/report/ShowReport/data
2024-06-17,510300,563.449877,上交所,https://query.sse.com.cn/commonQuery.do
2024-06-17,510310,774.343074,上交所,https://query.sse.com.cn/commonQuery.do
2024-06-17,510330,264.701498,上交所,https://query.sse.com.cn/commonQuery.do
2024-06-18,159919,272.747166,深交所,https://www.szse.cn/api/report/ShowReport/data
2024-06-18,510300,563.719877,上交所,https://query.sse.com.cn/commonQuery.do
2024-06-18,510310,774.363074,上交所,https://query.sse.com.cn/commonQuery.do
2024-06-18,510330,264.809498,上交所,https://query.sse.com.cn/commonQuery.do
2024-06-19,159919,272.711166,深交所,https://www.szse.cn/api/report/ShowReport/data
2024-06-19,510300,563.422877,上交所,https://query.sse.com.cn/commonQuery.do
2024-06-19,510310,774.623074,上交所,https://query.sse.com.cn/commonQuery.do
2024-06-19,510330,264.836498,上交所,https://query.sse.com.cn/commonQuery.do
2024-06-20,159919,272.027166,深交所,https://www.szse.cn/api/report/ShowReport/data
2024-06-20,510300,563.170877,上交所,https://query.sse.com.cn/commonQuery.do
2024-06-20,510310,774.803074,上交所,https://query.sse.com.cn/commonQuery.do
2024-06-20,510330,264.863498,上交所,https://query.sse.com.cn/commonQuery.do
2024-06-21,159919,276.059166,深交所,https://www.szse.cn/api/report/ShowReport/data
2024-06-21,510300,571.963877,上交所,https://query.sse.com.cn/commonQuery.do
2024-06-21,510310,786.843074,上交所,https://query.sse.com.cn/commonQuery.do
2024-06-21,510330,270.308498,上交所,https://query.sse.com.cn/commonQuery.do
2024-06-24,159919,281.306166,深交所,https://www.szse.cn/api/report/ShowReport/data
2024-06-24,510300,587.038877,上交所,https://query.sse.com.cn/commonQuery.do
2024-06-24,510310,799.863074,上交所,https://query.sse.com.cn/commonQuery.do
2024-06-24,510330,273.350498,上交所,https://query.sse.com.cn/commonQuery.do
2024-06-25,159919,282.872166,深交所,https://www.szse.cn/api/report/ShowReport/data
2024-06-25,510300,596.209877,上交所,https://query.sse.com.cn/commonQuery.do
2024-06-25,510310,805.863074,上交所,https://query.sse.com.cn/commonQuery.do
2024-06-25,510330,274.817498,上交所,https://query.sse.com.cn/commonQuery.do
2024-06-26,159919,283.295166,深交所,https://www.szse.cn/api/report/ShowReport/data
2024-06-26,510300,597.388877,上交所,https://query.sse.com.cn/commonQuery.do
2024-06-26,510310,806.943074,上交所,https://query.sse.com.cn/commonQuery.do
2024-06-26,510330,275.303498,上交所,https://query.sse.com.cn/commonQuery.do
2024-06-27,159919,285.950166,深交所,https://www.szse.cn/api/report/ShowReport/data
2024-06-27,510300,603.157877,上交所,https://query.sse.com.cn/commonQuery.do
2024-06-27,510310,812.143074,上交所,https://query.sse.com.cn/commonQuery.do
2024-06-27,510330,277.319498,上交所,https://query.sse.com.cn/commonQuery.do
2024-06-28,159919,286.670166,深交所,https://www.szse.cn/api/report/ShowReport/data
2024-06-28,510300,607.396877,上交所,https://query.sse.com.cn/commonQuery.do
2024-06-28,510310,816.523074,上交所,https://query.sse.com.cn/commonQuery.do
2024-06-28,510330,278.282498,上交所,https://query.sse.com.cn/commonQuery.do
2024-07-01,159919,286.616166,深交所,https://www.szse.cn/api/report/ShowReport/data
2024-07-01,510300,606.361877,上交所,https://query.sse.com.cn/commonQuery.do
2024-07-01,510310,815.623074,上交所,https://query.sse.com.cn/commonQuery.do
2024-07-01,510330,277.958498,上交所,https://query.sse.com.cn/commonQuery.do
2024-07-02,159919,286.391166,深交所,https://www.szse.cn/api/report/ShowReport/data
2024-07-02,510300,605.200877,上交所,https://query.sse.com.cn/commonQuery.do
2024-07-02,510310,814.863074,上交所,https://query.sse.com.cn/commonQuery.do
2024-07-02,510330,277.814498,上交所,https://query.sse.com.cn/commonQuery.do
2024-07-03,159919,288.083166,深交所,https://www.szse.cn/api/report/ShowReport/data
2024-07-03,510300,606.190877,上交所,https://query.sse.com.cn/commonQuery.do
2024-07-03,510310,819.463074,上交所,https://query.sse.com.cn/commonQuery.do
2024-07-03,510330,279.281498,上交所,https://query.sse.com.cn/commonQuery.do
2024-07-04,159919,290.396166,深交所,https://www.szse.cn/api/report/ShowReport/data
2024-07-04,510300,614.839877,上交所,https://query.sse.com.cn/commonQuery.do
2024-07-04,510310,830.723074,上交所,https://query.sse.com.cn/commonQuery.do
2024-07-04,510330,283.304498,上交所,https://query.sse.com.cn/commonQuery.do
2024-07-05,159919,292.799166,深交所,https://www.szse.cn/api/report/ShowReport/data
2024-07-05,510300,622.876877,上交所,https://query.sse.com.cn/commonQuery.do
2024-07-05,510310,842.123074,上交所,https://query.sse.com.cn/commonQuery.do
2024-07-05,510330,285.698498,上交所,https://query.sse.com.cn/commonQuery.do
2024-07-08,159919,294.212166,深交所,https://www.szse.cn/api/report/ShowReport/data
2024-07-08,510300,627.133877,上交所,https://query.sse.com.cn/commonQuery.do
2024-07-08,510310,850.923074,上交所,https://query.sse.com.cn/commonQuery.do
2024-07-08,510330,288.002498,上交所,https://query.sse.com.cn/commonQuery.do
2024-07-09,159919,294.347166,深交所,https://www.szse.cn/api/report/ShowReport/data
2024-07-09,510300,629.635877,上交所,https://query.sse.com.cn/commonQuery.do
2024-07-09,510310,851.643074,上交所,https://query.sse.com.cn/commonQuery.do
2024-07-09,510330,288.128498,上交所,https://query.sse.com.cn/commonQuery.do
2024-07-10,159919,294.041166,深交所,https://www.szse.cn/api/report/ShowReport/data
2024-07-10,510300,629.824877,上交所,https://query.sse.com.cn/commonQuery.do
2024-07-10,510310,851.143074,上交所,https://query.sse.com.cn/commonQuery.do
2024-07-10,510330,288.038498,上交所,https://query.sse.com.cn/commonQuery.do
2024-07-11,159919,293.006166,深交所,https://www.szse.cn/api/report/ShowReport/data
2024-07-11,510300,629.275877,上交所,https://query.sse.com.cn/commonQuery.do
2024-07-11,510310,849.383074,上交所,https://query.sse.com.cn/commonQuery.do
2024-07-11,510330,287.939498,上交所,https://query.sse.com.cn/commonQuery.do
2024-07-12,159919,292.727166,深交所,https://www.szse.cn/api/report/ShowReport/data
2024-07-12,510300,628.186877,上交所,https://query.sse.com.cn/commonQuery.do
2024-07-12,510310,848.983074,上交所,https://query.sse.com.cn/commonQuery.do
2024-07-12,510330,287.804498,上交所,https://query.sse.com.cn/commonQuery.do
2024-07-15,159919,293.312166,深交所,https://www.szse.cn/api/report/ShowReport/data
2024-07-15,510300,631.255877,上交所,https://query.sse.com.cn/commonQuery.do
2024-07-15,510310,854.983074,上交所,https://query.sse.com.cn/commonQuery.do
2024-07-15,510330,290.000498,上交所,https://query.sse.com.cn/commonQuery.do
2024-07-16,159919,297.803166,深交所,https://www.szse.cn/api/report/ShowReport/data
2024-07-16,510300,639.382877,上交所,https://query.sse.com.cn/commonQuery.do
2024-07-16,510310,872.343074,上交所,https://query.sse.com.cn/commonQuery.do
2024-07-16,510330,296.894498,上交所,https://query.sse.com.cn/commonQuery.do
2024-07-17,159919,307.973166,深交所,https://www.szse.cn/api/report/ShowReport/data
2024-07-17,510300,655.186877,上交所,https://query.sse.com.cn/commonQuery.do
2024-07-17,510310,902.743074,上交所,https://query.sse.com.cn/commonQuery.do
2024-07-17,510330,309.530498,上交所,https://query.sse.com.cn/commonQuery.do
2024-07-18,159919,311.474166,深交所,https://www.szse.cn/api/report/ShowReport/data
2024-07-18,510300,666.256877,上交所,https://query.sse.com.cn/commonQuery.do
2024-07-18,510310,922.063074,上交所,https://query.sse.com.cn/commonQuery.do
2024-07-18,510330,314.993498,上交所,https://query.sse.com.cn/commonQuery.do
2024-07-19,159919,323.156166,深交所,https://www.szse.cn/api/report/ShowReport/data
2024-07-19,510300,690.574877,上交所,https://query.sse.com.cn/commonQuery.do
2024-07-19,510310,960.383074,上交所,https://query.sse.com.cn/commonQuery.do
2024-07-19,510330,327.854498,上交所,https://query.sse.com.cn/commonQuery.do
2024-07-22,159919,325.325166,深交所,https://www.szse.cn/api/report/ShowReport/data
2024-07-22,510300,701.797877,上交所,https://query.sse.com.cn/commonQuery.do
2024-07-22,510310,967.063074,上交所,https://query.sse.com.cn/commonQuery.do
2024-07-22,510330,329.915498,上交所,https://query.sse.com.cn/commonQuery.do
2024-07-23,159919,326.288166,深交所,https://www.szse.cn/api/report/ShowReport/data
2024-07-23,510300,708.367877,上交所,https://query.sse.com.cn/commonQuery.do
2024-07-23,510310,970.943074,上交所,https://query.sse.com.cn/commonQuery.do
2024-07-23,510330,330.455498,上交所,https://query.sse.com.cn/commonQuery.do
2024-07-24,159919,328.907166,深交所,https://www.szse.cn/api/report/ShowReport/data
2024-07-24,510300,714.865877,上交所,https://query.sse.com.cn/commonQuery.do
2024-07-24,510310,977.303074,上交所,https://query.sse.com.cn/commonQuery.do
2024-07-24,510330,330.896498,上交所,https://query.sse.com.cn/commonQuery.do
2024-07-25,159919,332.822166,深交所,https://www.szse.cn/api/report/ShowReport/data
2024-07-25,510300,728.311877,上交所,https://query.sse.com.cn/commonQuery.do
2024-07-25,510310,986.283074,上交所,https://query.sse.com.cn/commonQuery.do
2024-07-25,510330,333.893498,上交所,https://query.sse.com.cn/commonQuery.do
2024-07-26,159919,334.469166,深交所,https://www.szse.cn/api/report/ShowReport/data
2024-07-26,510300,734.683877,上交所,https://query.sse.com.cn/commonQuery.do
2024-07-26,510310,995.823074,上交所,https://query.sse.com.cn/commonQuery.do
2024-07-26,510330,337.259498,上交所,https://query.sse.com.cn/commonQuery.do
2024-07-29,159919,334.820166,深交所,https://www.szse.cn/api/report/ShowReport/data
2024-07-29,510300,738.373877,上交所,https://query.sse.com.cn/commonQuery.do
2024-07-29,510310,999.403074,上交所,https://query.sse.com.cn/commonQuery.do
2024-07-29,510330,337.952498,上交所,https://query.sse.com.cn/commonQuery.do
2024-07-30,159919,339.635166,深交所,https://www.szse.cn/api/report/ShowReport/data
2024-07-30,510300,746.905877,上交所,https://query.sse.com.cn/commonQuery.do
2024-07-30,510310,1010.363074,上交所,https://query.sse.com.cn/commonQuery.do
2024-07-30,510330,342.308498,上交所,https://query.sse.com.cn/commonQuery.do
2024-07-31,159919,340.454166,深交所,https://www.szse.cn/api/report/ShowReport/data
2024-07-31,510300,752.854877,上交所,https://query.sse.com.cn/commonQuery.do
2024-07-31,510310,1016.763074,上交所,https://query.sse.com.cn/commonQuery.do
2024-07-31,510330,343.847498,上交所,https://query.sse.com.cn/commonQuery.do
2024-08-01,159919,340.589166,深交所,https://www.szse.cn/api/report/ShowReport/data
2024-08-01,510300,753.574877,上交所,https://query.sse.com.cn/commonQuery.do
2024-08-01,510310,1017.303074,上交所,https://query.sse.com.cn/commonQuery.do
2024-08-01,510330,343.910498,上交所,https://query.sse.com.cn/commonQuery.do
2024-08-02,159919,340.346166,深交所,https://www.szse.cn/api/report/ShowReport/data
2024-08-02,510300,755.770877,上交所,https://query.sse.com.cn/commonQuery.do
2024-08-02,510310,1020.663074,上交所,https://query.sse.com.cn/commonQuery.do
2024-08-02,510330,343.856498,上交所,https://query.sse.com.cn/commonQuery.do
2024-08-05,159919,340.625166,深交所,https://www.szse.cn/api/report/ShowReport/data
2024-08-05,510300,765.202877,上交所,https://query.sse.com.cn/commonQuery.do
2024-08-05,510310,1031.843074,上交所,https://query.sse.com.cn/commonQuery.do
2024-08-05,510330,345.944498,上交所,https://query.sse.com.cn/commonQuery.do
2024-08-06,159919,341.543166,深交所,https://www.szse.cn/api/report/ShowReport/data
2024-08-06,510300,769.450877,上交所,https://query.sse.com.cn/commonQuery.do
2024-08-06,510310,1038.643074,上交所,https://query.sse.com.cn/commonQuery.do
2024-08-06,510330,346.997498,上交所,https://query.sse.com.cn/commonQuery.do
2024-08-07,159919,341.840166,深交所,https://www.szse.cn/api/report/ShowReport/data
2024-08-07,510300,769.441877,上交所,https://query.sse.com.cn/commonQuery.do
2024-08-07,510310,1039.103074,上交所,https://query.sse.com.cn/commonQuery.do
2024-08-07,510330,346.997498,上交所,https://query.sse.com.cn/commonQuery.do
2024-08-08,159919,342.191166,深交所,https://www.szse.cn/api/report/ShowReport/data
2024-08-08,510300,772.249877,上交所,https://query.sse.com.cn/commonQuery.do
2024-08-08,510310,1040.583074,上交所,https://query.sse.com.cn/commonQuery.do
2024-08-08,510330,347.204498,上交所,https://query.sse.com.cn/commonQuery.do
2024-08-09,159919,342.155166,深交所,https://www.szse.cn/api/report/ShowReport/data
2024-08-09,510300,771.916877,上交所,https://query.sse.com.cn/commonQuery.do
2024-08-09,510310,1040.503074,上交所,https://query.sse.com.cn/commonQuery.do
2024-08-09,510330,347.240498,上交所,https://query.sse.com.cn/commonQuery.do
2024-08-12,159919,342.254166,深交所,https://www.szse.cn/api/report/ShowReport/data
2024-08-12,510300,773.599877,上交所,https://query.sse.com.cn/commonQuery.do
2024-08-12,510310,1041.583074,上交所,https://query.sse.com.cn/commonQuery.do
2024-08-12,510330,347.456498,上交所,https://query.sse.com.cn/commonQuery.do
2024-08-13,159919,342.389166,深交所,https://www.szse.cn/api/report/ShowReport/data
2024-08-13,510300,774.238877,上交所,https://query.sse.com.cn/commonQuery.do
2024-08-13,510310,1042.003074,上交所,https://query.sse.com.cn/commonQuery.do
2024-08-13,510330,347.384498,上交所,https://query.sse.com.cn/commonQuery.do
2024-08-14,159919,342.389166,深交所,https://www.szse.cn/api/report/ShowReport/data
2024-08-14,510300,774.094877,上交所,https://query.sse.com.cn/commonQuery.do
2024-08-14,510310,1041.823074,上交所,https://query.sse.com.cn/commonQuery.do
2024-08-14,510330,347.177498,上交所,https://query.sse.com.cn/commonQuery.do
2024-08-15,159919,344.711166,深交所,https://www.szse.cn/api/report/ShowReport/data
2024-08-15,510300,780.565877,上交所,https://query.sse.com.cn/commonQuery.do
2024-08-15,510310,1056.223074,上交所,https://query.sse.com.cn/commonQuery.do
2024-08-15,510330,350.129498,上交所,https://query.sse.com.cn/commonQuery.do
2024-08-16,159919,344.846166,深交所,https://www.szse.cn/api/report/ShowReport/data
2024-08-16,510300,786.694877,上交所,https://query.sse.com.cn/commonQuery.do
2024-08-16,510310,1075.503074,上交所,https://query.sse.com.cn/commonQuery.do
2024-08-16,510330,352.010498,上交所,https://query.sse.com.cn/commonQuery.do
2024-08-19,159919,344.864166,深交所,https://www.szse.cn/api/report/ShowReport/data
2024-08-19,510300,788.566877,上交所,https://query.sse.com.cn/commonQuery.do
2024-08-19,510310,1076.663074,上交所,https://query.sse.com.cn/commonQuery.do
2024-08-19,510330,352.181498,上交所,https://query.sse.com.cn/commonQuery.do
2024-08-20,159919,346.052166,深交所,https://www.szse.cn/api/report/ShowReport/data
2024-08-20,510300,794.497877,上交所,https://query.sse.com.cn/commonQuery.do
2024-08-20,510310,1087.223074,上交所,https://query.sse.com.cn/commonQuery.do
2024-08-20,510330,355.304498,上交所,https://query.sse.com.cn/commonQuery.do
2024-08-21,159919,348.950166,深交所,https://www.szse.cn/api/report/ShowReport/data
2024-08-21,510300,801.175877,上交所,https://query.sse.com.cn/commonQuery.do
2024-08-21,510310,1099.843074,上交所,https://query.sse.com.cn/commonQuery.do
2024-08-21,510330,360.065498,上交所,https://query.sse.com.cn/commonQuery.do
2024-08-22,159919,352.649166,深交所,https://www.szse.cn/api/report/ShowReport/data
2024-08-22,510300,808.501877,上交所,https://query.sse.com.cn/commonQuery.do
2024-08-22,510310,1115.023074,上交所,https://query.sse.com.cn/commonQuery.do
2024-08-22,510330,364.286498,上交所,https://query.sse.com.cn/commonQuery.do
2024-08-23,159919,353.513166,深交所,https://www.szse.cn/api/report/ShowReport/data
2024-08-23,510300,813.433877,上交所,https://query.sse.com.cn/commonQuery.do
2024-08-23,510310,1117.823074,上交所,https://query.sse.com.cn/commonQuery.do
2024-08-23,510330,365.177498,上交所,https://query.sse.com.cn/commonQuery.do
2024-08-26,159919,355.538166,深交所,https://www.szse.cn/api/report/ShowReport/data
2024-08-26,510300,819.499877,上交所,https://query.sse.com.cn/commonQuery.do
2024-08-26,510310,1134.023074,上交所,https://query.sse.com.cn/commonQuery.do
2024-08-26,510330,368.426498,上交所,https://query.sse.com.cn/commonQuery.do
2024-08-27,159919,357.869166,深交所,https://www.szse.cn/api/report/ShowReport/data
2024-08-27,510300,826.663877,上交所,https://query.sse.com.cn/commonQuery.do
2024-08-27,510310,1142.903074,上交所,https://query.sse.com.cn/commonQuery.do
2024-08-27,510330,371.387498,上交所,https://query.sse.com.cn/commonQuery.do
2024-08-28,159919,361.298166,深交所,https://www.szse.cn/api/report/ShowReport/data
2024-08-28,510300,837.616877,上交所,https://query.sse.com.cn/commonQuery.do
2024-08-28,510310,1159.043074,上交所,https://query.sse.com.cn/commonQuery.do
2024-08-28,510330,375.221498,上交所,https://query.sse.com.cn/commonQuery.do
2024-08-29,159919,362.297166,深交所,https://www.szse.cn/api/report/ShowReport/data
2024-08-29,510300,848.857877,上交所,https://query.sse.com.cn/commonQuery.do
2024-08-29,510310,1168.743074,上交所,https://query.sse.com.cn/commonQuery.do
2024-08-29,510330,376.013498,上交所,https://query.sse.com.cn/commonQuery.do
2024-08-30,159919,362.594166,深交所,https://www.szse.cn/api/report/ShowReport/data
2024-08-30,510300,852.619877,上交所,https://query.sse.com.cn/commonQuery.do
2024-08-30,510310,1172.663074,上交所,https://query.sse.com.cn/commonQuery.do
2024-08-30,510330,376.985498,上交所,https://query.sse.com.cn/commonQuery.do
2024-09-02,159919,362.261166,深交所,https://www.szse.cn/api/report/ShowReport/data
2024-09-02,510300,852.448877,上交所,https://query.sse.com.cn/commonQuery.do
2024-09-02,510310,1171.943074,上交所,https://query.sse.com.cn/commonQuery.do
2024-09-02,510330,376.274498,上交所,https://query.sse.com.cn/commonQuery.do
2024-09-03,159919,364.232166,深交所,https://www.szse.cn/api/report/ShowReport/data
2024-09-03,510300,853.024877,上交所,https://query.sse.com.cn/commonQuery.do
2024-09-03,510310,1182.103074,上交所,https://query.sse.com.cn/commonQuery.do
2024-09-03,510330,379.568498,上交所,https://query.sse.com.cn/commonQuery.do
2024-09-04,159919,364.970166,深交所,https://www.szse.cn/api/report/ShowReport/data
2024-09-04,510300,853.861877,上交所,https://query.sse.com.cn/commonQuery.do
2024-09-04,510310,1184.723074,上交所,https://query.sse.com.cn/commonQuery.do
2024-09-04,510330,380.090498,上交所,https://query.sse.com.cn/commonQuery.do
2024-09-05,159919,366.716166,深交所,https://www.szse.cn/api/report/ShowReport/data
2024-09-05,510300,861.340877,上交所,https://query.sse.com.cn/commonQuery.do
2024-09-05,510310,1203.163074,上交所,https://query.sse.com.cn/commonQuery.do
2024-09-05,510330,381.872498,上交所,https://query.sse.com.cn/commonQuery.do
2024-09-06,159919,366.743166,深交所,https://www.szse.cn/api/report/ShowReport/data
2024-09-06,510300,862.411877,上交所,https://query.sse.com.cn/commonQuery.do
2024-09-06,510310,1206.783074,上交所,https://query.sse.com.cn/commonQuery.do
2024-09-06,510330,381.989498,上交所,https://query.sse.com.cn/commonQuery.do
2024-09-09,159919,367.553166,深交所,https://www.szse.cn/api/report/ShowReport/data
2024-09-09,510300,865.750877,上交所,https://query.sse.com.cn/commonQuery.do
2024-09-09,510310,1211.043074,上交所,https://query.sse.com.cn/commonQuery.do
2024-09-09,510330,382.556498,上交所,https://query.sse.com.cn/commonQuery.do
2024-09-10,159919,367.265166,深交所,https://www.szse.cn/api/report/ShowReport/data
2024-09-10,510300,866.830877,上交所,https://query.sse.com.cn/commonQuery.do
2024-09-10,510310,1208.003074,上交所,https://query.sse.com.cn/commonQuery.do
2024-09-10,510330,382.322498,上交所,https://query.sse.com.cn/commonQuery.do
2024-09-11,159919,367.265166,深交所,https://www.szse.cn/api/report/ShowReport/data
2024-09-11,510300,869.863877,上交所,https://query.sse.com.cn/commonQuery.do
2024-09-11,510310,1208.343074,上交所,https://query.sse.com.cn/commonQuery.do
2024-09-11,510330,382.439498,上交所,https://query.sse.com.cn/commonQuery.do
2024-09-12,159919,367.400166,深交所,https://www.szse.cn/api/report/ShowReport/data
2024-09-12,510300,870.799877,上交所,https://query.sse.com.cn/commonQuery.do
2024-09-12,510310,1208.563074,上交所,https://query.sse.com.cn/commonQuery.do
2024-09-12,510330,382.520498,上交所,https://query.sse.com.cn/commonQuery.do
2024-09-13,159919,367.508166,深交所,https://www.szse.cn/api/report/ShowReport/data
2024-09-13,510300,872.770877,上交所,https://query.sse.com.cn/commonQuery.do
2024-09-13,510310,1208.923074,上交所,https://query.sse.com.cn/commonQuery.do
2024-09-13,510330,382.601498,上交所,https://query.sse.com.cn/commonQuery.do
2024-09-18,159919,368.714166,深交所,https://www.szse.cn/api/report/ShowReport/data
2024-09-18,510300,877.081877,上交所,https://query.sse.com.cn/commonQuery.do
2024-09-18,510310,1216.803074,上交所,https://query.sse.com.cn/commonQuery.do
2024-09-18,510330,384.887498,上交所,https://query.sse.com.cn/commonQuery.do
2024-09-19,159919,369.065166,深交所,https://www.szse.cn/api/report/ShowReport/data
2024-09-19,510300,883.147877,上交所,https://query.sse.com.cn/commonQuery.do
2024-09-19,510310,1218.643074,上交所,https://query.sse.com.cn/commonQuery.do
2024-09-19,510330,385.247498,上交所,https://query.sse.com.cn/commonQuery.do
2024-09-20,159919,376.688166,深交所,https://www.szse.cn/api/report/ShowReport/data
2024-09-20,510300,886.792877,上交所,https://query.sse.com.cn/commonQuery.do
2024-09-20,510310,623.472440,上交所,https://query.sse.com.cn/commonQuery.do
2024-09-20,510330,393.239498,上交所,https://query.sse.com.cn/commonQuery.do
2024-09-23,159919,376.643166,深交所,https://www.szse.cn/api/report/ShowReport/data
2024-09-23,510300,887.710877,上交所,https://query.sse.com.cn/commonQuery.do
2024-09-23,510310,624.039440,上交所,https://query.sse.com.cn/commonQuery.do
2024-09-23,510330,393.410498,上交所,https://query.sse.com.cn/commonQuery.do
2024-09-24,159919,377.048166,深交所,https://www.szse.cn/api/report/ShowReport/data
2024-09-24,510300,909.436877,上交所,https://query.sse.com.cn/commonQuery.do
2024-09-24,510310,630.582440,上交所,https://query.sse.com.cn/commonQuery.do
2024-09-24,510330,395.264498,上交所,https://query.sse.com.cn/commonQuery.do
2024-09-25,159919,378.461166,深交所,https://www.szse.cn/api/report/ShowReport/data
2024-09-25,510300,919.597877,上交所,https://query.sse.com.cn/commonQuery.do
2024-09-25,510310,636.441440,上交所,https://query.sse.com.cn/commonQuery.do
2024-09-25,510330,396.290498,上交所,https://query.sse.com.cn/commonQuery.do
2024-09-26,159919,380.387166,深交所,https://www.szse.cn/api/report/ShowReport/data
2024-09-26,510300,943.285877,上交所,https://query.sse.com.cn/commonQuery.do
2024-09-26,510310,643.326440,上交所,https://query.sse.com.cn/commonQuery.do
2024-09-26,510330,397.685498,上交所,https://query.sse.com.cn/commonQuery.do
2024-09-27,159919,385.076166,深交所,https://www.szse.cn/api/report/ShowReport/data
2024-09-27,510300,945.571877,上交所,https://query.sse.com.cn/commonQuery.do
2024-09-27,510310,644.343440,上交所,https://query.sse.com.cn/commonQuery.do
2024-09-27,510330,397.892498,上交所,https://query.sse.com.cn/commonQuery.do
2024-09-30,159919,389.216166,深交所,https://www.szse.cn/api/report/ShowReport/data
2024-09-30,510300,969.223877,上交所,https://query.sse.com.cn/commonQuery.do
2024-09-30,510310,651.921440,上交所,https://query.sse.com.cn/commonQuery.do
2024-09-30,510330,398.117498,上交所,https://query.sse.com.cn/commonQuery.do
2024-10-08,159919,391.601166,深交所,https://www.szse.cn/api/report/ShowReport/data
2024-10-08,510300,990.949877,上交所,https://query.sse.com.cn/commonQuery.do
2024-10-08,510310,655.152440,上交所,https://query.sse.com.cn/commonQuery.do
2024-10-08,510330,398.306498,上交所,https://query.sse.com.cn/commonQuery.do
2024-10-09,159919,393.122166,深交所,https://www.szse.cn/api/report/ShowReport/data
2024-10-09,510300,997.015877,上交所,https://query.sse.com.cn/commonQuery.do
2024-10-09,510310,657.825440,上交所,https://query.sse.com.cn/commonQuery.do
2024-10-09,510330,398.477498,上交所,https://query.sse.com.cn/commonQuery.do
2024-10-10,159919,394.598166,深交所,https://www.szse.cn/api/report/ShowReport/data
2024-10-10,510300,1000.849877,上交所,https://query.sse.com.cn/commonQuery.do
2024-10-10,510310,661.038440,上交所,https://query.sse.com.cn/commonQuery.do
2024-10-10,510330,398.099498,上交所,https://query.sse.com.cn/commonQuery.do
2024-10-11,159919,395.930166,深交所,https://www.szse.cn/api/report/ShowReport/data
2024-10-11,510300,1010.812877,上交所,https://query.sse.com.cn/commonQuery.do
2024-10-11,510310,663.270440,上交所,https://query.sse.com.cn/commonQuery.do
2024-10-11,510330,399.017498,上交所,https://query.sse.com.cn/commonQuery.do
2024-10-14,159919,395.210166,深交所,https://www.szse.cn/api/report/ShowReport/data
2024-10-14,510300,1008.490877,上交所,https://query.sse.com.cn/commonQuery.do
2024-10-14,510310,663.270440,上交所,https://query.sse.com.cn/commonQuery.do
2024-10-14,510330,399.494498,上交所,https://query.sse.com.cn/commonQuery.do
2024-10-15,159919,394.184166,深交所,https://www.szse.cn/api/report/ShowReport/data
2024-10-15,510300,1003.387877,上交所,https://query.sse.com.cn/commonQuery.do
2024-10-15,510310,662.055440,上交所,https://query.sse.com.cn/commonQuery.do
2024-10-15,510330,399.620498,上交所,https://query.sse.com.cn/commonQuery.do
2024-10-16,159919,393.761166,深交所,https://www.szse.cn/api/report/ShowReport/data
2024-10-16,510300,1000.444877,上交所,https://query.sse.com.cn/commonQuery.do
2024-10-16,510310,661.938440,上交所,https://query.sse.com.cn/commonQuery.do
2024-10-16,510330,399.827498,上交所,https://query.sse.com.cn/commonQuery.do
2024-10-17,159919,392.528166,深交所,https://www.szse.cn/api/report/ShowReport/data
2024-10-17,510300,986.143877,上交所,https://query.sse.com.cn/commonQuery.do
2024-10-17,510310,658.887440,上交所,https://query.sse.com.cn/commonQuery.do
2024-10-17,510330,399.620498,上交所,https://query.sse.com.cn/commonQuery.do
2024-10-18,159919,392.609166,深交所,https://www.szse.cn/api/report/ShowReport/data
2024-10-18,510300,985.702877,上交所,https://query.sse.com.cn/commonQuery.do
2024-10-18,510310,659.166440,上交所,https://query.sse.com.cn/commonQuery.do
2024-10-18,510330,399.575498,上交所,https://query.sse.com.cn/commonQuery.do
2024-10-21,159919,391.304166,深交所,https://www.szse.cn/api/report/ShowReport/data
2024-10-21,510300,977.305877,上交所,https://query.sse.com.cn/commonQuery.do
2024-10-21,510310,659.607440,上交所,https://query.sse.com.cn/commonQuery.do
2024-10-21,510330,399.053498,上交所,https://query.sse.com.cn/commonQuery.do
2024-10-22,159919,390.620166,深交所,https://www.szse.cn/api/report/ShowReport/data
2024-10-22,510300,973.714877,上交所,https://query.sse.com.cn/commonQuery.do
2024-10-22,510310,659.436440,上交所,https://query.sse.com.cn/commonQuery.do
2024-10-22,510330,398.972498,上交所,https://query.sse.com.cn/commonQuery.do
2024-10-23,159919,389.747166,深交所,https://www.szse.cn/api/report/ShowReport/data
2024-10-23,510300,965.515877,上交所,https://query.sse.com.cn/commonQuery.do
2024-10-23,510310,658.428440,上交所,https://query.sse.com.cn/commonQuery.do
2024-10-23,510330,397.892498,上交所,https://query.sse.com.cn/commonQuery.do
2024-10-24,159919,387.452166,深交所,https://www.szse.cn/api/report/ShowReport/data
2024-10-24,510300,961.150877,上交所,https://query.sse.com.cn/commonQuery.do
2024-10-24,510310,656.322440,上交所,https://query.sse.com.cn/commonQuery.do
2024-10-24,510330,397.766498,上交所,https://query.sse.com.cn/commonQuery.do
2024-10-25,159919,387.254166,深交所,https://www.szse.cn/api/report/ShowReport/data
2024-10-25,510300,957.451877,上交所,https://query.sse.com.cn/commonQuery.do
2024-10-25,510310,655.323440,上交所,https://query.sse.com.cn/commonQuery.do
2024-10-25,510330,397.892498,上交所,https://query.sse.com.cn/commonQuery.do
2024-10-28,159919,385.940166,深交所,https://www.szse.cn/api/report/ShowReport/data
2024-10-28,510300,955.957877,上交所,https://query.sse.com.cn/commonQuery.do
2024-10-28,510310,654.405440,上交所,https://query.sse.com.cn/commonQuery.do
2024-10-28,510330,398.072498,上交所,https://query.sse.com.cn/commonQuery.do
2024-10-29,159919,385.058166,深交所,https://www.szse.cn/api/report/ShowReport/data
2024-10-29,510300,951.412877,上交所,https://query.sse.com.cn/commonQuery.do
2024-10-29,510310,654.045440,上交所,https://query.sse.com.cn/commonQuery.do
2024-10-29,510330,398.774498,上交所,https://query.sse.com.cn/commonQuery.do
2024-10-30,159919,385.013166,深交所,https://www.szse.cn/api/report/ShowReport/data
2024-10-30,510300,952.627877,上交所,https://query.sse.com.cn/commonQuery.do
2024-10-30,510310,654.513440,上交所,https://query.sse.com.cn/commonQuery.do
2024-10-30,510330,399.440498,上交所,https://query.sse.com.cn/commonQuery.do
2024-10-31,159919,384.095166,深交所,https://www.szse.cn/api/report/ShowReport/data
2024-10-31,510300,947.641877,上交所,https://query.sse.com.cn/commonQuery.do
2024-10-31,510310,646.989440,上交所,https://query.sse.com.cn/commonQuery.do
2024-10-31,510330,399.062498,上交所,https://query.sse.com.cn/commonQuery.do
2024-11-01,159919,384.149166,深交所,https://www.szse.cn/api/report/ShowReport/data
2024-11-01,510300,948.784877,上交所,https://query.sse.com.cn/commonQuery.do
2024-11-01,510310,644.604440,上交所,https://query.sse.com.cn/commonQuery.do
2024-11-01,510330,399.296498,上交所,https://query.sse.com.cn/commonQuery.do
2024-11-04,159919,384.167166,深交所,https://www.szse.cn/api/report/ShowReport/data
2024-11-04,510300,949.261877,上交所,https://query.sse.com.cn/commonQuery.do
2024-11-04,510310,646.161440,上交所,https://query.sse.com.cn/commonQuery.do
2024-11-04,510330,399.008498,上交所,https://query.sse.com.cn/commonQuery.do
2024-11-05,159919,385.805166,深交所,https://www.szse.cn/api/report/ShowReport/data
2024-11-05,510300,953.491877,上交所,https://query.sse.com.cn/commonQuery.do
2024-11-05,510310,648.330440,上交所,https://query.sse.com.cn/commonQuery.do
2024-11-05,510330,399.647498,上交所,https://query.sse.com.cn/commonQuery.do
2024-11-06,159919,386.129166,深交所,https://www.szse.cn/api/report/ShowReport/data
2024-11-06,510300,952.591877,上交所,https://query.sse.com.cn/commonQuery.do
2024-11-06,510310,649.365440,上交所,https://query.sse.com.cn/commonQuery.do
2024-11-06,510330,400.313498,上交所,https://query.sse.com.cn/commonQuery.do
2024-11-07,159919,387.020166,深交所,https://www.szse.cn/api/report/ShowReport/data
2024-11-07,510300,958.711877,上交所,https://query.sse.com.cn/commonQuery.do
2024-11-07,510310,649.725440,上交所,https://query.sse.com.cn/commonQuery.do
2024-11-07,510330,401.276498,上交所,https://query.sse.com.cn/commonQuery.do
2024-11-08,159919,386.075166,深交所,https://www.szse.cn/api/report/ShowReport/data
2024-11-08,510300,953.104877,上交所,https://query.sse.com.cn/commonQuery.do
2024-11-08,510310,647.349440,上交所,https://query.sse.com.cn/commonQuery.do
2024-11-08,510330,400.304498,上交所,https://query.sse.com.cn/commonQuery.do
2024-11-11,159919,385.454166,深交所,https://www.szse.cn/api/report/ShowReport/data
2024-11-11,510300,942.610877,上交所,https://query.sse.com.cn/commonQuery.do
2024-11-11,510310,646.350440,上交所,https://query.sse.com.cn/commonQuery.do
2024-11-11,510330,398.738498,上交所,https://query.sse.com.cn/commonQuery.do
2024-11-12,159919,383.879166,深交所,https://www.szse.cn/api/report/ShowReport/data
2024-11-12,510300,933.061877,上交所,https://query.sse.com.cn/commonQuery.do
2024-11-12,510310,643.821440,上交所,https://query.sse.com.cn/commonQuery.do
2024-11-12,510330,398.315498,上交所,https://query.sse.com.cn/commonQuery.do
2024-11-13,159919,382.763166,深交所,https://www.szse.cn/api/report/ShowReport/data
2024-11-13,510300,928.723877,上交所,https://query.sse.com.cn/commonQuery.do
2024-11-13,510310,642.921440,上交所,https://query.sse.com.cn/commonQuery.do
2024-11-13,510330,398.765498,上交所,https://query.sse.com.cn/commonQuery.do
2024-11-14,159919,381.809166,深交所,https://www.szse.cn/api/report/ShowReport/data
2024-11-14,510300,925.681877,上交所,https://query.sse.com.cn/commonQuery.do
2024-11-14,510310,642.255440,上交所,https://query.sse.com.cn/commonQuery.do
2024-11-14,510330,398.675498,上交所,https://query.sse.com.cn/commonQuery.do
2024-11-15,159919,381.872166,深交所,https://www.szse.cn/api/report/ShowReport/data
2024-11-15,510300,927.094877,上交所,https://query.sse.com.cn/commonQuery.do
2024-11-15,510310,641.985440,上交所,https://query.sse.com.cn/commonQuery.do
2024-11-15,510330,399.512498,上交所,https://query.sse.com.cn/commonQuery.do
2024-11-18,159919,381.800166,深交所,https://www.szse.cn/api/report/ShowReport/data
2024-11-18,510300,924.808877,上交所,https://query.sse.com.cn/commonQuery.do
2024-11-18,510310,642.138440,上交所,https://query.sse.com.cn/commonQuery.do
2024-11-18,510330,399.377498,上交所,https://query.sse.com.cn/commonQuery.do
2024-11-19,159919,381.692166,深交所,https://www.szse.cn/api/report/ShowReport/data
2024-11-19,510300,923.701877,上交所,https://query.sse.com.cn/commonQuery.do
2024-11-19,510310,640.446440,上交所,https://query.sse.com.cn/commonQuery.do
2024-11-19,510330,399.170498,上交所,https://query.sse.com.cn/commonQuery.do
2024-11-20,159919,380.927166,深交所,https://www.szse.cn/api/report/ShowReport/data
2024-11-20,510300,914.575877,上交所,https://query.sse.com.cn/commonQuery.do
2024-11-20,510310,639.519440,上交所,https://query.sse.com.cn/commonQuery.do
2024-11-20,510330,398.945498,上交所,https://query.sse.com.cn/commonQuery.do
2024-11-21,159919,379.991166,深交所,https://www.szse.cn/api/report/ShowReport/data
2024-11-21,510300,910.291877,上交所,https://query.sse.com.cn/commonQuery.do
2024-11-21,510310,638.610440,上交所,https://query.sse.com.cn/commonQuery.do
2024-11-21,510330,398.873498,上交所,https://query.sse.com.cn/commonQuery.do
2024-11-22,159919,378.533166,深交所,https://www.szse.cn/api/report/ShowReport/data
2024-11-22,510300,904.342877,上交所,https://query.sse.com.cn/commonQuery.do
2024-11-22,510310,638.295440,上交所,https://query.sse.com.cn/commonQuery.do
2024-11-22,510330,398.738498,上交所,https://query.sse.com.cn/commonQuery.do
2024-11-25,159919,378.200166,深交所,https://www.szse.cn/api/report/ShowReport/data
2024-11-25,510300,900.724877,上交所,https://query.sse.com.cn/commonQuery.do
2024-11-25,510310,637.827440,上交所,https://query.sse.com.cn/commonQuery.do
2024-11-25,510330,398.792498,上交所,https://query.sse.com.cn/commonQuery.do
2024-11-26,159919,377.975166,深交所,https://www.szse.cn/api/report/ShowReport/data
2024-11-26,510300,899.464877,上交所,https://query.sse.com.cn/commonQuery.do
2024-11-26,510310,637.755440,上交所,https://query.sse.com.cn/commonQuery.do
2024-11-26,510330,398.135498,上交所,https://query.sse.com.cn/commonQuery.do
2024-11-27,159919,378.056166,深交所,https://www.szse.cn/api/report/ShowReport/data
2024-11-27,510300,903.091877,上交所,https://query.sse.com.cn/commonQuery.do
2024-11-27,510310,638.043440,上交所,https://query.sse.com.cn/commonQuery.do
2024-11-27,510330,398.396498,上交所,https://query.sse.com.cn/commonQuery.do
2024-11-28,159919,377.417166,深交所,https://www.szse.cn/api/report/ShowReport/data
2024-11-28,510300,899.005877,上交所,https://query.sse.com.cn/commonQuery.do
2024-11-28,510310,637.755440,上交所,https://query.sse.com.cn/commonQuery.do
2024-11-28,510330,398.126498,上交所,https://query.sse.com.cn/commonQuery.do
2024-11-29,159919,377.192166,深交所,https://www.szse.cn/api/report/ShowReport/data
2024-11-29,510300,901.021877,上交所,https://query.sse.com.cn/commonQuery.do
2024-11-29,510310,637.989440,上交所,https://query.sse.com.cn/commonQuery.do
2024-11-29,510330,398.198498,上交所,https://query.sse.com.cn/commonQuery.do
2024-12-02,159919,376.985166,深交所,https://www.szse.cn/api/report/ShowReport/data
2024-12-02,510300,900.661877,上交所,https://query.sse.com.cn/commonQuery.do
2024-12-02,510310,638.043440,上交所,https://query.sse.com.cn/commonQuery.do
2024-12-02,510330,398.027498,上交所,https://query.sse.com.cn/commonQuery.do
2024-12-03,159919,376.409166,深交所,https://www.szse.cn/api/report/ShowReport/data
2024-12-03,510300,899.833877,上交所,https://query.sse.com.cn/commonQuery.do
2024-12-03,510310,637.188440,上交所,https://query.sse.com.cn/commonQuery.do
2024-12-03,510330,397.604498,上交所,https://query.sse.com.cn/commonQuery.do
2024-12-04,159919,375.995166,深交所,https://www.szse.cn/api/report/ShowReport/data
2024-12-04,510300,896.737877,上交所,https://query.sse.com.cn/commonQuery.do
2024-12-04,510310,636.837440,上交所,https://query.sse.com.cn/commonQuery.do
2024-12-04,510330,397.442498,上交所,https://query.sse.com.cn/commonQuery.do
2024-12-05,159919,376.166166,深交所,https://www.szse.cn/api/report/ShowReport/data
2024-12-05,510300,897.367877,上交所,https://query.sse.com.cn/commonQuery.do
2024-12-05,510310,636.846440,上交所,https://query.sse.com.cn/commonQuery.do
2024-12-05,510330,397.424498,上交所,https://query.sse.com.cn/commonQuery.do
2024-12-06,159919,376.832166,深交所,https://www.szse.cn/api/report/ShowReport/data
2024-12-06,510300,902.056877,上交所,https://query.sse.com.cn/commonQuery.do
2024-12-06,510310,640.149440,上交所,https://query.sse.com.cn/commonQuery.do
2024-12-06,510330,397.784498,上交所,https://query.sse.com.cn/commonQuery.do
2024-12-09,159919,376.652166,深交所,https://www.szse.cn/api/report/ShowReport/data
2024-12-09,510300,897.106877,上交所,https://query.sse.com.cn/commonQuery.do
2024-12-09,510310,639.879440,上交所,https://query.sse.com.cn/commonQuery.do
2024-12-09,510330,397.640498,上交所,https://query.sse.com.cn/commonQuery.do
2024-12-10,159919,377.885166,深交所,https://www.szse.cn/api/report/ShowReport/data
2024-12-10,510300,907.141877,上交所,https://query.sse.com.cn/commonQuery.do
2024-12-10,510310,640.662440,上交所,https://query.sse.com.cn/commonQuery.do
2024-12-10,510330,397.928498,上交所,https://query.sse.com.cn/commonQuery.do
2024-12-11,159919,379.334166,深交所,https://www.szse.cn/api/report/ShowReport/data
2024-12-11,510300,914.404877,上交所,https://query.sse.com.cn/commonQuery.do
2024-12-11,510310,642.057440,上交所,https://query.sse.com.cn/commonQuery.do
2024-12-11,510330,398.657498,上交所,https://query.sse.com.cn/commonQuery.do
2024-12-12,159919,380.495166,深交所,https://www.szse.cn/api/report/ShowReport/data
2024-12-12,510300,917.284877,上交所,https://query.sse.com.cn/commonQuery.do
2024-12-12,510310,642.264440,上交所,https://query.sse.com.cn/commonQuery.do
2024-12-12,510330,398.828498,上交所,https://query.sse.com.cn/commonQuery.do
2024-12-13,159919,379.073166,深交所,https://www.szse.cn/api/report/ShowReport/data
2024-12-13,510300,910.867877,上交所,https://query.sse.com.cn/commonQuery.do
2024-12-13,510310,640.401440,上交所,https://query.sse.com.cn/commonQuery.do
2024-12-13,510330,398.261498,上交所,https://query.sse.com.cn/commonQuery.do
2024-12-16,159919,378.848166,深交所,https://www.szse.cn/api/report/ShowReport/data
2024-12-16,510300,911.821877,上交所,https://query.sse.com.cn/commonQuery.do
2024-12-16,510310,640.122440,上交所,https://query.sse.com.cn/commonQuery.do
2024-12-16,510330,398.423498,上交所,https://query.sse.com.cn/commonQuery.do
2024-12-17,159919,378.839166,深交所,https://www.szse.cn/api/report/ShowReport/data
2024-12-17,510300,913.756877,上交所,https://query.sse.com.cn/commonQuery.do
2024-12-17,510310,639.897440,上交所,https://query.sse.com.cn/commonQuery.do
2024-12-17,510330,398.558498,上交所,https://query.sse.com.cn/commonQuery.do
2024-12-18,159919,378.731166,深交所,https://www.szse.cn/api/report/ShowReport/data
2024-12-18,510300,910.192877,上交所,https://query.sse.com.cn/commonQuery.do
2024-12-18,510310,639.591440,上交所,https://query.sse.com.cn/commonQuery.do
2024-12-18,510330,398.225498,上交所,https://query.sse.com.cn/commonQuery.do
2024-12-19,159919,378.866166,深交所,https://www.szse.cn/api/report/ShowReport/data
2024-12-19,510300,909.256877,上交所,https://query.sse.com.cn/commonQuery.do
2024-12-19,510310,639.600440,上交所,https://query.sse.com.cn/commonQuery.do
2024-12-19,510330,398.297498,上交所,https://query.sse.com.cn/commonQuery.do
2024-12-20,159919,377.786166,深交所,https://www.szse.cn/api/report/ShowReport/data
2024-12-20,510300,909.292877,上交所,https://query.sse.com.cn/commonQuery.do
2024-12-20,510310,640.491440,上交所,https://query.sse.com.cn/commonQuery.do
2024-12-20,510330,397.730498,上交所,https://query.sse.com.cn/commonQuery.do
2024-12-23,159919,377.246166,深交所,https://www.szse.cn/api/report/ShowReport/data
2024-12-23,510300,905.521877,上交所,https://query.sse.com.cn/commonQuery.do
2024-12-23,510310,640.968440,上交所,https://query.sse.com.cn/commonQuery.do
2024-12-23,510330,397.532498,上交所,https://query.sse.com.cn/commonQuery.do
2024-12-24,159919,377.453166,深交所,https://www.szse.cn/api/report/ShowReport/data
2024-12-24,510300,907.933877,上交所,https://query.sse.com.cn/commonQuery.do
2024-12-24,510310,643.137440,上交所,https://query.sse.com.cn/commonQuery.do
2024-12-24,510330,397.685498,上交所,https://query.sse.com.cn/commonQuery.do
2024-12-25,159919,376.940166,深交所,https://www.szse.cn/api/report/ShowReport/data
2024-12-25,510300,901.768877,上交所,https://query.sse.com.cn/commonQuery.do
2024-12-25,510310,642.291440,上交所,https://query.sse.com.cn/commonQuery.do
2024-12-25,510330,397.460498,上交所,https://query.sse.com.cn/commonQuery.do
2024-12-26,159919,377.129166,深交所,https://www.szse.cn/api/report/ShowReport/data
2024-12-26,510300,901.840877,上交所,https://query.sse.com.cn/commonQuery.do
2024-12-26,510310,641.031440,上交所,https://query.sse.com.cn/commonQuery.do
2024-12-26,510330,397.010498,上交所,https://query.sse.com.cn/commonQuery.do
2024-12-27,159919,378.245166,深交所,https://www.szse.cn/api/report/ShowReport/data
2024-12-27,510300,902.695877,上交所,https://query.sse.com.cn/commonQuery.do
2024-12-27,510310,640.941440,上交所,https://query.sse.com.cn/commonQuery.do
2024-12-27,510330,397.379498,上交所,https://query.sse.com.cn/commonQuery.do
2024-12-30,159919,379.208166,深交所,https://www.szse.cn/api/report/ShowReport/data
2024-12-30,510300,900.841877,上交所,https://query.sse.com.cn/commonQuery.do
2024-12-30,510310,639.231440,上交所,https://query.sse.com.cn/commonQuery.do
2024-12-30,510330,397.181498,上交所,https://query.sse.com.cn/commonQuery.do
2024-12-31,159919,379.037166,深交所,https://www.szse.cn/api/report/ShowReport/data
2024-12-31,510300,893.866877,上交所,https://query.sse.com.cn/commonQuery.do
2024-12-31,510310,637.341440,上交所,https://query.sse.com.cn/commonQuery.do
2024-12-31,510330,398.279498,上交所,https://query.sse.com.cn/commonQuery.do
2025-01-02,159919,380.234166,深交所,https://www.szse.cn/api/report/ShowReport/data
2025-01-02,510300,901.102877,上交所,https://query.sse.com.cn/commonQuery.do
2025-01-02,510310,638.646440,上交所,https://query.sse.com.cn/commonQuery.do
2025-01-02,510330,398.675498,上交所,https://query.sse.com.cn/commonQuery.do
2025-01-03,159919,382.052166,深交所,https://www.szse.cn/api/report/ShowReport/data
2025-01-03,510300,904.378877,上交所,https://query.sse.com.cn/commonQuery.do
2025-01-03,510310,640.374440,上交所,https://query.sse.com.cn/commonQuery.do
2025-01-03,510330,399.467498,上交所,https://query.sse.com.cn/commonQuery.do
2025-01-06,159919,383.348166,深交所,https://www.szse.cn/api/report/ShowReport/data
2025-01-06,510300,905.467877,上交所,https://query.sse.com.cn/commonQuery.do
2025-01-06,510310,641.688440,上交所,https://query.sse.com.cn/commonQuery.do
2025-01-06,510330,399.908498,上交所,https://query.sse.com.cn/commonQuery.do
2025-01-07,159919,383.996166,深交所,https://www.szse.cn/api/report/ShowReport/data
2025-01-07,510300,905.944877,上交所,https://query.sse.com.cn/commonQuery.do
2025-01-07,510310,641.643440,上交所,https://query.sse.com.cn/commonQuery.do
2025-01-07,510330,400.916498,上交所,https://query.sse.com.cn/commonQuery.do
2025-01-08,159919,385.121166,深交所,https://www.szse.cn/api/report/ShowReport/data
2025-01-08,510300,905.683877,上交所,https://query.sse.com.cn/commonQuery.do
2025-01-08,510310,642.390440,上交所,https://query.sse.com.cn/commonQuery.do
2025-01-08,510330,403.238498,上交所,https://query.sse.com.cn/commonQuery.do
2025-01-09,159919,385.679166,深交所,https://www.szse.cn/api/report/ShowReport/data
2025-01-09,510300,904.738877,上交所,https://query.sse.com.cn/commonQuery.do
2025-01-09,510310,642.327440,上交所,https://query.sse.com.cn/commonQuery.do
2025-01-09,510330,404.309498,上交所,https://query.sse.com.cn/commonQuery.do
2025-01-10,159919,386.426166,深交所,https://www.szse.cn/api/report/ShowReport/data
2025-01-10,510300,904.846877,上交所,https://query.sse.com.cn/commonQuery.do
2025-01-10,510310,642.804440,上交所,https://query.sse.com.cn/commonQuery.do
2025-01-10,510330,406.577498,上交所,https://query.sse.com.cn/commonQuery.do
2025-01-13,159919,387.524166,深交所,https://www.szse.cn/api/report/ShowReport/data
2025-01-13,510300,910.084877,上交所,https://query.sse.com.cn/commonQuery.do
2025-01-13,510310,643.902440,上交所,https://query.sse.com.cn/commonQuery.do
2025-01-13,510330,407.981498,上交所,https://query.sse.com.cn/commonQuery.do
2025-01-14,159919,387.929166,深交所,https://www.szse.cn/api/report/ShowReport/data
2025-01-14,510300,911.290877,上交所,https://query.sse.com.cn/commonQuery.do
2025-01-14,510310,646.287440,上交所,https://query.sse.com.cn/commonQuery.do
2025-01-14,510330,409.394498,上交所,https://query.sse.com.cn/commonQuery.do
2025-01-15,159919,387.857166,深交所,https://www.szse.cn/api/report/ShowReport/data
2025-01-15,510300,910.624877,上交所,https://query.sse.com.cn/commonQuery.do
2025-01-15,510310,646.143440,上交所,https://query.sse.com.cn/commonQuery.do
2025-01-15,510330,409.376498,上交所,https://query.sse.com.cn/commonQuery.do
2025-01-16,159919,387.506166,深交所,https://www.szse.cn/api/report/ShowReport/data
2025-01-16,510300,909.580877,上交所,https://query.sse.com.cn/commonQuery.do
2025-01-16,510310,645.531440,上交所,https://query.sse.com.cn/commonQuery.do
2025-01-16,510330,409.394498,上交所,https://query.sse.com.cn/commonQuery.do
2025-01-17,159919,387.326166,深交所,https://www.szse.cn/api/report/ShowReport/data
2025-01-17,510300,908.833877,上交所,https://query.sse.com.cn/commonQuery.do
2025-01-17,510310,645.360440,上交所,https://query.sse.com.cn/commonQuery.do
2025-01-17,510330,410.357498,上交所,https://query.sse.com.cn/commonQuery.do
2025-01-20,159919,387.218166,深交所,https://www.szse.cn/api/report/ShowReport/data
2025-01-20,510300,908.545877,上交所,https://query.sse.com.cn/commonQuery.do
2025-01-20,510310,645.378440,上交所,https://query.sse.com.cn/commonQuery.do
2025-01-20,510330,410.501498,上交所,https://query.sse.com.cn/commonQuery.do
2025-01-21,159919,386.876166,深交所,https://www.szse.cn/api/report/ShowReport/data
2025-01-21,510300,907.942877,上交所,https://query.sse.com.cn/commonQuery.do
2025-01-21,510310,644.955440,上交所,https://query.sse.com.cn/commonQuery.do
2025-01-21,510330,410.231498,上交所,https://query.sse.com.cn/commonQuery.do
2025-01-22,159919,386.624166,深交所,https://www.szse.cn/api/report/ShowReport/data
2025-01-22,510300,905.170877,上交所,https://query.sse.com.cn/commonQuery.do
2025-01-22,510310,643.794440,上交所,https://query.sse.com.cn/commonQuery.do
2025-01-22,510330,410.177498,上交所,https://query.sse.com.cn/commonQuery.do
2025-01-23,159919,386.930166,深交所,https://www.szse.cn/api/report/ShowReport/data
2025-01-23,510300,905.287877,上交所,https://query.sse.com.cn/commonQuery.do
2025-01-23,510310,643.704440,上交所,https://query.sse.com.cn/commonQuery.do
2025-01-23,510330,410.429498,上交所,https://query.sse.com.cn/commonQuery.do
2025-01-24,159919,387.200166,深交所,https://www.szse.cn/api/report/ShowReport/data
2025-01-24,510300,908.428877,上交所,https://query.sse.com.cn/commonQuery.do
2025-01-24,510310,646.494440,上交所,https://query.sse.com.cn/commonQuery.do
2025-01-24,510330,410.924498,上交所,https://query.sse.com.cn/commonQuery.do
2025-01-27,159919,386.102166,深交所,https://www.szse.cn/api/report/ShowReport/data
2025-01-27,510300,901.561877,上交所,https://query.sse.com.cn/commonQuery.do
2025-01-27,510310,643.290440,上交所,https://query.sse.com.cn/commonQuery.do
2025-01-27,510330,409.592498,上交所,https://query.sse.com.cn/commonQuery.do
2025-02-05,159919,385.625166,深交所,https://www.szse.cn/api/report/ShowReport/data
2025-02-05,510300,902.263877,上交所,https://query.sse.com.cn/commonQuery.do
2025-02-05,510310,642.408440,上交所,https://query.sse.com.cn/commonQuery.do
2025-02-05,510330,409.286498,上交所,https://query.sse.com.cn/commonQuery.do
2025-02-06,159919,386.057166,深交所,https://www.szse.cn/api/report/ShowReport/data
2025-02-06,510300,909.949877,上交所,https://query.sse.com.cn/commonQuery.do
2025-02-06,510310,642.867440,上交所,https://query.sse.com.cn/commonQuery.do
2025-02-06,510330,409.880498,上交所,https://query.sse.com.cn/commonQuery.do
2025-02-07,159919,384.941166,深交所,https://www.szse.cn/api/report/ShowReport/data
2025-02-07,510300,907.807877,上交所,https://query.sse.com.cn/commonQuery.do
2025-02-07,510310,642.543440,上交所,https://query.sse.com.cn/commonQuery.do
2025-02-07,510330,410.447498,上交所,https://query.sse.com.cn/commonQuery.do
2025-02-10,159919,383.636166,深交所,https://www.szse.cn/api/report/ShowReport/data
2025-02-10,510300,901.975877,上交所,https://query.sse.com.cn/commonQuery.do
2025-02-10,510310,640.878440,上交所,https://query.sse.com.cn/commonQuery.do
2025-02-10,510330,409.952498,上交所,https://query.sse.com.cn/commonQuery.do
2025-02-11,159919,382.808166,深交所,https://www.szse.cn/api/report/ShowReport/data
2025-02-11,510300,898.006877,上交所,https://query.sse.com.cn/commonQuery.do
2025-02-11,510310,638.817440,上交所,https://query.sse.com.cn/commonQuery.do
2025-02-11,510330,409.439498,上交所,https://query.sse.com.cn/commonQuery.do
2025-02-12,159919,382.664166,深交所,https://www.szse.cn/api/report/ShowReport/data
2025-02-12,510300,896.710877,上交所,https://query.sse.com.cn/commonQuery.do
2025-02-12,510310,638.178440,上交所,https://query.sse.com.cn/commonQuery.do
2025-02-12,510330,410.177498,上交所,https://query.sse.com.cn/commonQuery.do
2025-02-13,159919,382.187166,深交所,https://www.szse.cn/api/report/ShowReport/data
2025-02-13,510300,893.425877,上交所,https://query.sse.com.cn/commonQuery.do
2025-02-13,510310,638.088440,上交所,https://query.sse.com.cn/commonQuery.do
2025-02-13,510330,410.213498,上交所,https://query.sse.com.cn/commonQuery.do
2025-02-14,159919,382.349166,深交所,https://www.szse.cn/api/report/ShowReport/data
2025-02-14,510300,895.711877,上交所,https://query.sse.com.cn/commonQuery.do
2025-02-14,510310,639.312440,上交所,https://query.sse.com.cn/commonQuery.do
2025-02-14,510330,410.888498,上交所,https://query.sse.com.cn/commonQuery.do
2025-02-17,159919,381.062166,深交所,https://www.szse.cn/api/report/ShowReport/data
2025-02-17,510300,890.518877,上交所,https://query.sse.com.cn/commonQuery.do
2025-02-17,510310,636.927440,上交所,https://query.sse.com.cn/commonQuery.do
2025-02-17,510330,410.258498,上交所,https://query.sse.com.cn/commonQuery.do
2025-02-18,159919,380.603166,深交所,https://www.szse.cn/api/report/ShowReport/data
2025-02-18,510300,888.007877,上交所,https://query.sse.com.cn/commonQuery.do
2025-02-18,510310,636.189440,上交所,https://query.sse.com.cn/commonQuery.do
2025-02-18,510330,409.988498,上交所,https://query.sse.com.cn/commonQuery.do
2025-02-19,159919,380.594166,深交所,https://www.szse.cn/api/report/ShowReport/data
2025-02-19,510300,890.437877,上交所,https://query.sse.com.cn/commonQuery.do
2025-02-19,510310,637.053440,上交所,https://query.sse.com.cn/commonQuery.do
2025-02-19,510330,409.979498,上交所,https://query.sse.com.cn/commonQuery.do
2025-02-20,159919,380.162166,深交所,https://www.szse.cn/api/report/ShowReport/data
2025-02-20,510300,885.514877,上交所,https://query.sse.com.cn/commonQuery.do
2025-02-20,510310,635.496440,上交所,https://query.sse.com.cn/commonQuery.do
2025-02-20,510330,409.574498,上交所,https://query.sse.com.cn/commonQuery.do
2025-02-21,159919,380.063166,深交所,https://www.szse.cn/api/report/ShowReport/data
2025-02-21,510300,887.242877,上交所,https://query.sse.com.cn/commonQuery.do
2025-02-21,510310,636.270440,上交所,https://query.sse.com.cn/commonQuery.do
2025-02-21,510330,409.916498,上交所,https://query.sse.com.cn/commonQuery.do
2025-02-24,159919,379.064166,深交所,https://www.szse.cn/api/report/ShowReport/data
2025-02-24,510300,879.520877,上交所,https://query.sse.com.cn/commonQuery.do
2025-02-24,510310,633.714440,上交所,https://query.sse.com.cn/commonQuery.do
2025-02-24,510330,409.268498,上交所,https://query.sse.com.cn/commonQuery.do
2025-02-25,159919,378.875166,深交所,https://www.szse.cn/api/report/ShowReport/data
2025-02-25,510300,879.403877,上交所,https://query.sse.com.cn/commonQuery.do
2025-02-25,510310,632.337440,上交所,https://query.sse.com.cn/commonQuery.do
2025-02-25,510330,408.944498,上交所,https://query.sse.com.cn/commonQuery.do
2025-02-26,159919,377.858166,深交所,https://www.szse.cn/api/report/ShowReport/data
2025-02-26,510300,873.877877,上交所,https://query.sse.com.cn/commonQuery.do
2025-02-26,510310,630.735440,上交所,https://query.sse.com.cn/commonQuery.do
2025-02-26,510330,408.683498,上交所,https://query.sse.com.cn/commonQuery.do
2025-02-27,159919,376.445166,深交所,https://www.szse.cn/api/report/ShowReport/data
2025-02-27,510300,870.538877,上交所,https://query.sse.com.cn/commonQuery.do
2025-02-27,510310,627.891440,上交所,https://query.sse.com.cn/commonQuery.do
2025-02-27,510330,408.134498,上交所,https://query.sse.com.cn/commonQuery.do
2025-02-28,159919,375.752166,深交所,https://www.szse.cn/api/report/ShowReport/data
2025-02-28,510300,870.889877,上交所,https://query.sse.com.cn/commonQuery.do
2025-02-28,510310,626.595440,上交所,https://query.sse.com.cn/commonQuery.do
2025-02-28,510330,407.180498,上交所,https://query.sse.com.cn/commonQuery.do
2025-03-03,159919,375.842166,深交所,https://www.szse.cn/api/report/ShowReport/data
2025-03-03,510300,871.294877,上交所,https://query.sse.com.cn/commonQuery.do
2025-03-03,510310,625.596440,上交所,https://query.sse.com.cn/commonQuery.do
2025-03-03,510330,405.290498,上交所,https://query.sse.com.cn/commonQuery.do
2025-03-04,159919,375.968166,深交所,https://www.szse.cn/api/report/ShowReport/data
2025-03-04,510300,869.341877,上交所,https://query.sse.com.cn/commonQuery.do
2025-03-04,510310,624.939440,上交所,https://query.sse.com.cn/commonQuery.do
2025-03-04,510330,405.119498,上交所,https://query.sse.com.cn/commonQuery.do
2025-03-05,159919,375.113166,深交所,https://www.szse.cn/api/report/ShowReport/data
2025-03-05,510300,863.275877,上交所,https://query.sse.com.cn/commonQuery.do
2025-03-05,510310,620.943440,上交所,https://query.sse.com.cn/commonQuery.do
2025-03-05,510330,402.509498,上交所,https://query.sse.com.cn/commonQuery.do
2025-03-06,159919,375.176166,深交所,https://www.szse.cn/api/report/ShowReport/data
2025-03-06,510300,864.697877,上交所,https://query.sse.com.cn/commonQuery.do
2025-03-06,510310,621.159440,上交所,https://query.sse.com.cn/commonQuery.do
2025-03-06,510330,402.446498,上交所,https://query.sse.com.cn/commonQuery.do
2025-03-07,159919,374.483166,深交所,https://www.szse.cn/api/report/ShowReport/data
2025-03-07,510300,860.251877,上交所,https://query.sse.com.cn/commonQuery.do
2025-03-07,510310,619.422440,上交所,https://query.sse.com.cn/commonQuery.do
2025-03-07,510330,401.753498,上交所,https://query.sse.com.cn/commonQuery.do
2025-03-10,159919,372.332166,深交所,https://www.szse.cn/api/report/ShowReport/data
2025-03-10,510300,851.431877,上交所,https://query.sse.com.cn/commonQuery.do
2025-03-10,510310,615.741440,上交所,https://query.sse.com.cn/commonQuery.do
2025-03-10,510330,400.286498,上交所,https://query.sse.com.cn/commonQuery.do
2025-03-11,159919,372.890166,深交所,https://www.szse.cn/api/report/ShowReport/data
2025-03-11,510300,854.365877,上交所,https://query.sse.com.cn/commonQuery.do
2025-03-11,510310,619.872440,上交所,https://query.sse.com.cn/commonQuery.do
2025-03-11,510330,400.682498,上交所,https://query.sse.com.cn/commonQuery.do
2025-03-12,159919,372.638166,深交所,https://www.szse.cn/api/report/ShowReport/data
2025-03-12,510300,854.572877,上交所,https://query.sse.com.cn/commonQuery.do
2025-03-12,510310,619.044440,上交所,https://query.sse.com.cn/commonQuery.do
2025-03-12,510330,400.241498,上交所,https://query.sse.com.cn/commonQuery.do
2025-03-13,159919,372.386166,深交所,https://www.szse.cn/api/report/ShowReport/data
2025-03-13,510300,854.860877,上交所,https://query.sse.com.cn/commonQuery.do
2025-03-13,510310,618.180440,上交所,https://query.sse.com.cn/commonQuery.do
2025-03-13,510330,399.701498,上交所,https://query.sse.com.cn/commonQuery.do
2025-03-14,159919,372.080166,深交所,https://www.szse.cn/api/report/ShowReport/data
2025-03-14,510300,856.192877,上交所,https://query.sse.com.cn/commonQuery.do
2025-03-14,510310,619.251440,上交所,https://query.sse.com.cn/commonQuery.do
2025-03-14,510330,399.854498,上交所,https://query.sse.com.cn/commonQuery.do
2025-03-17,159919,371.351166,深交所,https://www.szse.cn/api/report/ShowReport/data
2025-03-17,510300,856.651877,上交所,https://query.sse.com.cn/commonQuery.do
2025-03-17,510310,617.334440,上交所,https://query.sse.com.cn/commonQuery.do
2025-03-17,510330,399.332498,上交所,https://query.sse.com.cn/commonQuery.do
2025-03-18,159919,370.703166,深交所,https://www.szse.cn/api/report/ShowReport/data
2025-03-18,510300,855.661877,上交所,https://query.sse.com.cn/commonQuery.do
2025-03-18,510310,614.436440,上交所,https://query.sse.com.cn/commonQuery.do
2025-03-18,510330,398.603498,上交所,https://query.sse.com.cn/commonQuery.do
2025-03-19,159919,369.974166,深交所,https://www.szse.cn/api/report/ShowReport/data
2025-03-19,510300,854.806877,上交所,https://query.sse.com.cn/commonQuery.do
2025-03-19,510310,614.310440,上交所,https://query.sse.com.cn/commonQuery.do
2025-03-19,510330,398.162498,上交所,https://query.sse.com.cn/commonQuery.do
2025-03-20,159919,369.623166,深交所,https://www.szse.cn/api/report/ShowReport/data
2025-03-20,510300,853.276877,上交所,https://query.sse.com.cn/commonQuery.do
2025-03-20,510310,613.941440,上交所,https://query.sse.com.cn/commonQuery.do
2025-03-20,510330,397.937498,上交所,https://query.sse.com.cn/commonQuery.do
2025-03-21,159919,369.038166,深交所,https://www.szse.cn/api/report/ShowReport/data
2025-03-21,510300,852.979877,上交所,https://query.sse.com.cn/commonQuery.do
2025-03-21,510310,612.843440,上交所,https://query.sse.com.cn/commonQuery.do
2025-03-21,510330,397.433498,上交所,https://query.sse.com.cn/commonQuery.do
2025-03-24,159919,368.660166,深交所,https://www.szse.cn/api/report/ShowReport/data
2025-03-24,510300,851.881877,上交所,https://query.sse.com.cn/commonQuery.do
2025-03-24,510310,612.321440,上交所,https://query.sse.com.cn/commonQuery.do
2025-03-24,510330,397.235498,上交所,https://query.sse.com.cn/commonQuery.do
2025-03-25,159919,368.426166,深交所,https://www.szse.cn/api/report/ShowReport/data
2025-03-25,510300,850.936877,上交所,https://query.sse.com.cn/commonQuery.do
2025-03-25,510310,612.051440,上交所,https://query.sse.com.cn/commonQuery.do
2025-03-25,510330,396.992498,上交所,https://query.sse.com.cn/commonQuery.do
2025-03-26,159919,368.579166,深交所,https://www.szse.cn/api/report/ShowReport/data
2025-03-26,510300,851.953877,上交所,https://query.sse.com.cn/commonQuery.do
2025-03-26,510310,612.366440,上交所,https://query.sse.com.cn/commonQuery.do
2025-03-26,510330,397.109498,上交所,https://query.sse.com.cn/commonQuery.do
2025-03-27,159919,368.615166,深交所,https://www.szse.cn/api/report/ShowReport/data
2025-03-27,510300,851.674877,上交所,https://query.sse.com.cn/commonQuery.do
2025-03-27,510310,611.817440,上交所,https://query.sse.com.cn/commonQuery.do
2025-03-27,510330,397.046498,上交所,https://query.sse.com.cn/commonQuery.do
2025-03-28,159919,368.444166,深交所,https://www.szse.cn/api/report/ShowReport/data
2025-03-28,510300,849.766877,上交所,https://query.sse.com.cn/commonQuery.do
2025-03-28,510310,610.998440,上交所,https://query.sse.com.cn/commonQuery.do
2025-03-28,510330,396.821498,上交所,https://query.sse.com.cn/commonQuery.do
2025-03-31,159919,368.759166,深交所,https://www.szse.cn/api/report/ShowReport/data
2025-03-31,510300,850.603877,上交所,https://query.sse.com.cn/commonQuery.do
2025-03-31,510310,610.764440,上交所,https://query.sse.com.cn/commonQuery.do
2025-03-31,510330,396.407498,上交所,https://query.sse.com.cn/commonQuery.do
2025-04-01,159919,368.840166,深交所,https://www.szse.cn/api/report/ShowReport/data
2025-04-01,510300,852.097877,上交所,https://query.sse.com.cn/commonQuery.do
2025-04-01,510310,610.836440,上交所,https://query.sse.com.cn/commonQuery.do
2025-04-01,510330,396.443498,上交所,https://query.sse.com.cn/commonQuery.do
2025-04-02,159919,368.867166,深交所,https://www.szse.cn/api/report/ShowReport/data
2025-04-02,510300,853.060877,上交所,https://query.sse.com.cn/commonQuery.do
2025-04-02,510310,610.881440,上交所,https://query.sse.com.cn/commonQuery.do
2025-04-02,510330,396.461498,上交所,https://query.sse.com.cn/commonQuery.do
2025-04-03,159919,369.056166,深交所,https://www.szse.cn/api/report/ShowReport/data
2025-04-03,510300,855.742877,上交所,https://query.sse.com.cn/commonQuery.do
2025-04-03,510310,610.071440,上交所,https://query.sse.com.cn/commonQuery.do
2025-04-03,510330,395.975498,上交所,https://query.sse.com.cn/commonQuery.do
2025-04-07,159919,382.403166,深交所,https://www.szse.cn/api/report/ShowReport/data
2025-04-07,510300,903.136877,上交所,https://query.sse.com.cn/commonQuery.do
2025-04-07,510310,635.964440,上交所,https://query.sse.com.cn/commonQuery.do
2025-04-07,510330,418.502498,上交所,https://query.sse.com.cn/commonQuery.do
2025-04-08,159919,409.619166,深交所,https://www.szse.cn/api/report/ShowReport/data
2025-04-08,510300,947.569877,上交所,https://query.sse.com.cn/commonQuery.do
2025-04-08,510310,675.240440,上交所,https://query.sse.com.cn/commonQuery.do
2025-04-08,510330,452.720498,上交所,https://query.sse.com.cn/commonQuery.do
2025-04-09,159919,411.959166,深交所,https://www.szse.cn/api/report/ShowReport/data
2025-04-09,510300,952.330877,上交所,https://query.sse.com.cn/commonQuery.do
2025-04-09,510310,679.614440,上交所,https://query.sse.com.cn/commonQuery.do
2025-04-09,510330,459.200498,上交所,https://query.sse.com.cn/commonQuery.do
2025-04-10,159919,411.032166,深交所,https://www.szse.cn/api/report/ShowReport/data
2025-04-10,510300,948.145877,上交所,https://query.sse.com.cn/commonQuery.do
2025-04-10,510310,680.856440,上交所,https://query.sse.com.cn/commonQuery.do
2025-04-10,510330,459.911498,上交所,https://query.sse.com.cn/commonQuery.do
2025-04-11,159919,410.132166,深交所,https://www.szse.cn/api/report/ShowReport/data
2025-04-11,510300,947.533877,上交所,https://query.sse.com.cn/commonQuery.do
2025-04-11,510310,679.227440,上交所,https://query.sse.com.cn/commonQuery.do
2025-04-11,510330,460.505498,上交所,https://query.sse.com.cn/commonQuery.do
2025-04-14,159919,409.835166,深交所,https://www.szse.cn/api/report/ShowReport/data
2025-04-14,510300,943.060877,上交所,https://query.sse.com.cn/commonQuery.do
2025-04-14,510310,676.311440,上交所,https://query.sse.com.cn/commonQuery.do
2025-04-14,510330,458.804498,上交所,https://query.sse.com.cn/commonQuery.do
2025-04-15,159919,412.751166,深交所,https://www.szse.cn/api/report/ShowReport/data
2025-04-15,510300,947.002877,上交所,https://query.sse.com.cn/commonQuery.do
2025-04-15,510310,678.966440,上交所,https://query.sse.com.cn/commonQuery.do
2025-04-15,510330,465.842498,上交所,https://query.sse.com.cn/commonQuery.do
2025-04-16,159919,422.183166,深交所,https://www.szse.cn/api/report/ShowReport/data
2025-04-16,510300,960.430877,上交所,https://query.sse.com.cn/commonQuery.do
2025-04-16,510310,691.710440,上交所,https://query.sse.com.cn/commonQuery.do
2025-04-16,510330,480.179498,上交所,https://query.sse.com.cn/commonQuery.do
2025-04-17,159919,422.534166,深交所,https://www.szse.cn/api/report/ShowReport/data
2025-04-17,510300,966.694877,上交所,https://query.sse.com.cn/commonQuery.do
2025-04-17,510310,695.535440,上交所,https://query.sse.com.cn/commonQuery.do
2025-04-17,510330,480.188498,上交所,https://query.sse.com.cn/commonQuery.do
2025-04-18,159919,426.566166,深交所,https://www.szse.cn/api/report/ShowReport/data
2025-04-18,510300,971.887877,上交所,https://query.sse.com.cn/commonQuery.do
2025-04-18,510310,700.008440,上交所,https://query.sse.com.cn/commonQuery.do
2025-04-18,510330,490.124498,上交所,https://query.sse.com.cn/commonQuery.do
2025-04-21,159919,426.629166,深交所,https://www.szse.cn/api/report/ShowReport/data
2025-04-21,510300,975.118877,上交所,https://query.sse.com.cn/commonQuery.do
2025-04-21,510310,700.395440,上交所,https://query.sse.com.cn/commonQuery.do
2025-04-21,510330,489.746498,上交所,https://query.sse.com.cn/commonQuery.do
2025-04-22,159919,426.395166,深交所,https://www.szse.cn/api/report/ShowReport/data
2025-04-22,510300,971.212877,上交所,https://query.sse.com.cn/commonQuery.do
2025-04-22,510310,699.477440,上交所,https://query.sse.com.cn/commonQuery.do
2025-04-22,510330,489.143498,上交所,https://query.sse.com.cn/commonQuery.do
2025-04-23,159919,426.314166,深交所,https://www.szse.cn/api/report/ShowReport/data
2025-04-23,510300,969.475877,上交所,https://query.sse.com.cn/commonQuery.do
2025-04-23,510310,699.315440,上交所,https://query.sse.com.cn/commonQuery.do
2025-04-23,510330,488.846498,上交所,https://query.sse.com.cn/commonQuery.do
2025-04-24,159919,426.305166,深交所,https://www.szse.cn/api/report/ShowReport/data
2025-04-24,510300,969.781877,上交所,https://query.sse.com.cn/commonQuery.do
2025-04-24,510310,699.351440,上交所,https://query.sse.com.cn/commonQuery.do
2025-04-24,510330,488.837498,上交所,https://query.sse.com.cn/commonQuery.do
2025-04-25,159919,425.909166,深交所,https://www.szse.cn/api/report/ShowReport/data
2025-04-25,510300,968.872877,上交所,https://query.sse.com.cn/commonQuery.do
2025-04-25,510310,698.631440,上交所,https://query.sse.com.cn/commonQuery.do
2025-04-25,510330,488.630498,上交所,https://query.sse.com.cn/commonQuery.do
2025-04-28,159919,425.378166,深交所,https://www.szse.cn/api/report/ShowReport/data
2025-04-28,510300,965.821877,上交所,https://query.sse.com.cn/commonQuery.do
2025-04-28,510310,697.542440,上交所,https://query.sse.com.cn/commonQuery.do
2025-04-28,510330,488.495498,上交所,https://query.sse.com.cn/commonQuery.do
2025-04-29,159919,425.351166,深交所,https://www.szse.cn/api/report/ShowReport/data
2025-04-29,510300,965.101877,上交所,https://query.sse.com.cn/commonQuery.do
2025-04-29,510310,697.011440,上交所,https://query.sse.com.cn/commonQuery.do
2025-04-29,510330,488.216498,上交所,https://query.sse.com.cn/commonQuery.do
2025-04-30,159919,425.279166,深交所,https://www.szse.cn/api/report/ShowReport/data
2025-04-30,510300,964.561877,上交所,https://query.sse.com.cn/commonQuery.do
2025-04-30,510310,696.984440,上交所,https://query.sse.com.cn/commonQuery.do
2025-04-30,510330,488.126498,上交所,https://query.sse.com.cn/commonQuery.do
2025-05-06,159919,424.748166,深交所,https://www.szse.cn/api/report/ShowReport/data
2025-05-06,510300,965.065877,上交所,https://query.sse.com.cn/commonQuery.do
2025-05-06,510310,696.543440,上交所,https://query.sse.com.cn/commonQuery.do
2025-05-06,510330,487.784498,上交所,https://query.sse.com.cn/commonQuery.do
2025-05-07,159919,423.911166,深交所,https://www.szse.cn/api/report/ShowReport/data
2025-05-07,510300,960.421877,上交所,https://query.sse.com.cn/commonQuery.do
2025-05-07,510310,695.778440,上交所,https://query.sse.com.cn/commonQuery.do
2025-05-07,510330,487.451498,上交所,https://query.sse.com.cn/commonQuery.do
2025-05-08,159919,423.641166,深交所,https://www.szse.cn/api/report/ShowReport/data
2025-05-08,510300,961.996877,上交所,https://query.sse.com.cn/commonQuery.do
2025-05-08,510310,695.994440,上交所,https://query.sse.com.cn/commonQuery.do
2025-05-08,510330,487.172498,上交所,https://query.sse.com.cn/commonQuery.do
2025-05-09,159919,422.903166,深交所,https://www.szse.cn/api/report/ShowReport/data
2025-05-09,510300,958.819877,上交所,https://query.sse.com.cn/commonQuery.do
2025-05-09,510310,694.824440,上交所,https://query.sse.com.cn/commonQuery.do
2025-05-09,510330,487.136498,上交所,https://query.sse.com.cn/commonQuery.do
2025-05-12,159919,422.552166,深交所,https://www.szse.cn/api/report/ShowReport/data
2025-05-12,510300,958.216877,上交所,https://query.sse.com.cn/commonQuery.do
2025-05-12,510310,694.770440,上交所,https://query.sse.com.cn/commonQuery.do
2025-05-12,510330,487.415498,上交所,https://query.sse.com.cn/commonQuery.do
2025-05-13,159919,422.174166,深交所,https://www.szse.cn/api/report/ShowReport/data
2025-05-13,510300,954.337877,上交所,https://query.sse.com.cn/commonQuery.do
2025-05-13,510310,693.690440,上交所,https://query.sse.com.cn/commonQuery.do
2025-05-13,510330,487.136498,上交所,https://query.sse.com.cn/commonQuery.do
2025-05-14,159919,422.174166,深交所,https://www.szse.cn/api/report/ShowReport/data
2025-05-14,510300,956.227877,上交所,https://query.sse.com.cn/commonQuery.do
2025-05-14,510310,693.789440,上交所,https://query.sse.com.cn/commonQuery.do
2025-05-14,510330,487.271498,上交所,https://query.sse.com.cn/commonQuery.do
2025-05-15,159919,421.958166,深交所,https://www.szse.cn/api/report/ShowReport/data
2025-05-15,510300,954.049877,上交所,https://query.sse.com.cn/commonQuery.do
2025-05-15,510310,692.727440,上交所,https://query.sse.com.cn/commonQuery.do
2025-05-15,510330,486.659498,上交所,https://query.sse.com.cn/commonQuery.do
2025-05-16,159919,421.274166,深交所,https://www.szse.cn/api/report/ShowReport/data
2025-05-16,510300,952.330877,上交所,https://query.sse.com.cn/commonQuery.do
2025-05-16,510310,691.584440,上交所,https://query.sse.com.cn/commonQuery.do
2025-05-16,510330,486.407498,上交所,https://query.sse.com.cn/commonQuery.do
2025-05-19,159919,420.797166,深交所,https://www.szse.cn/api/report/ShowReport/data
2025-05-19,510300,951.745877,上交所,https://query.sse.com.cn/commonQuery.do
2025-05-19,510310,691.422440,上交所,https://query.sse.com.cn/commonQuery.do
2025-05-19,510330,486.317498,上交所,https://query.sse.com.cn/commonQuery.do
2025-05-20,159919,420.770166,深交所,https://www.szse.cn/api/report/ShowReport/data
2025-05-20,510300,951.997877,上交所,https://query.sse.com.cn/commonQuery.do
2025-05-20,510310,691.413440,上交所,https://query.sse.com.cn/commonQuery.do
2025-05-20,510330,486.326498,上交所,https://query.sse.com.cn/commonQuery.do
2025-05-21,159919,420.437166,深交所,https://www.szse.cn/api/report/ShowReport/data
2025-05-21,510300,950.368877,上交所,https://query.sse.com.cn/commonQuery.do
2025-05-21,510310,691.332440,上交所,https://query.sse.com.cn/commonQuery.do
2025-05-21,510330,486.209498,上交所,https://query.sse.com.cn/commonQuery.do
2025-05-22,159919,420.194166,深交所,https://www.szse.cn/api/report/ShowReport/data
2025-05-22,510300,949.297877,上交所,https://query.sse.com.cn/commonQuery.do
2025-05-22,510310,691.521440,上交所,https://query.sse.com.cn/commonQuery.do
2025-05-22,510330,485.966498,上交所,https://query.sse.com.cn/commonQuery.do
2025-05-23,159919,419.951166,深交所,https://www.szse.cn/api/report/ShowReport/data
2025-05-23,510300,949.621877,上交所,https://query.sse.com.cn/commonQuery.do
2025-05-23,510310,691.386440,上交所,https://query.sse.com.cn/commonQuery.do
2025-05-23,510330,486.011498,上交所,https://query.sse.com.cn/commonQuery.do
2025-05-26,159919,420.167166,深交所,https://www.szse.cn/api/report/ShowReport/data
2025-05-26,510300,953.698877,上交所,https://query.sse.com.cn/commonQuery.do
2025-05-26,510310,691.467440,上交所,https://query.sse.com.cn/commonQuery.do
2025-05-26,510330,486.119498,上交所,https://query.sse.com.cn/commonQuery.do
2025-05-27,159919,420.653166,深交所,https://www.szse.cn/api/report/ShowReport/data
2025-05-27,510300,954.220877,上交所,https://query.sse.com.cn/commonQuery.do
2025-05-27,510310,691.530440,上交所,https://query.sse.com.cn/commonQuery.do
2025-05-27,510330,486.146498,上交所,https://query.sse.com.cn/commonQuery.do
2025-05-28,159919,420.293166,深交所,https://www.szse.cn/api/report/ShowReport/data
2025-05-28,510300,953.149877,上交所,https://query.sse.com.cn/commonQuery.do
2025-05-28,510310,691.584440,上交所,https://query.sse.com.cn/commonQuery.do
2025-05-28,510330,485.831498,上交所,https://query.sse.com.cn/commonQuery.do
2025-05-29,159919,420.833166,深交所,https://www.szse.cn/api/report/ShowReport/data
2025-05-29,510300,956.776877,上交所,https://query.sse.com.cn/commonQuery.do
2025-05-29,510310,692.367440,上交所,https://query.sse.com.cn/commonQuery.do
2025-05-29,510330,485.795498,上交所,https://query.sse.com.cn/commonQuery.do
2025-05-30,159919,419.906166,深交所,https://www.szse.cn/api/report/ShowReport/data
2025-05-30,510300,954.076877,上交所,https://query.sse.com.cn/commonQuery.do
2025-05-30,510310,691.584440,上交所,https://query.sse.com.cn/commonQuery.do
2025-05-30,510330,485.192498,上交所,https://query.sse.com.cn/commonQuery.do
2025-06-03,159919,419.888166,深交所,https://www.szse.cn/api/report/ShowReport/data
2025-06-03,510300,956.110877,上交所,https://query.sse.com.cn/commonQuery.do
2025-06-03,510310,691.809440,上交所,https://query.sse.com.cn/commonQuery.do
2025-06-03,510330,485.120498,上交所,https://query.sse.com.cn/commonQuery.do
2025-06-04,159919,419.717166,深交所,https://www.szse.cn/api/report/ShowReport/data
2025-06-04,510300,955.534877,上交所,https://query.sse.com.cn/commonQuery.do
2025-06-04,510310,691.566440,上交所,https://query.sse.com.cn/commonQuery.do
2025-06-04,510330,484.976498,上交所,https://query.sse.com.cn/commonQuery.do
2025-06-05,159919,419.627166,深交所,https://www.szse.cn/api/report/ShowReport/data
2025-06-05,510300,954.571877,上交所,https://query.sse.com.cn/commonQuery.do
2025-06-05,510310,690.873440,上交所,https://query.sse.com.cn/commonQuery.do
2025-06-05,510330,484.076498,上交所,https://query.sse.com.cn/commonQuery.do
2025-06-06,159919,419.582166,深交所,https://www.szse.cn/api/report/ShowReport/data
2025-06-06,510300,953.284877,上交所,https://query.sse.com.cn/commonQuery.do
2025-06-06,510310,690.360440,上交所,https://query.sse.com.cn/commonQuery.do
2025-06-06,510330,483.743498,上交所,https://query.sse.com.cn/commonQuery.do
2025-06-09,159919,420.131166,深交所,https://www.szse.cn/api/report/ShowReport/data
2025-06-09,510300,954.823877,上交所,https://query.sse.com.cn/commonQuery.do
2025-06-09,510310,690.738440,上交所,https://query.sse.com.cn/commonQuery.do
2025-06-09,510330,483.932498,上交所,https://query.sse.com.cn/commonQuery.do
2025-06-10,159919,419.528166,深交所,https://www.szse.cn/api/report/ShowReport/data
2025-06-10,510300,952.060877,上交所,https://query.sse.com.cn/commonQuery.do
2025-06-10,510310,689.793440,上交所,https://query.sse.com.cn/commonQuery.do
2025-06-10,510330,483.437498,上交所,https://query.sse.com.cn/commonQuery.do
2025-06-11,159919,418.637166,深交所,https://www.szse.cn/api/report/ShowReport/data
2025-06-11,510300,954.661877,上交所,https://query.sse.com.cn/commonQuery.do
2025-06-11,510310,690.234440,上交所,https://query.sse.com.cn/commonQuery.do
2025-06-11,510330,483.068498,上交所,https://query.sse.com.cn/commonQuery.do
2025-06-12,159919,418.259166,深交所,https://www.szse.cn/api/report/ShowReport/data
2025-06-12,510300,951.799877,上交所,https://query.sse.com.cn/commonQuery.do
2025-06-12,510310,689.181440,上交所,https://query.sse.com.cn/commonQuery.do
2025-06-12,510330,483.023498,上交所,https://query.sse.com.cn/commonQuery.do
2025-06-13,159919,418.358166,深交所,https://www.szse.cn/api/report/ShowReport/data
2025-06-13,510300,950.089877,上交所,https://query.sse.com.cn/commonQuery.do
2025-06-13,510310,688.560440,上交所,https://query.sse.com.cn/commonQuery.do
2025-06-13,510330,482.645498,上交所,https://query.sse.com.cn/commonQuery.do
2025-06-16,159919,418.493166,深交所,https://www.szse.cn/api/report/ShowReport/data
2025-06-16,510300,954.337877,上交所,https://query.sse.com.cn/commonQuery.do
2025-06-16,510310,689.172440,上交所,https://query.sse.com.cn/commonQuery.do
2025-06-16,510330,482.663498,上交所,https://query.sse.com.cn/commonQuery.do
2025-06-17,159919,418.484166,深交所,https://www.szse.cn/api/report/ShowReport/data
2025-06-17,510300,953.806877,上交所,https://query.sse.com.cn/commonQuery.do
2025-06-17,510310,688.821440,上交所,https://query.sse.com.cn/commonQuery.do
2025-06-17,510330,482.645498,上交所,https://query.sse.com.cn/commonQuery.do
2025-06-18,159919,418.457166,深交所,https://www.szse.cn/api/report/ShowReport/data
2025-06-18,510300,953.365877,上交所,https://query.sse.com.cn/commonQuery.do
2025-06-18,510310,688.560440,上交所,https://query.sse.com.cn/commonQuery.do
2025-06-18,510330,482.564498,上交所,https://query.sse.com.cn/commonQuery.do
2025-06-19,159919,418.349166,深交所,https://www.szse.cn/api/report/ShowReport/data
2025-06-19,510300,952.168877,上交所,https://query.sse.com.cn/commonQuery.do
2025-06-19,510310,687.696440,上交所,https://query.sse.com.cn/commonQuery.do
2025-06-19,510330,482.339498,上交所,https://query.sse.com.cn/commonQuery.do
2025-06-20,159919,418.052166,深交所,https://www.szse.cn/api/report/ShowReport/data
2025-06-20,510300,951.592877,上交所,https://query.sse.com.cn/commonQuery.do
2025-06-20,510310,688.083440,上交所,https://query.sse.com.cn/commonQuery.do
2025-06-20,510330,482.339498,上交所,https://query.sse.com.cn/commonQuery.do
2025-06-23,159919,418.079166,深交所,https://www.szse.cn/api/report/ShowReport/data
2025-06-23,510300,954.553877,上交所,https://query.sse.com.cn/commonQuery.do
2025-06-23,510310,688.974440,上交所,https://query.sse.com.cn/commonQuery.do
2025-06-23,510330,482.510498,上交所,https://query.sse.com.cn/commonQuery.do
2025-06-24,159919,416.882166,深交所,https://www.szse.cn/api/report/ShowReport/data
2025-06-24,510300,957.316877,上交所,https://query.sse.com.cn/commonQuery.do
2025-06-24,510310,689.172440,上交所,https://query.sse.com.cn/commonQuery.do
2025-06-24,510330,482.285498,上交所,https://query.sse.com.cn/commonQuery.do
2025-06-25,159919,415.910166,深交所,https://www.szse.cn/api/report/ShowReport/data
2025-06-25,510300,953.689877,上交所,https://query.sse.com.cn/commonQuery.do
2025-06-25,510310,688.326440,上交所,https://query.sse.com.cn/commonQuery.do
2025-06-25,510330,482.087498,上交所,https://query.sse.com.cn/commonQuery.do
2025-06-26,159919,414.695166,深交所,https://www.szse.cn/api/report/ShowReport/data
2025-06-26,510300,950.188877,上交所,https://query.sse.com.cn/commonQuery.do
2025-06-26,510310,687.273440,上交所,https://query.sse.com.cn/commonQuery.do
2025-06-26,510330,481.574498,上交所,https://query.sse.com.cn/commonQuery.do
2025-06-27,159919,413.903166,深交所,https://www.szse.cn/api/report/ShowReport/data
2025-06-27,510300,947.164877,上交所,https://query.sse.com.cn/commonQuery.do
2025-06-27,510310,685.158440,上交所,https://query.sse.com.cn/commonQuery.do
2025-06-27,510330,480.422498,上交所,https://query.sse.com.cn/commonQuery.do
2025-06-30,159919,412.409166,深交所,https://www.szse.cn/api/report/ShowReport/data
2025-06-30,510300,940.423877,上交所,https://query.sse.com.cn/commonQuery.do
2025-06-30,510310,682.683440,上交所,https://query.sse.com.cn/commonQuery.do
2025-06-30,510330,479.657498,上交所,https://query.sse.com.cn/commonQuery.do
2025-07-01,159919,411.896166,深交所,https://www.szse.cn/api/report/ShowReport/data
2025-07-01,510300,936.751877,上交所,https://query.sse.com.cn/commonQuery.do
2025-07-01,510310,682.377440,上交所,https://query.sse.com.cn/commonQuery.do
2025-07-01,510330,479.576498,上交所,https://query.sse.com.cn/commonQuery.do
2025-07-02,159919,411.779166,深交所,https://www.szse.cn/api/report/ShowReport/data
2025-07-02,510300,935.230877,上交所,https://query.sse.com.cn/commonQuery.do
2025-07-02,510310,682.269440,上交所,https://query.sse.com.cn/commonQuery.do
2025-07-02,510330,479.450498,上交所,https://query.sse.com.cn/commonQuery.do
2025-07-03,159919,411.599166,深交所,https://www.szse.cn/api/report/ShowReport/data
2025-07-03,510300,933.052877,上交所,https://query.sse.com.cn/commonQuery.do
2025-07-03,510310,682.026440,上交所,https://query.sse.com.cn/commonQuery.do
2025-07-03,510330,479.342498,上交所,https://query.sse.com.cn/commonQuery.do
2025-07-04,159919,411.167166,深交所,https://www.szse.cn/api/report/ShowReport/data
2025-07-04,510300,930.613877,上交所,https://query.sse.com.cn/commonQuery.do
2025-07-04,510310,681.630440,上交所,https://query.sse.com.cn/commonQuery.do
2025-07-04,510330,479.270498,上交所,https://query.sse.com.cn/commonQuery.do
2025-07-07,159919,411.167166,深交所,https://www.szse.cn/api/report/ShowReport/data
2025-07-07,510300,930.586877,上交所,https://query.sse.com.cn/commonQuery.do
2025-07-07,510310,681.126440,上交所,https://query.sse.com.cn/commonQuery.do
2025-07-07,510330,478.775498,上交所,https://query.sse.com.cn/commonQuery.do
2025-07-08,159919,411.338166,深交所,https://www.szse.cn/api/report/ShowReport/data
2025-07-08,510300,931.918877,上交所,https://query.sse.com.cn/commonQuery.do
2025-07-08,510310,681.387440,上交所,https://query.sse.com.cn/commonQuery.do
2025-07-08,510330,478.937498,上交所,https://query.sse.com.cn/commonQuery.do
2025-07-09,159919,411.311166,深交所,https://www.szse.cn/api/report/ShowReport/data
2025-07-09,510300,930.505877,上交所,https://query.sse.com.cn/commonQuery.do
2025-07-09,510310,680.640440,上交所,https://query.sse.com.cn/commonQuery.do
2025-07-09,510330,478.721498,上交所,https://query.sse.com.cn/commonQuery.do
2025-07-10,159919,411.320166,深交所,https://www.szse.cn/api/report/ShowReport/data
2025-07-10,510300,929.542877,上交所,https://query.sse.com.cn/commonQuery.do
2025-07-10,510310,680.451440,上交所,https://query.sse.com.cn/commonQuery.do
2025-07-10,510330,478.415498,上交所,https://query.sse.com.cn/commonQuery.do
2025-07-11,159919,411.410166,深交所,https://www.szse.cn/api/report/ShowReport/data
2025-07-11,510300,932.494877,上交所,https://query.sse.com.cn/commonQuery.do
2025-07-11,510310,680.334440,上交所,https://query.sse.com.cn/commonQuery.do
2025-07-11,510330,478.406498,上交所,https://query.sse.com.cn/commonQuery.do
2025-07-14,159919,411.293166,深交所,https://www.szse.cn/api/report/ShowReport/data
2025-07-14,510300,929.317877,上交所,https://query.sse.com.cn/commonQuery.do
2025-07-14,510310,679.047440,上交所,https://query.sse.com.cn/commonQuery.do
2025-07-14,510330,478.082498,上交所,https://query.sse.com.cn/commonQuery.do
2025-07-15,159919,410.861166,深交所,https://www.szse.cn/api/report/ShowReport/data
2025-07-15,510300,926.266877,上交所,https://query.sse.com.cn/commonQuery.do
2025-07-15,510310,678.120440,上交所,https://query.sse.com.cn/commonQuery.do
2025-07-15,510330,477.812498,上交所,https://query.sse.com.cn/commonQuery.do
2025-07-16,159919,410.843166,深交所,https://www.szse.cn/api/report/ShowReport/data
2025-07-16,510300,925.636877,上交所,https://query.sse.com.cn/commonQuery.do
2025-07-16,510310,678.030440,上交所,https://query.sse.com.cn/commonQuery.do
2025-07-16,510330,477.668498,上交所,https://query.sse.com.cn/commonQuery.do
2025-07-17,159919,410.699166,深交所,https://www.szse.cn/api/report/ShowReport/data
2025-07-17,510300,924.817877,上交所,https://query.sse.com.cn/commonQuery.do
2025-07-17,510310,677.292440,上交所,https://query.sse.com.cn/commonQuery.do
2025-07-17,510330,477.443498,上交所,https://query.sse.com.cn/commonQuery.do
2025-07-18,159919,410.420166,深交所,https://www.szse.cn/api/report/ShowReport/data
2025-07-18,510300,924.529877,上交所,https://query.sse.com.cn/commonQuery.do
2025-07-18,510310,676.374440,上交所,https://query.sse.com.cn/commonQuery.do
2025-07-18,510330,477.137498,上交所,https://query.sse.com.cn/commonQuery.do
2025-07-21,159919,410.447166,深交所,https://www.szse.cn/api/report/ShowReport/data
2025-07-21,510300,924.043877,上交所,https://query.sse.com.cn/commonQuery.do
2025-07-21,510310,676.968440,上交所,https://query.sse.com.cn/commonQuery.do
2025-07-21,510330,476.930498,上交所,https://query.sse.com.cn/commonQuery.do
2025-07-22,159919,410.276166,深交所,https://www.szse.cn/api/report/ShowReport/data
2025-07-22,510300,923.062877,上交所,https://query.sse.com.cn/commonQuery.do
2025-07-22,510310,677.004440,上交所,https://query.sse.com.cn/commonQuery.do
2025-07-22,510330,476.741498,上交所,https://query.sse.com.cn/commonQuery.do
2025-07-23,159919,410.303166,深交所,https://www.szse.cn/api/report/ShowReport/data
2025-07-23,510300,924.232877,上交所,https://query.sse.com.cn/commonQuery.do
2025-07-23,510310,677.157440,上交所,https://query.sse.com.cn/commonQuery.do
2025-07-23,510330,477.011498,上交所,https://query.sse.com.cn/commonQuery.do
2025-07-24,159919,410.438166,深交所,https://www.szse.cn/api/report/ShowReport/data
2025-07-24,510300,927.256877,上交所,https://query.sse.com.cn/commonQuery.do
2025-07-24,510310,677.454440,上交所,https://query.sse.com.cn/commonQuery.do
2025-07-24,510330,477.092498,上交所,https://query.sse.com.cn/commonQuery.do
2025-07-25,159919,410.474166,深交所,https://www.szse.cn/api/report/ShowReport/data
2025-07-25,510300,927.544877,上交所,https://query.sse.com.cn/commonQuery.do
2025-07-25,510310,677.175440,上交所,https://query.sse.com.cn/commonQuery.do
2025-07-25,510330,476.885498,上交所,https://query.sse.com.cn/commonQuery.do
2025-07-28,159919,410.195166,深交所,https://www.szse.cn/api/report/ShowReport/data
2025-07-28,510300,925.510877,上交所,https://query.sse.com.cn/commonQuery.do
2025-07-28,510310,675.834440,上交所,https://query.sse.com.cn/commonQuery.do
2025-07-28,510330,476.372498,上交所,https://query.sse.com.cn/commonQuery.do
2025-07-29,159919,409.484166,深交所,https://www.szse.cn/api/report/ShowReport/data
2025-07-29,510300,921.631877,上交所,https://query.sse.com.cn/commonQuery.do
2025-07-29,510310,674.763440,上交所,https://query.sse.com.cn/commonQuery.do
2025-07-29,510330,475.976498,上交所,https://query.sse.com.cn/commonQuery.do
2025-07-30,159919,408.827166,深交所,https://www.szse.cn/api/report/ShowReport/data
2025-07-30,510300,918.454877,上交所,https://query.sse.com.cn/commonQuery.do
2025-07-30,510310,674.061440,上交所,https://query.sse.com.cn/commonQuery.do
2025-07-30,510330,475.490498,上交所,https://query.sse.com.cn/commonQuery.do
2025-07-31,159919,408.251166,深交所,https://www.szse.cn/api/report/ShowReport/data
2025-07-31,510300,916.762877,上交所,https://query.sse.com.cn/commonQuery.do
2025-07-31,510310,673.152440,上交所,https://query.sse.com.cn/commonQuery.do
2025-07-31,510330,475.139498,上交所,https://query.sse.com.cn/commonQuery.do
2025-08-01,159919,408.134166,深交所,https://www.szse.cn/api/report/ShowReport/data
2025-08-01,510300,915.835877,上交所,https://query.sse.com.cn/commonQuery.do
2025-08-01,510310,673.449440,上交所,https://query.sse.com.cn/commonQuery.do
2025-08-01,510330,475.202498,上交所,https://query.sse.com.cn/commonQuery.do
2025-08-04,159919,408.125166,深交所,https://www.szse.cn/api/report/ShowReport/data
2025-08-04,510300,915.808877,上交所,https://query.sse.com.cn/commonQuery.do
2025-08-04,510310,673.305440,上交所,https://query.sse.com.cn/commonQuery.do
2025-08-04,510330,475.175498,上交所,https://query.sse.com.cn/commonQuery.do
2025-08-05,159919,407.891166,深交所,https://www.szse.cn/api/report/ShowReport/data
2025-08-05,510300,915.250877,上交所,https://query.sse.com.cn/commonQuery.do
2025-08-05,510310,672.945440,上交所,https://query.sse.com.cn/commonQuery.do
2025-08-05,510330,474.896498,上交所,https://query.sse.com.cn/commonQuery.do
2025-08-06,159919,407.900166,深交所,https://www.szse.cn/api/report/ShowReport/data
2025-08-06,510300,916.132877,上交所,https://query.sse.com.cn/commonQuery.do
2025-08-06,510310,673.170440,上交所,https://query.sse.com.cn/commonQuery.do
2025-08-06,510330,474.914498,上交所,https://query.sse.com.cn/commonQuery.do
2025-08-07,159919,407.612166,深交所,https://www.szse.cn/api/report/ShowReport/data
2025-08-07,510300,914.593877,上交所,https://query.sse.com.cn/commonQuery.do
2025-08-07,510310,672.378440,上交所,https://query.sse.com.cn/commonQuery.do
2025-08-07,510330,474.689498,上交所,https://query.sse.com.cn/commonQuery.do
2025-08-08,159919,407.279166,深交所,https://www.szse.cn/api/report/ShowReport/data
2025-08-08,510300,913.153877,上交所,https://query.sse.com.cn/commonQuery.do
2025-08-08,510310,671.658440,上交所,https://query.sse.com.cn/commonQuery.do
2025-08-08,510330,474.716498,上交所,https://query.sse.com.cn/commonQuery.do
2025-08-11,159919,407.468166,深交所,https://www.szse.cn/api/report/ShowReport/data
2025-08-11,510300,914.089877,上交所,https://query.sse.com.cn/commonQuery.do
2025-08-11,510310,671.874440,上交所,https://query.sse.com.cn/commonQuery.do
2025-08-11,510330,474.653498,上交所,https://query.sse.com.cn/commonQuery.do
2025-08-12,159919,407.603166,深交所,https://www.szse.cn/api/report/ShowReport/data
2025-08-12,510300,914.071877,上交所,https://query.sse.com.cn/commonQuery.do
2025-08-12,510310,671.847440,上交所,https://query.sse.com.cn/commonQuery.do
2025-08-12,510330,474.554498,上交所,https://query.sse.com.cn/commonQuery.do
2025-08-13,159919,407.657166,深交所,https://www.szse.cn/api/report/ShowReport/data
2025-08-13,510300,915.502877,上交所,https://query.sse.com.cn/commonQuery.do
2025-08-13,510310,672.765440,上交所,https://query.sse.com.cn/commonQuery.do
2025-08-13,510330,474.725498,上交所,https://query.sse.com.cn/commonQuery.do
2025-08-14,159919,407.585166,深交所,https://www.szse.cn/api/report/ShowReport/data
2025-08-14,510300,914.098877,上交所,https://query.sse.com.cn/commonQuery.do
2025-08-14,510310,672.459440,上交所,https://query.sse.com.cn/commonQuery.do
2025-08-14,510330,474.365498,上交所,https://query.sse.com.cn/commonQuery.do
2025-08-15,159919,408.080166,深交所,https://www.szse.cn/api/report/ShowReport/data
2025-08-15,510300,917.833877,上交所,https://query.sse.com.cn/commonQuery.do
2025-08-15,510310,672.927440,上交所,https://query.sse.com.cn/commonQuery.do
2025-08-15,510330,474.599498,上交所,https://query.sse.com.cn/commonQuery.do
2025-08-18,159919,408.125166,深交所,https://www.szse.cn/api/report/ShowReport/data
2025-08-18,510300,917.698877,上交所,https://query.sse.com.cn/commonQuery.do
2025-08-18,510310,672.648440,上交所,https://query.sse.com.cn/commonQuery.do
2025-08-18,510330,474.320498,上交所,https://query.sse.com.cn/commonQuery.do
2025-08-19,159919,408.116166,深交所,https://www.szse.cn/api/report/ShowReport/data
2025-08-19,510300,916.843877,上交所,https://query.sse.com.cn/commonQuery.do
2025-08-19,510310,672.081440,上交所,https://query.sse.com.cn/commonQuery.do
2025-08-19,510330,473.816498,上交所,https://query.sse.com.cn/commonQuery.do
2025-08-20,159919,407.477166,深交所,https://www.szse.cn/api/report/ShowReport/data
2025-08-20,510300,910.354877,上交所,https://query.sse.com.cn/commonQuery.do
2025-08-20,510310,671.118440,上交所,https://query.sse.com.cn/commonQuery.do
2025-08-20,510330,473.231498,上交所,https://query.sse.com.cn/commonQuery.do
2025-08-21,159919,406.811166,深交所,https://www.szse.cn/api/report/ShowReport/data
2025-08-21,510300,908.716877,上交所,https://query.sse.com.cn/commonQuery.do
2025-08-21,510310,670.443440,上交所,https://query.sse.com.cn/commonQuery.do
2025-08-21,510330,472.997498,上交所,https://query.sse.com.cn/commonQuery.do
2025-08-22,159919,407.189166,深交所,https://www.szse.cn/api/report/ShowReport/data
2025-08-22,510300,914.872877,上交所,https://query.sse.com.cn/commonQuery.do
2025-08-22,510310,671.280440,上交所,https://query.sse.com.cn/commonQuery.do
2025-08-22,510330,473.411498,上交所,https://query.sse.com.cn/commonQuery.do
2025-08-25,159919,407.612166,深交所,https://www.szse.cn/api/report/ShowReport/data
2025-08-25,510300,916.978877,上交所,https://query.sse.com.cn/commonQuery.do
2025-08-25,510310,672.675440,上交所,https://query.sse.com.cn/commonQuery.do
2025-08-25,510330,473.537498,上交所,https://query.sse.com.cn/commonQuery.do
2025-08-26,159919,408.134166,深交所,https://www.szse.cn/api/report/ShowReport/data
2025-08-26,510300,918.103877,上交所,https://query.sse.com.cn/commonQuery.do
2025-08-26,510310,673.179440,上交所,https://query.sse.com.cn/commonQuery.do
2025-08-26,510330,474.473498,上交所,https://query.sse.com.cn/commonQuery.do
2025-08-27,159919,408.422166,深交所,https://www.szse.cn/api/report/ShowReport/data
2025-08-27,510300,915.646877,上交所,https://query.sse.com.cn/commonQuery.do
2025-08-27,510310,672.900440,上交所,https://query.sse.com.cn/commonQuery.do
2025-08-27,510330,474.464498,上交所,https://query.sse.com.cn/commonQuery.do
2025-08-28,159919,408.251166,深交所,https://www.szse.cn/api/report/ShowReport/data
2025-08-28,510300,914.341877,上交所,https://query.sse.com.cn/commonQuery.do
2025-08-28,510310,673.854440,上交所,https://query.sse.com.cn/commonQuery.do
2025-08-28,510330,474.356498,上交所,https://query.sse.com.cn/commonQuery.do
2025-08-29,159919,408.206166,深交所,https://www.szse.cn/api/report/ShowReport/data
2025-08-29,510300,913.981877,上交所,https://query.sse.com.cn/commonQuery.do
2025-08-29,510310,673.908440,上交所,https://query.sse.com.cn/commonQuery.do
2025-08-29,510330,474.248498,上交所,https://query.sse.com.cn/commonQuery.do
2025-09-01,159919,407.900166,深交所,https://www.szse.cn/api/report/ShowReport/data
2025-09-01,510300,908.851877,上交所,https://query.sse.com.cn/commonQuery.do
2025-09-01,510310,673.044440,上交所,https://query.sse.com.cn/commonQuery.do
2025-09-01,510330,473.807498,上交所,https://query.sse.com.cn/commonQuery.do
2025-09-02,159919,407.513166,深交所,https://www.szse.cn/api/report/ShowReport/data
2025-09-02,510300,906.421877,上交所,https://query.sse.com.cn/commonQuery.do
2025-09-02,510310,672.828440,上交所,https://query.sse.com.cn/commonQuery.do
2025-09-02,510330,473.726498,上交所,https://query.sse.com.cn/commonQuery.do
2025-09-03,159919,407.162166,深交所,https://www.szse.cn/api/report/ShowReport/data
2025-09-03,510300,903.937877,上交所,https://query.sse.com.cn/commonQuery.do
2025-09-03,510310,672.846440,上交所,https://query.sse.com.cn/commonQuery.do
2025-09-03,510330,473.789498,上交所,https://query.sse.com.cn/commonQuery.do
2025-09-04,159919,408.062166,深交所,https://www.szse.cn/api/report/ShowReport/data
2025-09-04,510300,907.780877,上交所,https://query.sse.com.cn/commonQuery.do
2025-09-04,510310,673.188440,上交所,https://query.sse.com.cn/commonQuery.do
2025-09-04,510330,474.059498,上交所,https://query.sse.com.cn/commonQuery.do
2025-09-05,159919,408.764166,深交所,https://www.szse.cn/api/report/ShowReport/data
2025-09-05,510300,909.760877,上交所,https://query.sse.com.cn/commonQuery.do
2025-09-05,510310,673.269440,上交所,https://query.sse.com.cn/commonQuery.do
2025-09-05,510330,474.284498,上交所,https://query.sse.com.cn/commonQuery.do
2025-09-08,159919,408.008166,深交所,https://www.szse.cn/api/report/ShowReport/data
2025-09-08,510300,904.720877,上交所,https://query.sse.com.cn/commonQuery.do
2025-09-08,510310,672.954440,上交所,https://query.sse.com.cn/commonQuery.do
2025-09-08,510330,475.004498,上交所,https://query.sse.com.cn/commonQuery.do
2025-09-09,159919,407.783166,深交所,https://www.szse.cn/api/report/ShowReport/data
2025-09-09,510300,902.281877,上交所,https://query.sse.com.cn/commonQuery.do
2025-09-09,510310,671.694440,上交所,https://query.sse.com.cn/commonQuery.do
2025-09-09,510330,474.761498,上交所,https://query.sse.com.cn/commonQuery.do
2025-09-10,159919,407.522166,深交所,https://www.szse.cn/api/report/ShowReport/data
2025-09-10,510300,899.761877,上交所,https://query.sse.com.cn/commonQuery.do
2025-09-10,510310,671.289440,上交所,https://query.sse.com.cn/commonQuery.do
2025-09-10,510330,474.644498,上交所,https://query.sse.com.cn/commonQuery.do
2025-09-11,159919,407.531166,深交所,https://www.szse.cn/api/report/ShowReport/data
2025-09-11,510300,901.120877,上交所,https://query.sse.com.cn/commonQuery.do
2025-09-11,510310,671.370440,上交所,https://query.sse.com.cn/commonQuery.do
2025-09-11,510330,474.815498,上交所,https://query.sse.com.cn/commonQuery.do
2025-09-12,159919,407.765166,深交所,https://www.szse.cn/api/report/ShowReport/data
2025-09-12,510300,904.333877,上交所,https://query.sse.com.cn/commonQuery.do
2025-09-12,510310,671.307440,上交所,https://query.sse.com.cn/commonQuery.do
2025-09-12,510330,474.797498,上交所,https://query.sse.com.cn/commonQuery.do
2025-09-15,159919,407.738166,深交所,https://www.szse.cn/api/report/ShowReport/data
2025-09-15,510300,902.380877,上交所,https://query.sse.com.cn/commonQuery.do
2025-09-15,510310,670.605440,上交所,https://query.sse.com.cn/commonQuery.do
2025-09-15,510330,474.617498,上交所,https://query.sse.com.cn/commonQuery.do
2025-09-16,159919,407.765166,深交所,https://www.szse.cn/api/report/ShowReport/data
2025-09-16,510300,902.137877,上交所,https://query.sse.com.cn/commonQuery.do
2025-09-16,510310,670.587440,上交所,https://query.sse.com.cn/commonQuery.do
2025-09-16,510330,474.572498,上交所,https://query.sse.com.cn/commonQuery.do
2025-09-17,159919,408.026166,深交所,https://www.szse.cn/api/report/ShowReport/data
2025-09-17,510300,902.857877,上交所,https://query.sse.com.cn/commonQuery.do
2025-09-17,510310,670.524440,上交所,https://query.sse.com.cn/commonQuery.do
2025-09-17,510330,474.554498,上交所,https://query.sse.com.cn/commonQuery.do
2025-09-18,159919,407.954166,深交所,https://www.szse.cn/api/report/ShowReport/data
2025-09-18,510300,901.066877,上交所,https://query.sse.com.cn/commonQuery.do
2025-09-18,510310,669.714440,上交所,https://query.sse.com.cn/commonQuery.do
2025-09-18,510330,474.158498,上交所,https://query.sse.com.cn/commonQuery.do
2025-09-19,159919,408.179166,深交所,https://www.szse.cn/api/report/ShowReport/data
2025-09-19,510300,900.814877,上交所,https://query.sse.com.cn/commonQuery.do
2025-09-19,510310,669.669440,上交所,https://query.sse.com.cn/commonQuery.do
2025-09-19,510330,474.122498,上交所,https://query.sse.com.cn/commonQuery.do
2025-09-22,159919,407.837166,深交所,https://www.szse.cn/api/report/ShowReport/data
2025-09-22,510300,899.518877,上交所,https://query.sse.com.cn/commonQuery.do
2025-09-22,510310,668.391440,上交所,https://query.sse.com.cn/commonQuery.do
2025-09-22,510330,473.753498,上交所,https://query.sse.com.cn/commonQuery.do
2025-09-23,159919,407.450166,深交所,https://www.szse.cn/api/report/ShowReport/data
2025-09-23,510300,896.629877,上交所,https://query.sse.com.cn/commonQuery.do
2025-09-23,510310,667.572440,上交所,https://query.sse.com.cn/commonQuery.do
2025-09-23,510330,473.573498,上交所,https://query.sse.com.cn/commonQuery.do
2025-09-24,159919,407.108166,深交所,https://www.szse.cn/api/report/ShowReport/data
2025-09-24,510300,895.783877,上交所,https://query.sse.com.cn/commonQuery.do
2025-09-24,510310,667.239440,上交所,https://query.sse.com.cn/commonQuery.do
2025-09-24,510330,473.537498,上交所,https://query.sse.com.cn/commonQuery.do
2025-09-25,159919,406.973166,深交所,https://www.szse.cn/api/report/ShowReport/data
2025-09-25,510300,894.487877,上交所,https://query.sse.com.cn/commonQuery.do
2025-09-25,510310,666.924440,上交所,https://query.sse.com.cn/commonQuery.do
2025-09-25,510330,473.429498,上交所,https://query.sse.com.cn/commonQuery.do
2025-09-26,159919,407.135166,深交所,https://www.szse.cn/api/report/ShowReport/data
2025-09-26,510300,895.981877,上交所,https://query.sse.com.cn/commonQuery.do
2025-09-26,510310,666.834440,上交所,https://query.sse.com.cn/commonQuery.do
2025-09-26,510330,473.501498,上交所,https://query.sse.com.cn/commonQuery.do
2025-09-29,159919,407.567166,深交所,https://www.szse.cn/api/report/ShowReport/data
2025-09-29,510300,896.575877,上交所,https://query.sse.com.cn/commonQuery.do
2025-09-29,510310,667.374440,上交所,https://query.sse.com.cn/commonQuery.do
2025-09-29,510330,473.897498,上交所,https://query.sse.com.cn/commonQuery.do
2025-09-30,159919,408.071166,深交所,https://www.szse.cn/api/report/ShowReport/data
2025-09-30,510300,897.160877,上交所,https://query.sse.com.cn/commonQuery.do
2025-09-30,510310,667.284440,上交所,https://query.sse.com.cn/commonQuery.do
2025-09-30,510330,473.942498,上交所,https://query.sse.com.cn/commonQuery.do
2025-10-09,159919,408.233166,深交所,https://www.szse.cn/api/report/ShowReport/data
2025-10-09,510300,899.608877,上交所,https://query.sse.com.cn/commonQuery.do
2025-10-09,510310,667.977440,上交所,https://query.sse.com.cn/commonQuery.do
2025-10-09,510330,473.969498,上交所,https://query.sse.com.cn/commonQuery.do
2025-10-10,159919,408.251166,深交所,https://www.szse.cn/api/report/ShowReport/data
2025-10-10,510300,902.947877,上交所,https://query.sse.com.cn/commonQuery.do
2025-10-10,510310,667.410440,上交所,https://query.sse.com.cn/commonQuery.do
2025-10-10,510330,473.987498,上交所,https://query.sse.com.cn/commonQuery.do
2025-10-13,159919,408.809166,深交所,https://www.szse.cn/api/report/ShowReport/data
2025-10-13,510300,901.885877,上交所,https://query.sse.com.cn/commonQuery.do
2025-10-13,510310,669.813440,上交所,https://query.sse.com.cn/commonQuery.do
2025-10-13,510330,474.293498,上交所,https://query.sse.com.cn/commonQuery.do
2025-10-14,159919,408.260166,深交所,https://www.szse.cn/api/report/ShowReport/data
2025-10-14,510300,897.007877,上交所,https://query.sse.com.cn/commonQuery.do
2025-10-14,510310,669.543440,上交所,https://query.sse.com.cn/commonQuery.do
2025-10-14,510330,474.131498,上交所,https://query.sse.com.cn/commonQuery.do
2025-10-15,159919,408.962166,深交所,https://www.szse.cn/api/report/ShowReport/data
2025-10-15,510300,899.743877,上交所,https://query.sse.com.cn/commonQuery.do
2025-10-15,510310,669.966440,上交所,https://query.sse.com.cn/commonQuery.do
2025-10-15,510330,474.194498,上交所,https://query.sse.com.cn/commonQuery.do
2025-10-16,159919,408.629166,深交所,https://www.szse.cn/api/report/ShowReport/data
2025-10-16,510300,897.052877,上交所,https://query.sse.com.cn/commonQuery.do
2025-10-16,510310,670.092440,上交所,https://query.sse.com.cn/commonQuery.do
2025-10-16,510330,473.978498,上交所,https://query.sse.com.cn/commonQuery.do
2025-10-17,159919,408.728166,深交所,https://www.szse.cn/api/report/ShowReport/data
2025-10-17,510300,897.475877,上交所,https://query.sse.com.cn/commonQuery.do
2025-10-17,510310,670.722440,上交所,https://query.sse.com.cn/commonQuery.do
2025-10-17,510330,474.041498,上交所,https://query.sse.com.cn/commonQuery.do
2025-10-20,159919,408.980166,深交所,https://www.szse.cn/api/report/ShowReport/data
2025-10-20,510300,899.545877,上交所,https://query.sse.com.cn/commonQuery.do
2025-10-20,510310,671.082440,上交所,https://query.sse.com.cn/commonQuery.do
2025-10-20,510330,474.176498,上交所,https://query.sse.com.cn/commonQuery.do
2025-10-21,159919,408.062166,深交所,https://www.szse.cn/api/report/ShowReport/data
2025-10-21,510300,897.934877,上交所,https://query.sse.com.cn/commonQuery.do
2025-10-21,510310,670.479440,上交所,https://query.sse.com.cn/commonQuery.do
2025-10-21,510330,474.095498,上交所,https://query.sse.com.cn/commonQuery.do
2025-10-22,159919,407.639166,深交所,https://www.szse.cn/api/report/ShowReport/data
2025-10-22,510300,896.314877,上交所,https://query.sse.com.cn/commonQuery.do
2025-10-22,510310,669.795440,上交所,https://query.sse.com.cn/commonQuery.do
2025-10-22,510330,474.077498,上交所,https://query.sse.com.cn/commonQuery.do
2025-10-23,159919,407.342166,深交所,https://www.szse.cn/api/report/ShowReport/data
2025-10-23,510300,894.406877,上交所,https://query.sse.com.cn/commonQuery.do
2025-10-23,510310,669.201440,上交所,https://query.sse.com.cn/commonQuery.do
2025-10-23,510330,474.095498,上交所,https://query.sse.com.cn/commonQuery.do
2025-10-24,159919,406.334166,深交所,https://www.szse.cn/api/report/ShowReport/data
2025-10-24,510300,892.759877,上交所,https://query.sse.com.cn/commonQuery.do
2025-10-24,510310,668.697440,上交所,https://query.sse.com.cn/commonQuery.do
2025-10-24,510330,474.185498,上交所,https://query.sse.com.cn/commonQuery.do
2025-10-27,159919,405.803166,深交所,https://www.szse.cn/api/report/ShowReport/data
2025-10-27,510300,891.553877,上交所,https://query.sse.com.cn/commonQuery.do
2025-10-27,510310,668.355440,上交所,https://query.sse.com.cn/commonQuery.do
2025-10-27,510330,474.518498,上交所,https://query.sse.com.cn/commonQuery.do
2025-10-28,159919,406.406166,深交所,https://www.szse.cn/api/report/ShowReport/data
2025-10-28,510300,894.640877,上交所,https://query.sse.com.cn/commonQuery.do
2025-10-28,510310,668.571440,上交所,https://query.sse.com.cn/commonQuery.do
2025-10-28,510330,474.662498,上交所,https://query.sse.com.cn/commonQuery.do
2025-10-29,159919,406.469166,深交所,https://www.szse.cn/api/report/ShowReport/data
2025-10-29,510300,895.873877,上交所,https://query.sse.com.cn/commonQuery.do
2025-10-29,510310,668.841440,上交所,https://query.sse.com.cn/commonQuery.do
2025-10-29,510330,474.806498,上交所,https://query.sse.com.cn/commonQuery.do
2025-10-30,159919,406.127166,深交所,https://www.szse.cn/api/report/ShowReport/data
2025-10-30,510300,894.442877,上交所,https://query.sse.com.cn/commonQuery.do
2025-10-30,510310,668.517440,上交所,https://query.sse.com.cn/commonQuery.do
2025-10-30,510330,474.698498,上交所,https://query.sse.com.cn/commonQuery.do
2025-10-31,159919,407.549166,深交所,https://www.szse.cn/api/report/ShowReport/data
2025-10-31,510300,905.071877,上交所,https://query.sse.com.cn/commonQuery.do
2025-10-31,510310,669.714440,上交所,https://query.sse.com.cn/commonQuery.do
2025-10-31,510330,475.076498,上交所,https://query.sse.com.cn/commonQuery.do
2025-11-03,159919,407.801166,深交所,https://www.szse.cn/api/report/ShowReport/data
2025-11-03,510300,903.685877,上交所,https://query.sse.com.cn/commonQuery.do
2025-11-03,510310,669.408440,上交所,https://query.sse.com.cn/commonQuery.do
2025-11-03,510330,475.157498,上交所,https://query.sse.com.cn/commonQuery.do
2025-11-04,159919,407.720166,深交所,https://www.szse.cn/api/report/ShowReport/data
2025-11-04,510300,897.070877,上交所,https://query.sse.com.cn/commonQuery.do
2025-11-04,510310,667.320440,上交所,https://query.sse.com.cn/commonQuery.do
2025-11-04,510330,474.500498,上交所,https://query.sse.com.cn/commonQuery.do
2025-11-05,159919,407.819166,深交所,https://www.szse.cn/api/report/ShowReport/data
2025-11-05,510300,895.558877,上交所,https://query.sse.com.cn/commonQuery.do
2025-11-05,510310,666.834440,上交所,https://query.sse.com.cn/commonQuery.do
2025-11-05,510330,474.599498,上交所,https://query.sse.com.cn/commonQuery.do
2025-11-06,159919,407.612166,深交所,https://www.szse.cn/api/report/ShowReport/data
2025-11-06,510300,893.659877,上交所,https://query.sse.com.cn/commonQuery.do
2025-11-06,510310,666.807440,上交所,https://query.sse.com.cn/commonQuery.do
2025-11-06,510330,474.212498,上交所,https://query.sse.com.cn/commonQuery.do
2025-11-07,159919,407.126166,深交所,https://www.szse.cn/api/report/ShowReport/data
2025-11-07,510300,892.012877,上交所,https://query.sse.com.cn/commonQuery.do
2025-11-07,510310,666.654440,上交所,https://query.sse.com.cn/commonQuery.do
2025-11-07,510330,473.879498,上交所,https://query.sse.com.cn/commonQuery.do
2025-11-10,159919,406.829166,深交所,https://www.szse.cn/api/report/ShowReport/data
2025-11-10,510300,892.021877,上交所,https://query.sse.com.cn/commonQuery.do
2025-11-10,510310,666.537440,上交所,https://query.sse.com.cn/commonQuery.do
2025-11-10,510330,473.744498,上交所,https://query.sse.com.cn/commonQuery.do
2025-11-11,159919,406.397166,深交所,https://www.szse.cn/api/report/ShowReport/data
2025-11-11,510300,892.057877,上交所,https://query.sse.com.cn/commonQuery.do
2025-11-11,510310,666.177440,上交所,https://query.sse.com.cn/commonQuery.do
2025-11-11,510330,473.609498,上交所,https://query.sse.com.cn/commonQuery.do
2025-11-12,159919,405.821166,深交所,https://www.szse.cn/api/report/ShowReport/data
2025-11-12,510300,892.219877,上交所,https://query.sse.com.cn/commonQuery.do
2025-11-12,510310,665.682440,上交所,https://query.sse.com.cn/commonQuery.do
2025-11-12,510330,473.402498,上交所,https://query.sse.com.cn/commonQuery.do
2025-11-13,159919,405.776166,深交所,https://www.szse.cn/api/report/ShowReport/data
2025-11-13,510300,891.373877,上交所,https://query.sse.com.cn/commonQuery.do
2025-11-13,510310,664.836440,上交所,https://query.sse.com.cn/commonQuery.do
2025-11-13,510330,473.105498,上交所,https://query.sse.com.cn/commonQuery.do
2025-11-14,159919,405.722166,深交所,https://www.szse.cn/api/report/ShowReport/data
2025-11-14,510300,892.588877,上交所,https://query.sse.com.cn/commonQuery.do
2025-11-14,510310,664.467440,上交所,https://query.sse.com.cn/commonQuery.do
2025-11-14,510330,473.042498,上交所,https://query.sse.com.cn/commonQuery.do
2025-11-17,159919,405.677166,深交所,https://www.szse.cn/api/report/ShowReport/data
2025-11-17,510300,896.107877,上交所,https://query.sse.com.cn/commonQuery.do
2025-11-17,510310,664.368440,上交所,https://query.sse.com.cn/commonQuery.do
2025-11-17,510330,473.123498,上交所,https://query.sse.com.cn/commonQuery.do
2025-11-18,159919,405.596166,深交所,https://www.szse.cn/api/report/ShowReport/data
2025-11-18,510300,897.259877,上交所,https://query.sse.com.cn/commonQuery.do
2025-11-18,510310,664.530440,上交所,https://query.sse.com.cn/commonQuery.do
2025-11-18,510330,473.015498,上交所,https://query.sse.com.cn/commonQuery.do
2025-11-19,159919,405.083166,深交所,https://www.szse.cn/api/report/ShowReport/data
2025-11-19,510300,894.694877,上交所,https://query.sse.com.cn/commonQuery.do
2025-11-19,510310,664.260440,上交所,https://query.sse.com.cn/commonQuery.do
2025-11-19,510330,472.781498,上交所,https://query.sse.com.cn/commonQuery.do
2025-11-20,159919,404.732166,深交所,https://www.szse.cn/api/report/ShowReport/data
2025-11-20,510300,893.830877,上交所,https://query.sse.com.cn/commonQuery.do
2025-11-20,510310,663.630440,上交所,https://query.sse.com.cn/commonQuery.do
2025-11-20,510330,472.340498,上交所,https://query.sse.com.cn/commonQuery.do
2025-11-21,159919,406.424166,深交所,https://www.szse.cn/api/report/ShowReport/data
2025-11-21,510300,902.254877,上交所,https://query.sse.com.cn/commonQuery.do
2025-11-21,510310,663.657440,上交所,https://query.sse.com.cn/commonQuery.do
2025-11-21,510330,472.970498,上交所,https://query.sse.com.cn/commonQuery.do
2025-11-24,159919,407.999166,深交所,https://www.szse.cn/api/report/ShowReport/data
2025-11-24,510300,910.291877,上交所,https://query.sse.com.cn/commonQuery.do
2025-11-24,510310,664.800440,上交所,https://query.sse.com.cn/commonQuery.do
2025-11-24,510330,473.699498,上交所,https://query.sse.com.cn/commonQuery.do
2025-11-25,159919,407.225166,深交所,https://www.szse.cn/api/report/ShowReport/data
2025-11-25,510300,908.104877,上交所,https://query.sse.com.cn/commonQuery.do
2025-11-25,510310,664.404440,上交所,https://query.sse.com.cn/commonQuery.do
2025-11-25,510330,473.681498,上交所,https://query.sse.com.cn/commonQuery.do
2025-11-26,159919,407.153166,深交所,https://www.szse.cn/api/report/ShowReport/data
2025-11-26,510300,902.695877,上交所,https://query.sse.com.cn/commonQuery.do
2025-11-26,510310,663.648440,上交所,https://query.sse.com.cn/commonQuery.do
2025-11-26,510330,473.996498,上交所,https://query.sse.com.cn/commonQuery.do
2025-11-27,159919,407.126166,深交所,https://www.szse.cn/api/report/ShowReport/data
2025-11-27,510300,901.822877,上交所,https://query.sse.com.cn/commonQuery.do
2025-11-27,510310,663.360440,上交所,https://query.sse.com.cn/commonQuery.do
2025-11-27,510330,474.077498,上交所,https://query.sse.com.cn/commonQuery.do
2025-11-28,159919,407.162166,深交所,https://www.szse.cn/api/report/ShowReport/data
2025-11-28,510300,901.228877,上交所,https://query.sse.com.cn/commonQuery.do
2025-11-28,510310,663.522440,上交所,https://query.sse.com.cn/commonQuery.do
2025-11-28,510330,474.086498,上交所,https://query.sse.com.cn/commonQuery.do
2025-12-01,159919,406.775166,深交所,https://www.szse.cn/api/report/ShowReport/data
2025-12-01,510300,898.195877,上交所,https://query.sse.com.cn/commonQuery.do
2025-12-01,510310,663.126440,上交所,https://query.sse.com.cn/commonQuery.do
2025-12-01,510330,474.086498,上交所,https://query.sse.com.cn/commonQuery.do
2025-12-02,159919,406.064166,深交所,https://www.szse.cn/api/report/ShowReport/data
2025-12-02,510300,897.610877,上交所,https://query.sse.com.cn/commonQuery.do
2025-12-02,510310,662.973440,上交所,https://query.sse.com.cn/commonQuery.do
2025-12-02,510330,474.338498,上交所,https://query.sse.com.cn/commonQuery.do
2025-12-03,159919,406.010166,深交所,https://www.szse.cn/api/report/ShowReport/data
2025-12-03,510300,898.177877,上交所,https://query.sse.com.cn/commonQuery.do
2025-12-03,510310,662.901440,上交所,https://query.sse.com.cn/commonQuery.do
2025-12-03,510330,474.527498,上交所,https://query.sse.com.cn/commonQuery.do
2025-12-04,159919,406.127166,深交所,https://www.szse.cn/api/report/ShowReport/data
2025-12-04,510300,899.068877,上交所,https://query.sse.com.cn/commonQuery.do
2025-12-04,510310,663.216440,上交所,https://query.sse.com.cn/commonQuery.do
2025-12-04,510330,474.752498,上交所,https://query.sse.com.cn/commonQuery.do
2025-12-05,159919,406.397166,深交所,https://www.szse.cn/api/report/ShowReport/data
2025-12-05,510300,900.427877,上交所,https://query.sse.com.cn/commonQuery.do
2025-12-05,510310,663.729440,上交所,https://query.sse.com.cn/commonQuery.do
2025-12-05,510330,474.860498,上交所,https://query.sse.com.cn/commonQuery.do
2025-12-08,159919,406.667166,深交所,https://www.szse.cn/api/report/ShowReport/data
2025-12-08,510300,902.371877,上交所,https://query.sse.com.cn/commonQuery.do
2025-12-08,510310,664.161440,上交所,https://query.sse.com.cn/commonQuery.do
2025-12-08,510330,474.986498,上交所,https://query.sse.com.cn/commonQuery.do
2025-12-09,159919,406.361166,深交所,https://www.szse.cn/api/report/ShowReport/data
2025-12-09,510300,899.077877,上交所,https://query.sse.com.cn/commonQuery.do
2025-12-09,510310,663.315440,上交所,https://query.sse.com.cn/commonQuery.do
2025-12-09,510330,474.824498,上交所,https://query.sse.com.cn/commonQuery.do
2025-12-10,159919,405.650166,深交所,https://www.szse.cn/api/report/ShowReport/data
2025-12-10,510300,897.016877,上交所,https://query.sse.com.cn/commonQuery.do
2025-12-10,510310,662.802440,上交所,https://query.sse.com.cn/commonQuery.do
2025-12-10,510330,474.716498,上交所,https://query.sse.com.cn/commonQuery.do
2025-12-11,159919,405.614166,深交所,https://www.szse.cn/api/report/ShowReport/data
2025-12-11,510300,895.009877,上交所,https://query.sse.com.cn/commonQuery.do
2025-12-11,510310,662.784440,上交所,https://query.sse.com.cn/commonQuery.do
2025-12-11,510330,474.725498,上交所,https://query.sse.com.cn/commonQuery.do
2025-12-12,159919,406.433166,深交所,https://www.szse.cn/api/report/ShowReport/data
2025-12-12,510300,900.085877,上交所,https://query.sse.com.cn/commonQuery.do
2025-12-12,510310,663.621440,上交所,https://query.sse.com.cn/commonQuery.do
2025-12-12,510330,475.301498,上交所,https://query.sse.com.cn/commonQuery.do
2025-12-15,159919,406.361166,深交所,https://www.szse.cn/api/report/ShowReport/data
2025-12-15,510300,897.799877,上交所,https://query.sse.com.cn/commonQuery.do
2025-12-15,510310,663.423440,上交所,https://query.sse.com.cn/commonQuery.do
2025-12-15,510330,475.301498,上交所,https://query.sse.com.cn/commonQuery.do
2025-12-16,159919,406.919166,深交所,https://www.szse.cn/api/report/ShowReport/data
2025-12-16,510300,897.223877,上交所,https://query.sse.com.cn/commonQuery.do
2025-12-16,510310,663.513440,上交所,https://query.sse.com.cn/commonQuery.do
2025-12-16,510330,475.364498,上交所,https://query.sse.com.cn/commonQuery.do
2025-12-17,159919,408.125166,深交所,https://www.szse.cn/api/report/ShowReport/data
2025-12-17,510300,901.606877,上交所,https://query.sse.com.cn/commonQuery.do
2025-12-17,510310,664.260440,上交所,https://query.sse.com.cn/commonQuery.do
2025-12-17,510330,475.688498,上交所,https://query.sse.com.cn/commonQuery.do
2025-12-18,159919,408.305166,深交所,https://www.szse.cn/api/report/ShowReport/data
2025-12-18,510300,902.488877,上交所,https://query.sse.com.cn/commonQuery.do
2025-12-18,510310,664.269440,上交所,https://query.sse.com.cn/commonQuery.do
2025-12-18,510330,475.751498,上交所,https://query.sse.com.cn/commonQuery.do
2025-12-19,159919,408.404166,深交所,https://www.szse.cn/api/report/ShowReport/data
2025-12-19,510300,900.346877,上交所,https://query.sse.com.cn/commonQuery.do
2025-12-19,510310,663.981440,上交所,https://query.sse.com.cn/commonQuery.do
2025-12-19,510330,475.697498,上交所,https://query.sse.com.cn/commonQuery.do
2025-12-22,159919,407.036166,深交所,https://www.szse.cn/api/report/ShowReport/data
2025-12-22,510300,895.423877,上交所,https://query.sse.com.cn/commonQuery.do
2025-12-22,510310,662.073440,上交所,https://query.sse.com.cn/commonQuery.do
2025-12-22,510330,474.689498,上交所,https://query.sse.com.cn/commonQuery.do
2025-12-23,159919,405.560166,深交所,https://www.szse.cn/api/report/ShowReport/data
2025-12-23,510300,890.401877,上交所,https://query.sse.com.cn/commonQuery.do
2025-12-23,510310,661.065440,上交所,https://query.sse.com.cn/commonQuery.do
2025-12-23,510330,474.230498,上交所,https://query.sse.com.cn/commonQuery.do
2025-12-24,159919,406.082166,深交所,https://www.szse.cn/api/report/ShowReport/data
2025-12-24,510300,891.409877,上交所,https://query.sse.com.cn/commonQuery.do
2025-12-24,510310,661.308440,上交所,https://query.sse.com.cn/commonQuery.do
2025-12-24,510330,474.185498,上交所,https://query.sse.com.cn/commonQuery.do
2025-12-25,159919,406.181166,深交所,https://www.szse.cn/api/report/ShowReport/data
2025-12-25,510300,891.517877,上交所,https://query.sse.com.cn/commonQuery.do
2025-12-25,510310,661.164440,上交所,https://query.sse.com.cn/commonQuery.do
2025-12-25,510330,474.365498,上交所,https://query.sse.com.cn/commonQuery.do
2025-12-26,159919,406.946166,深交所,https://www.szse.cn/api/report/ShowReport/data
2025-12-26,510300,893.128877,上交所,https://query.sse.com.cn/commonQuery.do
2025-12-26,510310,661.533440,上交所,https://query.sse.com.cn/commonQuery.do
2025-12-26,510330,474.824498,上交所,https://query.sse.com.cn/commonQuery.do
2025-12-29,159919,406.388166,深交所,https://www.szse.cn/api/report/ShowReport/data
2025-12-29,510300,890.221877,上交所,https://query.sse.com.cn/commonQuery.do
2025-12-29,510310,660.183440,上交所,https://query.sse.com.cn/commonQuery.do
2025-12-29,510330,474.491498,上交所,https://query.sse.com.cn/commonQuery.do
2025-12-30,159919,407.693166,深交所,https://www.szse.cn/api/report/ShowReport/data
2025-12-30,510300,890.284877,上交所,https://query.sse.com.cn/commonQuery.do
2025-12-30,510310,660.021440,上交所,https://query.sse.com.cn/commonQuery.do
2025-12-30,510330,474.599498,上交所,https://query.sse.com.cn/commonQuery.do
2025-12-31,159919,408.188166,深交所,https://www.szse.cn/api/report/ShowReport/data
2025-12-31,510300,888.295877,上交所,https://query.sse.com.cn/commonQuery.do
2025-12-31,510310,658.536440,上交所,https://query.sse.com.cn/commonQuery.do
2025-12-31,510330,474.248498,上交所,https://query.sse.com.cn/commonQuery.do
2026-01-05,159919,408.746166,深交所,https://www.szse.cn/api/report/ShowReport/data
2026-01-05,510300,890.581877,上交所,https://query.sse.com.cn/commonQuery.do
2026-01-05,510310,659.697440,上交所,https://query.sse.com.cn/commonQuery.do
2026-01-05,510330,474.590498,上交所,https://query.sse.com.cn/commonQuery.do
2026-01-06,159919,409.385166,深交所,https://www.szse.cn/api/report/ShowReport/data
2026-01-06,510300,893.443877,上交所,https://query.sse.com.cn/commonQuery.do
2026-01-06,510310,659.832440,上交所,https://query.sse.com.cn/commonQuery.do
2026-01-06,510330,474.671498,上交所,https://query.sse.com.cn/commonQuery.do
2026-01-07,159919,408.764166,深交所,https://www.szse.cn/api/report/ShowReport/data
2026-01-07,510300,890.293877,上交所,https://query.sse.com.cn/commonQuery.do
2026-01-07,510310,659.265440,上交所,https://query.sse.com.cn/commonQuery.do
2026-01-07,510330,474.068498,上交所,https://query.sse.com.cn/commonQuery.do
2026-01-08,159919,408.809166,深交所,https://www.szse.cn/api/report/ShowReport/data
2026-01-08,510300,891.427877,上交所,https://query.sse.com.cn/commonQuery.do
2026-01-08,510310,659.211440,上交所,https://query.sse.com.cn/commonQuery.do
2026-01-08,510330,474.410498,上交所,https://query.sse.com.cn/commonQuery.do
2026-01-09,159919,409.259166,深交所,https://www.szse.cn/api/report/ShowReport/data
2026-01-09,510300,895.090877,上交所,https://query.sse.com.cn/commonQuery.do
2026-01-09,510310,659.346440,上交所,https://query.sse.com.cn/commonQuery.do
2026-01-09,510330,474.752498,上交所,https://query.sse.com.cn/commonQuery.do
2026-01-12,159919,409.088166,深交所,https://www.szse.cn/api/report/ShowReport/data
2026-01-12,510300,891.544877,上交所,https://query.sse.com.cn/commonQuery.do
2026-01-12,510310,658.131440,上交所,https://query.sse.com.cn/commonQuery.do
2026-01-12,510330,474.248498,上交所,https://query.sse.com.cn/commonQuery.do
2026-01-13,159919,409.052166,深交所,https://www.szse.cn/api/report/ShowReport/data
2026-01-13,510300,888.196877,上交所,https://query.sse.com.cn/commonQuery.do
2026-01-13,510310,657.105440,上交所,https://query.sse.com.cn/commonQuery.do
2026-01-13,510330,473.870498,上交所,https://query.sse.com.cn/commonQuery.do
2026-01-14,159919,408.305166,深交所,https://www.szse.cn/api/report/ShowReport/data
2026-01-14,510300,882.427877,上交所,https://query.sse.com.cn/commonQuery.do
2026-01-14,510310,655.053440,上交所,https://query.sse.com.cn/commonQuery.do
2026-01-14,510330,472.664498,上交所,https://query.sse.com.cn/commonQuery.do
2026-01-15,159919,399.341166,深交所,https://www.szse.cn/api/report/ShowReport/data
2026-01-15,510300,841.009877,上交所,https://query.sse.com.cn/commonQuery.do
2026-01-15,510310,641.139440,上交所,https://query.sse.com.cn/commonQuery.do
2026-01-15,510330,464.735498,上交所,https://query.sse.com.cn/commonQuery.do
2026-01-16,159919,385.841166,深交所,https://www.szse.cn/api/report/ShowReport/data
2026-01-16,510300,797.602877,上交所,https://query.sse.com.cn/commonQuery.do
2026-01-16,510310,624.147440,上交所,https://query.sse.com.cn/commonQuery.do
2026-01-16,510330,420.104498,上交所,https://query.sse.com.cn/commonQuery.do
2026-01-19,159919,368.750166,深交所,https://www.szse.cn/api/report/ShowReport/data
2026-01-19,510300,778.630877,上交所,https://query.sse.com.cn/commonQuery.do
2026-01-19,510310,612.186440,上交所,https://query.sse.com.cn/commonQuery.do
2026-01-19,510330,404.570498,上交所,https://query.sse.com.cn/commonQuery.do
2026-01-20,159919,353.819166,深交所,https://www.szse.cn/api/report/ShowReport/data
2026-01-20,510300,755.338877,上交所,https://query.sse.com.cn/commonQuery.do
2026-01-20,510310,597.183440,上交所,https://query.sse.com.cn/commonQuery.do
2026-01-20,510330,391.394498,上交所,https://query.sse.com.cn/commonQuery.do
2026-01-21,159919,326.945166,深交所,https://www.szse.cn/api/report/ShowReport/data
2026-01-21,510300,719.779877,上交所,https://query.sse.com.cn/commonQuery.do
2026-01-21,510310,566.988440,上交所,https://query.sse.com.cn/commonQuery.do
2026-01-21,510330,362.036498,上交所,https://query.sse.com.cn/commonQuery.do
2026-01-22,159919,314.174166,深交所,https://www.szse.cn/api/report/ShowReport/data
2026-01-22,510300,685.345877,上交所,https://query.sse.com.cn/commonQuery.do
2026-01-22,510310,533.553440,上交所,https://query.sse.com.cn/commonQuery.do
2026-01-22,510330,343.802498,上交所,https://query.sse.com.cn/commonQuery.do
2026-01-23,159919,290.333166,深交所,https://www.szse.cn/api/report/ShowReport/data
2026-01-23,510300,644.152877,上交所,https://query.sse.com.cn/commonQuery.do
2026-01-23,510310,488.598440,上交所,https://query.sse.com.cn/commonQuery.do
2026-01-23,510330,305.723498,上交所,https://query.sse.com.cn/commonQuery.do
2026-01-26,159919,262.649166,深交所,https://www.szse.cn/api/report/ShowReport/data
2026-01-26,510300,605.173877,上交所,https://query.sse.com.cn/commonQuery.do
2026-01-26,510310,438.495440,上交所,https://query.sse.com.cn/commonQuery.do
2026-01-26,510330,275.591498,上交所,https://query.sse.com.cn/commonQuery.do
2026-01-27,159919,252.164166,深交所,https://www.szse.cn/api/report/ShowReport/data
2026-01-27,510300,575.329877,上交所,https://query.sse.com.cn/commonQuery.do
2026-01-27,510310,412.323440,上交所,https://query.sse.com.cn/commonQuery.do
2026-01-27,510330,260.606498,上交所,https://query.sse.com.cn/commonQuery.do
2026-01-28,159919,220.709166,深交所,https://www.szse.cn/api/report/ShowReport/data
2026-01-28,510300,515.047877,上交所,https://query.sse.com.cn/commonQuery.do
2026-01-28,510310,349.656440,上交所,https://query.sse.com.cn/commonQuery.do
2026-01-28,510330,209.891498,上交所,https://query.sse.com.cn/commonQuery.do
2026-01-29,159919,209.918166,深交所,https://www.szse.cn/api/report/ShowReport/data
2026-01-29,510300,492.601877,上交所,https://query.sse.com.cn/commonQuery.do
2026-01-29,510310,330.009440,上交所,https://query.sse.com.cn/commonQuery.do
2026-01-29,510330,196.607498,上交所,https://query.sse.com.cn/commonQuery.do
2026-01-30,159919,207.731166,深交所,https://www.szse.cn/api/report/ShowReport/data
2026-01-30,510300,486.877877,上交所,https://query.sse.com.cn/commonQuery.do
2026-01-30,510310,324.753440,上交所,https://query.sse.com.cn/commonQuery.do
2026-01-30,510330,194.303498,上交所,https://query.sse.com.cn/commonQuery.do
2026-02-02,159919,206.678166,深交所,https://www.szse.cn/api/report/ShowReport/data
2026-02-02,510300,475.069877,上交所,https://query.sse.com.cn/commonQuery.do
2026-02-02,510310,323.682440,上交所,https://query.sse.com.cn/commonQuery.do
2026-02-02,510330,192.269498,上交所,https://query.sse.com.cn/commonQuery.do
2026-02-03,159919,207.227166,深交所,https://www.szse.cn/api/report/ShowReport/data
2026-02-03,510300,475.438877,上交所,https://query.sse.com.cn/commonQuery.do
2026-02-03,510310,325.257440,上交所,https://query.sse.com.cn/commonQuery.do
2026-02-03,510330,193.502498,上交所,https://query.sse.com.cn/commonQuery.do
2026-02-04,159919,205.859166,深交所,https://www.szse.cn/api/report/ShowReport/data
2026-02-04,510300,469.876877,上交所,https://query.sse.com.cn/commonQuery.do
2026-02-04,510310,324.465440,上交所,https://query.sse.com.cn/commonQuery.do
2026-02-04,510330,193.313498,上交所,https://query.sse.com.cn/commonQuery.do
2026-02-05,159919,205.598166,深交所,https://www.szse.cn/api/report/ShowReport/data
2026-02-05,510300,472.279877,上交所,https://query.sse.com.cn/commonQuery.do
2026-02-05,510310,325.140440,上交所,https://query.sse.com.cn/commonQuery.do
2026-02-05,510330,193.448498,上交所,https://query.sse.com.cn/commonQuery.do
2026-02-06,159919,206.012166,深交所,https://www.szse.cn/api/report/ShowReport/data
2026-02-06,510300,474.610877,上交所,https://query.sse.com.cn/commonQuery.do
2026-02-06,510310,325.689440,上交所,https://query.sse.com.cn/commonQuery.do
2026-02-06,510330,193.511498,上交所,https://query.sse.com.cn/commonQuery.do
2026-02-09,159919,205.922166,深交所,https://www.szse.cn/api/report/ShowReport/data
2026-02-09,510300,474.583877,上交所,https://query.sse.com.cn/commonQuery.do
2026-02-09,510310,325.698440,上交所,https://query.sse.com.cn/commonQuery.do
2026-02-09,510330,193.583498,上交所,https://query.sse.com.cn/commonQuery.do
2026-02-10,159919,205.103166,深交所,https://www.szse.cn/api/report/ShowReport/data
2026-02-10,510300,471.289877,上交所,https://query.sse.com.cn/commonQuery.do
2026-02-10,510310,324.690440,上交所,https://query.sse.com.cn/commonQuery.do
2026-02-10,510330,193.493498,上交所,https://query.sse.com.cn/commonQuery.do
2026-02-11,159919,204.896166,深交所,https://www.szse.cn/api/report/ShowReport/data
2026-02-11,510300,470.254877,上交所,https://query.sse.com.cn/commonQuery.do
2026-02-11,510310,324.105440,上交所,https://query.sse.com.cn/commonQuery.do
2026-02-11,510330,193.502498,上交所,https://query.sse.com.cn/commonQuery.do
2026-02-12,159919,204.500166,深交所,https://www.szse.cn/api/report/ShowReport/data
2026-02-12,510300,469.408877,上交所,https://query.sse.com.cn/commonQuery.do
2026-02-12,510310,323.736440,上交所,https://query.sse.com.cn/commonQuery.do
2026-02-12,510330,193.358498,上交所,https://query.sse.com.cn/commonQuery.do
2026-02-13,159919,202.241166,深交所,https://www.szse.cn/api/report/ShowReport/data
2026-02-13,510300,461.236877,上交所,https://query.sse.com.cn/commonQuery.do
2026-02-13,510310,322.017440,上交所,https://query.sse.com.cn/commonQuery.do
2026-02-13,510330,192.845498,上交所,https://query.sse.com.cn/commonQuery.do
2026-02-24,159919,202.106166,深交所,https://www.szse.cn/api/report/ShowReport/data
2026-02-24,510300,459.076877,上交所,https://query.sse.com.cn/commonQuery.do
2026-02-24,510310,321.801440,上交所,https://query.sse.com.cn/commonQuery.do
2026-02-24,510330,192.854498,上交所,https://query.sse.com.cn/commonQuery.do
2026-02-25,159919,202.079166,深交所,https://www.szse.cn/api/report/ShowReport/data
2026-02-25,510300,459.796877,上交所,https://query.sse.com.cn/commonQuery.do
2026-02-25,510310,321.810440,上交所,https://query.sse.com.cn/commonQuery.do
2026-02-25,510330,193.097498,上交所,https://query.sse.com.cn/commonQuery.do
2026-02-26,159919,200.927166,深交所,https://www.szse.cn/api/report/ShowReport/data
2026-02-26,510300,455.962877,上交所,https://query.sse.com.cn/commonQuery.do
2026-02-26,510310,319.956440,上交所,https://query.sse.com.cn/commonQuery.do
2026-02-26,510330,192.539498,上交所,https://query.sse.com.cn/commonQuery.do
2026-02-27,159919,200.891166,深交所,https://www.szse.cn/api/report/ShowReport/data
2026-02-27,510300,456.124877,上交所,https://query.sse.com.cn/commonQuery.do
2026-02-27,510310,319.695440,上交所,https://query.sse.com.cn/commonQuery.do
2026-02-27,510330,192.593498,上交所,https://query.sse.com.cn/commonQuery.do
2026-03-02,159919,198.794166,深交所,https://www.szse.cn/api/report/ShowReport/data
2026-03-02,510300,447.655877,上交所,https://query.sse.com.cn/commonQuery.do
2026-03-02,510310,318.012440,上交所,https://query.sse.com.cn/commonQuery.do
2026-03-02,510330,191.855498,上交所,https://query.sse.com.cn/commonQuery.do
2026-03-03,159919,199.145166,深交所,https://www.szse.cn/api/report/ShowReport/data
2026-03-03,510300,445.738877,上交所,https://query.sse.com.cn/commonQuery.do
2026-03-03,510310,316.698440,上交所,https://query.sse.com.cn/commonQuery.do
2026-03-03,510330,191.873498,上交所,https://query.sse.com.cn/commonQuery.do
2026-03-04,159919,199.748166,深交所,https://www.szse.cn/api/report/ShowReport/data
2026-03-04,510300,449.608877,上交所,https://query.sse.com.cn/commonQuery.do
2026-03-04,510310,317.526440,上交所,https://query.sse.com.cn/commonQuery.do
2026-03-04,510330,192.053498,上交所,https://query.sse.com.cn/commonQuery.do
2026-03-05,159919,199.091166,深交所,https://www.szse.cn/api/report/ShowReport/data
2026-03-05,510300,446.125877,上交所,https://query.sse.com.cn/commonQuery.do
2026-03-05,510310,317.697440,上交所,https://query.sse.com.cn/commonQuery.do
2026-03-05,510330,192.044498,上交所,https://query.sse.com.cn/commonQuery.do
2026-03-06,159919,199.217166,深交所,https://www.szse.cn/api/report/ShowReport/data
2026-03-06,510300,446.062877,上交所,https://query.sse.com.cn/commonQuery.do
2026-03-06,510310,317.859440,上交所,https://query.sse.com.cn/commonQuery.do
2026-03-06,510330,192.116498,上交所,https://query.sse.com.cn/commonQuery.do
2026-03-09,159919,198.893166,深交所,https://www.szse.cn/api/report/ShowReport/data
2026-03-09,510300,446.215877,上交所,https://query.sse.com.cn/commonQuery.do
2026-03-09,510310,317.859440,上交所,https://query.sse.com.cn/commonQuery.do
2026-03-09,510330,191.909498,上交所,https://query.sse.com.cn/commonQuery.do
2026-03-10,159919,198.776166,深交所,https://www.szse.cn/api/report/ShowReport/data
2026-03-10,510300,445.225877,上交所,https://query.sse.com.cn/commonQuery.do
2026-03-10,510310,317.292440,上交所,https://query.sse.com.cn/commonQuery.do
2026-03-10,510330,191.981498,上交所,https://query.sse.com.cn/commonQuery.do
2026-03-11,159919,198.038166,深交所,https://www.szse.cn/api/report/ShowReport/data
2026-03-11,510300,440.941877,上交所,https://query.sse.com.cn/commonQuery.do
2026-03-11,510310,316.545440,上交所,https://query.sse.com.cn/commonQuery.do
2026-03-11,510330,191.036498,上交所,https://query.sse.com.cn/commonQuery.do
2026-03-12,159919,197.759166,深交所,https://www.szse.cn/api/report/ShowReport/data
2026-03-12,510300,440.077877,上交所,https://query.sse.com.cn/commonQuery.do
2026-03-12,510310,316.086440,上交所,https://query.sse.com.cn/commonQuery.do
2026-03-12,510330,190.820498,上交所,https://query.sse.com.cn/commonQuery.do
2026-03-13,159919,197.210166,深交所,https://www.szse.cn/api/report/ShowReport/data
2026-03-13,510300,439.852877,上交所,https://query.sse.com.cn/commonQuery.do
2026-03-13,510310,316.194440,上交所,https://query.sse.com.cn/commonQuery.do
2026-03-13,510330,191.171498,上交所,https://query.sse.com.cn/commonQuery.do
2026-03-16,159919,197.264166,深交所,https://www.szse.cn/api/report/ShowReport/data
2026-03-16,510300,440.977877,上交所,https://query.sse.com.cn/commonQuery.do
2026-03-16,510310,316.518440,上交所,https://query.sse.com.cn/commonQuery.do
2026-03-16,510330,191.261498,上交所,https://query.sse.com.cn/commonQuery.do
2026-03-17,159919,197.624166,深交所,https://www.szse.cn/api/report/ShowReport/data
2026-03-17,510300,443.326877,上交所,https://query.sse.com.cn/commonQuery.do
2026-03-17,510310,316.293440,上交所,https://query.sse.com.cn/commonQuery.do
2026-03-17,510330,191.549498,上交所,https://query.sse.com.cn/commonQuery.do
2026-03-18,159919,197.966166,深交所,https://www.szse.cn/api/report/ShowReport/data
2026-03-18,510300,445.756877,上交所,https://query.sse.com.cn/commonQuery.do
2026-03-18,510310,316.329440,上交所,https://query.sse.com.cn/commonQuery.do
2026-03-18,510330,191.675498,上交所,https://query.sse.com.cn/commonQuery.do
2026-03-19,159919,198.560166,深交所,https://www.szse.cn/api/report/ShowReport/data
2026-03-19,510300,448.222877,上交所,https://query.sse.com.cn/commonQuery.do
2026-03-19,510310,317.022440,上交所,https://query.sse.com.cn/commonQuery.do
2026-03-19,510330,192.404498,上交所,https://query.sse.com.cn/commonQuery.do
2026-03-20,159919,199.001166,深交所,https://www.szse.cn/api/report/ShowReport/data
2026-03-20,510300,449.185877,上交所,https://query.sse.com.cn/commonQuery.do
2026-03-20,510310,317.058440,上交所,https://query.sse.com.cn/commonQuery.do
2026-03-20,510330,192.944498,上交所,https://query.sse.com.cn/commonQuery.do
2026-03-23,159919,200.864166,深交所,https://www.szse.cn/api/report/ShowReport/data
2026-03-23,510300,457.492877,上交所,https://query.sse.com.cn/commonQuery.do
2026-03-23,510310,318.705440,上交所,https://query.sse.com.cn/commonQuery.do
2026-03-23,510330,193.790498,上交所,https://query.sse.com.cn/commonQuery.do
2026-03-24,159919,200.828166,深交所,https://www.szse.cn/api/report/ShowReport/data
2026-03-24,510300,456.709877,上交所,https://query.sse.com.cn/commonQuery.do
2026-03-24,510310,318.750440,上交所,https://query.sse.com.cn/commonQuery.do
2026-03-24,510330,194.834498,上交所,https://query.sse.com.cn/commonQuery.do
2026-03-25,159919,200.405166,深交所,https://www.szse.cn/api/report/ShowReport/data
2026-03-25,510300,452.317877,上交所,https://query.sse.com.cn/commonQuery.do
2026-03-25,510310,318.363440,上交所,https://query.sse.com.cn/commonQuery.do
2026-03-25,510330,194.861498,上交所,https://query.sse.com.cn/commonQuery.do
2026-03-26,159919,200.324166,深交所,https://www.szse.cn/api/report/ShowReport/data
2026-03-26,510300,451.516877,上交所,https://query.sse.com.cn/commonQuery.do
2026-03-26,510310,317.994440,上交所,https://query.sse.com.cn/commonQuery.do
2026-03-26,510330,194.942498,上交所,https://query.sse.com.cn/commonQuery.do
2026-03-27,159919,200.351166,深交所,https://www.szse.cn/api/report/ShowReport/data
2026-03-27,510300,451.606877,上交所,https://query.sse.com.cn/commonQuery.do
2026-03-27,510310,318.399440,上交所,https://query.sse.com.cn/commonQuery.do
2026-03-27,510330,194.969498,上交所,https://query.sse.com.cn/commonQuery.do
2026-03-30,159919,199.982166,深交所,https://www.szse.cn/api/report/ShowReport/data
2026-03-30,510300,449.131877,上交所,https://query.sse.com.cn/commonQuery.do
2026-03-30,510310,317.976440,上交所,https://query.sse.com.cn/commonQuery.do
2026-03-30,510330,194.861498,上交所,https://query.sse.com.cn/commonQuery.do
2026-03-31,159919,199.649166,深交所,https://www.szse.cn/api/report/ShowReport/data
2026-03-31,510300,448.285877,上交所,https://query.sse.com.cn/commonQuery.do
2026-03-31,510310,316.995440,上交所,https://query.sse.com.cn/commonQuery.do
2026-03-31,510330,194.375498,上交所,https://query.sse.com.cn/commonQuery.do
2026-04-01,159919,199.433166,深交所,https://www.szse.cn/api/report/ShowReport/data
2026-04-01,510300,448.123877,上交所,https://query.sse.com.cn/commonQuery.do
2026-04-01,510310,316.734440,上交所,https://query.sse.com.cn/commonQuery.do
2026-04-01,510330,194.150498,上交所,https://query.sse.com.cn/commonQuery.do
2026-04-02,159919,198.398166,深交所,https://www.szse.cn/api/report/ShowReport/data
2026-04-02,510300,447.187877,上交所,https://query.sse.com.cn/commonQuery.do
2026-04-02,510310,316.338440,上交所,https://query.sse.com.cn/commonQuery.do
2026-04-02,510330,194.042498,上交所,https://query.sse.com.cn/commonQuery.do
2026-04-03,159919,198.488166,深交所,https://www.szse.cn/api/report/ShowReport/data
2026-04-03,510300,448.690877,上交所,https://query.sse.com.cn/commonQuery.do
2026-04-03,510310,316.374440,上交所,https://query.sse.com.cn/commonQuery.do
2026-04-03,510330,194.105498,上交所,https://query.sse.com.cn/commonQuery.do
2026-04-07,159919,198.902166,深交所,https://www.szse.cn/api/report/ShowReport/data
2026-04-07,510300,450.526877,上交所,https://query.sse.com.cn/commonQuery.do
2026-04-07,510310,316.401440,上交所,https://query.sse.com.cn/commonQuery.do
2026-04-07,510330,194.204498,上交所,https://query.sse.com.cn/commonQuery.do
2026-04-08,159919,198.686166,深交所,https://www.szse.cn/api/report/ShowReport/data
2026-04-08,510300,451.651877,上交所,https://query.sse.com.cn/commonQuery.do
2026-04-08,510310,316.581440,上交所,https://query.sse.com.cn/commonQuery.do
2026-04-08,510330,194.258498,上交所,https://query.sse.com.cn/commonQuery.do
2026-04-09,159919,197.444166,深交所,https://www.szse.cn/api/report/ShowReport/data
2026-04-09,510300,447.637877,上交所,https://query.sse.com.cn/commonQuery.do
2026-04-09,510310,315.654440,上交所,https://query.sse.com.cn/commonQuery.do
2026-04-09,510330,193.448498,上交所,https://query.sse.com.cn/commonQuery.do
2026-04-10,159919,196.256166,深交所,https://www.szse.cn/api/report/ShowReport/data
2026-04-10,510300,440.770877,上交所,https://query.sse.com.cn/commonQuery.do
2026-04-10,510310,313.503440,上交所,https://query.sse.com.cn/commonQuery.do
2026-04-10,510330,192.611498,上交所,https://query.sse.com.cn/commonQuery.do
2026-04-13,159919,196.022166,深交所,https://www.szse.cn/api/report/ShowReport/data
2026-04-13,510300,438.583877,上交所,https://query.sse.com.cn/commonQuery.do
2026-04-13,510310,312.855440,上交所,https://query.sse.com.cn/commonQuery.do
2026-04-13,510330,192.494498,上交所,https://query.sse.com.cn/commonQuery.do
2026-04-14,159919,195.851166,深交所,https://www.szse.cn/api/report/ShowReport/data
2026-04-14,510300,438.061877,上交所,https://query.sse.com.cn/commonQuery.do
2026-04-14,510310,313.197440,上交所,https://query.sse.com.cn/commonQuery.do
2026-04-14,510330,192.548498,上交所,https://query.sse.com.cn/commonQuery.do
2026-04-15,159919,195.797166,深交所,https://www.szse.cn/api/report/ShowReport/data
2026-04-15,510300,439.204877,上交所,https://query.sse.com.cn/commonQuery.do
2026-04-15,510310,313.809440,上交所,https://query.sse.com.cn/commonQuery.do
2026-04-15,510330,192.521498,上交所,https://query.sse.com.cn/commonQuery.do
2026-04-16,159919,195.878166,深交所,https://www.szse.cn/api/report/ShowReport/data
2026-04-16,510300,436.846877,上交所,https://query.sse.com.cn/commonQuery.do
2026-04-16,510310,313.962440,上交所,https://query.sse.com.cn/commonQuery.do
2026-04-16,510330,192.368498,上交所,https://query.sse.com.cn/commonQuery.do
2026-04-17,159919,195.158166,深交所,https://www.szse.cn/api/report/ShowReport/data
2026-04-17,510300,432.589877,上交所,https://query.sse.com.cn/commonQuery.do
2026-04-17,510310,313.341440,上交所,https://query.sse.com.cn/commonQuery.do
2026-04-17,510330,192.278498,上交所,https://query.sse.com.cn/commonQuery.do
2026-04-20,159919,194.690166,深交所,https://www.szse.cn/api/report/ShowReport/data
2026-04-20,510300,428.206877,上交所,https://query.sse.com.cn/commonQuery.do
2026-04-20,510310,312.936440,上交所,https://query.sse.com.cn/commonQuery.do
2026-04-20,510330,192.125498,上交所,https://query.sse.com.cn/commonQuery.do
2026-04-21,159919,193.709166,深交所,https://www.szse.cn/api/report/ShowReport/data
2026-04-21,510300,424.417877,上交所,https://query.sse.com.cn/commonQuery.do
2026-04-21,510310,311.577440,上交所,https://query.sse.com.cn/commonQuery.do
2026-04-21,510330,191.657498,上交所,https://query.sse.com.cn/commonQuery.do
2026-04-22,159919,192.602166,深交所,https://www.szse.cn/api/report/ShowReport/data
2026-04-22,510300,418.162877,上交所,https://query.sse.com.cn/commonQuery.do
2026-04-22,510310,310.551440,上交所,https://query.sse.com.cn/commonQuery.do
2026-04-22,510330,191.369498,上交所,https://query.sse.com.cn/commonQuery.do
2026-04-23,159919,190.820166,深交所,https://www.szse.cn/api/report/ShowReport/data
2026-04-23,510300,411.187877,上交所,https://query.sse.com.cn/commonQuery.do
2026-04-23,510310,308.229440,上交所,https://query.sse.com.cn/commonQuery.do
2026-04-23,510330,190.595498,上交所,https://query.sse.com.cn/commonQuery.do
2026-04-24,159919,190.028166,深交所,https://www.szse.cn/api/report/ShowReport/data
2026-04-24,510300,409.225877,上交所,https://query.sse.com.cn/commonQuery.do
2026-04-24,510310,308.076440,上交所,https://query.sse.com.cn/commonQuery.do
2026-04-24,510330,190.100498,上交所,https://query.sse.com.cn/commonQuery.do
2026-04-27,159919,188.966166,深交所,https://www.szse.cn/api/report/ShowReport/data
2026-04-27,510300,403.627877,上交所,https://query.sse.com.cn/commonQuery.do
2026-04-27,510310,305.988440,上交所,https://query.sse.com.cn/commonQuery.do
2026-04-27,510330,188.741498,上交所,https://query.sse.com.cn/commonQuery.do
2026-04-28,159919,186.680166,深交所,https://www.szse.cn/api/report/ShowReport/data
2026-04-28,510300,398.605877,上交所,https://query.sse.com.cn/commonQuery.do
2026-04-28,510310,304.152440,上交所,https://query.sse.com.cn/commonQuery.do
2026-04-28,510330,188.102498,上交所,https://query.sse.com.cn/commonQuery.do
2026-04-29,159919,184.286166,深交所,https://www.szse.cn/api/report/ShowReport/data
2026-04-29,510300,393.718877,上交所,https://query.sse.com.cn/commonQuery.do
2026-04-29,510310,301.524440,上交所,https://query.sse.com.cn/commonQuery.do
2026-04-29,510330,187.481498,上交所,https://query.sse.com.cn/commonQuery.do
2026-04-30,159919,179.534166,深交所,https://www.szse.cn/api/report/ShowReport/data
2026-04-30,510300,382.045877,上交所,https://query.sse.com.cn/commonQuery.do
2026-04-30,510310,296.934440,上交所,https://query.sse.com.cn/commonQuery.do
2026-04-30,510330,185.519498,上交所,https://query.sse.com.cn/commonQuery.do
2026-05-06,159919,175.322166,深交所,https://www.szse.cn/api/report/ShowReport/data
2026-05-06,510300,379.327877,上交所,https://query.sse.com.cn/commonQuery.do
2026-05-06,510310,291.984440,上交所,https://query.sse.com.cn/commonQuery.do
2026-05-06,510330,182.126498,上交所,https://query.sse.com.cn/commonQuery.do
2026-05-07,159919,172.919166,深交所,https://www.szse.cn/api/report/ShowReport/data
2026-05-07,510300,361.561877,上交所,https://query.sse.com.cn/commonQuery.do
2026-05-07,510310,287.259440,上交所,https://query.sse.com.cn/commonQuery.do
2026-05-07,510330,178.895498,上交所,https://query.sse.com.cn/commonQuery.do
2026-05-08,159919,168.878166,深交所,https://www.szse.cn/api/report/ShowReport/data
2026-05-08,510300,352.696877,上交所,https://query.sse.com.cn/commonQuery.do
2026-05-08,510310,282.192440,上交所,https://query.sse.com.cn/commonQuery.do
2026-05-08,510330,176.366498,上交所,https://query.sse.com.cn/commonQuery.do
2026-05-11,159919,162.677166,深交所,https://www.szse.cn/api/report/ShowReport/data
2026-05-11,510300,339.457877,上交所,https://query.sse.com.cn/commonQuery.do
2026-05-11,510310,274.335440,上交所,https://query.sse.com.cn/commonQuery.do
2026-05-11,510330,171.920498,上交所,https://query.sse.com.cn/commonQuery.do
2026-05-12,159919,159.581166,深交所,https://www.szse.cn/api/report/ShowReport/data
2026-05-12,510300,333.715877,上交所,https://query.sse.com.cn/commonQuery.do
2026-05-12,510310,267.738440,上交所,https://query.sse.com.cn/commonQuery.do
2026-05-12,510330,168.455498,上交所,https://query.sse.com.cn/commonQuery.do
2026-05-13,159919,155.945166,深交所,https://www.szse.cn/api/report/ShowReport/data
2026-05-13,510300,327.271877,上交所,https://query.sse.com.cn/commonQuery.do
2026-05-13,510310,262.671440,上交所,https://query.sse.com.cn/commonQuery.do
2026-05-13,510330,167.564498,上交所,https://query.sse.com.cn/commonQuery.do
2026-05-14,159919,153.047166,深交所,https://www.szse.cn/api/report/ShowReport/data
2026-05-14,510300,320.917877,上交所,https://query.sse.com.cn/commonQuery.do
2026-05-14,510310,258.108440,上交所,https://query.sse.com.cn/commonQuery.do
2026-05-14,510330,167.015498,上交所,https://query.sse.com.cn/commonQuery.do
2026-05-15,159919,152.588166,深交所,https://www.szse.cn/api/report/ShowReport/data
2026-05-15,510300,321.628877,上交所,https://query.sse.com.cn/commonQuery.do
2026-05-15,510310,257.190440,上交所,https://query.sse.com.cn/commonQuery.do
2026-05-15,510330,166.430498,上交所,https://query.sse.com.cn/commonQuery.do
2026-05-18,159919,152.336166,深交所,https://www.szse.cn/api/report/ShowReport/data
2026-05-18,510300,321.826877,上交所,https://query.sse.com.cn/commonQuery.do
2026-05-18,510310,255.831440,上交所,https://query.sse.com.cn/commonQuery.do
2026-05-18,510330,166.574498,上交所,https://query.sse.com.cn/commonQuery.do
2026-05-19,159919,149.006166,深交所,https://www.szse.cn/api/report/ShowReport/data
2026-05-19,510300,316.624877,上交所,https://query.sse.com.cn/commonQuery.do
2026-05-19,510310,251.853440,上交所,https://query.sse.com.cn/commonQuery.do
2026-05-19,510330,165.251498,上交所,https://query.sse.com.cn/commonQuery.do
2026-05-20,159919,145.406166,深交所,https://www.szse.cn/api/report/ShowReport/data
2026-05-20,510300,310.270877,上交所,https://query.sse.com.cn/commonQuery.do
2026-05-20,510310,249.270440,上交所,https://query.sse.com.cn/commonQuery.do
2026-05-20,510330,163.901498,上交所,https://query.sse.com.cn/commonQuery.do
2026-05-21,159919,140.879166,深交所,https://www.szse.cn/api/report/ShowReport/data
2026-05-21,510300,304.942877,上交所,https://query.sse.com.cn/commonQuery.do
2026-05-21,510310,244.464440,上交所,https://query.sse.com.cn/commonQuery.do
2026-05-21,510330,160.562498,上交所,https://query.sse.com.cn/commonQuery.do
2026-05-22,159919,139.088166,深交所,https://www.szse.cn/api/report/ShowReport/data
2026-05-22,510300,297.958877,上交所,https://query.sse.com.cn/commonQuery.do
2026-05-22,510310,239.739440,上交所,https://query.sse.com.cn/commonQuery.do
2026-05-22,510330,157.754498,上交所,https://query.sse.com.cn/commonQuery.do
2026-05-25,159919,130.025166,深交所,https://www.szse.cn/api/report/ShowReport/data
2026-05-25,510300,284.584877,上交所,https://query.sse.com.cn/commonQuery.do
2026-05-25,510310,229.659440,上交所,https://query.sse.com.cn/commonQuery.do
2026-05-25,510330,146.522498,上交所,https://query.sse.com.cn/commonQuery.do
2026-05-26,159919,128.045166,深交所,https://www.szse.cn/api/report/ShowReport/data
2026-05-26,510300,280.282877,上交所,https://query.sse.com.cn/commonQuery.do
2026-05-26,510310,223.206440,上交所,https://query.sse.com.cn/commonQuery.do
2026-05-26,510330,143.885498,上交所,https://query.sse.com.cn/commonQuery.do
2026-05-27,159919,124.922166,深交所,https://www.szse.cn/api/report/ShowReport/data
2026-05-27,510300,278.968877,上交所,https://query.sse.com.cn/commonQuery.do
2026-05-27,510310,221.208440,上交所,https://query.sse.com.cn/commonQuery.do
2026-05-27,510330,142.130498,上交所,https://query.sse.com.cn/commonQuery.do
2026-05-28,159919,123.869166,深交所,https://www.szse.cn/api/report/ShowReport/data
2026-05-28,510300,279.688877,上交所,https://query.sse.com.cn/commonQuery.do
2026-05-28,510310,221.001440,上交所,https://query.sse.com.cn/commonQuery.do
2026-05-28,510330,142.283498,上交所,https://query.sse.com.cn/commonQuery.do
2026-05-29,159919,123.563166,深交所,https://www.szse.cn/api/report/ShowReport/data
2026-05-29,510300,279.562877,上交所,https://query.sse.com.cn/commonQuery.do
2026-05-29,510310,221.091440,上交所,https://query.sse.com.cn/commonQuery.do
2026-05-29,510330,142.175498,上交所,https://query.sse.com.cn/commonQuery.do
2026-06-01,159919,123.815166,深交所,https://www.szse.cn/api/report/ShowReport/data
2026-06-01,510300,281.992877,上交所,https://query.sse.com.cn/commonQuery.do
2026-06-01,510310,221.226440,上交所,https://query.sse.com.cn/commonQuery.do
2026-06-01,510330,142.292498,上交所,https://query.sse.com.cn/commonQuery.do
2026-06-02,159919,124.211166,深交所,https://www.szse.cn/api/report/ShowReport/data
2026-06-02,510300,282.415877,上交所,https://query.sse.com.cn/commonQuery.do
2026-06-02,510310,221.001440,上交所,https://query.sse.com.cn/commonQuery.do
2026-06-02,510330,142.490498,上交所,https://query.sse.com.cn/commonQuery.do
2026-06-03,159919,123.158166,深交所,https://www.szse.cn/api/report/ShowReport/data
2026-06-03,510300,280.471877,上交所,https://query.sse.com.cn/commonQuery.do
2026-06-03,510310,220.497440,上交所,https://query.sse.com.cn/commonQuery.do
2026-06-03,510330,141.725498,上交所,https://query.sse.com.cn/commonQuery.do
2026-06-04,159919,122.627166,深交所,https://www.szse.cn/api/report/ShowReport/data
2026-06-04,510300,278.599877,上交所,https://query.sse.com.cn/commonQuery.do
2026-06-04,510310,218.994440,上交所,https://query.sse.com.cn/commonQuery.do
2026-06-04,510330,141.572498,上交所,https://query.sse.com.cn/commonQuery.do
2026-06-05,159919,122.942166,深交所,https://www.szse.cn/api/report/ShowReport/data
2026-06-05,510300,279.049877,上交所,https://query.sse.com.cn/commonQuery.do
2026-06-05,510310,219.957440,上交所,https://query.sse.com.cn/commonQuery.do
2026-06-05,510330,141.734498,上交所,https://query.sse.com.cn/commonQuery.do
2026-06-08,159919,125.210166,深交所,https://www.szse.cn/api/report/ShowReport/data
2026-06-08,510300,284.818877,上交所,https://query.sse.com.cn/commonQuery.do
2026-06-08,510310,222.999440,上交所,https://query.sse.com.cn/commonQuery.do
2026-06-08,510330,143.471498,上交所,https://query.sse.com.cn/commonQuery.do
2026-06-09,159919,124.805166,深交所,https://www.szse.cn/api/report/ShowReport/data
2026-06-09,510300,283.315877,上交所,https://query.sse.com.cn/commonQuery.do
2026-06-09,510310,222.684440,上交所,https://query.sse.com.cn/commonQuery.do
2026-06-09,510330,143.156498,上交所,https://query.sse.com.cn/commonQuery.do
2026-06-10,159919,124.832166,深交所,https://www.szse.cn/api/report/ShowReport/data
2026-06-10,510300,285.142877,上交所,https://query.sse.com.cn/commonQuery.do
2026-06-10,510310,223.062440,上交所,https://query.sse.com.cn/commonQuery.do
2026-06-10,510330,143.282498,上交所,https://query.sse.com.cn/commonQuery.do
2026-06-11,159919,124.958166,深交所,https://www.szse.cn/api/report/ShowReport/data
2026-06-11,510300,287.302877,上交所,https://query.sse.com.cn/commonQuery.do
2026-06-11,510310,223.197440,上交所,https://query.sse.com.cn/commonQuery.do
2026-06-11,510330,143.804498,上交所,https://query.sse.com.cn/commonQuery.do
2026-06-12,159919,124.130166,深交所,https://www.szse.cn/api/report/ShowReport/data
2026-06-12,510300,286.240877,上交所,https://query.sse.com.cn/commonQuery.do
2026-06-12,510310,222.063440,上交所,https://query.sse.com.cn/commonQuery.do
2026-06-12,510330,142.652498,上交所,https://query.sse.com.cn/commonQuery.do
2026-06-15,159919,120.053166,深交所,https://www.szse.cn/api/report/ShowReport/data
2026-06-15,510300,283.828877,上交所,https://query.sse.com.cn/commonQuery.do
2026-06-15,510310,214.755440,上交所,https://query.sse.com.cn/commonQuery.do
2026-06-15,510330,137.774498,上交所,https://query.sse.com.cn/commonQuery.do
2026-06-16,159919,116.057166,深交所,https://www.szse.cn/api/report/ShowReport/data
2026-06-16,510300,279.706877,上交所,https://query.sse.com.cn/commonQuery.do
2026-06-16,510310,205.656440,上交所,https://query.sse.com.cn/commonQuery.do
2026-06-16,510330,134.507498,上交所,https://query.sse.com.cn/commonQuery.do
2026-06-17,159919,110.432166,深交所,https://www.szse.cn/api/report/ShowReport/data
2026-06-17,510300,270.823877,上交所,https://query.sse.com.cn/commonQuery.do
2026-06-17,510310,195.108440,上交所,https://query.sse.com.cn/commonQuery.do
2026-06-17,510330,131.708498,上交所,https://query.sse.com.cn/commonQuery.do
2026-06-18,159919,105.644166,深交所,https://www.szse.cn/api/report/ShowReport/data
2026-06-18,510300,265.270877,上交所,https://query.sse.com.cn/commonQuery.do
2026-06-18,510310,190.005440,上交所,https://query.sse.com.cn/commonQuery.do
2026-06-18,510330,128.891498,上交所,https://query.sse.com.cn/commonQuery.do
2026-06-22,159919,103.646166,深交所,https://www.szse.cn/api/report/ShowReport/data
2026-06-22,510300,263.848877,上交所,https://query.sse.com.cn/commonQuery.do
2026-06-22,510310,183.804440,上交所,https://query.sse.com.cn/commonQuery.do
2026-06-22,510330,127.532498,上交所,https://query.sse.com.cn/commonQuery.do
2026-06-23,159919,94.925166,深交所,https://www.szse.cn/api/report/ShowReport/data
2026-06-23,510300,246.766877,上交所,https://query.sse.com.cn/commonQuery.do
2026-06-23,510310,170.214440,上交所,https://query.sse.com.cn/commonQuery.do
2026-06-23,510330,117.272498,上交所,https://query.sse.com.cn/commonQuery.do
2026-06-24,159919,85.988166,深交所,https://www.szse.cn/api/report/ShowReport/data
2026-06-24,510300,228.865877,上交所,https://query.sse.com.cn/commonQuery.do
2026-06-24,510310,157.416440,上交所,https://query.sse.com.cn/commonQuery.do
2026-06-24,510330,105.347498,上交所,https://query.sse.com.cn/commonQuery.do
2026-06-25,159919,76.502166,深交所,https://www.szse.cn/api/report/ShowReport/data
2026-06-25,510300,207.445877,上交所,https://query.sse.com.cn/commonQuery.do
2026-06-25,510310,138.687440,上交所,https://query.sse.com.cn/commonQuery.do
2026-06-25,510330,87.626498,上交所,https://query.sse.com.cn/commonQuery.do
2026-06-26,159919,76.088166,深交所,https://www.szse.cn/api/report/ShowReport/data
2026-06-26,510300,208.003877,上交所,https://query.sse.com.cn/commonQuery.do
2026-06-26,510310,138.867440,上交所,https://query.sse.com.cn/commonQuery.do
2026-06-26,510330,87.545498,上交所,https://query.sse.com.cn/commonQuery.do
2026-06-29,159919,69.968166,深交所,https://www.szse.cn/api/report/ShowReport/data
2026-06-29,510300,199.363877,上交所,https://query.sse.com.cn/commonQuery.do
2026-06-29,510310,132.108440,上交所,https://query.sse.com.cn/commonQuery.do
2026-06-29,510330,82.748498,上交所,https://query.sse.com.cn/commonQuery.do
2026-06-30,159919,69.392166,深交所,https://www.szse.cn/api/report/ShowReport/data
2026-06-30,510300,189.148877,上交所,https://query.sse.com.cn/commonQuery.do
2026-06-30,510310,116.007440,上交所,https://query.sse.com.cn/commonQuery.do
2026-06-30,510330,74.891498,上交所,https://query.sse.com.cn/commonQuery.do
2026-07-01,159919,65.549166,深交所,https://www.szse.cn/api/report/ShowReport/data
2026-07-01,510300,183.955877,上交所,https://query.sse.com.cn/commonQuery.do
2026-07-01,510310,113.352440,上交所,https://query.sse.com.cn/commonQuery.do
2026-07-01,510330,75.035498,上交所,https://query.sse.com.cn/commonQuery.do
2026-07-02,159919,63.191166,深交所,https://www.szse.cn/api/report/ShowReport/data
2026-07-02,510300,185.323877,上交所,https://query.sse.com.cn/commonQuery.do
2026-07-02,510310,108.222440,上交所,https://query.sse.com.cn/commonQuery.do
2026-07-02,510330,75.548498,上交所,https://query.sse.com.cn/commonQuery.do
2026-07-03,159919,54.281166,深交所,https://www.szse.cn/api/report/ShowReport/data
2026-07-03,510300,170.698877,上交所,https://query.sse.com.cn/commonQuery.do
2026-07-03,510310,91.752440,上交所,https://query.sse.com.cn/commonQuery.do
2026-07-03,510330,75.485498,上交所,https://query.sse.com.cn/commonQuery.do
2026-07-06,159919,53.615166,深交所,https://www.szse.cn/api/report/ShowReport/data
2026-07-06,510300,168.214877,上交所,https://query.sse.com.cn/commonQuery.do
2026-07-06,510310,91.212440,上交所,https://query.sse.com.cn/commonQuery.do
2026-07-06,510330,75.206498,上交所,https://query.sse.com.cn/commonQuery.do
2026-07-07,159919,53.561166,深交所,https://www.szse.cn/api/report/ShowReport/data
2026-07-07,510300,170.941877,上交所,https://query.sse.com.cn/commonQuery.do
2026-07-07,510310,91.293440,上交所,https://query.sse.com.cn/commonQuery.do
2026-07-07,510330,75.143498,上交所,https://query.sse.com.cn/commonQuery.do
2026-07-08,159919,53.687166,深交所,https://www.szse.cn/api/report/ShowReport/data
2026-07-08,510300,172.030877,上交所,https://query.sse.com.cn/commonQuery.do
2026-07-08,510310,91.698440,上交所,https://query.sse.com.cn/commonQuery.do
2026-07-08,510330,75.341498,上交所,https://query.sse.com.cn/commonQuery.do
2026-07-09,159919,53.435166,深交所,https://www.szse.cn/api/report/ShowReport/data
2026-07-09,510300,172.147877,上交所,https://query.sse.com.cn/commonQuery.do
2026-07-09,510310,91.779440,上交所,https://query.sse.com.cn/commonQuery.do
2026-07-09,510330,75.503498,上交所,https://query.sse.com.cn/commonQuery.do
2026-07-10,159919,53.804166,深交所,https://www.szse.cn/api/report/ShowReport/data
2026-07-10,510300,171.571877,上交所,https://query.sse.com.cn/commonQuery.do
2026-07-10,510310,91.770440,上交所,https://query.sse.com.cn/commonQuery.do
2026-07-10,510330,75.782498,上交所,https://query.sse.com.cn/commonQuery.do
2026-07-13,159919,56.099166,深交所,https://www.szse.cn/api/report/ShowReport/data
2026-07-13,510300,183.208877,上交所,https://query.sse.com.cn/commonQuery.do
2026-07-13,510310,94.281440,上交所,https://query.sse.com.cn/commonQuery.do
2026-07-13,510330,77.105498,上交所,https://query.sse.com.cn/commonQuery.do
2026-07-14,159919,56.144166,深交所,https://www.szse.cn/api/report/ShowReport/data
2026-07-14,510300,184.819877,上交所,https://query.sse.com.cn/commonQuery.do
2026-07-14,510310,96.603440,上交所,https://query.sse.com.cn/commonQuery.do
2026-07-14,510330,77.492498,上交所,https://query.sse.com.cn/commonQuery.do
2026-07-15,159919,55.694166,深交所,https://www.szse.cn/api/report/ShowReport/data
2026-07-15,510300,183.955877,上交所,https://query.sse.com.cn/commonQuery.do
2026-07-15,510310,97.539440,上交所,https://query.sse.com.cn/commonQuery.do
2026-07-15,510330,77.654498,上交所,https://query.sse.com.cn/commonQuery.do
2026-07-16,159919,56.837166,深交所,https://www.szse.cn/api/report/ShowReport/data
2026-07-16,510300,197.014877,上交所,https://query.sse.com.cn/commonQuery.do
2026-07-16,510310,99.699440,上交所,https://query.sse.com.cn/commonQuery.do
2026-07-16,510330,78.896498,上交所,https://query.sse.com.cn/commonQuery.do
2026-07-17,159919,62.390166,深交所,https://www.szse.cn/api/report/ShowReport/data
2026-07-17,510300,217.165877,上交所,https://query.sse.com.cn/commonQuery.do
2026-07-17,510310,106.215440,上交所,https://query.sse.com.cn/commonQuery.do
2026-07-17,510330,82.523498,上交所,https://query.sse.com.cn/commonQuery.do
2026-07-20,159919,63.740166,深交所,https://www.szse.cn/api/report/ShowReport/data
2026-07-20,510300,244.219877,上交所,https://query.sse.com.cn/commonQuery.do
2026-07-20,510310,110.193440,上交所,https://query.sse.com.cn/commonQuery.do
2026-07-20,510330,83.864498,上交所,https://query.sse.com.cn/commonQuery.do
2026-07-21,159919,61.949166,深交所,https://www.szse.cn/api/report/ShowReport/data
2026-07-21,510300,243.571877,上交所,https://query.sse.com.cn/commonQuery.do
2026-07-21,510310,111.444440,上交所,https://query.sse.com.cn/commonQuery.do
2026-07-21,510330,84.026498,上交所,https://query.sse.com.cn/commonQuery.do
2026-07-22,159919,61.823166,深交所,https://www.szse.cn/api/report/ShowReport/data
2026-07-22,510300,240.448877,上交所,https://query.sse.com.cn/commonQuery.do
2026-07-22,510310,111.633440,上交所,https://query.sse.com.cn/commonQuery.do
2026-07-22,510330,83.801498,上交所,https://query.sse.com.cn/commonQuery.do
2026-07-23,159919,61.922166,深交所,https://www.szse.cn/api/report/ShowReport/data
2026-07-23,510300,240.268877,上交所,https://query.sse.com.cn/commonQuery.do
2026-07-23,510310,111.849440,上交所,https://query.sse.com.cn/commonQuery.do
2026-07-23,510330,84.683498,上交所,https://query.sse.com.cn/commonQuery.do
2026-07-24,159919,62.444166,深交所,https://www.szse.cn/api/report/ShowReport/data
2026-07-24,510300,243.805877,上交所,https://query.sse.com.cn/commonQuery.do
2026-07-24,510310,112.812440,上交所,https://query.sse.com.cn/commonQuery.do
2026-07-24,510330,85.322498,上交所,https://query.sse.com.cn/commonQuery.do
2026-07-27,159919,62.903166,深交所,https://www.szse.cn/api/report/ShowReport/data
2026-07-27,510300,246.415877,上交所,https://query.sse.com.cn/commonQuery.do
2026-07-27,510310,113.568440,上交所,https://query.sse.com.cn/commonQuery.do
2026-07-27,510330,85.943498,上交所,https://query.sse.com.cn/commonQuery.do
2026-07-28,159919,63.353166,深交所,https://www.szse.cn/api/report/ShowReport/data
2026-07-28,510300,253.345877,上交所,https://query.sse.com.cn/commonQuery.do
2026-07-28,510310,114.603440,上交所,https://query.sse.com.cn/commonQuery.do
2026-07-28,510330,86.159498,上交所,https://query.sse.com.cn/commonQuery.do
2026-07-29,159919,64.244166,深交所,https://www.szse.cn/api/report/ShowReport/data
2026-07-29,510300,259.474877,上交所,https://query.sse.com.cn/commonQuery.do
2026-07-29,510310,115.746440,上交所,https://query.sse.com.cn/commonQuery.do
2026-07-29,510330,86.492498,上交所,https://query.sse.com.cn/commonQuery.do
2026-07-30,159919,65.441166,深交所,https://www.szse.cn/api/report/ShowReport/data
2026-07-30,510300,264.838877,上交所,https://query.sse.com.cn/commonQuery.do
2026-07-30,510310,116.583440,上交所,https://query.sse.com.cn/commonQuery.do
2026-07-30,510330,87.122498,上交所,https://query.sse.com.cn/commonQuery.do
2026-07-31,159919,66.089166,深交所,https://www.szse.cn/api/report/ShowReport/data
2026-07-31,510300,264.667877,上交所,https://query.sse.com.cn/commonQuery.do
2026-07-31,510310,116.628440,上交所,https://query.sse.com.cn/commonQuery.do
2026-07-31,510330,87.140498,上交所,https://query.sse.com.cn/commonQuery.do
