period_end,fund_code,fund_name,category,category_label,holder_shares,holder_shares_100m,holder_ratio_pct,precision_status,total_shares,report_send_date,official_upload_date,instance_id,source_kind,holder_table_page,official_pdf_url,crosscheck_url
2012-06-30,159915,易方达创业板ETF,national_team,国家队（已识别）,,,,not_identified,611454936,2012-08-24,2012-08-24,manager_official_pdf-159915-2012-06-30,manager_official_pdf,38,https://cdn.efunds.com.cn/owch/data/2012/08/20120823185835_0_12.pdf,https://www.efunds.com.cn/c/159/159789.shtml
2012-06-30,159915,易方达创业板ETF,other_institution,其他机构（含保险）,64714099,0.647141,10.583625,includes_unidentified_national_team,611454936,2012-08-24,2012-08-24,manager_official_pdf-159915-2012-06-30,manager_official_pdf,38,https://cdn.efunds.com.cn/owch/data/2012/08/20120823185835_0_12.pdf,https://www.efunds.com.cn/c/159/159789.shtml
2012-06-30,159915,易方达创业板ETF,individual,个人,294506918,2.945069,48.164942,exact,611454936,2012-08-24,2012-08-24,manager_official_pdf-159915-2012-06-30,manager_official_pdf,38,https://cdn.efunds.com.cn/owch/data/2012/08/20120823185835_0_12.pdf,https://www.efunds.com.cn/c/159/159789.shtml
2012-12-31,510300,华泰柏瑞沪深300ETF,national_team,国家队（已识别）,,,,not_identified,9380287690,2013-03-28,2013-03-28,manager_official_pdf-510300-2012-12-31,manager_official_pdf,55,https://www.huatai-pb.com/data/20130328145046300.pdf,https://www.huatai-pb.com/news/information/fundReport/index.html
2012-12-31,510300,华泰柏瑞沪深300ETF,other_institution,其他机构（含保险）,7933322415,79.333224,84.574404,includes_unidentified_national_team,9380287690,2013-03-28,2013-03-28,manager_official_pdf-510300-2012-12-31,manager_official_pdf,55,https://www.huatai-pb.com/data/20130328145046300.pdf,https://www.huatai-pb.com/news/information/fundReport/index.html
2012-12-31,510300,华泰柏瑞沪深300ETF,individual,个人,1385865275,13.858653,14.774230,exact,9380287690,2013-03-28,2013-03-28,manager_official_pdf-510300-2012-12-31,manager_official_pdf,55,https://www.huatai-pb.com/data/20130328145046300.pdf,https://www.huatai-pb.com/news/information/fundReport/index.html
2012-12-31,159919,嘉实沪深300ETF,national_team,国家队（已识别）,,,,not_identified,16302706477.00,2013-03-28,2013-03-28,public_report_mirror-159919-2012-12-31,public_report_mirror,50,https://pdf.dfcfw.com/pdf/H2_AN201303270005810030_1.pdf,https://www.jsfund.cn/main/fund/noticedetails.shtml?adId=37327536636d2f646a6d453d
2012-12-31,159919,嘉实沪深300ETF,other_institution,其他机构（含保险）,3541718001.00,35.417180,21.724724,includes_unidentified_national_team,16302706477.00,2013-03-28,2013-03-28,public_report_mirror-159919-2012-12-31,public_report_mirror,50,https://pdf.dfcfw.com/pdf/H2_AN201303270005810030_1.pdf,https://www.jsfund.cn/main/fund/noticedetails.shtml?adId=37327536636d2f646a6d453d
2012-12-31,159919,嘉实沪深300ETF,individual,个人,1756009550.00,17.560096,10.771276,exact,16302706477.00,2013-03-28,2013-03-28,public_report_mirror-159919-2012-12-31,public_report_mirror,50,https://pdf.dfcfw.com/pdf/H2_AN201303270005810030_1.pdf,https://www.jsfund.cn/main/fund/noticedetails.shtml?adId=37327536636d2f646a6d453d
2012-12-31,159915,易方达创业板ETF,national_team,国家队（已识别）,,,,not_identified,617454936,2013-03-30,2013-03-30,manager_official_pdf-159915-2012-12-31,manager_official_pdf,47,https://cdn.efunds.com.cn/owch/data/2013/03/20130329202202_0_14.pdf,https://www.efunds.com.cn/c/160/160897.shtml
2012-12-31,159915,易方达创业板ETF,other_institution,其他机构（含保险）,61487558,0.614876,9.958226,includes_unidentified_national_team,617454936,2013-03-30,2013-03-30,manager_official_pdf-159915-2012-12-31,manager_official_pdf,47,https://cdn.efunds.com.cn/owch/data/2013/03/20130329202202_0_14.pdf,https://www.efunds.com.cn/c/160/160897.shtml
2012-12-31,159915,易方达创业板ETF,individual,个人,296133460,2.961335,47.960336,exact,617454936,2013-03-30,2013-03-30,manager_official_pdf-159915-2012-12-31,manager_official_pdf,47,https://cdn.efunds.com.cn/owch/data/2013/03/20130329202202_0_14.pdf,https://www.efunds.com.cn/c/160/160897.shtml
2013-06-30,510300,华泰柏瑞沪深300ETF,national_team,国家队（已识别）,1037778401.00,10.377784,14.519688,lower_bound,7147387690,2013-08-26,2013-08-26,manager_official_pdf-510300-2013-06-30,manager_official_pdf,47,https://www.huatai-pb.com/data/20130826092613300.pdf,https://www.huatai-pb.com/news/information/fundReport/index.html
2013-06-30,510300,华泰柏瑞沪深300ETF,other_institution,其他机构（含保险）,5123644095.00,51.236441,71.685549,upper_bound,7147387690,2013-08-26,2013-08-26,manager_official_pdf-510300-2013-06-30,manager_official_pdf,47,https://www.huatai-pb.com/data/20130826092613300.pdf,https://www.huatai-pb.com/news/information/fundReport/index.html
2013-06-30,510300,华泰柏瑞沪深300ETF,individual,个人,951278894,9.512789,13.309463,exact,7147387690,2013-08-26,2013-08-26,manager_official_pdf-510300-2013-06-30,manager_official_pdf,47,https://www.huatai-pb.com/data/20130826092613300.pdf,https://www.huatai-pb.com/news/information/fundReport/index.html
2013-06-30,510310,易方达沪深300ETF,national_team,国家队（已识别）,,,,not_identified,10159792154.07,2013-08-28,2013-08-28,manager_official_pdf-510310-2013-06-30,manager_official_pdf,46,https://cdn.efunds.com.cn/owch/data/2013/08/20130827174439_0_26.pdf,https://www.efunds.com.cn/c/161/161693.shtml
2013-06-30,510310,易方达沪深300ETF,other_institution,其他机构（含保险）,3168337516.17,31.683375,31.185062,includes_unidentified_national_team,10159792154.07,2013-08-28,2013-08-28,manager_official_pdf-510310-2013-06-30,manager_official_pdf,46,https://cdn.efunds.com.cn/owch/data/2013/08/20130827174439_0_26.pdf,https://www.efunds.com.cn/c/161/161693.shtml
2013-06-30,510310,易方达沪深300ETF,individual,个人,6991454637.90,69.914546,68.814938,exact,10159792154.07,2013-08-28,2013-08-28,manager_official_pdf-510310-2013-06-30,manager_official_pdf,46,https://cdn.efunds.com.cn/owch/data/2013/08/20130827174439_0_26.pdf,https://www.efunds.com.cn/c/161/161693.shtml
2013-06-30,510330,华夏沪深300ETF,national_team,国家队（已识别）,774276360,7.742764,9.136382,lower_bound,8474649828,2013-08-26,2013-08-26,public_report_mirror-510330-2013-06-30,public_report_mirror,45,https://pdf.dfcfw.com/pdf/H2_AN201308260004263712_1.pdf,"https://fund.eastmoney.com/gonggao/510330,AN201308260004263712.html"
2013-06-30,510330,华夏沪深300ETF,other_institution,其他机构（含保险）,144754781,1.447548,1.708092,upper_bound,8474649828,2013-08-26,2013-08-26,public_report_mirror-510330-2013-06-30,public_report_mirror,45,https://pdf.dfcfw.com/pdf/H2_AN201308260004263712_1.pdf,"https://fund.eastmoney.com/gonggao/510330,AN201308260004263712.html"
2013-06-30,510330,华夏沪深300ETF,individual,个人,30254809,0.302548,0.357004,exact,8474649828,2013-08-26,2013-08-26,public_report_mirror-510330-2013-06-30,public_report_mirror,45,https://pdf.dfcfw.com/pdf/H2_AN201308260004263712_1.pdf,"https://fund.eastmoney.com/gonggao/510330,AN201308260004263712.html"
2013-06-30,159919,嘉实沪深300ETF,national_team,国家队（已识别）,,,,not_identified,12655006477.00,2013-08-26,2013-08-26,public_report_mirror-159919-2013-06-30,public_report_mirror,43,https://pdf.dfcfw.com/pdf/H2_AN201308250004259404_1.pdf,https://www.jsfund.cn/main/fund/noticedetails.shtml?adId=535050796f2f4f67646a4d3d
2013-06-30,159919,嘉实沪深300ETF,other_institution,其他机构（含保险）,1523996321.00,15.239963,12.042636,includes_unidentified_national_team,12655006477.00,2013-08-26,2013-08-26,public_report_mirror-159919-2013-06-30,public_report_mirror,43,https://pdf.dfcfw.com/pdf/H2_AN201308250004259404_1.pdf,https://www.jsfund.cn/main/fund/noticedetails.shtml?adId=535050796f2f4f67646a4d3d
2013-06-30,159919,嘉实沪深300ETF,individual,个人,1185123426.00,11.851234,9.364858,exact,12655006477.00,2013-08-26,2013-08-26,public_report_mirror-159919-2013-06-30,public_report_mirror,43,https://pdf.dfcfw.com/pdf/H2_AN201308250004259404_1.pdf,https://www.jsfund.cn/main/fund/noticedetails.shtml?adId=535050796f2f4f67646a4d3d
2013-06-30,159915,易方达创业板ETF,national_team,国家队（已识别）,,,,not_identified,615454936,2013-08-28,2013-08-28,manager_official_pdf-159915-2013-06-30,manager_official_pdf,40,https://cdn.efunds.com.cn/owch/data/2013/08/20130827174347_0_16.pdf,https://www.efunds.com.cn/c/161/161683.shtml
2013-06-30,159915,易方达创业板ETF,other_institution,其他机构（含保险）,78071506,0.780715,12.685170,includes_unidentified_national_team,615454936,2013-08-28,2013-08-28,manager_official_pdf-159915-2013-06-30,manager_official_pdf,40,https://cdn.efunds.com.cn/owch/data/2013/08/20130827174347_0_16.pdf,https://www.efunds.com.cn/c/161/161683.shtml
2013-06-30,159915,易方达创业板ETF,individual,个人,213159912,2.131599,34.634528,exact,615454936,2013-08-28,2013-08-28,manager_official_pdf-159915-2013-06-30,manager_official_pdf,40,https://cdn.efunds.com.cn/owch/data/2013/08/20130827174347_0_16.pdf,https://www.efunds.com.cn/c/161/161683.shtml
2013-12-31,510300,华泰柏瑞沪深300ETF,national_team,国家队（已识别）,1274024331.00,12.740243,21.066653,lower_bound,6047587690,2014-03-26,2014-03-26,manager_official_pdf-510300-2013-12-31,manager_official_pdf,57,https://www.huatai-pb.com/data/20140326102454301.pdf,https://www.huatai-pb.com/news/information/fundReport/index.html
2013-12-31,510300,华泰柏瑞沪深300ETF,other_institution,其他机构（含保险）,3827198071.00,38.271981,63.284706,upper_bound,6047587690,2014-03-26,2014-03-26,manager_official_pdf-510300-2013-12-31,manager_official_pdf,57,https://www.huatai-pb.com/data/20140326102454301.pdf,https://www.huatai-pb.com/news/information/fundReport/index.html
2013-12-31,510300,华泰柏瑞沪深300ETF,individual,个人,900428988,9.004290,14.889060,exact,6047587690,2014-03-26,2014-03-26,manager_official_pdf-510300-2013-12-31,manager_official_pdf,57,https://www.huatai-pb.com/data/20140326102454301.pdf,https://www.huatai-pb.com/news/information/fundReport/index.html
2013-12-31,510310,易方达沪深300ETF,national_team,国家队（已识别）,,,,not_identified,6114107358.00,2014-03-28,2014-03-28,manager_official_pdf-510310-2013-12-31,manager_official_pdf,51,https://cdn.efunds.com.cn/owch/data/2014/03/20140327203501_0_30.pdf,https://www.efunds.com.cn/c/162/162663.shtml
2013-12-31,510310,易方达沪深300ETF,other_institution,其他机构（含保险）,906615543.00,9.066155,14.828257,includes_unidentified_national_team,6114107358.00,2014-03-28,2014-03-28,manager_official_pdf-510310-2013-12-31,manager_official_pdf,51,https://cdn.efunds.com.cn/owch/data/2014/03/20140327203501_0_30.pdf,https://www.efunds.com.cn/c/162/162663.shtml
2013-12-31,510310,易方达沪深300ETF,individual,个人,61246110.00,0.612461,1.001718,exact,6114107358.00,2014-03-28,2014-03-28,manager_official_pdf-510310-2013-12-31,manager_official_pdf,51,https://cdn.efunds.com.cn/owch/data/2014/03/20140327203501_0_30.pdf,https://www.efunds.com.cn/c/162/162663.shtml
2013-12-31,510330,华夏沪深300ETF,national_team,国家队（已识别）,888470969,8.884710,11.132954,lower_bound,7980549828,2014-03-26,2014-03-26,public_report_mirror-510330-2013-12-31,public_report_mirror,51,https://pdf.dfcfw.com/pdf/H2_AN201403250005314869_1.pdf,"https://fund.eastmoney.com/gonggao/510330,AN201403250005314869.html"
2013-12-31,510330,华夏沪深300ETF,other_institution,其他机构（含保险）,126376163,1.263762,1.583552,upper_bound,7980549828,2014-03-26,2014-03-26,public_report_mirror-510330-2013-12-31,public_report_mirror,51,https://pdf.dfcfw.com/pdf/H2_AN201403250005314869_1.pdf,"https://fund.eastmoney.com/gonggao/510330,AN201403250005314869.html"
2013-12-31,510330,华夏沪深300ETF,individual,个人,39315781,0.393158,0.492645,exact,7980549828,2014-03-26,2014-03-26,public_report_mirror-510330-2013-12-31,public_report_mirror,51,https://pdf.dfcfw.com/pdf/H2_AN201403250005314869_1.pdf,"https://fund.eastmoney.com/gonggao/510330,AN201403250005314869.html"
2013-12-31,159919,嘉实沪深300ETF,national_team,国家队（已识别）,,,,not_identified,11751406477,2014-03-26,2014-03-26,public_report_mirror-159919-2013-12-31,public_report_mirror,53,https://pdf.dfcfw.com/pdf/H2_AN201404010005359012_1.pdf,https://www.jsfund.cn/main/fund/noticedetails.shtml?adId=2b6b557848717a6e4366553d
2013-12-31,159919,嘉实沪深300ETF,other_institution,其他机构（含保险）,1156079375,11.560794,9.837796,includes_unidentified_national_team,11751406477,2014-03-26,2014-03-26,public_report_mirror-159919-2013-12-31,public_report_mirror,53,https://pdf.dfcfw.com/pdf/H2_AN201404010005359012_1.pdf,https://www.jsfund.cn/main/fund/noticedetails.shtml?adId=2b6b557848717a6e4366553d
2013-12-31,159919,嘉实沪深300ETF,individual,个人,1006381947,10.063819,8.563928,exact,11751406477,2014-03-26,2014-03-26,public_report_mirror-159919-2013-12-31,public_report_mirror,53,https://pdf.dfcfw.com/pdf/H2_AN201404010005359012_1.pdf,https://www.jsfund.cn/main/fund/noticedetails.shtml?adId=2b6b557848717a6e4366553d
2013-12-31,159915,易方达创业板ETF,national_team,国家队（已识别）,,,,not_identified,863454936,2014-03-28,2014-03-28,manager_official_pdf-159915-2013-12-31,manager_official_pdf,47,https://cdn.efunds.com.cn/owch/data/2014/03/20140327202729_0_16.pdf,https://www.efunds.com.cn/c/162/162649.shtml
2013-12-31,159915,易方达创业板ETF,other_institution,其他机构（含保险）,93734889,0.937349,10.855794,includes_unidentified_national_team,863454936,2014-03-28,2014-03-28,manager_official_pdf-159915-2013-12-31,manager_official_pdf,47,https://cdn.efunds.com.cn/owch/data/2014/03/20140327202729_0_16.pdf,https://www.efunds.com.cn/c/162/162649.shtml
2013-12-31,159915,易方达创业板ETF,individual,个人,255884433,2.558844,29.634949,exact,863454936,2014-03-28,2014-03-28,manager_official_pdf-159915-2013-12-31,manager_official_pdf,47,https://cdn.efunds.com.cn/owch/data/2014/03/20140327202729_0_16.pdf,https://www.efunds.com.cn/c/162/162649.shtml
2014-06-30,510300,华泰柏瑞沪深300ETF,national_team,国家队（已识别）,2071621305.00,20.716213,25.616724,lower_bound,8086987690,2014-08-25,2014-08-25,manager_official_pdf-510300-2014-06-30,manager_official_pdf,49,https://www.huatai-pb.com/data/20140825093813300.pdf,https://www.huatai-pb.com/news/information/fundReport/index.html
2014-06-30,510300,华泰柏瑞沪深300ETF,other_institution,其他机构（含保险）,4997886370.00,49.978864,61.801583,upper_bound,8086987690,2014-08-25,2014-08-25,manager_official_pdf-510300-2014-06-30,manager_official_pdf,49,https://www.huatai-pb.com/data/20140825093813300.pdf,https://www.huatai-pb.com/news/information/fundReport/index.html
2014-06-30,510300,华泰柏瑞沪深300ETF,individual,个人,985213415,9.852134,12.182700,exact,8086987690,2014-08-25,2014-08-25,manager_official_pdf-510300-2014-06-30,manager_official_pdf,49,https://www.huatai-pb.com/data/20140825093813300.pdf,https://www.huatai-pb.com/news/information/fundReport/index.html
2014-06-30,510310,易方达沪深300ETF,national_team,国家队（已识别）,,,,not_identified,5120307415,2014-08-27,2014-08-27,manager_official_pdf-510310-2014-06-30,manager_official_pdf,44,https://cdn.efunds.com.cn/owch/data/2014/08/20140826201138_0_36.pdf,https://www.efunds.com.cn/c/163/163519.shtml
2014-06-30,510310,易方达沪深300ETF,other_institution,其他机构（含保险）,111377569,1.113776,2.175213,includes_unidentified_national_team,5120307415,2014-08-27,2014-08-27,manager_official_pdf-510310-2014-06-30,manager_official_pdf,44,https://cdn.efunds.com.cn/owch/data/2014/08/20140826201138_0_36.pdf,https://www.efunds.com.cn/c/163/163519.shtml
2014-06-30,510310,易方达沪深300ETF,individual,个人,49031574,0.490316,0.957590,exact,5120307415,2014-08-27,2014-08-27,manager_official_pdf-510310-2014-06-30,manager_official_pdf,44,https://cdn.efunds.com.cn/owch/data/2014/08/20140826201138_0_36.pdf,https://www.efunds.com.cn/c/163/163519.shtml
2014-06-30,510330,华夏沪深300ETF,national_team,国家队（已识别）,1956681259,19.566813,21.968768,lower_bound,8906649828,2014-08-25,2014-08-25,public_report_mirror-510330-2014-06-30,public_report_mirror,45,https://pdf.dfcfw.com/pdf/H2_AN201408240006760668_1.pdf,"https://fund.eastmoney.com/gonggao/510330,AN201408240006760668.html"
2014-06-30,510330,华夏沪深300ETF,other_institution,其他机构（含保险）,215218500,2.152185,2.416380,upper_bound,8906649828,2014-08-25,2014-08-25,public_report_mirror-510330-2014-06-30,public_report_mirror,45,https://pdf.dfcfw.com/pdf/H2_AN201408240006760668_1.pdf,"https://fund.eastmoney.com/gonggao/510330,AN201408240006760668.html"
2014-06-30,510330,华夏沪深300ETF,individual,个人,43369296,0.433693,0.486932,exact,8906649828,2014-08-25,2014-08-25,public_report_mirror-510330-2014-06-30,public_report_mirror,45,https://pdf.dfcfw.com/pdf/H2_AN201408240006760668_1.pdf,"https://fund.eastmoney.com/gonggao/510330,AN201408240006760668.html"
2014-06-30,159919,嘉实沪深300ETF,national_team,国家队（已识别）,,,,not_identified,11845906477,2014-08-25,2014-08-25,public_report_mirror-159919-2014-06-30,public_report_mirror,45,https://pdf.dfcfw.com/pdf/H2_AN201408250006764882_1.pdf,https://www.jsfund.cn/main/fund/noticedetails.shtml?adId=74692b4a67504f6f4b35593d
2014-06-30,159919,嘉实沪深300ETF,other_institution,其他机构（含保险）,1843699464,18.436995,15.564022,includes_unidentified_national_team,11845906477,2014-08-25,2014-08-25,public_report_mirror-159919-2014-06-30,public_report_mirror,45,https://pdf.dfcfw.com/pdf/H2_AN201408250006764882_1.pdf,https://www.jsfund.cn/main/fund/noticedetails.shtml?adId=74692b4a67504f6f4b35593d
2014-06-30,159919,嘉实沪深300ETF,individual,个人,882154484,8.821545,7.446914,exact,11845906477,2014-08-25,2014-08-25,public_report_mirror-159919-2014-06-30,public_report_mirror,45,https://pdf.dfcfw.com/pdf/H2_AN201408250006764882_1.pdf,https://www.jsfund.cn/main/fund/noticedetails.shtml?adId=74692b4a67504f6f4b35593d
2014-06-30,159915,易方达创业板ETF,national_team,国家队（已识别）,,,,not_identified,1173454936,2014-08-27,2014-08-27,manager_official_pdf-159915-2014-06-30,manager_official_pdf,38,https://cdn.efunds.com.cn/owch/data/2014/08/20140826185724_0_15.pdf,https://www.efunds.com.cn/c/163/163499.shtml
2014-06-30,159915,易方达创业板ETF,other_institution,其他机构（含保险）,227950637,2.279506,19.425598,includes_unidentified_national_team,1173454936,2014-08-27,2014-08-27,manager_official_pdf-159915-2014-06-30,manager_official_pdf,38,https://cdn.efunds.com.cn/owch/data/2014/08/20140826185724_0_15.pdf,https://www.efunds.com.cn/c/163/163499.shtml
2014-06-30,159915,易方达创业板ETF,individual,个人,342453034,3.424530,29.183314,exact,1173454936,2014-08-27,2014-08-27,manager_official_pdf-159915-2014-06-30,manager_official_pdf,38,https://cdn.efunds.com.cn/owch/data/2014/08/20140826185724_0_15.pdf,https://www.efunds.com.cn/c/163/163499.shtml
2014-12-31,510300,华泰柏瑞沪深300ETF,national_team,国家队（已识别）,1304035100.00,13.040351,13.734510,lower_bound,9494587690,2015-03-31,2015-03-31,manager_official_pdf-510300-2014-12-31,manager_official_pdf,59,https://www.huatai-pb.com/data/20150331092526300.pdf,https://www.huatai-pb.com/news/information/fundReport/index.html
2014-12-31,510300,华泰柏瑞沪深300ETF,other_institution,其他机构（含保险）,7128008020.00,71.280080,75.074435,upper_bound,9494587690,2015-03-31,2015-03-31,manager_official_pdf-510300-2014-12-31,manager_official_pdf,59,https://www.huatai-pb.com/data/20150331092526300.pdf,https://www.huatai-pb.com/news/information/fundReport/index.html
2014-12-31,510300,华泰柏瑞沪深300ETF,individual,个人,1035069326,10.350693,10.901677,exact,9494587690,2015-03-31,2015-03-31,manager_official_pdf-510300-2014-12-31,manager_official_pdf,59,https://www.huatai-pb.com/data/20150331092526300.pdf,https://www.huatai-pb.com/news/information/fundReport/index.html
2014-12-31,510310,易方达沪深300ETF,national_team,国家队（已识别）,,,,not_identified,5000700345,2015-03-27,2015-03-27,manager_official_pdf-510310-2014-12-31,manager_official_pdf,56,https://cdn.efunds.com.cn/owch/data/notice/20150327/510310_%E6%98%93%E6%96%B9%E8%BE%BE%E6%B2%AA%E6%B7%B1300%E4%BA%A4%E6%98%93%E5%9E%8B%E5%BC%80%E6%94%BE%E5%BC%8F%E6%8C%87%E6%95%B0%E5%8F%91%E8%B5%B7%E5%BC%8F%E8%AF%81%E5%88%B8%E6%8A%95%E8%B5%84%E5%9F%BA%E9%87%912014%E5%B9%B4%E5%B9%B4%E5%BA%A6%E6%8A%A5%E5%91%8A.pdf,https://www.efunds.com.cn/c/164/164907.shtml
2014-12-31,510310,易方达沪深300ETF,other_institution,其他机构（含保险）,109134947,1.091349,2.182393,includes_unidentified_national_team,5000700345,2015-03-27,2015-03-27,manager_official_pdf-510310-2014-12-31,manager_official_pdf,56,https://cdn.efunds.com.cn/owch/data/notice/20150327/510310_%E6%98%93%E6%96%B9%E8%BE%BE%E6%B2%AA%E6%B7%B1300%E4%BA%A4%E6%98%93%E5%9E%8B%E5%BC%80%E6%94%BE%E5%BC%8F%E6%8C%87%E6%95%B0%E5%8F%91%E8%B5%B7%E5%BC%8F%E8%AF%81%E5%88%B8%E6%8A%95%E8%B5%84%E5%9F%BA%E9%87%912014%E5%B9%B4%E5%B9%B4%E5%BA%A6%E6%8A%A5%E5%91%8A.pdf,https://www.efunds.com.cn/c/164/164907.shtml
2014-12-31,510310,易方达沪深300ETF,individual,个人,67687819,0.676878,1.353567,exact,5000700345,2015-03-27,2015-03-27,manager_official_pdf-510310-2014-12-31,manager_official_pdf,56,https://cdn.efunds.com.cn/owch/data/notice/20150327/510310_%E6%98%93%E6%96%B9%E8%BE%BE%E6%B2%AA%E6%B7%B1300%E4%BA%A4%E6%98%93%E5%9E%8B%E5%BC%80%E6%94%BE%E5%BC%8F%E6%8C%87%E6%95%B0%E5%8F%91%E8%B5%B7%E5%BC%8F%E8%AF%81%E5%88%B8%E6%8A%95%E8%B5%84%E5%9F%BA%E9%87%912014%E5%B9%B4%E5%B9%B4%E5%BA%A6%E6%8A%A5%E5%91%8A.pdf,https://www.efunds.com.cn/c/164/164907.shtml
2014-12-31,510330,华夏沪深300ETF,national_team,国家队（已识别）,1324081159,13.240812,16.437493,lower_bound,8055249828,2015-03-31,2015-03-31,public_report_mirror-510330-2014-12-31,public_report_mirror,53,https://pdf.dfcfw.com/pdf/H2_AN201503310009009261_1.pdf,"https://fund.eastmoney.com/gonggao/510330,AN201503310009009261.html"
2014-12-31,510330,华夏沪深300ETF,other_institution,其他机构（含保险）,717758820,7.177588,8.910448,upper_bound,8055249828,2015-03-31,2015-03-31,public_report_mirror-510330-2014-12-31,public_report_mirror,53,https://pdf.dfcfw.com/pdf/H2_AN201503310009009261_1.pdf,"https://fund.eastmoney.com/gonggao/510330,AN201503310009009261.html"
2014-12-31,510330,华夏沪深300ETF,individual,个人,56813666,0.568137,0.705300,exact,8055249828,2015-03-31,2015-03-31,public_report_mirror-510330-2014-12-31,public_report_mirror,53,https://pdf.dfcfw.com/pdf/H2_AN201503310009009261_1.pdf,"https://fund.eastmoney.com/gonggao/510330,AN201503310009009261.html"
2014-12-31,159919,嘉实沪深300ETF,national_team,国家队（已识别）,,,,not_identified,12457906477,2015-03-31,2015-03-31,public_report_mirror-159919-2014-12-31,public_report_mirror,53,https://pdf.dfcfw.com/pdf/H2_AN201503310009017326_1.pdf,https://www.jsfund.cn/main/fund/noticedetails.shtml?adId=5449554c4f6a4c462b35513d
2014-12-31,159919,嘉实沪深300ETF,other_institution,其他机构（含保险）,3119730794,31.197308,25.042175,includes_unidentified_national_team,12457906477,2015-03-31,2015-03-31,public_report_mirror-159919-2014-12-31,public_report_mirror,53,https://pdf.dfcfw.com/pdf/H2_AN201503310009017326_1.pdf,https://www.jsfund.cn/main/fund/noticedetails.shtml?adId=5449554c4f6a4c462b35513d
2014-12-31,159919,嘉实沪深300ETF,individual,个人,629761879,6.297619,5.055118,exact,12457906477,2015-03-31,2015-03-31,public_report_mirror-159919-2014-12-31,public_report_mirror,53,https://pdf.dfcfw.com/pdf/H2_AN201503310009017326_1.pdf,https://www.jsfund.cn/main/fund/noticedetails.shtml?adId=5449554c4f6a4c462b35513d
2014-12-31,159915,易方达创业板ETF,national_team,国家队（已识别）,,,,not_identified,881454936,2015-03-27,2015-03-27,manager_official_pdf-159915-2014-12-31,manager_official_pdf,49,https://cdn.efunds.com.cn/owch/data/notice/20150327/159915_%E6%98%93%E6%96%B9%E8%BE%BE%E5%88%9B%E4%B8%9A%E6%9D%BF%E4%BA%A4%E6%98%93%E5%9E%8B%E5%BC%80%E6%94%BE%E5%BC%8F%E6%8C%87%E6%95%B0%E8%AF%81%E5%88%B8%E6%8A%95%E8%B5%84%E5%9F%BA%E9%87%912014%E5%B9%B4%E5%B9%B4%E5%BA%A6%E6%8A%A5%E5%91%8A.pdf,https://www.efunds.com.cn/c/165/165013.shtml
2014-12-31,159915,易方达创业板ETF,other_institution,其他机构（含保险）,154985786,1.549858,17.582951,includes_unidentified_national_team,881454936,2015-03-27,2015-03-27,manager_official_pdf-159915-2014-12-31,manager_official_pdf,49,https://cdn.efunds.com.cn/owch/data/notice/20150327/159915_%E6%98%93%E6%96%B9%E8%BE%BE%E5%88%9B%E4%B8%9A%E6%9D%BF%E4%BA%A4%E6%98%93%E5%9E%8B%E5%BC%80%E6%94%BE%E5%BC%8F%E6%8C%87%E6%95%B0%E8%AF%81%E5%88%B8%E6%8A%95%E8%B5%84%E5%9F%BA%E9%87%912014%E5%B9%B4%E5%B9%B4%E5%BA%A6%E6%8A%A5%E5%91%8A.pdf,https://www.efunds.com.cn/c/165/165013.shtml
2014-12-31,159915,易方达创业板ETF,individual,个人,382719814,3.827198,43.419102,exact,881454936,2015-03-27,2015-03-27,manager_official_pdf-159915-2014-12-31,manager_official_pdf,49,https://cdn.efunds.com.cn/owch/data/notice/20150327/159915_%E6%98%93%E6%96%B9%E8%BE%BE%E5%88%9B%E4%B8%9A%E6%9D%BF%E4%BA%A4%E6%98%93%E5%9E%8B%E5%BC%80%E6%94%BE%E5%BC%8F%E6%8C%87%E6%95%B0%E8%AF%81%E5%88%B8%E6%8A%95%E8%B5%84%E5%9F%BA%E9%87%912014%E5%B9%B4%E5%B9%B4%E5%BA%A6%E6%8A%A5%E5%91%8A.pdf,https://www.efunds.com.cn/c/165/165013.shtml
2015-06-30,510300,华泰柏瑞沪深300ETF,national_team,国家队（已识别）,523271767.00,5.232718,8.950956,lower_bound,5845987690,2015-08-29,2015-08-29,public_report_mirror-510300-2015-06-30,public_report_mirror,53,https://pdf.dfcfw.com/pdf/H2_AN201508310010668453_1.pdf,"https://fund.eastmoney.com/gonggao/510300,AN201508310010668453.html"
2015-06-30,510300,华泰柏瑞沪深300ETF,other_institution,其他机构（含保险）,4663974126.00,46.639741,79.780772,upper_bound,5845987690,2015-08-29,2015-08-29,public_report_mirror-510300-2015-06-30,public_report_mirror,53,https://pdf.dfcfw.com/pdf/H2_AN201508310010668453_1.pdf,"https://fund.eastmoney.com/gonggao/510300,AN201508310010668453.html"
2015-06-30,510300,华泰柏瑞沪深300ETF,individual,个人,644176553,6.441766,11.019123,exact,5845987690,2015-08-29,2015-08-29,public_report_mirror-510300-2015-06-30,public_report_mirror,53,https://pdf.dfcfw.com/pdf/H2_AN201508310010668453_1.pdf,"https://fund.eastmoney.com/gonggao/510300,AN201508310010668453.html"
2015-06-30,510310,易方达沪深300ETF,national_team,国家队（已识别）,,,,not_identified,2430307415,2015-08-26,2015-08-25,manager_official_pdf-510310-2015-06-30,manager_official_pdf,45,https://cdn.efunds.com.cn/owch/data/notice/20150825/510310_%E6%98%93%E6%96%B9%E8%BE%BE%E6%B2%AA%E6%B7%B1300%E4%BA%A4%E6%98%93%E5%9E%8B%E5%BC%80%E6%94%BE%E5%BC%8F%E6%8C%87%E6%95%B0%E5%8F%91%E8%B5%B7%E5%BC%8F%E8%AF%81%E5%88%B8%E6%8A%95%E8%B5%84%E5%9F%BA%E9%87%912015%E5%B9%B4%E5%8D%8A%E5%B9%B4%E5%BA%A6%E6%8A%A5%E5%91%8A.pdf,https://www.efunds.com.cn/c/166/166387.shtml
2015-06-30,510310,易方达沪深300ETF,other_institution,其他机构（含保险）,51729192,0.517292,2.128504,includes_unidentified_national_team,2430307415,2015-08-26,2015-08-25,manager_official_pdf-510310-2015-06-30,manager_official_pdf,45,https://cdn.efunds.com.cn/owch/data/notice/20150825/510310_%E6%98%93%E6%96%B9%E8%BE%BE%E6%B2%AA%E6%B7%B1300%E4%BA%A4%E6%98%93%E5%9E%8B%E5%BC%80%E6%94%BE%E5%BC%8F%E6%8C%87%E6%95%B0%E5%8F%91%E8%B5%B7%E5%BC%8F%E8%AF%81%E5%88%B8%E6%8A%95%E8%B5%84%E5%9F%BA%E9%87%912015%E5%B9%B4%E5%8D%8A%E5%B9%B4%E5%BA%A6%E6%8A%A5%E5%91%8A.pdf,https://www.efunds.com.cn/c/166/166387.shtml
2015-06-30,510310,易方达沪深300ETF,individual,个人,71437589,0.714376,2.939447,exact,2430307415,2015-08-26,2015-08-25,manager_official_pdf-510310-2015-06-30,manager_official_pdf,45,https://cdn.efunds.com.cn/owch/data/notice/20150825/510310_%E6%98%93%E6%96%B9%E8%BE%BE%E6%B2%AA%E6%B7%B1300%E4%BA%A4%E6%98%93%E5%9E%8B%E5%BC%80%E6%94%BE%E5%BC%8F%E6%8C%87%E6%95%B0%E5%8F%91%E8%B5%B7%E5%BC%8F%E8%AF%81%E5%88%B8%E6%8A%95%E8%B5%84%E5%9F%BA%E9%87%912015%E5%B9%B4%E5%8D%8A%E5%B9%B4%E5%BA%A6%E6%8A%A5%E5%91%8A.pdf,https://www.efunds.com.cn/c/166/166387.shtml
2015-06-30,510330,华夏沪深300ETF,national_team,国家队（已识别）,262902700,2.629027,7.087950,lower_bound,3709149828,2015-08-29,2015-08-29,public_report_mirror-510330-2015-06-30,public_report_mirror,46,https://pdf.dfcfw.com/pdf/H2_AN201508290010663287_1.pdf,"https://fund.eastmoney.com/gonggao/510330,AN201508290010663287.html"
2015-06-30,510330,华夏沪深300ETF,other_institution,其他机构（含保险）,163520109,1.635201,4.408560,upper_bound,3709149828,2015-08-29,2015-08-29,public_report_mirror-510330-2015-06-30,public_report_mirror,46,https://pdf.dfcfw.com/pdf/H2_AN201508290010663287_1.pdf,"https://fund.eastmoney.com/gonggao/510330,AN201508290010663287.html"
2015-06-30,510330,华夏沪深300ETF,individual,个人,52923392,0.529234,1.426833,exact,3709149828,2015-08-29,2015-08-29,public_report_mirror-510330-2015-06-30,public_report_mirror,46,https://pdf.dfcfw.com/pdf/H2_AN201508290010663287_1.pdf,"https://fund.eastmoney.com/gonggao/510330,AN201508290010663287.html"
2015-06-30,159919,嘉实沪深300ETF,national_team,国家队（已识别）,,,,not_identified,6120106477,2015-08-29,2015-08-29,public_report_mirror-159919-2015-06-30,public_report_mirror,48,https://pdf.dfcfw.com/pdf/H2_AN201508290010663468_1.pdf,https://www.jsfund.cn/main/fund/noticedetails.shtml?adId=594176764136444c4f42773d
2015-06-30,159919,嘉实沪深300ETF,other_institution,其他机构（含保险）,1274977956,12.749780,20.832611,includes_unidentified_national_team,6120106477,2015-08-29,2015-08-29,public_report_mirror-159919-2015-06-30,public_report_mirror,48,https://pdf.dfcfw.com/pdf/H2_AN201508290010663468_1.pdf,https://www.jsfund.cn/main/fund/noticedetails.shtml?adId=594176764136444c4f42773d
2015-06-30,159919,嘉实沪深300ETF,individual,个人,409876154,4.098762,6.697206,exact,6120106477,2015-08-29,2015-08-29,public_report_mirror-159919-2015-06-30,public_report_mirror,48,https://pdf.dfcfw.com/pdf/H2_AN201508290010663468_1.pdf,https://www.jsfund.cn/main/fund/noticedetails.shtml?adId=594176764136444c4f42773d
2015-06-30,159915,易方达创业板ETF,national_team,国家队（已识别）,,,,not_identified,1397454936,2015-08-26,2015-08-25,manager_official_pdf-159915-2015-06-30,manager_official_pdf,39,https://cdn.efunds.com.cn/owch/data/notice/20150825/159915_%E6%98%93%E6%96%B9%E8%BE%BE%E5%88%9B%E4%B8%9A%E6%9D%BF%E4%BA%A4%E6%98%93%E5%9E%8B%E5%BC%80%E6%94%BE%E5%BC%8F%E6%8C%87%E6%95%B0%E8%AF%81%E5%88%B8%E6%8A%95%E8%B5%84%E5%9F%BA%E9%87%912015%E5%B9%B4%E5%8D%8A%E5%B9%B4%E5%BA%A6%E6%8A%A5%E5%91%8A.pdf,https://www.efunds.com.cn/c/166/166343.shtml
2015-06-30,159915,易方达创业板ETF,other_institution,其他机构（含保险）,579803448,5.798034,41.489957,includes_unidentified_national_team,1397454936,2015-08-26,2015-08-25,manager_official_pdf-159915-2015-06-30,manager_official_pdf,39,https://cdn.efunds.com.cn/owch/data/notice/20150825/159915_%E6%98%93%E6%96%B9%E8%BE%BE%E5%88%9B%E4%B8%9A%E6%9D%BF%E4%BA%A4%E6%98%93%E5%9E%8B%E5%BC%80%E6%94%BE%E5%BC%8F%E6%8C%87%E6%95%B0%E8%AF%81%E5%88%B8%E6%8A%95%E8%B5%84%E5%9F%BA%E9%87%912015%E5%B9%B4%E5%8D%8A%E5%B9%B4%E5%BA%A6%E6%8A%A5%E5%91%8A.pdf,https://www.efunds.com.cn/c/166/166343.shtml
2015-06-30,159915,易方达创业板ETF,individual,个人,568561153,5.685612,40.685473,exact,1397454936,2015-08-26,2015-08-25,manager_official_pdf-159915-2015-06-30,manager_official_pdf,39,https://cdn.efunds.com.cn/owch/data/notice/20150825/159915_%E6%98%93%E6%96%B9%E8%BE%BE%E5%88%9B%E4%B8%9A%E6%9D%BF%E4%BA%A4%E6%98%93%E5%9E%8B%E5%BC%80%E6%94%BE%E5%BC%8F%E6%8C%87%E6%95%B0%E8%AF%81%E5%88%B8%E6%8A%95%E8%B5%84%E5%9F%BA%E9%87%912015%E5%B9%B4%E5%8D%8A%E5%B9%B4%E5%BA%A6%E6%8A%A5%E5%91%8A.pdf,https://www.efunds.com.cn/c/166/166343.shtml
2015-12-31,510300,华泰柏瑞沪深300ETF,national_team,国家队（已识别）,2423958601.00,24.239586,41.954510,lower_bound,5777587690,2016-03-29,2016-03-29,public_report_mirror-510300-2015-12-31,public_report_mirror,61,https://pdf.dfcfw.com/pdf/H2_AN201603290014117318_1.pdf,"https://fund.eastmoney.com/gonggao/510300,AN201603290014117318.html"
2015-12-31,510300,华泰柏瑞沪深300ETF,other_institution,其他机构（含保险）,2470915189.00,24.709152,42.767247,upper_bound,5777587690,2016-03-29,2016-03-29,public_report_mirror-510300-2015-12-31,public_report_mirror,61,https://pdf.dfcfw.com/pdf/H2_AN201603290014117318_1.pdf,"https://fund.eastmoney.com/gonggao/510300,AN201603290014117318.html"
2015-12-31,510300,华泰柏瑞沪深300ETF,individual,个人,477218580,4.772186,8.259824,exact,5777587690,2016-03-29,2016-03-29,public_report_mirror-510300-2015-12-31,public_report_mirror,61,https://pdf.dfcfw.com/pdf/H2_AN201603290014117318_1.pdf,"https://fund.eastmoney.com/gonggao/510300,AN201603290014117318.html"
2015-12-31,510310,易方达沪深300ETF,national_team,国家队（已识别）,,,,not_identified,2845831140,2016-03-25,2016-03-24,manager_official_pdf-510310-2015-12-31,manager_official_pdf,57,https://cdn.efunds.com.cn/owch/data/notice/20160324/510310_%E6%98%93%E6%96%B9%E8%BE%BE%E6%B2%AA%E6%B7%B1300%E4%BA%A4%E6%98%93%E5%9E%8B%E5%BC%80%E6%94%BE%E5%BC%8F%E6%8C%87%E6%95%B0%E5%8F%91%E8%B5%B7%E5%BC%8F%E8%AF%81%E5%88%B8%E6%8A%95%E8%B5%84%E5%9F%BA%E9%87%912015%E5%B9%B4%E5%B9%B4%E5%BA%A6%E6%8A%A5%E5%91%8A.pdf,https://www.efunds.com.cn/c/167/167831.shtml
2015-12-31,510310,易方达沪深300ETF,other_institution,其他机构（含保险）,142286632,1.422866,4.999827,includes_unidentified_national_team,2845831140,2016-03-25,2016-03-24,manager_official_pdf-510310-2015-12-31,manager_official_pdf,57,https://cdn.efunds.com.cn/owch/data/notice/20160324/510310_%E6%98%93%E6%96%B9%E8%BE%BE%E6%B2%AA%E6%B7%B1300%E4%BA%A4%E6%98%93%E5%9E%8B%E5%BC%80%E6%94%BE%E5%BC%8F%E6%8C%87%E6%95%B0%E5%8F%91%E8%B5%B7%E5%BC%8F%E8%AF%81%E5%88%B8%E6%8A%95%E8%B5%84%E5%9F%BA%E9%87%912015%E5%B9%B4%E5%B9%B4%E5%BA%A6%E6%8A%A5%E5%91%8A.pdf,https://www.efunds.com.cn/c/167/167831.shtml
2015-12-31,510310,易方达沪深300ETF,individual,个人,54653784,0.546538,1.920486,exact,2845831140,2016-03-25,2016-03-24,manager_official_pdf-510310-2015-12-31,manager_official_pdf,57,https://cdn.efunds.com.cn/owch/data/notice/20160324/510310_%E6%98%93%E6%96%B9%E8%BE%BE%E6%B2%AA%E6%B7%B1300%E4%BA%A4%E6%98%93%E5%9E%8B%E5%BC%80%E6%94%BE%E5%BC%8F%E6%8C%87%E6%95%B0%E5%8F%91%E8%B5%B7%E5%BC%8F%E8%AF%81%E5%88%B8%E6%8A%95%E8%B5%84%E5%9F%BA%E9%87%912015%E5%B9%B4%E5%B9%B4%E5%BA%A6%E6%8A%A5%E5%91%8A.pdf,https://www.efunds.com.cn/c/167/167831.shtml
2015-12-31,510330,华夏沪深300ETF,national_team,国家队（已识别）,1790942652,17.909427,38.510342,lower_bound,4650549828,2016-03-29,2016-03-29,public_report_mirror-510330-2015-12-31,public_report_mirror,53,https://pdf.dfcfw.com/pdf/H2_AN201603290014113204_1.pdf,"https://fund.eastmoney.com/gonggao/510330,AN201603290014113204.html"
2015-12-31,510330,华夏沪深300ETF,other_institution,其他机构（含保险）,19225382,0.192254,0.413400,upper_bound,4650549828,2016-03-29,2016-03-29,public_report_mirror-510330-2015-12-31,public_report_mirror,53,https://pdf.dfcfw.com/pdf/H2_AN201603290014113204_1.pdf,"https://fund.eastmoney.com/gonggao/510330,AN201603290014113204.html"
2015-12-31,510330,华夏沪深300ETF,individual,个人,42835091,0.428351,0.921076,exact,4650549828,2016-03-29,2016-03-29,public_report_mirror-510330-2015-12-31,public_report_mirror,53,https://pdf.dfcfw.com/pdf/H2_AN201603290014113204_1.pdf,"https://fund.eastmoney.com/gonggao/510330,AN201603290014113204.html"
2015-12-31,159919,嘉实沪深300ETF,national_team,国家队（已识别）,75000000.00,0.750000,1.437496,lower_bound,5217406477,2016-03-29,2016-03-29,public_report_mirror-159919-2015-12-31,public_report_mirror,57,https://pdf.dfcfw.com/pdf/H2_AN201603290014114652_1.pdf,https://www.jsfund.cn/main/fund/noticedetails.shtml?adId=4d4866445a384d6e584f733d
2015-12-31,159919,嘉实沪深300ETF,other_institution,其他机构（含保险）,651017375.00,6.510174,12.477797,upper_bound,5217406477,2016-03-29,2016-03-29,public_report_mirror-159919-2015-12-31,public_report_mirror,57,https://pdf.dfcfw.com/pdf/H2_AN201603290014114652_1.pdf,https://www.jsfund.cn/main/fund/noticedetails.shtml?adId=4d4866445a384d6e584f733d
2015-12-31,159919,嘉实沪深300ETF,individual,个人,291716667,2.917167,5.591220,exact,5217406477,2016-03-29,2016-03-29,public_report_mirror-159919-2015-12-31,public_report_mirror,57,https://pdf.dfcfw.com/pdf/H2_AN201603290014114652_1.pdf,https://www.jsfund.cn/main/fund/noticedetails.shtml?adId=4d4866445a384d6e584f733d
2015-12-31,159915,易方达创业板ETF,national_team,国家队（已识别）,,,,not_identified,1623454936,2016-03-25,2016-03-24,manager_official_pdf-159915-2015-12-31,manager_official_pdf,52,https://cdn.efunds.com.cn/owch/data/notice/20160324/159915_%E6%98%93%E6%96%B9%E8%BE%BE%E5%88%9B%E4%B8%9A%E6%9D%BF%E4%BA%A4%E6%98%93%E5%9E%8B%E5%BC%80%E6%94%BE%E5%BC%8F%E6%8C%87%E6%95%B0%E8%AF%81%E5%88%B8%E6%8A%95%E8%B5%84%E5%9F%BA%E9%87%912015%E5%B9%B4%E5%B9%B4%E5%BA%A6%E6%8A%A5%E5%91%8A.pdf,https://www.efunds.com.cn/c/167/167814.shtml
2015-12-31,159915,易方达创业板ETF,other_institution,其他机构（含保险）,520173268,5.201733,32.041128,includes_unidentified_national_team,1623454936,2016-03-25,2016-03-24,manager_official_pdf-159915-2015-12-31,manager_official_pdf,52,https://cdn.efunds.com.cn/owch/data/notice/20160324/159915_%E6%98%93%E6%96%B9%E8%BE%BE%E5%88%9B%E4%B8%9A%E6%9D%BF%E4%BA%A4%E6%98%93%E5%9E%8B%E5%BC%80%E6%94%BE%E5%BC%8F%E6%8C%87%E6%95%B0%E8%AF%81%E5%88%B8%E6%8A%95%E8%B5%84%E5%9F%BA%E9%87%912015%E5%B9%B4%E5%B9%B4%E5%BA%A6%E6%8A%A5%E5%91%8A.pdf,https://www.efunds.com.cn/c/167/167814.shtml
2015-12-31,159915,易方达创业板ETF,individual,个人,740464429,7.404644,45.610409,exact,1623454936,2016-03-25,2016-03-24,manager_official_pdf-159915-2015-12-31,manager_official_pdf,52,https://cdn.efunds.com.cn/owch/data/notice/20160324/159915_%E6%98%93%E6%96%B9%E8%BE%BE%E5%88%9B%E4%B8%9A%E6%9D%BF%E4%BA%A4%E6%98%93%E5%9E%8B%E5%BC%80%E6%94%BE%E5%BC%8F%E6%8C%87%E6%95%B0%E8%AF%81%E5%88%B8%E6%8A%95%E8%B5%84%E5%9F%BA%E9%87%912015%E5%B9%B4%E5%B9%B4%E5%BA%A6%E6%8A%A5%E5%91%8A.pdf,https://www.efunds.com.cn/c/167/167814.shtml
2016-06-30,510300,华泰柏瑞沪深300ETF,national_team,国家队（已识别）,2423958601.00,24.239586,36.695578,lower_bound,6605587690,2016-08-27,2016-08-27,public_report_mirror-510300-2016-06-30,public_report_mirror,49,https://pdf.dfcfw.com/pdf/H2_AN201608290017366117_1.pdf,"https://fund.eastmoney.com/gonggao/510300,AN201608290017366117.html"
2016-06-30,510300,华泰柏瑞沪深300ETF,other_institution,其他机构（含保险）,3255199085.00,32.551991,49.279477,upper_bound,6605587690,2016-08-27,2016-08-27,public_report_mirror-510300-2016-06-30,public_report_mirror,49,https://pdf.dfcfw.com/pdf/H2_AN201608290017366117_1.pdf,"https://fund.eastmoney.com/gonggao/510300,AN201608290017366117.html"
2016-06-30,510300,华泰柏瑞沪深300ETF,individual,个人,706986679,7.069867,10.702858,exact,6605587690,2016-08-27,2016-08-27,public_report_mirror-510300-2016-06-30,public_report_mirror,49,https://pdf.dfcfw.com/pdf/H2_AN201608290017366117_1.pdf,"https://fund.eastmoney.com/gonggao/510300,AN201608290017366117.html"
2016-06-30,510310,易方达沪深300ETF,national_team,国家队（已识别）,,,,not_identified,2913831140,2016-08-24,2016-08-23,manager_official_pdf-510310-2016-06-30,manager_official_pdf,45,https://cdn.efunds.com.cn/owch/data/notice/20160823/510310_%E6%98%93%E6%96%B9%E8%BE%BE%E6%B2%AA%E6%B7%B1300%E4%BA%A4%E6%98%93%E5%9E%8B%E5%BC%80%E6%94%BE%E5%BC%8F%E6%8C%87%E6%95%B0%E5%8F%91%E8%B5%B7%E5%BC%8F%E8%AF%81%E5%88%B8%E6%8A%95%E8%B5%84%E5%9F%BA%E9%87%912016%E5%B9%B4%E5%8D%8A%E5%B9%B4%E5%BA%A6%E6%8A%A5%E5%91%8A.pdf,https://www.efunds.com.cn/c/169/169048.shtml
2016-06-30,510310,易方达沪深300ETF,other_institution,其他机构（含保险）,145898367,1.458984,5.007098,includes_unidentified_national_team,2913831140,2016-08-24,2016-08-23,manager_official_pdf-510310-2016-06-30,manager_official_pdf,45,https://cdn.efunds.com.cn/owch/data/notice/20160823/510310_%E6%98%93%E6%96%B9%E8%BE%BE%E6%B2%AA%E6%B7%B1300%E4%BA%A4%E6%98%93%E5%9E%8B%E5%BC%80%E6%94%BE%E5%BC%8F%E6%8C%87%E6%95%B0%E5%8F%91%E8%B5%B7%E5%BC%8F%E8%AF%81%E5%88%B8%E6%8A%95%E8%B5%84%E5%9F%BA%E9%87%912016%E5%B9%B4%E5%8D%8A%E5%B9%B4%E5%BA%A6%E6%8A%A5%E5%91%8A.pdf,https://www.efunds.com.cn/c/169/169048.shtml
2016-06-30,510310,易方达沪深300ETF,individual,个人,54735880,0.547359,1.878485,exact,2913831140,2016-08-24,2016-08-23,manager_official_pdf-510310-2016-06-30,manager_official_pdf,45,https://cdn.efunds.com.cn/owch/data/notice/20160823/510310_%E6%98%93%E6%96%B9%E8%BE%BE%E6%B2%AA%E6%B7%B1300%E4%BA%A4%E6%98%93%E5%9E%8B%E5%BC%80%E6%94%BE%E5%BC%8F%E6%8C%87%E6%95%B0%E5%8F%91%E8%B5%B7%E5%BC%8F%E8%AF%81%E5%88%B8%E6%8A%95%E8%B5%84%E5%9F%BA%E9%87%912016%E5%B9%B4%E5%8D%8A%E5%B9%B4%E5%BA%A6%E6%8A%A5%E5%91%8A.pdf,https://www.efunds.com.cn/c/169/169048.shtml
2016-06-30,510330,华夏沪深300ETF,national_team,国家队（已识别）,1790942652,17.909427,37.636312,lower_bound,4758549828,2016-08-27,2016-08-27,public_report_mirror-510330-2016-06-30,public_report_mirror,46,https://pdf.dfcfw.com/pdf/H2_AN201608260017352538_1.pdf,"https://fund.eastmoney.com/gonggao/510330,AN201608260017352538.html"
2016-06-30,510330,华夏沪深300ETF,other_institution,其他机构（含保险）,111550691,1.115507,2.344216,upper_bound,4758549828,2016-08-27,2016-08-27,public_report_mirror-510330-2016-06-30,public_report_mirror,46,https://pdf.dfcfw.com/pdf/H2_AN201608260017352538_1.pdf,"https://fund.eastmoney.com/gonggao/510330,AN201608260017352538.html"
2016-06-30,510330,华夏沪深300ETF,individual,个人,45953063,0.459531,0.965695,exact,4758549828,2016-08-27,2016-08-27,public_report_mirror-510330-2016-06-30,public_report_mirror,46,https://pdf.dfcfw.com/pdf/H2_AN201608260017352538_1.pdf,"https://fund.eastmoney.com/gonggao/510330,AN201608260017352538.html"
2016-06-30,159919,嘉实沪深300ETF,national_team,国家队（已识别）,75000000.00,0.750000,1.395140,lower_bound,5375806477,2016-08-27,2016-08-27,public_report_mirror-159919-2016-06-30,public_report_mirror,50,https://pdf.dfcfw.com/pdf/H2_AN201608270017358855_1.pdf,https://www.jsfund.cn/main/fund/noticedetails.shtml?adId=69736d48566744596837303d
2016-06-30,159919,嘉实沪深300ETF,other_institution,其他机构（含保险）,583465332.00,5.834653,10.853540,upper_bound,5375806477,2016-08-27,2016-08-27,public_report_mirror-159919-2016-06-30,public_report_mirror,50,https://pdf.dfcfw.com/pdf/H2_AN201608270017358855_1.pdf,https://www.jsfund.cn/main/fund/noticedetails.shtml?adId=69736d48566744596837303d
2016-06-30,159919,嘉实沪深300ETF,individual,个人,287277375,2.872774,5.343894,exact,5375806477,2016-08-27,2016-08-27,public_report_mirror-159919-2016-06-30,public_report_mirror,50,https://pdf.dfcfw.com/pdf/H2_AN201608270017358855_1.pdf,https://www.jsfund.cn/main/fund/noticedetails.shtml?adId=69736d48566744596837303d
2016-06-30,159915,易方达创业板ETF,national_team,国家队（已识别）,,,,not_identified,2511454936,2016-08-24,2016-08-23,manager_official_pdf-159915-2016-06-30,manager_official_pdf,39,https://cdn.efunds.com.cn/owch/data/notice/20160823/159915_%E6%98%93%E6%96%B9%E8%BE%BE%E5%88%9B%E4%B8%9A%E6%9D%BF%E4%BA%A4%E6%98%93%E5%9E%8B%E5%BC%80%E6%94%BE%E5%BC%8F%E6%8C%87%E6%95%B0%E8%AF%81%E5%88%B8%E6%8A%95%E8%B5%84%E5%9F%BA%E9%87%912016%E5%B9%B4%E5%8D%8A%E5%B9%B4%E5%BA%A6%E6%8A%A5%E5%91%8A.pdf,https://www.efunds.com.cn/c/168/168966.shtml
2016-06-30,159915,易方达创业板ETF,other_institution,其他机构（含保险）,1062771154,10.627712,42.316951,includes_unidentified_national_team,2511454936,2016-08-24,2016-08-23,manager_official_pdf-159915-2016-06-30,manager_official_pdf,39,https://cdn.efunds.com.cn/owch/data/notice/20160823/159915_%E6%98%93%E6%96%B9%E8%BE%BE%E5%88%9B%E4%B8%9A%E6%9D%BF%E4%BA%A4%E6%98%93%E5%9E%8B%E5%BC%80%E6%94%BE%E5%BC%8F%E6%8C%87%E6%95%B0%E8%AF%81%E5%88%B8%E6%8A%95%E8%B5%84%E5%9F%BA%E9%87%912016%E5%B9%B4%E5%8D%8A%E5%B9%B4%E5%BA%A6%E6%8A%A5%E5%91%8A.pdf,https://www.efunds.com.cn/c/168/168966.shtml
2016-06-30,159915,易方达创业板ETF,individual,个人,1003160351,10.031604,39.943394,exact,2511454936,2016-08-24,2016-08-23,manager_official_pdf-159915-2016-06-30,manager_official_pdf,39,https://cdn.efunds.com.cn/owch/data/notice/20160823/159915_%E6%98%93%E6%96%B9%E8%BE%BE%E5%88%9B%E4%B8%9A%E6%9D%BF%E4%BA%A4%E6%98%93%E5%9E%8B%E5%BC%80%E6%94%BE%E5%BC%8F%E6%8C%87%E6%95%B0%E8%AF%81%E5%88%B8%E6%8A%95%E8%B5%84%E5%9F%BA%E9%87%912016%E5%B9%B4%E5%8D%8A%E5%B9%B4%E5%BA%A6%E6%8A%A5%E5%91%8A.pdf,https://www.efunds.com.cn/c/168/168966.shtml
2016-12-31,510300,华泰柏瑞沪深300ETF,national_team,国家队（已识别）,2423958601.00,24.239586,45.598379,lower_bound,5315887690,2017-03-29,2017-03-29,public_report_mirror-510300-2016-12-31,public_report_mirror,62,https://pdf.dfcfw.com/pdf/H2_AN201703290447591817_1.pdf,"https://fund.eastmoney.com/gonggao/510300,AN201703290447591817.html"
2016-12-31,510300,华泰柏瑞沪深300ETF,other_institution,其他机构（含保险）,2047214761.00,20.472148,38.511249,upper_bound,5315887690,2017-03-29,2017-03-29,public_report_mirror-510300-2016-12-31,public_report_mirror,62,https://pdf.dfcfw.com/pdf/H2_AN201703290447591817_1.pdf,"https://fund.eastmoney.com/gonggao/510300,AN201703290447591817.html"
2016-12-31,510300,华泰柏瑞沪深300ETF,individual,个人,732553959,7.325540,13.780463,exact,5315887690,2017-03-29,2017-03-29,public_report_mirror-510300-2016-12-31,public_report_mirror,62,https://pdf.dfcfw.com/pdf/H2_AN201703290447591817_1.pdf,"https://fund.eastmoney.com/gonggao/510300,AN201703290447591817.html"
2016-12-31,510310,易方达沪深300ETF,national_team,国家队（已识别）,,,,not_identified,2655831140,2017-03-31,2017-03-30,manager_official_pdf-510310-2016-12-31,manager_official_pdf,59,https://cdn.efunds.com.cn/owch/data/notice/20170330/510310_%E6%98%93%E6%96%B9%E8%BE%BE%E6%B2%AA%E6%B7%B1300%E4%BA%A4%E6%98%93%E5%9E%8B%E5%BC%80%E6%94%BE%E5%BC%8F%E6%8C%87%E6%95%B0%E5%8F%91%E8%B5%B7%E5%BC%8F%E8%AF%81%E5%88%B8%E6%8A%95%E8%B5%84%E5%9F%BA%E9%87%912016%E5%B9%B4%E5%B9%B4%E5%BA%A6%E6%8A%A5%E5%91%8A.pdf,https://www.efunds.com.cn/c/170/170601.shtml
2016-12-31,510310,易方达沪深300ETF,other_institution,其他机构（含保险）,131120934,1.311209,4.937096,includes_unidentified_national_team,2655831140,2017-03-31,2017-03-30,manager_official_pdf-510310-2016-12-31,manager_official_pdf,59,https://cdn.efunds.com.cn/owch/data/notice/20170330/510310_%E6%98%93%E6%96%B9%E8%BE%BE%E6%B2%AA%E6%B7%B1300%E4%BA%A4%E6%98%93%E5%9E%8B%E5%BC%80%E6%94%BE%E5%BC%8F%E6%8C%87%E6%95%B0%E5%8F%91%E8%B5%B7%E5%BC%8F%E8%AF%81%E5%88%B8%E6%8A%95%E8%B5%84%E5%9F%BA%E9%87%912016%E5%B9%B4%E5%B9%B4%E5%BA%A6%E6%8A%A5%E5%91%8A.pdf,https://www.efunds.com.cn/c/170/170601.shtml
2016-12-31,510310,易方达沪深300ETF,individual,个人,53246513,0.532465,2.004891,exact,2655831140,2017-03-31,2017-03-30,manager_official_pdf-510310-2016-12-31,manager_official_pdf,59,https://cdn.efunds.com.cn/owch/data/notice/20170330/510310_%E6%98%93%E6%96%B9%E8%BE%BE%E6%B2%AA%E6%B7%B1300%E4%BA%A4%E6%98%93%E5%9E%8B%E5%BC%80%E6%94%BE%E5%BC%8F%E6%8C%87%E6%95%B0%E5%8F%91%E8%B5%B7%E5%BC%8F%E8%AF%81%E5%88%B8%E6%8A%95%E8%B5%84%E5%9F%BA%E9%87%912016%E5%B9%B4%E5%B9%B4%E5%BA%A6%E6%8A%A5%E5%91%8A.pdf,https://www.efunds.com.cn/c/170/170601.shtml
2016-12-31,510330,华夏沪深300ETF,national_team,国家队（已识别）,1790942652,17.909427,39.131321,lower_bound,4576749828,2017-03-29,2017-03-29,public_report_mirror-510330-2016-12-31,public_report_mirror,55,https://pdf.dfcfw.com/pdf/H2_AN201703290447693060_1.pdf,"https://fund.eastmoney.com/gonggao/510330,AN201703290447693060.html"
2016-12-31,510330,华夏沪深300ETF,other_institution,其他机构（含保险）,10934768,0.109348,0.238920,upper_bound,4576749828,2017-03-29,2017-03-29,public_report_mirror-510330-2016-12-31,public_report_mirror,55,https://pdf.dfcfw.com/pdf/H2_AN201703290447693060_1.pdf,"https://fund.eastmoney.com/gonggao/510330,AN201703290447693060.html"
2016-12-31,510330,华夏沪深300ETF,individual,个人,40797986,0.407980,0.891418,exact,4576749828,2017-03-29,2017-03-29,public_report_mirror-510330-2016-12-31,public_report_mirror,55,https://pdf.dfcfw.com/pdf/H2_AN201703290447693060_1.pdf,"https://fund.eastmoney.com/gonggao/510330,AN201703290447693060.html"
2016-12-31,159919,嘉实沪深300ETF,national_team,国家队（已识别）,75000000.00,0.750000,1.541178,lower_bound,4866406477,2017-03-29,2017-03-29,public_report_mirror-159919-2016-12-31,public_report_mirror,60,https://pdf.dfcfw.com/pdf/H2_AN201703290447591943_1.pdf,https://www.jsfund.cn/main/fund/noticedetails.shtml?adId=394562337650476c4675453d
2016-12-31,159919,嘉实沪深300ETF,other_institution,其他机构（含保险）,384157103.00,3.841571,7.894061,upper_bound,4866406477,2017-03-29,2017-03-29,public_report_mirror-159919-2016-12-31,public_report_mirror,60,https://pdf.dfcfw.com/pdf/H2_AN201703290447591943_1.pdf,https://www.jsfund.cn/main/fund/noticedetails.shtml?adId=394562337650476c4675453d
2016-12-31,159919,嘉实沪深300ETF,individual,个人,280366082,2.803661,5.761255,exact,4866406477,2017-03-29,2017-03-29,public_report_mirror-159919-2016-12-31,public_report_mirror,60,https://pdf.dfcfw.com/pdf/H2_AN201703290447591943_1.pdf,https://www.jsfund.cn/main/fund/noticedetails.shtml?adId=394562337650476c4675453d
2016-12-31,159915,易方达创业板ETF,national_team,国家队（已识别）,,,,not_identified,2799454936,2017-03-31,2017-03-30,manager_official_pdf-159915-2016-12-31,manager_official_pdf,52,https://cdn.efunds.com.cn/owch/data/notice/20170330/159915_%E6%98%93%E6%96%B9%E8%BE%BE%E5%88%9B%E4%B8%9A%E6%9D%BF%E4%BA%A4%E6%98%93%E5%9E%8B%E5%BC%80%E6%94%BE%E5%BC%8F%E6%8C%87%E6%95%B0%E8%AF%81%E5%88%B8%E6%8A%95%E8%B5%84%E5%9F%BA%E9%87%912016%E5%B9%B4%E5%B9%B4%E5%BA%A6%E6%8A%A5%E5%91%8A.pdf,https://www.efunds.com.cn/c/170/170628.shtml
2016-12-31,159915,易方达创业板ETF,other_institution,其他机构（含保险）,1039681386,10.396814,37.138708,includes_unidentified_national_team,2799454936,2017-03-31,2017-03-30,manager_official_pdf-159915-2016-12-31,manager_official_pdf,52,https://cdn.efunds.com.cn/owch/data/notice/20170330/159915_%E6%98%93%E6%96%B9%E8%BE%BE%E5%88%9B%E4%B8%9A%E6%9D%BF%E4%BA%A4%E6%98%93%E5%9E%8B%E5%BC%80%E6%94%BE%E5%BC%8F%E6%8C%87%E6%95%B0%E8%AF%81%E5%88%B8%E6%8A%95%E8%B5%84%E5%9F%BA%E9%87%912016%E5%B9%B4%E5%B9%B4%E5%BA%A6%E6%8A%A5%E5%91%8A.pdf,https://www.efunds.com.cn/c/170/170628.shtml
2016-12-31,159915,易方达创业板ETF,individual,个人,1238658119,12.386581,44.246403,exact,2799454936,2017-03-31,2017-03-30,manager_official_pdf-159915-2016-12-31,manager_official_pdf,52,https://cdn.efunds.com.cn/owch/data/notice/20170330/159915_%E6%98%93%E6%96%B9%E8%BE%BE%E5%88%9B%E4%B8%9A%E6%9D%BF%E4%BA%A4%E6%98%93%E5%9E%8B%E5%BC%80%E6%94%BE%E5%BC%8F%E6%8C%87%E6%95%B0%E8%AF%81%E5%88%B8%E6%8A%95%E8%B5%84%E5%9F%BA%E9%87%912016%E5%B9%B4%E5%B9%B4%E5%BA%A6%E6%8A%A5%E5%91%8A.pdf,https://www.efunds.com.cn/c/170/170628.shtml
2017-06-30,510300,华泰柏瑞沪深300ETF,national_team,国家队（已识别）,2423958601.00,24.239586,46.543988,lower_bound,5207887690,2017-08-26,2017-08-26,public_report_mirror-510300-2017-06-30,public_report_mirror,68,https://pdf.dfcfw.com/pdf/H2_AN201708250828156170_1.pdf,"https://fund.eastmoney.com/gonggao/510300,AN201708250828156170.html"
2017-06-30,510300,华泰柏瑞沪深300ETF,other_institution,其他机构（含保险）,2060195057.00,20.601951,39.559130,upper_bound,5207887690,2017-08-26,2017-08-26,public_report_mirror-510300-2017-06-30,public_report_mirror,68,https://pdf.dfcfw.com/pdf/H2_AN201708250828156170_1.pdf,"https://fund.eastmoney.com/gonggao/510300,AN201708250828156170.html"
2017-06-30,510300,华泰柏瑞沪深300ETF,individual,个人,639484032,6.394840,12.279144,exact,5207887690,2017-08-26,2017-08-26,public_report_mirror-510300-2017-06-30,public_report_mirror,68,https://pdf.dfcfw.com/pdf/H2_AN201708250828156170_1.pdf,"https://fund.eastmoney.com/gonggao/510300,AN201708250828156170.html"
2017-06-30,510310,易方达沪深300ETF,national_team,国家队（已识别）,,,,not_identified,2436307415,2017-08-29,2017-08-28,manager_official_pdf-510310-2017-06-30,manager_official_pdf,47,https://cdn.efunds.com.cn/owch/data/notice/20170828/510310_%E6%98%93%E6%96%B9%E8%BE%BE%E6%B2%AA%E6%B7%B1300%E4%BA%A4%E6%98%93%E5%9E%8B%E5%BC%80%E6%94%BE%E5%BC%8F%E6%8C%87%E6%95%B0%E5%8F%91%E8%B5%B7%E5%BC%8F%E8%AF%81%E5%88%B8%E6%8A%95%E8%B5%84%E5%9F%BA%E9%87%912017%E5%B9%B4%E5%8D%8A%E5%B9%B4%E5%BA%A6%E6%8A%A5%E5%91%8A.pdf,https://www.efunds.com.cn/c/172/172464.shtml
2017-06-30,510310,易方达沪深300ETF,other_institution,其他机构（含保险）,17783922,0.177839,0.729954,includes_unidentified_national_team,2436307415,2017-08-29,2017-08-28,manager_official_pdf-510310-2017-06-30,manager_official_pdf,47,https://cdn.efunds.com.cn/owch/data/notice/20170828/510310_%E6%98%93%E6%96%B9%E8%BE%BE%E6%B2%AA%E6%B7%B1300%E4%BA%A4%E6%98%93%E5%9E%8B%E5%BC%80%E6%94%BE%E5%BC%8F%E6%8C%87%E6%95%B0%E5%8F%91%E8%B5%B7%E5%BC%8F%E8%AF%81%E5%88%B8%E6%8A%95%E8%B5%84%E5%9F%BA%E9%87%912017%E5%B9%B4%E5%8D%8A%E5%B9%B4%E5%BA%A6%E6%8A%A5%E5%91%8A.pdf,https://www.efunds.com.cn/c/172/172464.shtml
2017-06-30,510310,易方达沪深300ETF,individual,个人,55159800,0.551598,2.264074,exact,2436307415,2017-08-29,2017-08-28,manager_official_pdf-510310-2017-06-30,manager_official_pdf,47,https://cdn.efunds.com.cn/owch/data/notice/20170828/510310_%E6%98%93%E6%96%B9%E8%BE%BE%E6%B2%AA%E6%B7%B1300%E4%BA%A4%E6%98%93%E5%9E%8B%E5%BC%80%E6%94%BE%E5%BC%8F%E6%8C%87%E6%95%B0%E5%8F%91%E8%B5%B7%E5%BC%8F%E8%AF%81%E5%88%B8%E6%8A%95%E8%B5%84%E5%9F%BA%E9%87%912017%E5%B9%B4%E5%8D%8A%E5%B9%B4%E5%BA%A6%E6%8A%A5%E5%91%8A.pdf,https://www.efunds.com.cn/c/172/172464.shtml
2017-06-30,510330,华夏沪深300ETF,national_team,国家队（已识别）,1790942652.00,17.909427,41.069603,lower_bound,4360749828,2017-08-26,2017-08-26,public_report_mirror-510330-2017-06-30,public_report_mirror,43,https://pdf.dfcfw.com/pdf/H2_AN201708260830025191_1.pdf,"https://fund.eastmoney.com/gonggao/510330,AN201708260830025191.html"
2017-06-30,510330,华夏沪深300ETF,other_institution,其他机构（含保险）,21089057.00,0.210891,0.483611,upper_bound,4360749828,2017-08-26,2017-08-26,public_report_mirror-510330-2017-06-30,public_report_mirror,43,https://pdf.dfcfw.com/pdf/H2_AN201708260830025191_1.pdf,"https://fund.eastmoney.com/gonggao/510330,AN201708260830025191.html"
2017-06-30,510330,华夏沪深300ETF,individual,个人,38235997,0.382360,0.876822,exact,4360749828,2017-08-26,2017-08-26,public_report_mirror-510330-2017-06-30,public_report_mirror,43,https://pdf.dfcfw.com/pdf/H2_AN201708260830025191_1.pdf,"https://fund.eastmoney.com/gonggao/510330,AN201708260830025191.html"
2017-06-30,159919,嘉实沪深300ETF,national_team,国家队（已识别）,75000000.00,0.750000,1.691663,lower_bound,4433506477,2017-08-26,2017-08-26,public_report_mirror-159919-2017-06-30,public_report_mirror,66,https://pdf.dfcfw.com/pdf/H2_AN201708260829915119_1.pdf,https://www.jsfund.cn/main/fund/noticedetails.shtml?adId=595378617a6f56577230383d
2017-06-30,159919,嘉实沪深300ETF,other_institution,其他机构（含保险）,265677056.00,2.656771,5.992482,upper_bound,4433506477,2017-08-26,2017-08-26,public_report_mirror-159919-2017-06-30,public_report_mirror,66,https://pdf.dfcfw.com/pdf/H2_AN201708260829915119_1.pdf,https://www.jsfund.cn/main/fund/noticedetails.shtml?adId=595378617a6f56577230383d
2017-06-30,159919,嘉实沪深300ETF,individual,个人,237938174,2.379382,5.366817,exact,4433506477,2017-08-26,2017-08-26,public_report_mirror-159919-2017-06-30,public_report_mirror,66,https://pdf.dfcfw.com/pdf/H2_AN201708260829915119_1.pdf,https://www.jsfund.cn/main/fund/noticedetails.shtml?adId=595378617a6f56577230383d
2017-06-30,159915,易方达创业板ETF,national_team,国家队（已识别）,,,,not_identified,3412990587,2017-08-29,2017-08-28,manager_official_pdf-159915-2017-06-30,manager_official_pdf,39,https://cdn.efunds.com.cn/owch/data/notice/20170828/159915_%E6%98%93%E6%96%B9%E8%BE%BE%E5%88%9B%E4%B8%9A%E6%9D%BF%E4%BA%A4%E6%98%93%E5%9E%8B%E5%BC%80%E6%94%BE%E5%BC%8F%E6%8C%87%E6%95%B0%E8%AF%81%E5%88%B8%E6%8A%95%E8%B5%84%E5%9F%BA%E9%87%912017%E5%B9%B4%E5%8D%8A%E5%B9%B4%E5%BA%A6%E6%8A%A5%E5%91%8A.pdf,https://www.efunds.com.cn/c/172/172486.shtml
2017-06-30,159915,易方达创业板ETF,other_institution,其他机构（含保险）,1269934732,12.699347,37.208855,includes_unidentified_national_team,3412990587,2017-08-29,2017-08-28,manager_official_pdf-159915-2017-06-30,manager_official_pdf,39,https://cdn.efunds.com.cn/owch/data/notice/20170828/159915_%E6%98%93%E6%96%B9%E8%BE%BE%E5%88%9B%E4%B8%9A%E6%9D%BF%E4%BA%A4%E6%98%93%E5%9E%8B%E5%BC%80%E6%94%BE%E5%BC%8F%E6%8C%87%E6%95%B0%E8%AF%81%E5%88%B8%E6%8A%95%E8%B5%84%E5%9F%BA%E9%87%912017%E5%B9%B4%E5%8D%8A%E5%B9%B4%E5%BA%A6%E6%8A%A5%E5%91%8A.pdf,https://www.efunds.com.cn/c/172/172486.shtml
2017-06-30,159915,易方达创业板ETF,individual,个人,1442545959,14.425460,42.266333,exact,3412990587,2017-08-29,2017-08-28,manager_official_pdf-159915-2017-06-30,manager_official_pdf,39,https://cdn.efunds.com.cn/owch/data/notice/20170828/159915_%E6%98%93%E6%96%B9%E8%BE%BE%E5%88%9B%E4%B8%9A%E6%9D%BF%E4%BA%A4%E6%98%93%E5%9E%8B%E5%BC%80%E6%94%BE%E5%BC%8F%E6%8C%87%E6%95%B0%E8%AF%81%E5%88%B8%E6%8A%95%E8%B5%84%E5%9F%BA%E9%87%912017%E5%B9%B4%E5%8D%8A%E5%B9%B4%E5%BA%A6%E6%8A%A5%E5%91%8A.pdf,https://www.efunds.com.cn/c/172/172486.shtml
2017-12-31,510300,华泰柏瑞沪深300ETF,national_team,国家队（已识别）,2423958601.00,24.239586,48.636875,lower_bound,4983787690,2018-03-28,2018-03-28,manager_official_pdf-510300-2017-12-31,manager_official_pdf,69,https://www.huatai-pb.com/upload/pdf/1522205963750-htbrhs300jyxkfszszqtzjj2017nndbg.pdf,https://www.huatai-pb.com/news/information/fundReport/index.html
2017-12-31,510300,华泰柏瑞沪深300ETF,other_institution,其他机构（含保险）,1726559213.00,17.265592,34.643515,upper_bound,4983787690,2018-03-28,2018-03-28,manager_official_pdf-510300-2017-12-31,manager_official_pdf,69,https://www.huatai-pb.com/upload/pdf/1522205963750-htbrhs300jyxkfszszqtzjj2017nndbg.pdf,https://www.huatai-pb.com/news/information/fundReport/index.html
2017-12-31,510300,华泰柏瑞沪深300ETF,individual,个人,820774776,8.207748,16.468895,exact,4983787690,2018-03-28,2018-03-28,manager_official_pdf-510300-2017-12-31,manager_official_pdf,69,https://www.huatai-pb.com/upload/pdf/1522205963750-htbrhs300jyxkfszszqtzjj2017nndbg.pdf,https://www.huatai-pb.com/news/information/fundReport/index.html
2017-12-31,510310,易方达沪深300ETF,national_team,国家队（已识别）,,,,not_identified,2380307415,2018-03-30,2018-03-29,manager_official_pdf-510310-2017-12-31,manager_official_pdf,63,https://cdn.efunds.com.cn/owch/data/notice/20180329/510310_%E6%98%93%E6%96%B9%E8%BE%BE%E6%B2%AA%E6%B7%B1300%E4%BA%A4%E6%98%93%E5%9E%8B%E5%BC%80%E6%94%BE%E5%BC%8F%E6%8C%87%E6%95%B0%E5%8F%91%E8%B5%B7%E5%BC%8F%E8%AF%81%E5%88%B8%E6%8A%95%E8%B5%84%E5%9F%BA%E9%87%912017%E5%B9%B4%E5%B9%B4%E5%BA%A6%E6%8A%A5%E5%91%8A.pdf,https://www.efunds.com.cn/c/176/176023.shtml
2017-12-31,510310,易方达沪深300ETF,other_institution,其他机构（含保险）,15660868,0.156609,0.657935,includes_unidentified_national_team,2380307415,2018-03-30,2018-03-29,manager_official_pdf-510310-2017-12-31,manager_official_pdf,63,https://cdn.efunds.com.cn/owch/data/notice/20180329/510310_%E6%98%93%E6%96%B9%E8%BE%BE%E6%B2%AA%E6%B7%B1300%E4%BA%A4%E6%98%93%E5%9E%8B%E5%BC%80%E6%94%BE%E5%BC%8F%E6%8C%87%E6%95%B0%E5%8F%91%E8%B5%B7%E5%BC%8F%E8%AF%81%E5%88%B8%E6%8A%95%E8%B5%84%E5%9F%BA%E9%87%912017%E5%B9%B4%E5%B9%B4%E5%BA%A6%E6%8A%A5%E5%91%8A.pdf,https://www.efunds.com.cn/c/176/176023.shtml
2017-12-31,510310,易方达沪深300ETF,individual,个人,77191954,0.771920,3.242941,exact,2380307415,2018-03-30,2018-03-29,manager_official_pdf-510310-2017-12-31,manager_official_pdf,63,https://cdn.efunds.com.cn/owch/data/notice/20180329/510310_%E6%98%93%E6%96%B9%E8%BE%BE%E6%B2%AA%E6%B7%B1300%E4%BA%A4%E6%98%93%E5%9E%8B%E5%BC%80%E6%94%BE%E5%BC%8F%E6%8C%87%E6%95%B0%E5%8F%91%E8%B5%B7%E5%BC%8F%E8%AF%81%E5%88%B8%E6%8A%95%E8%B5%84%E5%9F%BA%E9%87%912017%E5%B9%B4%E5%B9%B4%E5%BA%A6%E6%8A%A5%E5%91%8A.pdf,https://www.efunds.com.cn/c/176/176023.shtml
2017-12-31,510330,华夏沪深300ETF,national_team,国家队（已识别）,1790942652.00,17.909427,41.794166,lower_bound,4285149828,2018-03-28,2018-03-28,public_report_mirror-510330-2017-12-31,public_report_mirror,51,https://pdf.dfcfw.com/pdf/H2_AN201803281112569570_1.pdf,"https://fund.eastmoney.com/gonggao/510330,AN201803281112569570.html"
2017-12-31,510330,华夏沪深300ETF,other_institution,其他机构（含保险）,31971831.00,0.319718,0.746108,upper_bound,4285149828,2018-03-28,2018-03-28,public_report_mirror-510330-2017-12-31,public_report_mirror,51,https://pdf.dfcfw.com/pdf/H2_AN201803281112569570_1.pdf,"https://fund.eastmoney.com/gonggao/510330,AN201803281112569570.html"
2017-12-31,510330,华夏沪深300ETF,individual,个人,41956923,0.419569,0.979124,exact,4285149828,2018-03-28,2018-03-28,public_report_mirror-510330-2017-12-31,public_report_mirror,51,https://pdf.dfcfw.com/pdf/H2_AN201803281112569570_1.pdf,"https://fund.eastmoney.com/gonggao/510330,AN201803281112569570.html"
2017-12-31,159919,嘉实沪深300ETF,national_team,国家队（已识别）,75000000.00,0.750000,1.800588,lower_bound,4165306477,2018-03-28,2018-03-28,public_report_mirror-159919-2017-12-31,public_report_mirror,63,https://pdf.dfcfw.com/pdf/H2_AN201803281112577002_1.pdf,https://www.jsfund.cn/main/fund/noticedetails.shtml?adId=48487177454b486e6734413d
2017-12-31,159919,嘉实沪深300ETF,other_institution,其他机构（含保险）,205010773.00,2.050108,4.921865,upper_bound,4165306477,2018-03-28,2018-03-28,public_report_mirror-159919-2017-12-31,public_report_mirror,63,https://pdf.dfcfw.com/pdf/H2_AN201803281112577002_1.pdf,https://www.jsfund.cn/main/fund/noticedetails.shtml?adId=48487177454b486e6734413d
2017-12-31,159919,嘉实沪深300ETF,individual,个人,246323568,2.463236,5.913696,exact,4165306477,2018-03-28,2018-03-28,public_report_mirror-159919-2017-12-31,public_report_mirror,63,https://pdf.dfcfw.com/pdf/H2_AN201803281112577002_1.pdf,https://www.jsfund.cn/main/fund/noticedetails.shtml?adId=48487177454b486e6734413d
2017-12-31,159915,易方达创业板ETF,national_team,国家队（已识别）,,,,not_identified,3073454936,2018-03-30,2018-03-29,manager_official_pdf-159915-2017-12-31,manager_official_pdf,54,https://cdn.efunds.com.cn/owch/data/notice/20180329/159915_%E6%98%93%E6%96%B9%E8%BE%BE%E5%88%9B%E4%B8%9A%E6%9D%BF%E4%BA%A4%E6%98%93%E5%9E%8B%E5%BC%80%E6%94%BE%E5%BC%8F%E6%8C%87%E6%95%B0%E8%AF%81%E5%88%B8%E6%8A%95%E8%B5%84%E5%9F%BA%E9%87%912017%E5%B9%B4%E5%B9%B4%E5%BA%A6%E6%8A%A5%E5%91%8A.pdf,https://www.efunds.com.cn/c/176/176075.shtml
2017-12-31,159915,易方达创业板ETF,other_institution,其他机构（含保险）,461141238,4.611412,15.004002,includes_unidentified_national_team,3073454936,2018-03-30,2018-03-29,manager_official_pdf-159915-2017-12-31,manager_official_pdf,54,https://cdn.efunds.com.cn/owch/data/notice/20180329/159915_%E6%98%93%E6%96%B9%E8%BE%BE%E5%88%9B%E4%B8%9A%E6%9D%BF%E4%BA%A4%E6%98%93%E5%9E%8B%E5%BC%80%E6%94%BE%E5%BC%8F%E6%8C%87%E6%95%B0%E8%AF%81%E5%88%B8%E6%8A%95%E8%B5%84%E5%9F%BA%E9%87%912017%E5%B9%B4%E5%B9%B4%E5%BA%A6%E6%8A%A5%E5%91%8A.pdf,https://www.efunds.com.cn/c/176/176075.shtml
2017-12-31,159915,易方达创业板ETF,individual,个人,1770549198,17.705492,57.607781,exact,3073454936,2018-03-30,2018-03-29,manager_official_pdf-159915-2017-12-31,manager_official_pdf,54,https://cdn.efunds.com.cn/owch/data/notice/20180329/159915_%E6%98%93%E6%96%B9%E8%BE%BE%E5%88%9B%E4%B8%9A%E6%9D%BF%E4%BA%A4%E6%98%93%E5%9E%8B%E5%BC%80%E6%94%BE%E5%BC%8F%E6%8C%87%E6%95%B0%E8%AF%81%E5%88%B8%E6%8A%95%E8%B5%84%E5%9F%BA%E9%87%912017%E5%B9%B4%E5%B9%B4%E5%BA%A6%E6%8A%A5%E5%91%8A.pdf,https://www.efunds.com.cn/c/176/176075.shtml
2018-06-30,510300,华泰柏瑞沪深300ETF,national_team,国家队（已识别）,2423958601.00,24.239586,38.324743,lower_bound,6324787690,2018-08-25,2018-08-25,manager_official_pdf-510300-2018-06-30,manager_official_pdf,58,https://www.huatai-pb.com/upload/pdf/1535339711505-htbrhs300jyxkfszszqtzjj2018nbndbg.pdf,https://www.huatai-pb.com/news/information/fundReport/index.html
2018-06-30,510300,华泰柏瑞沪深300ETF,other_institution,其他机构（含保险）,2567566162.00,25.675662,40.595294,upper_bound,6324787690,2018-08-25,2018-08-25,manager_official_pdf-510300-2018-06-30,manager_official_pdf,58,https://www.huatai-pb.com/upload/pdf/1535339711505-htbrhs300jyxkfszszqtzjj2018nbndbg.pdf,https://www.huatai-pb.com/news/information/fundReport/index.html
2018-06-30,510300,华泰柏瑞沪深300ETF,individual,个人,1220907727,12.209077,19.303537,exact,6324787690,2018-08-25,2018-08-25,manager_official_pdf-510300-2018-06-30,manager_official_pdf,58,https://www.huatai-pb.com/upload/pdf/1535339711505-htbrhs300jyxkfszszqtzjj2018nbndbg.pdf,https://www.huatai-pb.com/news/information/fundReport/index.html
2018-06-30,510310,易方达沪深300ETF,national_team,国家队（已识别）,,,,not_identified,2566307415,2018-08-28,2018-08-27,manager_official_pdf-510310-2018-06-30,manager_official_pdf,49,https://cdn.efunds.com.cn/owch/data/notice/20180827/510310_%E6%98%93%E6%96%B9%E8%BE%BE%E6%B2%AA%E6%B7%B1300%E4%BA%A4%E6%98%93%E5%9E%8B%E5%BC%80%E6%94%BE%E5%BC%8F%E6%8C%87%E6%95%B0%E5%8F%91%E8%B5%B7%E5%BC%8F%E8%AF%81%E5%88%B8%E6%8A%95%E8%B5%84%E5%9F%BA%E9%87%912018%E5%B9%B4%E5%8D%8A%E5%B9%B4%E5%BA%A6%E6%8A%A5%E5%91%8A.pdf,https://www.efunds.com.cn/c/177/177804.shtml
2018-06-30,510310,易方达沪深300ETF,other_institution,其他机构（含保险）,18253606,0.182536,0.711279,includes_unidentified_national_team,2566307415,2018-08-28,2018-08-27,manager_official_pdf-510310-2018-06-30,manager_official_pdf,49,https://cdn.efunds.com.cn/owch/data/notice/20180827/510310_%E6%98%93%E6%96%B9%E8%BE%BE%E6%B2%AA%E6%B7%B1300%E4%BA%A4%E6%98%93%E5%9E%8B%E5%BC%80%E6%94%BE%E5%BC%8F%E6%8C%87%E6%95%B0%E5%8F%91%E8%B5%B7%E5%BC%8F%E8%AF%81%E5%88%B8%E6%8A%95%E8%B5%84%E5%9F%BA%E9%87%912018%E5%B9%B4%E5%8D%8A%E5%B9%B4%E5%BA%A6%E6%8A%A5%E5%91%8A.pdf,https://www.efunds.com.cn/c/177/177804.shtml
2018-06-30,510310,易方达沪深300ETF,individual,个人,111268090,1.112681,4.335727,exact,2566307415,2018-08-28,2018-08-27,manager_official_pdf-510310-2018-06-30,manager_official_pdf,49,https://cdn.efunds.com.cn/owch/data/notice/20180827/510310_%E6%98%93%E6%96%B9%E8%BE%BE%E6%B2%AA%E6%B7%B1300%E4%BA%A4%E6%98%93%E5%9E%8B%E5%BC%80%E6%94%BE%E5%BC%8F%E6%8C%87%E6%95%B0%E5%8F%91%E8%B5%B7%E5%BC%8F%E8%AF%81%E5%88%B8%E6%8A%95%E8%B5%84%E5%9F%BA%E9%87%912018%E5%B9%B4%E5%8D%8A%E5%B9%B4%E5%BA%A6%E6%8A%A5%E5%91%8A.pdf,https://www.efunds.com.cn/c/177/177804.shtml
2018-06-30,510330,华夏沪深300ETF,national_team,国家队（已识别）,1790942652.00,17.909427,38.886620,lower_bound,4605549828,2018-08-25,2018-08-25,public_report_mirror-510330-2018-06-30,public_report_mirror,42,https://pdf.dfcfw.com/pdf/H2_AN201808251182992632_1.pdf,"https://fund.eastmoney.com/gonggao/510330,AN201808251182992632.html"
2018-06-30,510330,华夏沪深300ETF,other_institution,其他机构（含保险）,131759834.00,1.317598,2.860893,upper_bound,4605549828,2018-08-25,2018-08-25,public_report_mirror-510330-2018-06-30,public_report_mirror,42,https://pdf.dfcfw.com/pdf/H2_AN201808251182992632_1.pdf,"https://fund.eastmoney.com/gonggao/510330,AN201808251182992632.html"
2018-06-30,510330,华夏沪深300ETF,individual,个人,58381920,0.583819,1.267643,exact,4605549828,2018-08-25,2018-08-25,public_report_mirror-510330-2018-06-30,public_report_mirror,42,https://pdf.dfcfw.com/pdf/H2_AN201808251182992632_1.pdf,"https://fund.eastmoney.com/gonggao/510330,AN201808251182992632.html"
2018-06-30,159919,嘉实沪深300ETF,national_team,国家队（已识别）,75000000.00,0.750000,1.793226,lower_bound,4182406477,2018-08-25,2018-08-25,public_report_mirror-159919-2018-06-30,public_report_mirror,49,https://pdf.dfcfw.com/pdf/H2_AN201808251182999052_1.pdf,https://www.jsfund.cn/main/fund/noticedetails.shtml?adId=325650736c4c622b5455383d
2018-06-30,159919,嘉实沪深300ETF,other_institution,其他机构（含保险）,199401819.00,1.994018,4.767634,upper_bound,4182406477,2018-08-25,2018-08-25,public_report_mirror-159919-2018-06-30,public_report_mirror,49,https://pdf.dfcfw.com/pdf/H2_AN201808251182999052_1.pdf,https://www.jsfund.cn/main/fund/noticedetails.shtml?adId=325650736c4c622b5455383d
2018-06-30,159919,嘉实沪深300ETF,individual,个人,298528537,2.985285,7.137722,exact,4182406477,2018-08-25,2018-08-25,public_report_mirror-159919-2018-06-30,public_report_mirror,49,https://pdf.dfcfw.com/pdf/H2_AN201808251182999052_1.pdf,https://www.jsfund.cn/main/fund/noticedetails.shtml?adId=325650736c4c622b5455383d
2018-06-30,159915,易方达创业板ETF,national_team,国家队（已识别）,,,,not_identified,8528029886,2018-08-28,2018-08-27,manager_official_pdf-159915-2018-06-30,manager_official_pdf,42,https://cdn.efunds.com.cn/owch/data/notice/20180827/159915_%E6%98%93%E6%96%B9%E8%BE%BE%E5%88%9B%E4%B8%9A%E6%9D%BF%E4%BA%A4%E6%98%93%E5%9E%8B%E5%BC%80%E6%94%BE%E5%BC%8F%E6%8C%87%E6%95%B0%E8%AF%81%E5%88%B8%E6%8A%95%E8%B5%84%E5%9F%BA%E9%87%912018%E5%B9%B4%E5%8D%8A%E5%B9%B4%E5%BA%A6%E6%8A%A5%E5%91%8A.pdf,https://www.efunds.com.cn/c/177/177758.shtml
2018-06-30,159915,易方达创业板ETF,other_institution,其他机构（含保险）,2496123975,24.961240,29.269644,includes_unidentified_national_team,8528029886,2018-08-28,2018-08-27,manager_official_pdf-159915-2018-06-30,manager_official_pdf,42,https://cdn.efunds.com.cn/owch/data/notice/20180827/159915_%E6%98%93%E6%96%B9%E8%BE%BE%E5%88%9B%E4%B8%9A%E6%9D%BF%E4%BA%A4%E6%98%93%E5%9E%8B%E5%BC%80%E6%94%BE%E5%BC%8F%E6%8C%87%E6%95%B0%E8%AF%81%E5%88%B8%E6%8A%95%E8%B5%84%E5%9F%BA%E9%87%912018%E5%B9%B4%E5%8D%8A%E5%B9%B4%E5%BA%A6%E6%8A%A5%E5%91%8A.pdf,https://www.efunds.com.cn/c/177/177758.shtml
2018-06-30,159915,易方达创业板ETF,individual,个人,4525882893,45.258829,53.070673,exact,8528029886,2018-08-28,2018-08-27,manager_official_pdf-159915-2018-06-30,manager_official_pdf,42,https://cdn.efunds.com.cn/owch/data/notice/20180827/159915_%E6%98%93%E6%96%B9%E8%BE%BE%E5%88%9B%E4%B8%9A%E6%9D%BF%E4%BA%A4%E6%98%93%E5%9E%8B%E5%BC%80%E6%94%BE%E5%BC%8F%E6%8C%87%E6%95%B0%E8%AF%81%E5%88%B8%E6%8A%95%E8%B5%84%E5%9F%BA%E9%87%912018%E5%B9%B4%E5%8D%8A%E5%B9%B4%E5%BA%A6%E6%8A%A5%E5%91%8A.pdf,https://www.efunds.com.cn/c/177/177758.shtml
2018-12-31,510300,华泰柏瑞沪深300ETF,national_team,国家队（已识别）,2423958601.00,24.239586,22.346218,lower_bound,10847287690.00,2019-03-27,2019-03-27,manager_official_pdf-510300-2018-12-31,manager_official_pdf,67,https://www.huatai-pb.com/upload/pdf/1553648753931-htbrhs300jyxkfszszqtzjj2018nndbg.pdf,https://www.huatai-pb.com/news/information/fundReport/index.html
2018-12-31,510300,华泰柏瑞沪深300ETF,other_institution,其他机构（含保险）,5279618624.47,52.796186,48.672247,upper_bound,10847287690.00,2019-03-27,2019-03-27,manager_official_pdf-510300-2018-12-31,manager_official_pdf,67,https://www.huatai-pb.com/upload/pdf/1553648753931-htbrhs300jyxkfszszqtzjj2018nndbg.pdf,https://www.huatai-pb.com/news/information/fundReport/index.html
2018-12-31,510300,华泰柏瑞沪深300ETF,individual,个人,2892029964.53,28.920300,26.661319,exact,10847287690.00,2019-03-27,2019-03-27,manager_official_pdf-510300-2018-12-31,manager_official_pdf,67,https://www.huatai-pb.com/upload/pdf/1553648753931-htbrhs300jyxkfszszqtzjj2018nndbg.pdf,https://www.huatai-pb.com/news/information/fundReport/index.html
2018-12-31,510310,易方达沪深300ETF,national_team,国家队（已识别）,,,,not_identified,3788307415,2019-03-28,2019-03-27,manager_official_pdf-510310-2018-12-31,manager_official_pdf,63,https://cdn.efunds.com.cn/owch/data/notice/20190327/510310_%E6%98%93%E6%96%B9%E8%BE%BE%E6%B2%AA%E6%B7%B1300%E4%BA%A4%E6%98%93%E5%9E%8B%E5%BC%80%E6%94%BE%E5%BC%8F%E6%8C%87%E6%95%B0%E5%8F%91%E8%B5%B7%E5%BC%8F%E8%AF%81%E5%88%B8%E6%8A%95%E8%B5%84%E5%9F%BA%E9%87%912018%E5%B9%B4%E5%B9%B4%E5%BA%A6%E6%8A%A5%E5%91%8A.pdf,https://www.efunds.com.cn/c/179/179644.shtml
2018-12-31,510310,易方达沪深300ETF,other_institution,其他机构（含保险）,61837146,0.618371,1.632316,includes_unidentified_national_team,3788307415,2019-03-28,2019-03-27,manager_official_pdf-510310-2018-12-31,manager_official_pdf,63,https://cdn.efunds.com.cn/owch/data/notice/20190327/510310_%E6%98%93%E6%96%B9%E8%BE%BE%E6%B2%AA%E6%B7%B1300%E4%BA%A4%E6%98%93%E5%9E%8B%E5%BC%80%E6%94%BE%E5%BC%8F%E6%8C%87%E6%95%B0%E5%8F%91%E8%B5%B7%E5%BC%8F%E8%AF%81%E5%88%B8%E6%8A%95%E8%B5%84%E5%9F%BA%E9%87%912018%E5%B9%B4%E5%B9%B4%E5%BA%A6%E6%8A%A5%E5%91%8A.pdf,https://www.efunds.com.cn/c/179/179644.shtml
2018-12-31,510310,易方达沪深300ETF,individual,个人,276189550,2.761896,7.290579,exact,3788307415,2019-03-28,2019-03-27,manager_official_pdf-510310-2018-12-31,manager_official_pdf,63,https://cdn.efunds.com.cn/owch/data/notice/20190327/510310_%E6%98%93%E6%96%B9%E8%BE%BE%E6%B2%AA%E6%B7%B1300%E4%BA%A4%E6%98%93%E5%9E%8B%E5%BC%80%E6%94%BE%E5%BC%8F%E6%8C%87%E6%95%B0%E5%8F%91%E8%B5%B7%E5%BC%8F%E8%AF%81%E5%88%B8%E6%8A%95%E8%B5%84%E5%9F%BA%E9%87%912018%E5%B9%B4%E5%B9%B4%E5%BA%A6%E6%8A%A5%E5%91%8A.pdf,https://www.efunds.com.cn/c/179/179644.shtml
2018-12-31,510330,华夏沪深300ETF,national_team,国家队（已识别）,1790942652.00,17.909427,23.677660,lower_bound,7563849828,2019-03-26,2019-03-26,public_report_mirror-510330-2018-12-31,public_report_mirror,50,https://pdf.dfcfw.com/pdf/H2_AN201903261309653418_1.pdf,"https://fund.eastmoney.com/gonggao/510330,AN201903261309653418.html"
2018-12-31,510330,华夏沪深300ETF,other_institution,其他机构（含保险）,1600595461.00,16.005955,21.161122,upper_bound,7563849828,2019-03-26,2019-03-26,public_report_mirror-510330-2018-12-31,public_report_mirror,50,https://pdf.dfcfw.com/pdf/H2_AN201903261309653418_1.pdf,"https://fund.eastmoney.com/gonggao/510330,AN201903261309653418.html"
2018-12-31,510330,华夏沪深300ETF,individual,个人,158052459,1.580525,2.089577,exact,7563849828,2019-03-26,2019-03-26,public_report_mirror-510330-2018-12-31,public_report_mirror,50,https://pdf.dfcfw.com/pdf/H2_AN201903261309653418_1.pdf,"https://fund.eastmoney.com/gonggao/510330,AN201903261309653418.html"
2018-12-31,159919,嘉实沪深300ETF,national_team,国家队（已识别）,105483400.00,1.054834,1.882453,lower_bound,5603506477,2019-03-26,2019-03-26,public_report_mirror-159919-2018-12-31,public_report_mirror,60,https://pdf.dfcfw.com/pdf/H2_AN201903251309306976_1.pdf,https://www.jsfund.cn/main/fund/noticedetails.shtml?adId=396964456357562b7a62513d
2018-12-31,159919,嘉实沪深300ETF,other_institution,其他机构（含保险）,339876753.00,3.398768,6.065430,upper_bound,5603506477,2019-03-26,2019-03-26,public_report_mirror-159919-2018-12-31,public_report_mirror,60,https://pdf.dfcfw.com/pdf/H2_AN201903251309306976_1.pdf,https://www.jsfund.cn/main/fund/noticedetails.shtml?adId=396964456357562b7a62513d
2018-12-31,159919,嘉实沪深300ETF,individual,个人,434308922,4.343089,7.750663,exact,5603506477,2019-03-26,2019-03-26,public_report_mirror-159919-2018-12-31,public_report_mirror,60,https://pdf.dfcfw.com/pdf/H2_AN201903251309306976_1.pdf,https://www.jsfund.cn/main/fund/noticedetails.shtml?adId=396964456357562b7a62513d
2018-12-31,159915,易方达创业板ETF,national_team,国家队（已识别）,,,,not_identified,15500495488,2019-03-28,2019-03-27,manager_official_pdf-159915-2018-12-31,manager_official_pdf,54,https://cdn.efunds.com.cn/owch/data/notice/20190327/159915_%E6%98%93%E6%96%B9%E8%BE%BE%E5%88%9B%E4%B8%9A%E6%9D%BF%E4%BA%A4%E6%98%93%E5%9E%8B%E5%BC%80%E6%94%BE%E5%BC%8F%E6%8C%87%E6%95%B0%E8%AF%81%E5%88%B8%E6%8A%95%E8%B5%84%E5%9F%BA%E9%87%912018%E5%B9%B4%E5%B9%B4%E5%BA%A6%E6%8A%A5%E5%91%8A.pdf,https://www.efunds.com.cn/c/179/179594.shtml
2018-12-31,159915,易方达创业板ETF,other_institution,其他机构（含保险）,4754698658,47.546987,30.674495,includes_unidentified_national_team,15500495488,2019-03-28,2019-03-27,manager_official_pdf-159915-2018-12-31,manager_official_pdf,54,https://cdn.efunds.com.cn/owch/data/notice/20190327/159915_%E6%98%93%E6%96%B9%E8%BE%BE%E5%88%9B%E4%B8%9A%E6%9D%BF%E4%BA%A4%E6%98%93%E5%9E%8B%E5%BC%80%E6%94%BE%E5%BC%8F%E6%8C%87%E6%95%B0%E8%AF%81%E5%88%B8%E6%8A%95%E8%B5%84%E5%9F%BA%E9%87%912018%E5%B9%B4%E5%B9%B4%E5%BA%A6%E6%8A%A5%E5%91%8A.pdf,https://www.efunds.com.cn/c/179/179594.shtml
2018-12-31,159915,易方达创业板ETF,individual,个人,7851097851,78.510979,50.650625,exact,15500495488,2019-03-28,2019-03-27,manager_official_pdf-159915-2018-12-31,manager_official_pdf,54,https://cdn.efunds.com.cn/owch/data/notice/20190327/159915_%E6%98%93%E6%96%B9%E8%BE%BE%E5%88%9B%E4%B8%9A%E6%9D%BF%E4%BA%A4%E6%98%93%E5%9E%8B%E5%BC%80%E6%94%BE%E5%BC%8F%E6%8C%87%E6%95%B0%E8%AF%81%E5%88%B8%E6%8A%95%E8%B5%84%E5%9F%BA%E9%87%912018%E5%B9%B4%E5%B9%B4%E5%BA%A6%E6%8A%A5%E5%91%8A.pdf,https://www.efunds.com.cn/c/179/179594.shtml
2019-06-30,510300,华泰柏瑞沪深300ETF,national_team,国家队（已识别）,2423958601.00,24.239586,25.617317,lower_bound,9462187690.00,2019-08-29,2019-08-29,manager_official_pdf-510300-2019-06-30,manager_official_pdf,56,https://www.huatai-pb.com/upload/pdf/1567048458561-htbrhs300jyxkfszszqtzjj2019nbndbg.pdf,https://www.huatai-pb.com/news/information/fundReport/index.html
2019-06-30,510300,华泰柏瑞沪深300ETF,other_institution,其他机构（含保险）,3977365240.00,39.773652,42.034309,upper_bound,9462187690.00,2019-08-29,2019-08-29,manager_official_pdf-510300-2019-06-30,manager_official_pdf,56,https://www.huatai-pb.com/upload/pdf/1567048458561-htbrhs300jyxkfszszqtzjj2019nbndbg.pdf,https://www.huatai-pb.com/news/information/fundReport/index.html
2019-06-30,510300,华泰柏瑞沪深300ETF,individual,个人,2545123713.00,25.451237,26.897836,exact,9462187690.00,2019-08-29,2019-08-29,manager_official_pdf-510300-2019-06-30,manager_official_pdf,56,https://www.huatai-pb.com/upload/pdf/1567048458561-htbrhs300jyxkfszszqtzjj2019nbndbg.pdf,https://www.huatai-pb.com/news/information/fundReport/index.html
2019-06-30,510310,易方达沪深300ETF,national_team,国家队（已识别）,,,,not_identified,5338664351,2019-08-24,2019-08-23,manager_official_pdf-510310-2019-06-30,manager_official_pdf,49,https://cdn.efunds.com.cn/owch/data/notice/20190823/510310_%E6%98%93%E6%96%B9%E8%BE%BE%E6%B2%AA%E6%B7%B1300%E4%BA%A4%E6%98%93%E5%9E%8B%E5%BC%80%E6%94%BE%E5%BC%8F%E6%8C%87%E6%95%B0%E5%8F%91%E8%B5%B7%E5%BC%8F%E8%AF%81%E5%88%B8%E6%8A%95%E8%B5%84%E5%9F%BA%E9%87%912019%E5%B9%B4%E5%8D%8A%E5%B9%B4%E5%BA%A6%E6%8A%A5%E5%91%8A.pdf,https://www.efunds.com.cn/c/181/181576.shtml
2019-06-30,510310,易方达沪深300ETF,other_institution,其他机构（含保险）,440083974,4.400840,8.243335,includes_unidentified_national_team,5338664351,2019-08-24,2019-08-23,manager_official_pdf-510310-2019-06-30,manager_official_pdf,49,https://cdn.efunds.com.cn/owch/data/notice/20190823/510310_%E6%98%93%E6%96%B9%E8%BE%BE%E6%B2%AA%E6%B7%B1300%E4%BA%A4%E6%98%93%E5%9E%8B%E5%BC%80%E6%94%BE%E5%BC%8F%E6%8C%87%E6%95%B0%E5%8F%91%E8%B5%B7%E5%BC%8F%E8%AF%81%E5%88%B8%E6%8A%95%E8%B5%84%E5%9F%BA%E9%87%912019%E5%B9%B4%E5%8D%8A%E5%B9%B4%E5%BA%A6%E6%8A%A5%E5%91%8A.pdf,https://www.efunds.com.cn/c/181/181576.shtml
2019-06-30,510310,易方达沪深300ETF,individual,个人,413892746,4.138927,7.752740,exact,5338664351,2019-08-24,2019-08-23,manager_official_pdf-510310-2019-06-30,manager_official_pdf,49,https://cdn.efunds.com.cn/owch/data/notice/20190823/510310_%E6%98%93%E6%96%B9%E8%BE%BE%E6%B2%AA%E6%B7%B1300%E4%BA%A4%E6%98%93%E5%9E%8B%E5%BC%80%E6%94%BE%E5%BC%8F%E6%8C%87%E6%95%B0%E5%8F%91%E8%B5%B7%E5%BC%8F%E8%AF%81%E5%88%B8%E6%8A%95%E8%B5%84%E5%9F%BA%E9%87%912019%E5%B9%B4%E5%8D%8A%E5%B9%B4%E5%BA%A6%E6%8A%A5%E5%91%8A.pdf,https://www.efunds.com.cn/c/181/181576.shtml
2019-06-30,510330,华夏沪深300ETF,national_team,国家队（已识别）,1790942652.00,17.909427,25.785470,lower_bound,6945549828,2019-08-29,2019-08-29,public_report_mirror-510330-2019-06-30,public_report_mirror,43,https://pdf.dfcfw.com/pdf/H2_AN201908291345289740_1.pdf,"https://fund.eastmoney.com/gonggao/510330,AN201908291345289740.html"
2019-06-30,510330,华夏沪深300ETF,other_institution,其他机构（含保险）,931160111.00,9.311601,13.406572,upper_bound,6945549828,2019-08-29,2019-08-29,public_report_mirror-510330-2019-06-30,public_report_mirror,43,https://pdf.dfcfw.com/pdf/H2_AN201908291345289740_1.pdf,"https://fund.eastmoney.com/gonggao/510330,AN201908291345289740.html"
2019-06-30,510330,华夏沪深300ETF,individual,个人,217894454,2.178945,3.137181,exact,6945549828,2019-08-29,2019-08-29,public_report_mirror-510330-2019-06-30,public_report_mirror,43,https://pdf.dfcfw.com/pdf/H2_AN201908291345289740_1.pdf,"https://fund.eastmoney.com/gonggao/510330,AN201908291345289740.html"
2019-06-30,159919,嘉实沪深300ETF,national_team,国家队（已识别）,386443238.00,3.864432,5.680218,lower_bound,6803316676.00,2019-08-29,2019-08-29,public_report_mirror-159919-2019-06-30,public_report_mirror,48,https://pdf.dfcfw.com/pdf/H2_AN201908281345243776_1.pdf,https://www.jsfund.cn/main/fund/noticedetails.shtml?adId=51573855697a39416172453d
2019-06-30,159919,嘉实沪深300ETF,other_institution,其他机构（含保险）,612904580.00,6.129046,9.008909,upper_bound,6803316676.00,2019-08-29,2019-08-29,public_report_mirror-159919-2019-06-30,public_report_mirror,48,https://pdf.dfcfw.com/pdf/H2_AN201908281345243776_1.pdf,https://www.jsfund.cn/main/fund/noticedetails.shtml?adId=51573855697a39416172453d
2019-06-30,159919,嘉实沪深300ETF,individual,个人,526761739.00,5.267617,7.742720,exact,6803316676.00,2019-08-29,2019-08-29,public_report_mirror-159919-2019-06-30,public_report_mirror,48,https://pdf.dfcfw.com/pdf/H2_AN201908281345243776_1.pdf,https://www.jsfund.cn/main/fund/noticedetails.shtml?adId=51573855697a39416172453d
2019-06-30,159915,易方达创业板ETF,national_team,国家队（已识别）,375577400.00,3.755774,2.378071,lower_bound,15793364458,2019-08-24,2019-08-23,manager_official_pdf-159915-2019-06-30,manager_official_pdf,41,https://cdn.efunds.com.cn/owch/data/notice/20190823/159915_%E6%98%93%E6%96%B9%E8%BE%BE%E5%88%9B%E4%B8%9A%E6%9D%BF%E4%BA%A4%E6%98%93%E5%9E%8B%E5%BC%80%E6%94%BE%E5%BC%8F%E6%8C%87%E6%95%B0%E8%AF%81%E5%88%B8%E6%8A%95%E8%B5%84%E5%9F%BA%E9%87%912019%E5%B9%B4%E5%8D%8A%E5%B9%B4%E5%BA%A6%E6%8A%A5%E5%91%8A.pdf,https://www.efunds.com.cn/c/181/181528.shtml
2019-06-30,159915,易方达创业板ETF,other_institution,其他机构（含保险）,5885928294.00,58.859283,37.268362,upper_bound,15793364458,2019-08-24,2019-08-23,manager_official_pdf-159915-2019-06-30,manager_official_pdf,41,https://cdn.efunds.com.cn/owch/data/notice/20190823/159915_%E6%98%93%E6%96%B9%E8%BE%BE%E5%88%9B%E4%B8%9A%E6%9D%BF%E4%BA%A4%E6%98%93%E5%9E%8B%E5%BC%80%E6%94%BE%E5%BC%8F%E6%8C%87%E6%95%B0%E8%AF%81%E5%88%B8%E6%8A%95%E8%B5%84%E5%9F%BA%E9%87%912019%E5%B9%B4%E5%8D%8A%E5%B9%B4%E5%BA%A6%E6%8A%A5%E5%91%8A.pdf,https://www.efunds.com.cn/c/181/181528.shtml
2019-06-30,159915,易方达创业板ETF,individual,个人,5403555620,54.035556,34.214088,exact,15793364458,2019-08-24,2019-08-23,manager_official_pdf-159915-2019-06-30,manager_official_pdf,41,https://cdn.efunds.com.cn/owch/data/notice/20190823/159915_%E6%98%93%E6%96%B9%E8%BE%BE%E5%88%9B%E4%B8%9A%E6%9D%BF%E4%BA%A4%E6%98%93%E5%9E%8B%E5%BC%80%E6%94%BE%E5%BC%8F%E6%8C%87%E6%95%B0%E8%AF%81%E5%88%B8%E6%8A%95%E8%B5%84%E5%9F%BA%E9%87%912019%E5%B9%B4%E5%8D%8A%E5%B9%B4%E5%BA%A6%E6%8A%A5%E5%91%8A.pdf,https://www.efunds.com.cn/c/181/181528.shtml
2019-12-31,510300,华泰柏瑞沪深300ETF,national_team,国家队（已识别）,2423958601.00,24.239586,24.608498,lower_bound,9850087690,2020-03-30,2020-03-30,136636,csrc_official_pdf,70,http://eid.csrc.gov.cn/fund/disclose/instance_show_pdf_id.do?instanceid=136636,"https://fund.eastmoney.com/gonggao/510300,AN202003301377176350.html"
2019-12-31,510300,华泰柏瑞沪深300ETF,other_institution,其他机构（含保险）,4492444734.00,44.924447,45.608170,upper_bound,9850087690,2020-03-30,2020-03-30,136636,csrc_official_pdf,70,http://eid.csrc.gov.cn/fund/disclose/instance_show_pdf_id.do?instanceid=136636,"https://fund.eastmoney.com/gonggao/510300,AN202003301377176350.html"
2019-12-31,510300,华泰柏瑞沪深300ETF,individual,个人,2233639219,22.336392,22.676338,exact,9850087690,2020-03-30,2020-03-30,136636,csrc_official_pdf,70,http://eid.csrc.gov.cn/fund/disclose/instance_show_pdf_id.do?instanceid=136636,"https://fund.eastmoney.com/gonggao/510300,AN202003301377176350.html"
2019-12-31,510310,易方达沪深300ETF,national_team,国家队（已识别）,160000000.00,1.600000,3.133221,lower_bound,5106565612,2020-03-31,2020-03-31,137200,manager_official_pdf,73,https://cdn.efunds.com.cn/owch/data/notice/20200331/510310_%E6%98%93%E6%96%B9%E8%BE%BE%E6%B2%AA%E6%B7%B1300%E4%BA%A4%E6%98%93%E5%9E%8B%E5%BC%80%E6%94%BE%E5%BC%8F%E6%8C%87%E6%95%B0%E5%8F%91%E8%B5%B7%E5%BC%8F%E8%AF%81%E5%88%B8%E6%8A%95%E8%B5%84%E5%9F%BA%E9%87%912019%E5%B9%B4%E5%B9%B4%E5%BA%A6%E6%8A%A5%E5%91%8A.pdf,https://www.efunds.com.cn/c/187/187665.shtml
2019-12-31,510310,易方达沪深300ETF,other_institution,其他机构（含保险）,828772207.00,8.287722,16.229542,upper_bound,5106565612,2020-03-31,2020-03-31,137200,manager_official_pdf,73,https://cdn.efunds.com.cn/owch/data/notice/20200331/510310_%E6%98%93%E6%96%B9%E8%BE%BE%E6%B2%AA%E6%B7%B1300%E4%BA%A4%E6%98%93%E5%9E%8B%E5%BC%80%E6%94%BE%E5%BC%8F%E6%8C%87%E6%95%B0%E5%8F%91%E8%B5%B7%E5%BC%8F%E8%AF%81%E5%88%B8%E6%8A%95%E8%B5%84%E5%9F%BA%E9%87%912019%E5%B9%B4%E5%B9%B4%E5%BA%A6%E6%8A%A5%E5%91%8A.pdf,https://www.efunds.com.cn/c/187/187665.shtml
2019-12-31,510310,易方达沪深300ETF,individual,个人,487141574,4.871416,9.539515,exact,5106565612,2020-03-31,2020-03-31,137200,manager_official_pdf,73,https://cdn.efunds.com.cn/owch/data/notice/20200331/510310_%E6%98%93%E6%96%B9%E8%BE%BE%E6%B2%AA%E6%B7%B1300%E4%BA%A4%E6%98%93%E5%9E%8B%E5%BC%80%E6%94%BE%E5%BC%8F%E6%8C%87%E6%95%B0%E5%8F%91%E8%B5%B7%E5%BC%8F%E8%AF%81%E5%88%B8%E6%8A%95%E8%B5%84%E5%9F%BA%E9%87%912019%E5%B9%B4%E5%B9%B4%E5%BA%A6%E6%8A%A5%E5%91%8A.pdf,https://www.efunds.com.cn/c/187/187665.shtml
2019-12-31,510330,华夏沪深300ETF,national_team,国家队（已识别）,1987425152.00,19.874252,26.601329,lower_bound,7471149828,2020-04-09,2020-04-08,145586,csrc_official_pdf,67,http://eid.csrc.gov.cn/fund/disclose/instance_show_pdf_id.do?instanceid=145586,"https://fund.eastmoney.com/gonggao/510330,AN202004081377776291.html"
2019-12-31,510330,华夏沪深300ETF,other_institution,其他机构（含保险）,1282759910.00,12.827599,17.169511,upper_bound,7471149828,2020-04-09,2020-04-08,145586,csrc_official_pdf,67,http://eid.csrc.gov.cn/fund/disclose/instance_show_pdf_id.do?instanceid=145586,"https://fund.eastmoney.com/gonggao/510330,AN202004081377776291.html"
2019-12-31,510330,华夏沪深300ETF,individual,个人,211493010,2.114930,2.830796,exact,7471149828,2020-04-09,2020-04-08,145586,csrc_official_pdf,67,http://eid.csrc.gov.cn/fund/disclose/instance_show_pdf_id.do?instanceid=145586,"https://fund.eastmoney.com/gonggao/510330,AN202004081377776291.html"
2019-12-31,159919,嘉实沪深300ETF,national_team,国家队（已识别）,396352997.00,3.963530,6.064137,lower_bound,6536016676,2020-04-08,2020-04-05,143848,csrc_official_pdf,66,http://eid.csrc.gov.cn/fund/disclose/instance_show_pdf_id.do?instanceid=143848,https://www.jsfund.cn/main/fund/noticedetails.shtml?adId=662b6448392f32314e7a513d
2019-12-31,159919,嘉实沪深300ETF,other_institution,其他机构（含保险）,1179909162.00,11.799092,18.052420,upper_bound,6536016676,2020-04-08,2020-04-05,143848,csrc_official_pdf,66,http://eid.csrc.gov.cn/fund/disclose/instance_show_pdf_id.do?instanceid=143848,https://www.jsfund.cn/main/fund/noticedetails.shtml?adId=662b6448392f32314e7a513d
2019-12-31,159919,嘉实沪深300ETF,individual,个人,468371325,4.683713,7.166006,exact,6536016676,2020-04-08,2020-04-05,143848,csrc_official_pdf,66,http://eid.csrc.gov.cn/fund/disclose/instance_show_pdf_id.do?instanceid=143848,https://www.jsfund.cn/main/fund/noticedetails.shtml?adId=662b6448392f32314e7a513d
2019-12-31,159915,易方达创业板ETF,national_team,国家队（已识别）,387153500.00,3.871535,4.003936,lower_bound,9669323239,2020-03-31,2020-03-31,137144,manager_official_pdf,58,https://cdn.efunds.com.cn/owch/data/notice/20200331/159915_%E6%98%93%E6%96%B9%E8%BE%BE%E5%88%9B%E4%B8%9A%E6%9D%BF%E4%BA%A4%E6%98%93%E5%9E%8B%E5%BC%80%E6%94%BE%E5%BC%8F%E6%8C%87%E6%95%B0%E8%AF%81%E5%88%B8%E6%8A%95%E8%B5%84%E5%9F%BA%E9%87%912019%E5%B9%B4%E5%B9%B4%E5%BA%A6%E6%8A%A5%E5%91%8A.pdf,https://www.efunds.com.cn/c/187/187640.shtml
2019-12-31,159915,易方达创业板ETF,other_institution,其他机构（含保险）,3131331283.00,31.313313,32.384182,upper_bound,9669323239,2020-03-31,2020-03-31,137144,manager_official_pdf,58,https://cdn.efunds.com.cn/owch/data/notice/20200331/159915_%E6%98%93%E6%96%B9%E8%BE%BE%E5%88%9B%E4%B8%9A%E6%9D%BF%E4%BA%A4%E6%98%93%E5%9E%8B%E5%BC%80%E6%94%BE%E5%BC%8F%E6%8C%87%E6%95%B0%E8%AF%81%E5%88%B8%E6%8A%95%E8%B5%84%E5%9F%BA%E9%87%912019%E5%B9%B4%E5%B9%B4%E5%BA%A6%E6%8A%A5%E5%91%8A.pdf,https://www.efunds.com.cn/c/187/187640.shtml
2019-12-31,159915,易方达创业板ETF,individual,个人,3336522309,33.365223,34.506265,exact,9669323239,2020-03-31,2020-03-31,137144,manager_official_pdf,58,https://cdn.efunds.com.cn/owch/data/notice/20200331/159915_%E6%98%93%E6%96%B9%E8%BE%BE%E5%88%9B%E4%B8%9A%E6%9D%BF%E4%BA%A4%E6%98%93%E5%9E%8B%E5%BC%80%E6%94%BE%E5%BC%8F%E6%8C%87%E6%95%B0%E8%AF%81%E5%88%B8%E6%8A%95%E8%B5%84%E5%9F%BA%E9%87%912019%E5%B9%B4%E5%B9%B4%E5%BA%A6%E6%8A%A5%E5%91%8A.pdf,https://www.efunds.com.cn/c/187/187640.shtml
2020-06-30,510300,华泰柏瑞沪深300ETF,national_team,国家队（已识别）,2423958601.00,24.239586,29.669787,lower_bound,8169787690,2020-08-29,2020-08-29,466420,manager_official_pdf,58,https://www.huatai-pb.com/upload/pdf/1598699375872-htbrhs300jyxkfszszqtzjj2020nzqbg.pdf,https://www.huatai-pb.com/news/information/fundReport/index.html
2020-06-30,510300,华泰柏瑞沪深300ETF,other_institution,其他机构（含保险）,3038768009.00,30.387680,37.195189,upper_bound,8169787690,2020-08-29,2020-08-29,466420,manager_official_pdf,58,https://www.huatai-pb.com/upload/pdf/1598699375872-htbrhs300jyxkfszszqtzjj2020nzqbg.pdf,https://www.huatai-pb.com/news/information/fundReport/index.html
2020-06-30,510300,华泰柏瑞沪深300ETF,individual,个人,2052196844,20.521968,25.119341,exact,8169787690,2020-08-29,2020-08-29,466420,manager_official_pdf,58,https://www.huatai-pb.com/upload/pdf/1598699375872-htbrhs300jyxkfszszqtzjj2020nzqbg.pdf,https://www.huatai-pb.com/news/information/fundReport/index.html
2020-06-30,510310,易方达沪深300ETF,national_team,国家队（已识别）,230000000.00,2.300000,5.473771,lower_bound,4201856498,2020-08-28,2020-08-28,452067,manager_official_pdf,61,https://cdn.efunds.com.cn/owch/data/notice/20200827/510310_%E6%98%93%E6%96%B9%E8%BE%BE%E6%B2%AA%E6%B7%B1300%E4%BA%A4%E6%98%93%E5%9E%8B%E5%BC%80%E6%94%BE%E5%BC%8F%E6%8C%87%E6%95%B0%E5%8F%91%E8%B5%B7%E5%BC%8F%E8%AF%81%E5%88%B8%E6%8A%95%E8%B5%84%E5%9F%BA%E9%87%912020%E5%B9%B4%E4%B8%AD%E6%9C%9F%E6%8A%A5%E5%91%8A.pdf,https://www.efunds.com.cn/c/187/187161.shtml
2020-06-30,510310,易方达沪深300ETF,other_institution,其他机构（含保险）,645453675.00,6.454537,15.361155,upper_bound,4201856498,2020-08-28,2020-08-28,452067,manager_official_pdf,61,https://cdn.efunds.com.cn/owch/data/notice/20200827/510310_%E6%98%93%E6%96%B9%E8%BE%BE%E6%B2%AA%E6%B7%B1300%E4%BA%A4%E6%98%93%E5%9E%8B%E5%BC%80%E6%94%BE%E5%BC%8F%E6%8C%87%E6%95%B0%E5%8F%91%E8%B5%B7%E5%BC%8F%E8%AF%81%E5%88%B8%E6%8A%95%E8%B5%84%E5%9F%BA%E9%87%912020%E5%B9%B4%E4%B8%AD%E6%9C%9F%E6%8A%A5%E5%91%8A.pdf,https://www.efunds.com.cn/c/187/187161.shtml
2020-06-30,510310,易方达沪深300ETF,individual,个人,544182092,5.441821,12.950992,exact,4201856498,2020-08-28,2020-08-28,452067,manager_official_pdf,61,https://cdn.efunds.com.cn/owch/data/notice/20200827/510310_%E6%98%93%E6%96%B9%E8%BE%BE%E6%B2%AA%E6%B7%B1300%E4%BA%A4%E6%98%93%E5%9E%8B%E5%BC%80%E6%94%BE%E5%BC%8F%E6%8C%87%E6%95%B0%E5%8F%91%E8%B5%B7%E5%BC%8F%E8%AF%81%E5%88%B8%E6%8A%95%E8%B5%84%E5%9F%BA%E9%87%912020%E5%B9%B4%E4%B8%AD%E6%9C%9F%E6%8A%A5%E5%91%8A.pdf,https://www.efunds.com.cn/c/187/187161.shtml
2020-06-30,510330,华夏沪深300ETF,national_team,国家队（已识别）,2084413152.00,20.844132,32.358876,lower_bound,6441549828,2020-08-29,2020-08-28,461545,csrc_official_pdf,112,http://eid.csrc.gov.cn/fund/disclose/instance_show_pdf_id.do?instanceid=461545,"https://fund.eastmoney.com/gonggao/510330,AN202008291403959021.html"
2020-06-30,510330,华夏沪深300ETF,other_institution,其他机构（含保险）,840278132.00,8.402781,13.044658,upper_bound,6441549828,2020-08-29,2020-08-28,461545,csrc_official_pdf,112,http://eid.csrc.gov.cn/fund/disclose/instance_show_pdf_id.do?instanceid=461545,"https://fund.eastmoney.com/gonggao/510330,AN202008291403959021.html"
2020-06-30,510330,华夏沪深300ETF,individual,个人,180465996,1.804660,2.801593,exact,6441549828,2020-08-29,2020-08-28,461545,csrc_official_pdf,112,http://eid.csrc.gov.cn/fund/disclose/instance_show_pdf_id.do?instanceid=461545,"https://fund.eastmoney.com/gonggao/510330,AN202008291403959021.html"
2020-06-30,159919,嘉实沪深300ETF,national_team,国家队（已识别）,410777196.00,4.107772,7.695171,lower_bound,5338116676,2020-08-29,2020-08-28,464334,csrc_official_pdf,86,http://eid.csrc.gov.cn/fund/disclose/instance_show_pdf_id.do?instanceid=464334,https://www.jsfund.cn/main/fund/noticedetails.shtml?adId=42733048544c6a78306e593d
2020-06-30,159919,嘉实沪深300ETF,other_institution,其他机构（含保险）,729013752.00,7.290138,13.656759,upper_bound,5338116676,2020-08-29,2020-08-28,464334,csrc_official_pdf,86,http://eid.csrc.gov.cn/fund/disclose/instance_show_pdf_id.do?instanceid=464334,https://www.jsfund.cn/main/fund/noticedetails.shtml?adId=42733048544c6a78306e593d
2020-06-30,159919,嘉实沪深300ETF,individual,个人,383445649,3.834456,7.183164,exact,5338116676,2020-08-29,2020-08-28,464334,csrc_official_pdf,86,http://eid.csrc.gov.cn/fund/disclose/instance_show_pdf_id.do?instanceid=464334,https://www.jsfund.cn/main/fund/noticedetails.shtml?adId=42733048544c6a78306e593d
2020-06-30,159915,易方达创业板ETF,national_team,国家队（已识别）,483862342.00,4.838623,6.606358,lower_bound,7324192077,2020-08-28,2020-08-28,452033,manager_official_pdf,43,https://cdn.efunds.com.cn/owch/data/notice/20200827/159915_%E6%98%93%E6%96%B9%E8%BE%BE%E5%88%9B%E4%B8%9A%E6%9D%BF%E4%BA%A4%E6%98%93%E5%9E%8B%E5%BC%80%E6%94%BE%E5%BC%8F%E6%8C%87%E6%95%B0%E8%AF%81%E5%88%B8%E6%8A%95%E8%B5%84%E5%9F%BA%E9%87%912020%E5%B9%B4%E4%B8%AD%E6%9C%9F%E6%8A%A5%E5%91%8A.pdf,https://www.efunds.com.cn/c/187/187136.shtml
2020-06-30,159915,易方达创业板ETF,other_institution,其他机构（含保险）,1913299381.00,19.132994,26.123009,upper_bound,7324192077,2020-08-28,2020-08-28,452033,manager_official_pdf,43,https://cdn.efunds.com.cn/owch/data/notice/20200827/159915_%E6%98%93%E6%96%B9%E8%BE%BE%E5%88%9B%E4%B8%9A%E6%9D%BF%E4%BA%A4%E6%98%93%E5%9E%8B%E5%BC%80%E6%94%BE%E5%BC%8F%E6%8C%87%E6%95%B0%E8%AF%81%E5%88%B8%E6%8A%95%E8%B5%84%E5%9F%BA%E9%87%912020%E5%B9%B4%E4%B8%AD%E6%9C%9F%E6%8A%A5%E5%91%8A.pdf,https://www.efunds.com.cn/c/187/187136.shtml
2020-06-30,159915,易方达创业板ETF,individual,个人,2666534759,26.665348,36.407220,exact,7324192077,2020-08-28,2020-08-28,452033,manager_official_pdf,43,https://cdn.efunds.com.cn/owch/data/notice/20200827/159915_%E6%98%93%E6%96%B9%E8%BE%BE%E5%88%9B%E4%B8%9A%E6%9D%BF%E4%BA%A4%E6%98%93%E5%9E%8B%E5%BC%80%E6%94%BE%E5%BC%8F%E6%8C%87%E6%95%B0%E8%AF%81%E5%88%B8%E6%8A%95%E8%B5%84%E5%9F%BA%E9%87%912020%E5%B9%B4%E4%B8%AD%E6%9C%9F%E6%8A%A5%E5%91%8A.pdf,https://www.efunds.com.cn/c/187/187136.shtml
2020-12-31,510300,华泰柏瑞沪深300ETF,national_team,国家队（已识别）,2423958601.00,24.239586,27.998083,lower_bound,8657587690,2021-03-31,2021-03-31,560605,manager_official_pdf,135,https://www.huatai-pb.com/upload/pdf/1617156401662-htbrhs300jyxkfszszqtzjj2020nndbg.pdf,https://www.huatai-pb.com/news/information/fundReport/index.html
2020-12-31,510300,华泰柏瑞沪深300ETF,other_institution,其他机构（含保险）,3424013394.00,34.240134,39.549278,upper_bound,8657587690,2021-03-31,2021-03-31,560605,manager_official_pdf,135,https://www.huatai-pb.com/upload/pdf/1617156401662-htbrhs300jyxkfszszqtzjj2020nndbg.pdf,https://www.huatai-pb.com/news/information/fundReport/index.html
2020-12-31,510300,华泰柏瑞沪深300ETF,individual,个人,2420359474,24.203595,27.956511,exact,8657587690,2021-03-31,2021-03-31,560605,manager_official_pdf,135,https://www.huatai-pb.com/upload/pdf/1617156401662-htbrhs300jyxkfszszqtzjj2020nndbg.pdf,https://www.huatai-pb.com/news/information/fundReport/index.html
2020-12-31,510310,易方达沪深300ETF,national_team,国家队（已识别）,360000000.00,3.600000,9.065233,lower_bound,3971216087,2021-03-30,2021-03-30,557076,manager_official_pdf,131,https://cdn.efunds.com.cn/owch/data/notice/20210330/%E6%98%93%E6%96%B9%E8%BE%BE%E6%B2%AA%E6%B7%B1300%E4%BA%A4%E6%98%93%E5%9E%8B%E5%BC%80%E6%94%BE%E5%BC%8F%E6%8C%87%E6%95%B0%E5%8F%91%E8%B5%B7%E5%BC%8F%E8%AF%81%E5%88%B8%E6%8A%95%E8%B5%84%E5%9F%BA%E9%87%912020%E5%B9%B4%E5%B9%B4%E5%BA%A6%E6%8A%A5%E5%91%8A.pdf,https://www.efunds.com.cn/c/192/192055.shtml
2020-12-31,510310,易方达沪深300ETF,other_institution,其他机构（含保险）,639410434.00,6.394104,16.101124,upper_bound,3971216087,2021-03-30,2021-03-30,557076,manager_official_pdf,131,https://cdn.efunds.com.cn/owch/data/notice/20210330/%E6%98%93%E6%96%B9%E8%BE%BE%E6%B2%AA%E6%B7%B1300%E4%BA%A4%E6%98%93%E5%9E%8B%E5%BC%80%E6%94%BE%E5%BC%8F%E6%8C%87%E6%95%B0%E5%8F%91%E8%B5%B7%E5%BC%8F%E8%AF%81%E5%88%B8%E6%8A%95%E8%B5%84%E5%9F%BA%E9%87%912020%E5%B9%B4%E5%B9%B4%E5%BA%A6%E6%8A%A5%E5%91%8A.pdf,https://www.efunds.com.cn/c/192/192055.shtml
2020-12-31,510310,易方达沪深300ETF,individual,个人,568624322,5.686243,14.318645,exact,3971216087,2021-03-30,2021-03-30,557076,manager_official_pdf,131,https://cdn.efunds.com.cn/owch/data/notice/20210330/%E6%98%93%E6%96%B9%E8%BE%BE%E6%B2%AA%E6%B7%B1300%E4%BA%A4%E6%98%93%E5%9E%8B%E5%BC%80%E6%94%BE%E5%BC%8F%E6%8C%87%E6%95%B0%E5%8F%91%E8%B5%B7%E5%BC%8F%E8%AF%81%E5%88%B8%E6%8A%95%E8%B5%84%E5%9F%BA%E9%87%912020%E5%B9%B4%E5%B9%B4%E5%BA%A6%E6%8A%A5%E5%91%8A.pdf,https://www.efunds.com.cn/c/192/192055.shtml
2020-12-31,510330,华夏沪深300ETF,national_team,国家队（已识别）,2412909457.00,24.129095,41.856274,lower_bound,5764749828,2021-03-30,2021-03-29,555467,csrc_official_pdf,238,http://eid.csrc.gov.cn/fund/disclose/instance_show_pdf_id.do?instanceid=555467,"https://fund.eastmoney.com/gonggao/510330,AN202103301478327491.html"
2020-12-31,510330,华夏沪深300ETF,other_institution,其他机构（含保险）,1017411449.00,10.174114,17.648840,upper_bound,5764749828,2021-03-30,2021-03-29,555467,csrc_official_pdf,238,http://eid.csrc.gov.cn/fund/disclose/instance_show_pdf_id.do?instanceid=555467,"https://fund.eastmoney.com/gonggao/510330,AN202103301478327491.html"
2020-12-31,510330,华夏沪深300ETF,individual,个人,177513631,1.775136,3.079295,exact,5764749828,2021-03-30,2021-03-29,555467,csrc_official_pdf,238,http://eid.csrc.gov.cn/fund/disclose/instance_show_pdf_id.do?instanceid=555467,"https://fund.eastmoney.com/gonggao/510330,AN202103301478327491.html"
2020-12-31,159919,嘉实沪深300ETF,national_team,国家队（已识别）,447840672.00,4.478407,9.283179,lower_bound,4824216676,2021-03-30,2021-03-30,555808,manager_official_pdf,174,https://www.jsfund.cn/plat_files/upload/product_ann/20210329/202103291617009083957/%E5%98%89%E5%AE%9E%E6%B2%AA%E6%B7%B1300%E4%BA%A4%E6%98%93%E5%9E%8B%E5%BC%80%E6%94%BE%E5%BC%8F%E6%8C%87%E6%95%B0%E8%AF%81%E5%88%B8%E6%8A%95%E8%B5%84%E5%9F%BA%E9%87%912020%E5%B9%B4%E5%B9%B4%E5%BA%A6%E6%8A%A5%E5%91%8A.pdf,https://www.jsfund.cn/main/fund/noticedetails.shtml?adId=7834417864796d7139434d3d
2020-12-31,159919,嘉实沪深300ETF,other_institution,其他机构（含保险）,1148957366.00,11.489574,23.816454,upper_bound,4824216676,2021-03-30,2021-03-30,555808,manager_official_pdf,174,https://www.jsfund.cn/plat_files/upload/product_ann/20210329/202103291617009083957/%E5%98%89%E5%AE%9E%E6%B2%AA%E6%B7%B1300%E4%BA%A4%E6%98%93%E5%9E%8B%E5%BC%80%E6%94%BE%E5%BC%8F%E6%8C%87%E6%95%B0%E8%AF%81%E5%88%B8%E6%8A%95%E8%B5%84%E5%9F%BA%E9%87%912020%E5%B9%B4%E5%B9%B4%E5%BA%A6%E6%8A%A5%E5%91%8A.pdf,https://www.jsfund.cn/main/fund/noticedetails.shtml?adId=7834417864796d7139434d3d
2020-12-31,159919,嘉实沪深300ETF,individual,个人,417351733,4.173517,8.651181,exact,4824216676,2021-03-30,2021-03-30,555808,manager_official_pdf,174,https://www.jsfund.cn/plat_files/upload/product_ann/20210329/202103291617009083957/%E5%98%89%E5%AE%9E%E6%B2%AA%E6%B7%B1300%E4%BA%A4%E6%98%93%E5%9E%8B%E5%BC%80%E6%94%BE%E5%BC%8F%E6%8C%87%E6%95%B0%E8%AF%81%E5%88%B8%E6%8A%95%E8%B5%84%E5%9F%BA%E9%87%912020%E5%B9%B4%E5%B9%B4%E5%BA%A6%E6%8A%A5%E5%91%8A.pdf,https://www.jsfund.cn/main/fund/noticedetails.shtml?adId=7834417864796d7139434d3d
2020-12-31,159915,易方达创业板ETF,national_team,国家队（已识别）,450303345.00,4.503033,8.277036,lower_bound,5440393685,2021-03-30,2021-03-30,556961,manager_official_pdf,60,https://cdn.efunds.com.cn/owch/data/notice/20210330/%E6%98%93%E6%96%B9%E8%BE%BE%E5%88%9B%E4%B8%9A%E6%9D%BF%E4%BA%A4%E6%98%93%E5%9E%8B%E5%BC%80%E6%94%BE%E5%BC%8F%E6%8C%87%E6%95%B0%E8%AF%81%E5%88%B8%E6%8A%95%E8%B5%84%E5%9F%BA%E9%87%912020%E5%B9%B4%E5%B9%B4%E5%BA%A6%E6%8A%A5%E5%91%8A.pdf,https://www.efunds.com.cn/c/192/192028.shtml
2020-12-31,159915,易方达创业板ETF,other_institution,其他机构（含保险）,771977305.00,7.719773,14.189732,upper_bound,5440393685,2021-03-30,2021-03-30,556961,manager_official_pdf,60,https://cdn.efunds.com.cn/owch/data/notice/20210330/%E6%98%93%E6%96%B9%E8%BE%BE%E5%88%9B%E4%B8%9A%E6%9D%BF%E4%BA%A4%E6%98%93%E5%9E%8B%E5%BC%80%E6%94%BE%E5%BC%8F%E6%8C%87%E6%95%B0%E8%AF%81%E5%88%B8%E6%8A%95%E8%B5%84%E5%9F%BA%E9%87%912020%E5%B9%B4%E5%B9%B4%E5%BA%A6%E6%8A%A5%E5%91%8A.pdf,https://www.efunds.com.cn/c/192/192028.shtml
2020-12-31,159915,易方达创业板ETF,individual,个人,2183870301,21.838703,40.141770,exact,5440393685,2021-03-30,2021-03-30,556961,manager_official_pdf,60,https://cdn.efunds.com.cn/owch/data/notice/20210330/%E6%98%93%E6%96%B9%E8%BE%BE%E5%88%9B%E4%B8%9A%E6%9D%BF%E4%BA%A4%E6%98%93%E5%9E%8B%E5%BC%80%E6%94%BE%E5%BC%8F%E6%8C%87%E6%95%B0%E8%AF%81%E5%88%B8%E6%8A%95%E8%B5%84%E5%9F%BA%E9%87%912020%E5%B9%B4%E5%B9%B4%E5%BA%A6%E6%8A%A5%E5%91%8A.pdf,https://www.efunds.com.cn/c/192/192028.shtml
2021-06-30,510300,华泰柏瑞沪深300ETF,national_team,国家队（已识别）,2423958601.00,24.239586,26.385269,lower_bound,9186787690,2021-08-28,2021-08-28,632264,manager_official_pdf,141,https://www.huatai-pb.com/upload/pdf/1630286500542-htbrhs300jyxkfszszqtzjj2021nzqbg.pdf,https://www.huatai-pb.com/news/information/fundReport/index.html
2021-06-30,510300,华泰柏瑞沪深300ETF,other_institution,其他机构（含保险）,3272942217.00,32.729422,35.626623,upper_bound,9186787690,2021-08-28,2021-08-28,632264,manager_official_pdf,141,https://www.huatai-pb.com/upload/pdf/1630286500542-htbrhs300jyxkfszszqtzjj2021nzqbg.pdf,https://www.huatai-pb.com/news/information/fundReport/index.html
2021-06-30,510300,华泰柏瑞沪深300ETF,individual,个人,3103105403,31.031054,33.777916,exact,9186787690,2021-08-28,2021-08-28,632264,manager_official_pdf,141,https://www.huatai-pb.com/upload/pdf/1630286500542-htbrhs300jyxkfszszqtzjj2021nzqbg.pdf,https://www.huatai-pb.com/news/information/fundReport/index.html
2021-06-30,510310,易方达沪深300ETF,national_team,国家队（已识别）,360000000.00,3.600000,8.579870,lower_bound,4195867698,2021-08-28,2021-08-28,631853,manager_official_pdf,70,https://cdn.efunds.com.cn/owch/data/notice/20210828/%E6%98%93%E6%96%B9%E8%BE%BE%E6%B2%AA%E6%B7%B1300%E4%BA%A4%E6%98%93%E5%9E%8B%E5%BC%80%E6%94%BE%E5%BC%8F%E6%8C%87%E6%95%B0%E5%8F%91%E8%B5%B7%E5%BC%8F%E8%AF%81%E5%88%B8%E6%8A%95%E8%B5%84%E5%9F%BA%E9%87%912021%E5%B9%B4%E4%B8%AD%E6%9C%9F%E6%8A%A5%E5%91%8A.pdf,https://www.efunds.com.cn/c/194/194947.shtml
2021-06-30,510310,易方达沪深300ETF,other_institution,其他机构（含保险）,684849491.00,6.848495,16.321999,upper_bound,4195867698,2021-08-28,2021-08-28,631853,manager_official_pdf,70,https://cdn.efunds.com.cn/owch/data/notice/20210828/%E6%98%93%E6%96%B9%E8%BE%BE%E6%B2%AA%E6%B7%B1300%E4%BA%A4%E6%98%93%E5%9E%8B%E5%BC%80%E6%94%BE%E5%BC%8F%E6%8C%87%E6%95%B0%E5%8F%91%E8%B5%B7%E5%BC%8F%E8%AF%81%E5%88%B8%E6%8A%95%E8%B5%84%E5%9F%BA%E9%87%912021%E5%B9%B4%E4%B8%AD%E6%9C%9F%E6%8A%A5%E5%91%8A.pdf,https://www.efunds.com.cn/c/194/194947.shtml
2021-06-30,510310,易方达沪深300ETF,individual,个人,646878676,6.468787,15.417042,exact,4195867698,2021-08-28,2021-08-28,631853,manager_official_pdf,70,https://cdn.efunds.com.cn/owch/data/notice/20210828/%E6%98%93%E6%96%B9%E8%BE%BE%E6%B2%AA%E6%B7%B1300%E4%BA%A4%E6%98%93%E5%9E%8B%E5%BC%80%E6%94%BE%E5%BC%8F%E6%8C%87%E6%95%B0%E5%8F%91%E8%B5%B7%E5%BC%8F%E8%AF%81%E5%88%B8%E6%8A%95%E8%B5%84%E5%9F%BA%E9%87%912021%E5%B9%B4%E4%B8%AD%E6%9C%9F%E6%8A%A5%E5%91%8A.pdf,https://www.efunds.com.cn/c/194/194947.shtml
2021-06-30,510330,华夏沪深300ETF,national_team,国家队（已识别）,2354624954.00,23.546250,42.817203,lower_bound,5499249828,2021-08-30,2021-08-27,631938,csrc_official_pdf,89,http://eid.csrc.gov.cn/fund/disclose/instance_show_pdf_id.do?instanceid=631938,"https://fund.eastmoney.com/gonggao/510330,AN202108301513318761.html"
2021-06-30,510330,华夏沪深300ETF,other_institution,其他机构（含保险）,889902573.00,8.899026,16.182254,upper_bound,5499249828,2021-08-30,2021-08-27,631938,csrc_official_pdf,89,http://eid.csrc.gov.cn/fund/disclose/instance_show_pdf_id.do?instanceid=631938,"https://fund.eastmoney.com/gonggao/510330,AN202108301513318761.html"
2021-06-30,510330,华夏沪深300ETF,individual,个人,210486510,2.104865,3.827550,exact,5499249828,2021-08-30,2021-08-27,631938,csrc_official_pdf,89,http://eid.csrc.gov.cn/fund/disclose/instance_show_pdf_id.do?instanceid=631938,"https://fund.eastmoney.com/gonggao/510330,AN202108301513318761.html"
2021-06-30,159919,嘉实沪深300ETF,national_team,国家队（已识别）,458949872.00,4.589499,10.574841,lower_bound,4340016676,2021-08-27,2021-08-27,629654,manager_official_pdf,70,https://www.jsfund.cn/plat_files/upload/product_ann/20210826/202108261629972291036/%E5%98%89%E5%AE%9E%E6%B2%AA%E6%B7%B1300%E4%BA%A4%E6%98%93%E5%9E%8B%E5%BC%80%E6%94%BE%E5%BC%8F%E6%8C%87%E6%95%B0%E8%AF%81%E5%88%B8%E6%8A%95%E8%B5%84%E5%9F%BA%E9%87%912021%E5%B9%B4%E4%B8%AD%E6%9C%9F%E6%8A%A5%E5%91%8A.pdf,https://www.jsfund.cn/main/fund/noticedetails.shtml?adId=47586f35496d33733332633d
2021-06-30,159919,嘉实沪深300ETF,other_institution,其他机构（含保险）,963279185.00,9.632792,22.195288,upper_bound,4340016676,2021-08-27,2021-08-27,629654,manager_official_pdf,70,https://www.jsfund.cn/plat_files/upload/product_ann/20210826/202108261629972291036/%E5%98%89%E5%AE%9E%E6%B2%AA%E6%B7%B1300%E4%BA%A4%E6%98%93%E5%9E%8B%E5%BC%80%E6%94%BE%E5%BC%8F%E6%8C%87%E6%95%B0%E8%AF%81%E5%88%B8%E6%8A%95%E8%B5%84%E5%9F%BA%E9%87%912021%E5%B9%B4%E4%B8%AD%E6%9C%9F%E6%8A%A5%E5%91%8A.pdf,https://www.jsfund.cn/main/fund/noticedetails.shtml?adId=47586f35496d33733332633d
2021-06-30,159919,嘉实沪深300ETF,individual,个人,429078601,4.290786,9.886566,exact,4340016676,2021-08-27,2021-08-27,629654,manager_official_pdf,70,https://www.jsfund.cn/plat_files/upload/product_ann/20210826/202108261629972291036/%E5%98%89%E5%AE%9E%E6%B2%AA%E6%B7%B1300%E4%BA%A4%E6%98%93%E5%9E%8B%E5%BC%80%E6%94%BE%E5%BC%8F%E6%8C%87%E6%95%B0%E8%AF%81%E5%88%B8%E6%8A%95%E8%B5%84%E5%9F%BA%E9%87%912021%E5%B9%B4%E4%B8%AD%E6%9C%9F%E6%8A%A5%E5%91%8A.pdf,https://www.jsfund.cn/main/fund/noticedetails.shtml?adId=47586f35496d33733332633d
2021-06-30,159915,易方达创业板ETF,national_team,国家队（已识别）,420303345.00,4.203033,9.487934,lower_bound,4429871948,2021-08-28,2021-08-28,631675,manager_official_pdf,51,https://cdn.efunds.com.cn/owch/data/notice/20210828/%E6%98%93%E6%96%B9%E8%BE%BE%E5%88%9B%E4%B8%9A%E6%9D%BF%E4%BA%A4%E6%98%93%E5%9E%8B%E5%BC%80%E6%94%BE%E5%BC%8F%E6%8C%87%E6%95%B0%E8%AF%81%E5%88%B8%E6%8A%95%E8%B5%84%E5%9F%BA%E9%87%912021%E5%B9%B4%E4%B8%AD%E6%9C%9F%E6%8A%A5%E5%91%8A.pdf,https://www.efunds.com.cn/c/194/194920.shtml
2021-06-30,159915,易方达创业板ETF,other_institution,其他机构（含保险）,800867359.00,8.008674,18.078793,upper_bound,4429871948,2021-08-28,2021-08-28,631675,manager_official_pdf,51,https://cdn.efunds.com.cn/owch/data/notice/20210828/%E6%98%93%E6%96%B9%E8%BE%BE%E5%88%9B%E4%B8%9A%E6%9D%BF%E4%BA%A4%E6%98%93%E5%9E%8B%E5%BC%80%E6%94%BE%E5%BC%8F%E6%8C%87%E6%95%B0%E8%AF%81%E5%88%B8%E6%8A%95%E8%B5%84%E5%9F%BA%E9%87%912021%E5%B9%B4%E4%B8%AD%E6%9C%9F%E6%8A%A5%E5%91%8A.pdf,https://www.efunds.com.cn/c/194/194920.shtml
2021-06-30,159915,易方达创业板ETF,individual,个人,1576473614,15.764736,35.587341,exact,4429871948,2021-08-28,2021-08-28,631675,manager_official_pdf,51,https://cdn.efunds.com.cn/owch/data/notice/20210828/%E6%98%93%E6%96%B9%E8%BE%BE%E5%88%9B%E4%B8%9A%E6%9D%BF%E4%BA%A4%E6%98%93%E5%9E%8B%E5%BC%80%E6%94%BE%E5%BC%8F%E6%8C%87%E6%95%B0%E8%AF%81%E5%88%B8%E6%8A%95%E8%B5%84%E5%9F%BA%E9%87%912021%E5%B9%B4%E4%B8%AD%E6%9C%9F%E6%8A%A5%E5%91%8A.pdf,https://www.efunds.com.cn/c/194/194920.shtml
2021-12-31,510300,华泰柏瑞沪深300ETF,national_team,国家队（已识别）,2423958601.00,24.239586,21.374377,lower_bound,11340487690,2022-03-31,2022-03-31,716232,manager_official_pdf,112,https://www.huatai-pb.com/upload/pdf/1648696873752-htbrhs300jyxkfszszqtzjj2021nndbg.pdf,https://www.huatai-pb.com/news/information/fundReport/index.html
2021-12-31,510300,华泰柏瑞沪深300ETF,other_institution,其他机构（含保险）,5420896193.00,54.208962,47.801262,upper_bound,11340487690,2022-03-31,2022-03-31,716232,manager_official_pdf,112,https://www.huatai-pb.com/upload/pdf/1648696873752-htbrhs300jyxkfszszqtzjj2021nndbg.pdf,https://www.huatai-pb.com/news/information/fundReport/index.html
2021-12-31,510300,华泰柏瑞沪深300ETF,individual,个人,3014155227,30.141552,26.578709,exact,11340487690,2022-03-31,2022-03-31,716232,manager_official_pdf,112,https://www.huatai-pb.com/upload/pdf/1648696873752-htbrhs300jyxkfszszqtzjj2021nndbg.pdf,https://www.huatai-pb.com/news/information/fundReport/index.html
2021-12-31,510310,易方达沪深300ETF,national_team,国家队（已识别）,320000017.00,3.200000,6.892031,lower_bound,4643043550,2022-03-30,2022-03-30,708976,manager_official_pdf,91,https://cdn.efunds.com.cn/owch/data/notice/20220330/%E6%98%93%E6%96%B9%E8%BE%BE%E6%B2%AA%E6%B7%B1300%E4%BA%A4%E6%98%93%E5%9E%8B%E5%BC%80%E6%94%BE%E5%BC%8F%E6%8C%87%E6%95%B0%E5%8F%91%E8%B5%B7%E5%BC%8F%E8%AF%81%E5%88%B8%E6%8A%95%E8%B5%84%E5%9F%BA%E9%87%912021%E5%B9%B4%E5%B9%B4%E5%BA%A6%E6%8A%A5%E5%91%8A.pdf,https://www.efunds.com.cn/c/657/657110.shtml
2021-12-31,510310,易方达沪深300ETF,other_institution,其他机构（含保险）,929460099.00,9.294601,20.018337,upper_bound,4643043550,2022-03-30,2022-03-30,708976,manager_official_pdf,91,https://cdn.efunds.com.cn/owch/data/notice/20220330/%E6%98%93%E6%96%B9%E8%BE%BE%E6%B2%AA%E6%B7%B1300%E4%BA%A4%E6%98%93%E5%9E%8B%E5%BC%80%E6%94%BE%E5%BC%8F%E6%8C%87%E6%95%B0%E5%8F%91%E8%B5%B7%E5%BC%8F%E8%AF%81%E5%88%B8%E6%8A%95%E8%B5%84%E5%9F%BA%E9%87%912021%E5%B9%B4%E5%B9%B4%E5%BA%A6%E6%8A%A5%E5%91%8A.pdf,https://www.efunds.com.cn/c/657/657110.shtml
2021-12-31,510310,易方达沪深300ETF,individual,个人,617118289,6.171183,13.291245,exact,4643043550,2022-03-30,2022-03-30,708976,manager_official_pdf,91,https://cdn.efunds.com.cn/owch/data/notice/20220330/%E6%98%93%E6%96%B9%E8%BE%BE%E6%B2%AA%E6%B7%B1300%E4%BA%A4%E6%98%93%E5%9E%8B%E5%BC%80%E6%94%BE%E5%BC%8F%E6%8C%87%E6%95%B0%E5%8F%91%E8%B5%B7%E5%BC%8F%E8%AF%81%E5%88%B8%E6%8A%95%E8%B5%84%E5%9F%BA%E9%87%912021%E5%B9%B4%E5%B9%B4%E5%BA%A6%E6%8A%A5%E5%91%8A.pdf,https://www.efunds.com.cn/c/657/657110.shtml
2021-12-31,510330,华夏沪深300ETF,national_team,国家队（已识别）,2205824871.00,22.058249,38.299894,lower_bound,5759349828,2022-03-30,2022-03-29,711200,csrc_official_pdf,241,http://eid.csrc.gov.cn/fund/disclose/instance_show_pdf_id.do?instanceid=711200,"https://fund.eastmoney.com/gonggao/510330,AN202203301555988467.html"
2021-12-31,510330,华夏沪深300ETF,other_institution,其他机构（含保险）,1186220353.00,11.862204,20.596428,upper_bound,5759349828,2022-03-30,2022-03-29,711200,csrc_official_pdf,241,http://eid.csrc.gov.cn/fund/disclose/instance_show_pdf_id.do?instanceid=711200,"https://fund.eastmoney.com/gonggao/510330,AN202203301555988467.html"
2021-12-31,510330,华夏沪深300ETF,individual,个人,225359013,2.253590,3.912925,exact,5759349828,2022-03-30,2022-03-29,711200,csrc_official_pdf,241,http://eid.csrc.gov.cn/fund/disclose/instance_show_pdf_id.do?instanceid=711200,"https://fund.eastmoney.com/gonggao/510330,AN202203301555988467.html"
2021-12-31,159919,嘉实沪深300ETF,national_team,国家队（已识别）,458949872.00,4.589499,9.984732,lower_bound,4596516676,2022-03-30,2022-03-30,708334,manager_official_pdf,74,https://www.jsfund.cn/plat_files/upload/product_ann/20220329/202203291648538381890/%E5%98%89%E5%AE%9E%E6%B2%AA%E6%B7%B1300%E4%BA%A4%E6%98%93%E5%9E%8B%E5%BC%80%E6%94%BE%E5%BC%8F%E6%8C%87%E6%95%B0%E8%AF%81%E5%88%B8%E6%8A%95%E8%B5%84%E5%9F%BA%E9%87%912021%E5%B9%B4%E5%B9%B4%E5%BA%A6%E6%8A%A5%E5%91%8A.pdf,https://www.jsfund.cn/main/fund/noticedetails.shtml?adId=33503347646965626e4f453d
2021-12-31,159919,嘉实沪深300ETF,other_institution,其他机构（含保险）,1361123159.00,13.611232,29.612057,upper_bound,4596516676,2022-03-30,2022-03-30,708334,manager_official_pdf,74,https://www.jsfund.cn/plat_files/upload/product_ann/20220329/202203291648538381890/%E5%98%89%E5%AE%9E%E6%B2%AA%E6%B7%B1300%E4%BA%A4%E6%98%93%E5%9E%8B%E5%BC%80%E6%94%BE%E5%BC%8F%E6%8C%87%E6%95%B0%E8%AF%81%E5%88%B8%E6%8A%95%E8%B5%84%E5%9F%BA%E9%87%912021%E5%B9%B4%E5%B9%B4%E5%BA%A6%E6%8A%A5%E5%91%8A.pdf,https://www.jsfund.cn/main/fund/noticedetails.shtml?adId=33503347646965626e4f453d
2021-12-31,159919,嘉实沪深300ETF,individual,个人,453709641,4.537096,9.870728,exact,4596516676,2022-03-30,2022-03-30,708334,manager_official_pdf,74,https://www.jsfund.cn/plat_files/upload/product_ann/20220329/202203291648538381890/%E5%98%89%E5%AE%9E%E6%B2%AA%E6%B7%B1300%E4%BA%A4%E6%98%93%E5%9E%8B%E5%BC%80%E6%94%BE%E5%BC%8F%E6%8C%87%E6%95%B0%E8%AF%81%E5%88%B8%E6%8A%95%E8%B5%84%E5%9F%BA%E9%87%912021%E5%B9%B4%E5%B9%B4%E5%BA%A6%E6%8A%A5%E5%91%8A.pdf,https://www.jsfund.cn/main/fund/noticedetails.shtml?adId=33503347646965626e4f453d
2021-12-31,159915,易方达创业板ETF,national_team,国家队（已识别）,420303345.00,4.203033,10.715274,lower_bound,3922469344,2022-03-30,2022-03-30,708933,manager_official_pdf,75,https://cdn.efunds.com.cn/owch/data/notice/20220330/%E6%98%93%E6%96%B9%E8%BE%BE%E5%88%9B%E4%B8%9A%E6%9D%BF%E4%BA%A4%E6%98%93%E5%9E%8B%E5%BC%80%E6%94%BE%E5%BC%8F%E6%8C%87%E6%95%B0%E8%AF%81%E5%88%B8%E6%8A%95%E8%B5%84%E5%9F%BA%E9%87%912021%E5%B9%B4%E5%B9%B4%E5%BA%A6%E6%8A%A5%E5%91%8A.pdf,https://www.efunds.com.cn/c/657/657071.shtml
2021-12-31,159915,易方达创业板ETF,other_institution,其他机构（含保险）,691003342.00,6.910033,17.616539,upper_bound,3922469344,2022-03-30,2022-03-30,708933,manager_official_pdf,75,https://cdn.efunds.com.cn/owch/data/notice/20220330/%E6%98%93%E6%96%B9%E8%BE%BE%E5%88%9B%E4%B8%9A%E6%9D%BF%E4%BA%A4%E6%98%93%E5%9E%8B%E5%BC%80%E6%94%BE%E5%BC%8F%E6%8C%87%E6%95%B0%E8%AF%81%E5%88%B8%E6%8A%95%E8%B5%84%E5%9F%BA%E9%87%912021%E5%B9%B4%E5%B9%B4%E5%BA%A6%E6%8A%A5%E5%91%8A.pdf,https://www.efunds.com.cn/c/657/657071.shtml
2021-12-31,159915,易方达创业板ETF,individual,个人,1341810399,13.418104,34.208308,exact,3922469344,2022-03-30,2022-03-30,708933,manager_official_pdf,75,https://cdn.efunds.com.cn/owch/data/notice/20220330/%E6%98%93%E6%96%B9%E8%BE%BE%E5%88%9B%E4%B8%9A%E6%9D%BF%E4%BA%A4%E6%98%93%E5%9E%8B%E5%BC%80%E6%94%BE%E5%BC%8F%E6%8C%87%E6%95%B0%E8%AF%81%E5%88%B8%E6%8A%95%E8%B5%84%E5%9F%BA%E9%87%912021%E5%B9%B4%E5%B9%B4%E5%BA%A6%E6%8A%A5%E5%91%8A.pdf,https://www.efunds.com.cn/c/657/657071.shtml
2022-06-30,510300,华泰柏瑞沪深300ETF,national_team,国家队（已识别）,2423958601.00,24.239586,22.448660,lower_bound,10797787690,2022-08-30,2022-08-30,783460,manager_official_pdf,90,https://www.huatai-pb.com/upload/pdf/1661821960952-htbrhs300jyxkfszszqtzjj2022nzqbg.pdf,https://www.huatai-pb.com/news/information/fundReport/index.html
2022-06-30,510300,华泰柏瑞沪深300ETF,other_institution,其他机构（含保险）,4009149909.00,40.091499,37.129364,upper_bound,10797787690,2022-08-30,2022-08-30,783460,manager_official_pdf,90,https://www.huatai-pb.com/upload/pdf/1661821960952-htbrhs300jyxkfszszqtzjj2022nzqbg.pdf,https://www.huatai-pb.com/news/information/fundReport/index.html
2022-06-30,510300,华泰柏瑞沪深300ETF,individual,个人,3859108403,38.591084,35.739806,exact,10797787690,2022-08-30,2022-08-30,783460,manager_official_pdf,90,https://www.huatai-pb.com/upload/pdf/1661821960952-htbrhs300jyxkfszszqtzjj2022nzqbg.pdf,https://www.huatai-pb.com/news/information/fundReport/index.html
2022-06-30,510310,易方达沪深300ETF,national_team,国家队（已识别）,370000017.00,3.700000,6.703049,lower_bound,5519876684,2022-08-30,2022-08-30,779234,manager_official_pdf,110,https://cdn.efunds.com.cn/owch/data/notice/20220830/%E6%98%93%E6%96%B9%E8%BE%BE%E6%B2%AA%E6%B7%B1300%E4%BA%A4%E6%98%93%E5%9E%8B%E5%BC%80%E6%94%BE%E5%BC%8F%E6%8C%87%E6%95%B0%E5%8F%91%E8%B5%B7%E5%BC%8F%E8%AF%81%E5%88%B8%E6%8A%95%E8%B5%84%E5%9F%BA%E9%87%912022%E5%B9%B4%E4%B8%AD%E6%9C%9F%E6%8A%A5%E5%91%8A.pdf,https://www.efunds.com.cn/c/675/675917.shtml
2022-06-30,510310,易方达沪深300ETF,other_institution,其他机构（含保险）,782238975.00,7.822390,14.171313,upper_bound,5519876684,2022-08-30,2022-08-30,779234,manager_official_pdf,110,https://cdn.efunds.com.cn/owch/data/notice/20220830/%E6%98%93%E6%96%B9%E8%BE%BE%E6%B2%AA%E6%B7%B1300%E4%BA%A4%E6%98%93%E5%9E%8B%E5%BC%80%E6%94%BE%E5%BC%8F%E6%8C%87%E6%95%B0%E5%8F%91%E8%B5%B7%E5%BC%8F%E8%AF%81%E5%88%B8%E6%8A%95%E8%B5%84%E5%9F%BA%E9%87%912022%E5%B9%B4%E4%B8%AD%E6%9C%9F%E6%8A%A5%E5%91%8A.pdf,https://www.efunds.com.cn/c/675/675917.shtml
2022-06-30,510310,易方达沪深300ETF,individual,个人,911843004,9.118430,16.519264,exact,5519876684,2022-08-30,2022-08-30,779234,manager_official_pdf,110,https://cdn.efunds.com.cn/owch/data/notice/20220830/%E6%98%93%E6%96%B9%E8%BE%BE%E6%B2%AA%E6%B7%B1300%E4%BA%A4%E6%98%93%E5%9E%8B%E5%BC%80%E6%94%BE%E5%BC%8F%E6%8C%87%E6%95%B0%E5%8F%91%E8%B5%B7%E5%BC%8F%E8%AF%81%E5%88%B8%E6%8A%95%E8%B5%84%E5%9F%BA%E9%87%912022%E5%B9%B4%E4%B8%AD%E6%9C%9F%E6%8A%A5%E5%91%8A.pdf,https://www.efunds.com.cn/c/675/675917.shtml
2022-06-30,510330,华夏沪深300ETF,national_team,国家队（已识别）,1901702671.00,19.017027,37.127041,lower_bound,5122149828,2022-08-30,2022-08-29,781393,csrc_official_pdf,176,http://eid.csrc.gov.cn/fund/disclose/instance_show_pdf_id.do?instanceid=781393,"https://fund.eastmoney.com/gonggao/510330,AN202208301577821855.html"
2022-06-30,510330,华夏沪深300ETF,other_institution,其他机构（含保险）,811616661.00,8.116167,15.845235,upper_bound,5122149828,2022-08-30,2022-08-29,781393,csrc_official_pdf,176,http://eid.csrc.gov.cn/fund/disclose/instance_show_pdf_id.do?instanceid=781393,"https://fund.eastmoney.com/gonggao/510330,AN202208301577821855.html"
2022-06-30,510330,华夏沪深300ETF,individual,个人,269258005,2.692580,5.256738,exact,5122149828,2022-08-30,2022-08-29,781393,csrc_official_pdf,176,http://eid.csrc.gov.cn/fund/disclose/instance_show_pdf_id.do?instanceid=781393,"https://fund.eastmoney.com/gonggao/510330,AN202208301577821855.html"
2022-06-30,159919,嘉实沪深300ETF,national_team,国家队（已识别）,600899472.00,6.008995,14.226120,lower_bound,4223916676,2022-08-29,2022-08-29,778557,manager_official_pdf,70,https://www.jsfund.cn/plat_files/upload/product_ann/20220826/202208261661503799878/%E5%98%89%E5%AE%9E%E6%B2%AA%E6%B7%B1300%E4%BA%A4%E6%98%93%E5%9E%8B%E5%BC%80%E6%94%BE%E5%BC%8F%E6%8C%87%E6%95%B0%E8%AF%81%E5%88%B8%E6%8A%95%E8%B5%84%E5%9F%BA%E9%87%912022%E5%B9%B4%E4%B8%AD%E6%9C%9F%E6%8A%A5%E5%91%8A.pdf,https://www.jsfund.cn/main/fund/noticedetails.shtml?adId=56595763376676473274493d
2022-06-30,159919,嘉实沪深300ETF,other_institution,其他机构（含保险）,885399567.00,8.853996,20.961577,upper_bound,4223916676,2022-08-29,2022-08-29,778557,manager_official_pdf,70,https://www.jsfund.cn/plat_files/upload/product_ann/20220826/202208261661503799878/%E5%98%89%E5%AE%9E%E6%B2%AA%E6%B7%B1300%E4%BA%A4%E6%98%93%E5%9E%8B%E5%BC%80%E6%94%BE%E5%BC%8F%E6%8C%87%E6%95%B0%E8%AF%81%E5%88%B8%E6%8A%95%E8%B5%84%E5%9F%BA%E9%87%912022%E5%B9%B4%E4%B8%AD%E6%9C%9F%E6%8A%A5%E5%91%8A.pdf,https://www.jsfund.cn/main/fund/noticedetails.shtml?adId=56595763376676473274493d
2022-06-30,159919,嘉实沪深300ETF,individual,个人,528027796,5.280278,12.500905,exact,4223916676,2022-08-29,2022-08-29,778557,manager_official_pdf,70,https://www.jsfund.cn/plat_files/upload/product_ann/20220826/202208261661503799878/%E5%98%89%E5%AE%9E%E6%B2%AA%E6%B7%B1300%E4%BA%A4%E6%98%93%E5%9E%8B%E5%BC%80%E6%94%BE%E5%BC%8F%E6%8C%87%E6%95%B0%E8%AF%81%E5%88%B8%E6%8A%95%E8%B5%84%E5%9F%BA%E9%87%912022%E5%B9%B4%E4%B8%AD%E6%9C%9F%E6%8A%A5%E5%91%8A.pdf,https://www.jsfund.cn/main/fund/noticedetails.shtml?adId=56595763376676473274493d
2022-06-30,159915,易方达创业板ETF,national_team,国家队（已识别）,450426545.00,4.504265,7.233342,lower_bound,6227087446,2022-08-30,2022-08-30,779198,manager_official_pdf,81,https://cdn.efunds.com.cn/owch/data/notice/20220830/%E6%98%93%E6%96%B9%E8%BE%BE%E5%88%9B%E4%B8%9A%E6%9D%BF%E4%BA%A4%E6%98%93%E5%9E%8B%E5%BC%80%E6%94%BE%E5%BC%8F%E6%8C%87%E6%95%B0%E8%AF%81%E5%88%B8%E6%8A%95%E8%B5%84%E5%9F%BA%E9%87%912022%E5%B9%B4%E4%B8%AD%E6%9C%9F%E6%8A%A5%E5%91%8A.pdf,https://www.efunds.com.cn/c/675/675876.shtml
2022-06-30,159915,易方达创业板ETF,other_institution,其他机构（含保险）,1828096593.00,18.280966,29.357169,upper_bound,6227087446,2022-08-30,2022-08-30,779198,manager_official_pdf,81,https://cdn.efunds.com.cn/owch/data/notice/20220830/%E6%98%93%E6%96%B9%E8%BE%BE%E5%88%9B%E4%B8%9A%E6%9D%BF%E4%BA%A4%E6%98%93%E5%9E%8B%E5%BC%80%E6%94%BE%E5%BC%8F%E6%8C%87%E6%95%B0%E8%AF%81%E5%88%B8%E6%8A%95%E8%B5%84%E5%9F%BA%E9%87%912022%E5%B9%B4%E4%B8%AD%E6%9C%9F%E6%8A%A5%E5%91%8A.pdf,https://www.efunds.com.cn/c/675/675876.shtml
2022-06-30,159915,易方达创业板ETF,individual,个人,1973507884,19.735079,31.692310,exact,6227087446,2022-08-30,2022-08-30,779198,manager_official_pdf,81,https://cdn.efunds.com.cn/owch/data/notice/20220830/%E6%98%93%E6%96%B9%E8%BE%BE%E5%88%9B%E4%B8%9A%E6%9D%BF%E4%BA%A4%E6%98%93%E5%9E%8B%E5%BC%80%E6%94%BE%E5%BC%8F%E6%8C%87%E6%95%B0%E8%AF%81%E5%88%B8%E6%8A%95%E8%B5%84%E5%9F%BA%E9%87%912022%E5%B9%B4%E4%B8%AD%E6%9C%9F%E6%8A%A5%E5%91%8A.pdf,https://www.efunds.com.cn/c/675/675876.shtml
2022-12-31,510300,华泰柏瑞沪深300ETF,national_team,国家队（已识别）,2423958601.00,24.239586,12.309615,lower_bound,19691587690,2023-03-31,2023-03-31,874165,manager_official_pdf,192,https://www.huatai-pb.com/upload/pdf/1680229022151-htbrhs300jyxkfszszqtzjj2022nndbg.pdf,https://www.huatai-pb.com/news/information/fundReport/index.html
2022-12-31,510300,华泰柏瑞沪深300ETF,other_institution,其他机构（含保险）,10401921690.00,104.019217,52.824190,upper_bound,19691587690,2023-03-31,2023-03-31,874165,manager_official_pdf,192,https://www.huatai-pb.com/upload/pdf/1680229022151-htbrhs300jyxkfszszqtzjj2022nndbg.pdf,https://www.huatai-pb.com/news/information/fundReport/index.html
2022-12-31,510300,华泰柏瑞沪深300ETF,individual,个人,5720473322,57.204733,29.050341,exact,19691587690,2023-03-31,2023-03-31,874165,manager_official_pdf,192,https://www.huatai-pb.com/upload/pdf/1680229022151-htbrhs300jyxkfszszqtzjj2022nndbg.pdf,https://www.huatai-pb.com/news/information/fundReport/index.html
2022-12-31,510310,易方达沪深300ETF,national_team,国家队（已识别）,355000017.00,3.550000,3.927204,lower_bound,9039510057,2023-03-30,2023-03-30,868777,manager_official_pdf,189,https://cdn.efunds.com.cn/owch/data/notice/20230330/%E6%98%93%E6%96%B9%E8%BE%BE%E6%B2%AA%E6%B7%B1300%E4%BA%A4%E6%98%93%E5%9E%8B%E5%BC%80%E6%94%BE%E5%BC%8F%E6%8C%87%E6%95%B0%E5%8F%91%E8%B5%B7%E5%BC%8F%E8%AF%81%E5%88%B8%E6%8A%95%E8%B5%84%E5%9F%BA%E9%87%912022%E5%B9%B4%E5%B9%B4%E5%BA%A6%E6%8A%A5%E5%91%8A.pdf,https://www.efunds.com.cn/c/685/685917.shtml
2022-12-31,510310,易方达沪深300ETF,other_institution,其他机构（含保险）,2283666628.00,22.836666,25.263168,upper_bound,9039510057,2023-03-30,2023-03-30,868777,manager_official_pdf,189,https://cdn.efunds.com.cn/owch/data/notice/20230330/%E6%98%93%E6%96%B9%E8%BE%BE%E6%B2%AA%E6%B7%B1300%E4%BA%A4%E6%98%93%E5%9E%8B%E5%BC%80%E6%94%BE%E5%BC%8F%E6%8C%87%E6%95%B0%E5%8F%91%E8%B5%B7%E5%BC%8F%E8%AF%81%E5%88%B8%E6%8A%95%E8%B5%84%E5%9F%BA%E9%87%912022%E5%B9%B4%E5%B9%B4%E5%BA%A6%E6%8A%A5%E5%91%8A.pdf,https://www.efunds.com.cn/c/685/685917.shtml
2022-12-31,510310,易方达沪深300ETF,individual,个人,1387514624,13.875146,15.349445,exact,9039510057,2023-03-30,2023-03-30,868777,manager_official_pdf,189,https://cdn.efunds.com.cn/owch/data/notice/20230330/%E6%98%93%E6%96%B9%E8%BE%BE%E6%B2%AA%E6%B7%B1300%E4%BA%A4%E6%98%93%E5%9E%8B%E5%BC%80%E6%94%BE%E5%BC%8F%E6%8C%87%E6%95%B0%E5%8F%91%E8%B5%B7%E5%BC%8F%E8%AF%81%E5%88%B8%E6%8A%95%E8%B5%84%E5%9F%BA%E9%87%912022%E5%B9%B4%E5%B9%B4%E5%BA%A6%E6%8A%A5%E5%91%8A.pdf,https://www.efunds.com.cn/c/685/685917.shtml
2022-12-31,510330,华夏沪深300ETF,national_team,国家队（已识别）,1790942652.00,17.909427,28.305231,lower_bound,6327249828,2023-03-30,2023-03-29,865584,csrc_official_pdf,326,http://eid.csrc.gov.cn/fund/disclose/instance_show_pdf_id.do?instanceid=865584,"https://fund.eastmoney.com/gonggao/510330,AN202303301584683993.html"
2022-12-31,510330,华夏沪深300ETF,other_institution,其他机构（含保险）,2006406626.00,20.064066,31.710564,upper_bound,6327249828,2023-03-30,2023-03-29,865584,csrc_official_pdf,326,http://eid.csrc.gov.cn/fund/disclose/instance_show_pdf_id.do?instanceid=865584,"https://fund.eastmoney.com/gonggao/510330,AN202303301584683993.html"
2022-12-31,510330,华夏沪深300ETF,individual,个人,371247159,3.712472,5.867433,exact,6327249828,2023-03-30,2023-03-29,865584,csrc_official_pdf,326,http://eid.csrc.gov.cn/fund/disclose/instance_show_pdf_id.do?instanceid=865584,"https://fund.eastmoney.com/gonggao/510330,AN202303301584683993.html"
2022-12-31,159919,嘉实沪深300ETF,national_team,国家队（已识别）,666130172.00,6.661302,12.501935,lower_bound,5328216676,2023-03-30,2023-03-30,863373,manager_official_pdf,82,https://www.jsfund.cn/plat_files/upload/product_ann/20230329/202303291680076086787/%E5%98%89%E5%AE%9E%E6%B2%AA%E6%B7%B1300%E4%BA%A4%E6%98%93%E5%9E%8B%E5%BC%80%E6%94%BE%E5%BC%8F%E6%8C%87%E6%95%B0%E8%AF%81%E5%88%B8%E6%8A%95%E8%B5%84%E5%9F%BA%E9%87%912022%E5%B9%B4%E5%B9%B4%E5%BA%A6%E6%8A%A5%E5%91%8A.pdf,https://www.jsfund.cn/main/fund/noticedetails.shtml?adId=6b483051524c574a5a32513d
2022-12-31,159919,嘉实沪深300ETF,other_institution,其他机构（含保险）,1679361486.00,16.793615,31.518266,upper_bound,5328216676,2023-03-30,2023-03-30,863373,manager_official_pdf,82,https://www.jsfund.cn/plat_files/upload/product_ann/20230329/202303291680076086787/%E5%98%89%E5%AE%9E%E6%B2%AA%E6%B7%B1300%E4%BA%A4%E6%98%93%E5%9E%8B%E5%BC%80%E6%94%BE%E5%BC%8F%E6%8C%87%E6%95%B0%E8%AF%81%E5%88%B8%E6%8A%95%E8%B5%84%E5%9F%BA%E9%87%912022%E5%B9%B4%E5%B9%B4%E5%BA%A6%E6%8A%A5%E5%91%8A.pdf,https://www.jsfund.cn/main/fund/noticedetails.shtml?adId=6b483051524c574a5a32513d
2022-12-31,159919,嘉实沪深300ETF,individual,个人,762324877,7.623249,14.307318,exact,5328216676,2023-03-30,2023-03-30,863373,manager_official_pdf,82,https://www.jsfund.cn/plat_files/upload/product_ann/20230329/202303291680076086787/%E5%98%89%E5%AE%9E%E6%B2%AA%E6%B7%B1300%E4%BA%A4%E6%98%93%E5%9E%8B%E5%BC%80%E6%94%BE%E5%BC%8F%E6%8C%87%E6%95%B0%E8%AF%81%E5%88%B8%E6%8A%95%E8%B5%84%E5%9F%BA%E9%87%912022%E5%B9%B4%E5%B9%B4%E5%BA%A6%E6%8A%A5%E5%91%8A.pdf,https://www.jsfund.cn/main/fund/noticedetails.shtml?adId=6b483051524c574a5a32513d
2022-12-31,159915,易方达创业板ETF,national_team,国家队（已识别）,522463645.00,5.224636,5.778425,lower_bound,9041626552,2023-03-30,2023-03-30,868479,manager_official_pdf,233,https://cdn.efunds.com.cn/owch/data/notice/20230330/%E6%98%93%E6%96%B9%E8%BE%BE%E5%88%9B%E4%B8%9A%E6%9D%BF%E4%BA%A4%E6%98%93%E5%9E%8B%E5%BC%80%E6%94%BE%E5%BC%8F%E6%8C%87%E6%95%B0%E8%AF%81%E5%88%B8%E6%8A%95%E8%B5%84%E5%9F%BA%E9%87%912022%E5%B9%B4%E5%B9%B4%E5%BA%A6%E6%8A%A5%E5%91%8A.pdf,https://www.efunds.com.cn/c/685/685875.shtml
2022-12-31,159915,易方达创业板ETF,other_institution,其他机构（含保险）,2757809192.00,27.578092,30.501251,upper_bound,9041626552,2023-03-30,2023-03-30,868479,manager_official_pdf,233,https://cdn.efunds.com.cn/owch/data/notice/20230330/%E6%98%93%E6%96%B9%E8%BE%BE%E5%88%9B%E4%B8%9A%E6%9D%BF%E4%BA%A4%E6%98%93%E5%9E%8B%E5%BC%80%E6%94%BE%E5%BC%8F%E6%8C%87%E6%95%B0%E8%AF%81%E5%88%B8%E6%8A%95%E8%B5%84%E5%9F%BA%E9%87%912022%E5%B9%B4%E5%B9%B4%E5%BA%A6%E6%8A%A5%E5%91%8A.pdf,https://www.efunds.com.cn/c/685/685875.shtml
2022-12-31,159915,易方达创业板ETF,individual,个人,3251285163,32.512852,35.959074,exact,9041626552,2023-03-30,2023-03-30,868479,manager_official_pdf,233,https://cdn.efunds.com.cn/owch/data/notice/20230330/%E6%98%93%E6%96%B9%E8%BE%BE%E5%88%9B%E4%B8%9A%E6%9D%BF%E4%BA%A4%E6%98%93%E5%9E%8B%E5%BC%80%E6%94%BE%E5%BC%8F%E6%8C%87%E6%95%B0%E8%AF%81%E5%88%B8%E6%8A%95%E8%B5%84%E5%9F%BA%E9%87%912022%E5%B9%B4%E5%B9%B4%E5%BA%A6%E6%8A%A5%E5%91%8A.pdf,https://www.efunds.com.cn/c/685/685875.shtml
2023-06-30,510300,华泰柏瑞沪深300ETF,national_team,国家队（已识别）,2423958601.00,24.239586,13.087207,lower_bound,18521587690,2023-08-31,2023-08-31,967430,manager_official_pdf,179,https://www.huatai-pb.com/upload/pdf/1693444522395-htbrhs300jyxkfszszqtzjj2023nzqbg.pdf,https://www.huatai-pb.com/news/information/fundReport/index.html
2023-06-30,510300,华泰柏瑞沪深300ETF,other_institution,其他机构（含保险）,9079473006.00,90.794730,49.021030,upper_bound,18521587690,2023-08-31,2023-08-31,967430,manager_official_pdf,179,https://www.huatai-pb.com/upload/pdf/1693444522395-htbrhs300jyxkfszszqtzjj2023nzqbg.pdf,https://www.huatai-pb.com/news/information/fundReport/index.html
2023-06-30,510300,华泰柏瑞沪深300ETF,individual,个人,6415514018,64.155140,34.638035,exact,18521587690,2023-08-31,2023-08-31,967430,manager_official_pdf,179,https://www.huatai-pb.com/upload/pdf/1693444522395-htbrhs300jyxkfszszqtzjj2023nzqbg.pdf,https://www.huatai-pb.com/news/information/fundReport/index.html
2023-06-30,510310,易方达沪深300ETF,national_team,国家队（已识别）,360000017.00,3.600000,3.433383,lower_bound,10485285180,2023-08-30,2023-08-30,960614,manager_official_pdf,286,https://cdn.efunds.com.cn/owch/data/bulletin/20230830/%E6%98%93%E6%96%B9%E8%BE%BE%E6%B2%AA%E6%B7%B1300%E4%BA%A4%E6%98%93%E5%9E%8B%E5%BC%80%E6%94%BE%E5%BC%8F%E6%8C%87%E6%95%B0%E5%8F%91%E8%B5%B7%E5%BC%8F%E8%AF%81%E5%88%B8%E6%8A%95%E8%B5%84%E5%9F%BA%E9%87%912023%E5%B9%B4%E4%B8%AD%E6%9C%9F%E6%8A%A5%E5%91%8A.pdf,https://www.efunds.com.cn/c/696/696480.shtml
2023-06-30,510310,易方达沪深300ETF,other_institution,其他机构（含保险）,3194761303.00,31.947613,30.468998,upper_bound,10485285180,2023-08-30,2023-08-30,960614,manager_official_pdf,286,https://cdn.efunds.com.cn/owch/data/bulletin/20230830/%E6%98%93%E6%96%B9%E8%BE%BE%E6%B2%AA%E6%B7%B1300%E4%BA%A4%E6%98%93%E5%9E%8B%E5%BC%80%E6%94%BE%E5%BC%8F%E6%8C%87%E6%95%B0%E5%8F%91%E8%B5%B7%E5%BC%8F%E8%AF%81%E5%88%B8%E6%8A%95%E8%B5%84%E5%9F%BA%E9%87%912023%E5%B9%B4%E4%B8%AD%E6%9C%9F%E6%8A%A5%E5%91%8A.pdf,https://www.efunds.com.cn/c/696/696480.shtml
2023-06-30,510310,易方达沪深300ETF,individual,个人,1641097177,16.410972,15.651431,exact,10485285180,2023-08-30,2023-08-30,960614,manager_official_pdf,286,https://cdn.efunds.com.cn/owch/data/bulletin/20230830/%E6%98%93%E6%96%B9%E8%BE%BE%E6%B2%AA%E6%B7%B1300%E4%BA%A4%E6%98%93%E5%9E%8B%E5%BC%80%E6%94%BE%E5%BC%8F%E6%8C%87%E6%95%B0%E5%8F%91%E8%B5%B7%E5%BC%8F%E8%AF%81%E5%88%B8%E6%8A%95%E8%B5%84%E5%9F%BA%E9%87%912023%E5%B9%B4%E4%B8%AD%E6%9C%9F%E6%8A%A5%E5%91%8A.pdf,https://www.efunds.com.cn/c/696/696480.shtml
2023-06-30,510330,华夏沪深300ETF,national_team,国家队（已识别）,1790942652.00,17.909427,29.108477,lower_bound,6152649828,2023-08-30,2023-08-29,957544,csrc_official_pdf,410,http://eid.csrc.gov.cn/fund/disclose/instance_show_pdf_id.do?instanceid=957544,"https://fund.eastmoney.com/gonggao/510330,AN202308301596809782.html"
2023-06-30,510330,华夏沪深300ETF,other_institution,其他机构（含保险）,1558909845.00,15.589098,25.337211,upper_bound,6152649828,2023-08-30,2023-08-29,957544,csrc_official_pdf,410,http://eid.csrc.gov.cn/fund/disclose/instance_show_pdf_id.do?instanceid=957544,"https://fund.eastmoney.com/gonggao/510330,AN202308301596809782.html"
2023-06-30,510330,华夏沪深300ETF,individual,个人,408767240,4.087672,6.643759,exact,6152649828,2023-08-30,2023-08-29,957544,csrc_official_pdf,410,http://eid.csrc.gov.cn/fund/disclose/instance_show_pdf_id.do?instanceid=957544,"https://fund.eastmoney.com/gonggao/510330,AN202308301596809782.html"
2023-06-30,159919,嘉实沪深300ETF,national_team,国家队（已识别）,687045072.00,6.870451,12.848889,lower_bound,5347116676,2023-08-29,2023-08-29,955123,manager_official_pdf,68,https://www.jsfund.cn/plat_files/upload/product_ann/20230828/202308281693214245365/%E5%98%89%E5%AE%9E%E6%B2%AA%E6%B7%B1300%E4%BA%A4%E6%98%93%E5%9E%8B%E5%BC%80%E6%94%BE%E5%BC%8F%E6%8C%87%E6%95%B0%E8%AF%81%E5%88%B8%E6%8A%95%E8%B5%84%E5%9F%BA%E9%87%912023%E5%B9%B4%E4%B8%AD%E6%9C%9F%E6%8A%A5%E5%91%8A.pdf,https://www.jsfund.cn/main/fund/noticedetails.shtml?adId=62695277346a3274424e343d
2023-06-30,159919,嘉实沪深300ETF,other_institution,其他机构（含保险）,1480974873.00,14.809749,27.696700,upper_bound,5347116676,2023-08-29,2023-08-29,955123,manager_official_pdf,68,https://www.jsfund.cn/plat_files/upload/product_ann/20230828/202308281693214245365/%E5%98%89%E5%AE%9E%E6%B2%AA%E6%B7%B1300%E4%BA%A4%E6%98%93%E5%9E%8B%E5%BC%80%E6%94%BE%E5%BC%8F%E6%8C%87%E6%95%B0%E8%AF%81%E5%88%B8%E6%8A%95%E8%B5%84%E5%9F%BA%E9%87%912023%E5%B9%B4%E4%B8%AD%E6%9C%9F%E6%8A%A5%E5%91%8A.pdf,https://www.jsfund.cn/main/fund/noticedetails.shtml?adId=62695277346a3274424e343d
2023-06-30,159919,嘉实沪深300ETF,individual,个人,800806890,8.008069,14.976424,exact,5347116676,2023-08-29,2023-08-29,955123,manager_official_pdf,68,https://www.jsfund.cn/plat_files/upload/product_ann/20230828/202308281693214245365/%E5%98%89%E5%AE%9E%E6%B2%AA%E6%B7%B1300%E4%BA%A4%E6%98%93%E5%9E%8B%E5%BC%80%E6%94%BE%E5%BC%8F%E6%8C%87%E6%95%B0%E8%AF%81%E5%88%B8%E6%8A%95%E8%B5%84%E5%9F%BA%E9%87%912023%E5%B9%B4%E4%B8%AD%E6%9C%9F%E6%8A%A5%E5%91%8A.pdf,https://www.jsfund.cn/main/fund/noticedetails.shtml?adId=62695277346a3274424e343d
2023-06-30,159915,易方达创业板ETF,national_team,国家队（已识别）,556130945.00,5.561309,3.080098,lower_bound,18055626552,2023-08-30,2023-08-30,960773,manager_official_pdf,191,https://cdn.efunds.com.cn/owch/data/bulletin/20230830/%E6%98%93%E6%96%B9%E8%BE%BE%E5%88%9B%E4%B8%9A%E6%9D%BF%E4%BA%A4%E6%98%93%E5%9E%8B%E5%BC%80%E6%94%BE%E5%BC%8F%E6%8C%87%E6%95%B0%E8%AF%81%E5%88%B8%E6%8A%95%E8%B5%84%E5%9F%BA%E9%87%912023%E5%B9%B4%E4%B8%AD%E6%9C%9F%E6%8A%A5%E5%91%8A.pdf,https://www.efunds.com.cn/c/696/696547.shtml
2023-06-30,159915,易方达创业板ETF,other_institution,其他机构（含保险）,7452365557.00,74.523656,41.274478,upper_bound,18055626552,2023-08-30,2023-08-30,960773,manager_official_pdf,191,https://cdn.efunds.com.cn/owch/data/bulletin/20230830/%E6%98%93%E6%96%B9%E8%BE%BE%E5%88%9B%E4%B8%9A%E6%9D%BF%E4%BA%A4%E6%98%93%E5%9E%8B%E5%BC%80%E6%94%BE%E5%BC%8F%E6%8C%87%E6%95%B0%E8%AF%81%E5%88%B8%E6%8A%95%E8%B5%84%E5%9F%BA%E9%87%912023%E5%B9%B4%E4%B8%AD%E6%9C%9F%E6%8A%A5%E5%91%8A.pdf,https://www.efunds.com.cn/c/696/696547.shtml
2023-06-30,159915,易方达创业板ETF,individual,个人,6709047958,67.090480,37.157658,exact,18055626552,2023-08-30,2023-08-30,960773,manager_official_pdf,191,https://cdn.efunds.com.cn/owch/data/bulletin/20230830/%E6%98%93%E6%96%B9%E8%BE%BE%E5%88%9B%E4%B8%9A%E6%9D%BF%E4%BA%A4%E6%98%93%E5%9E%8B%E5%BC%80%E6%94%BE%E5%BC%8F%E6%8C%87%E6%95%B0%E8%AF%81%E5%88%B8%E6%8A%95%E8%B5%84%E5%9F%BA%E9%87%912023%E5%B9%B4%E4%B8%AD%E6%9C%9F%E6%8A%A5%E5%91%8A.pdf,https://www.efunds.com.cn/c/696/696547.shtml
2023-12-31,510300,华泰柏瑞沪深300ETF,national_team,国家队（已识别）,6247371001.00,62.473710,16.684533,lower_bound,37444087690,2024-03-30,2024-03-30,1060831,manager_official_pdf,100,https://www.huatai-pb.com/upload/pdf/1711725102543-htbrhs300jyxkfszszqtzjj2023nndbg.pdf,https://www.huatai-pb.com/news/information/fundReport/index.html
2023-12-31,510300,华泰柏瑞沪深300ETF,other_institution,其他机构（含保险）,17994888511.00,179.948885,48.058024,upper_bound,37444087690,2024-03-30,2024-03-30,1060831,manager_official_pdf,100,https://www.huatai-pb.com/upload/pdf/1711725102543-htbrhs300jyxkfszszqtzjj2023nndbg.pdf,https://www.huatai-pb.com/news/information/fundReport/index.html
2023-12-31,510300,华泰柏瑞沪深300ETF,individual,个人,12468601813,124.686018,33.299254,exact,37444087690,2024-03-30,2024-03-30,1060831,manager_official_pdf,100,https://www.huatai-pb.com/upload/pdf/1711725102543-htbrhs300jyxkfszszqtzjj2023nndbg.pdf,https://www.huatai-pb.com/news/information/fundReport/index.html
2023-12-31,510310,易方达沪深300ETF,national_team,国家队（已识别）,6568257702.00,65.682577,22.539409,lower_bound,29141215244,2024-03-29,2024-03-29,1052166,manager_official_pdf,87,https://cdn.efunds.com.cn/owch/data/bulletin/20240329/%E6%98%93%E6%96%B9%E8%BE%BE%E6%B2%AA%E6%B7%B1300%E4%BA%A4%E6%98%93%E5%9E%8B%E5%BC%80%E6%94%BE%E5%BC%8F%E6%8C%87%E6%95%B0%E5%8F%91%E8%B5%B7%E5%BC%8F%E8%AF%81%E5%88%B8%E6%8A%95%E8%B5%84%E5%9F%BA%E9%87%912023%E5%B9%B4%E5%B9%B4%E5%BA%A6%E6%8A%A5%E5%91%8A.pdf,https://www.efunds.com.cn/c/716/716834.shtml
2023-12-31,510310,易方达沪深300ETF,other_institution,其他机构（含保险）,11262610669.00,112.626107,38.648391,upper_bound,29141215244,2024-03-29,2024-03-29,1052166,manager_official_pdf,87,https://cdn.efunds.com.cn/owch/data/bulletin/20240329/%E6%98%93%E6%96%B9%E8%BE%BE%E6%B2%AA%E6%B7%B1300%E4%BA%A4%E6%98%93%E5%9E%8B%E5%BC%80%E6%94%BE%E5%BC%8F%E6%8C%87%E6%95%B0%E5%8F%91%E8%B5%B7%E5%BC%8F%E8%AF%81%E5%88%B8%E6%8A%95%E8%B5%84%E5%9F%BA%E9%87%912023%E5%B9%B4%E5%B9%B4%E5%BA%A6%E6%8A%A5%E5%91%8A.pdf,https://www.efunds.com.cn/c/716/716834.shtml
2023-12-31,510310,易方达沪深300ETF,individual,个人,3587678235,35.876782,12.311354,exact,29141215244,2024-03-29,2024-03-29,1052166,manager_official_pdf,87,https://cdn.efunds.com.cn/owch/data/bulletin/20240329/%E6%98%93%E6%96%B9%E8%BE%BE%E6%B2%AA%E6%B7%B1300%E4%BA%A4%E6%98%93%E5%9E%8B%E5%BC%80%E6%94%BE%E5%BC%8F%E6%8C%87%E6%95%B0%E5%8F%91%E8%B5%B7%E5%BC%8F%E8%AF%81%E5%88%B8%E6%8A%95%E8%B5%84%E5%9F%BA%E9%87%912023%E5%B9%B4%E5%B9%B4%E5%BA%A6%E6%8A%A5%E5%91%8A.pdf,https://www.efunds.com.cn/c/716/716834.shtml
2023-12-31,510330,华夏沪深300ETF,national_team,国家队（已识别）,2893029852.00,28.930299,26.930319,lower_bound,10742649828,2024-03-28,2024-03-27,1048866,csrc_official_pdf,89,http://eid.csrc.gov.cn/fund/disclose/instance_show_pdf_id.do?instanceid=1048866,"https://fund.eastmoney.com/gonggao/510330,AN202403271628305569.html"
2023-12-31,510330,华夏沪深300ETF,other_institution,其他机构（含保险）,4395057893.00,43.950579,40.912233,upper_bound,10742649828,2024-03-28,2024-03-27,1048866,csrc_official_pdf,89,http://eid.csrc.gov.cn/fund/disclose/instance_show_pdf_id.do?instanceid=1048866,"https://fund.eastmoney.com/gonggao/510330,AN202403271628305569.html"
2023-12-31,510330,华夏沪深300ETF,individual,个人,714470792,7.144708,6.650787,exact,10742649828,2024-03-28,2024-03-27,1048866,csrc_official_pdf,89,http://eid.csrc.gov.cn/fund/disclose/instance_show_pdf_id.do?instanceid=1048866,"https://fund.eastmoney.com/gonggao/510330,AN202403271628305569.html"
2023-12-31,159919,嘉实沪深300ETF,national_team,国家队（已识别）,3310241861.00,33.102419,28.549078,lower_bound,11594916676,2024-03-28,2024-03-28,1049008,manager_official_pdf,78,https://www.jsfund.cn/plat_files/upload/product_ann/20240327/202403271711528509672/%E5%98%89%E5%AE%9E%E6%B2%AA%E6%B7%B1300%E4%BA%A4%E6%98%93%E5%9E%8B%E5%BC%80%E6%94%BE%E5%BC%8F%E6%8C%87%E6%95%B0%E8%AF%81%E5%88%B8%E6%8A%95%E8%B5%84%E5%9F%BA%E9%87%912023%E5%B9%B4%E5%B9%B4%E5%BA%A6%E6%8A%A5%E5%91%8A.pdf,https://www.jsfund.cn/main/fund/noticedetails.shtml?adId=7363674e41353345434b6b3d
2023-12-31,159919,嘉实沪深300ETF,other_institution,其他机构（含保险）,4222269878.00,42.222699,36.414836,upper_bound,11594916676,2024-03-28,2024-03-28,1049008,manager_official_pdf,78,https://www.jsfund.cn/plat_files/upload/product_ann/20240327/202403271711528509672/%E5%98%89%E5%AE%9E%E6%B2%AA%E6%B7%B1300%E4%BA%A4%E6%98%93%E5%9E%8B%E5%BC%80%E6%94%BE%E5%BC%8F%E6%8C%87%E6%95%B0%E8%AF%81%E5%88%B8%E6%8A%95%E8%B5%84%E5%9F%BA%E9%87%912023%E5%B9%B4%E5%B9%B4%E5%BA%A6%E6%8A%A5%E5%91%8A.pdf,https://www.jsfund.cn/main/fund/noticedetails.shtml?adId=7363674e41353345434b6b3d
2023-12-31,159919,嘉实沪深300ETF,individual,个人,1577059447,15.770594,13.601300,exact,11594916676,2024-03-28,2024-03-28,1049008,manager_official_pdf,78,https://www.jsfund.cn/plat_files/upload/product_ann/20240327/202403271711528509672/%E5%98%89%E5%AE%9E%E6%B2%AA%E6%B7%B1300%E4%BA%A4%E6%98%93%E5%9E%8B%E5%BC%80%E6%94%BE%E5%BC%8F%E6%8C%87%E6%95%B0%E8%AF%81%E5%88%B8%E6%8A%95%E8%B5%84%E5%9F%BA%E9%87%912023%E5%B9%B4%E5%B9%B4%E5%BA%A6%E6%8A%A5%E5%91%8A.pdf,https://www.jsfund.cn/main/fund/noticedetails.shtml?adId=7363674e41353345434b6b3d
2023-12-31,159915,易方达创业板ETF,national_team,国家队（已识别）,600275945.00,6.002759,2.710279,lower_bound,22148123559,2024-03-29,2024-03-29,1050711,manager_official_pdf,68,https://cdn.efunds.com.cn/owch/data/bulletin/20240329/%E6%98%93%E6%96%B9%E8%BE%BE%E5%88%9B%E4%B8%9A%E6%9D%BF%E4%BA%A4%E6%98%93%E5%9E%8B%E5%BC%80%E6%94%BE%E5%BC%8F%E6%8C%87%E6%95%B0%E8%AF%81%E5%88%B8%E6%8A%95%E8%B5%84%E5%9F%BA%E9%87%912023%E5%B9%B4%E5%B9%B4%E5%BA%A6%E6%8A%A5%E5%91%8A.pdf,https://www.efunds.com.cn/c/717/717058.shtml
2023-12-31,159915,易方达创业板ETF,other_institution,其他机构（含保险）,6655679752.00,66.556798,30.050761,upper_bound,22148123559,2024-03-29,2024-03-29,1050711,manager_official_pdf,68,https://cdn.efunds.com.cn/owch/data/bulletin/20240329/%E6%98%93%E6%96%B9%E8%BE%BE%E5%88%9B%E4%B8%9A%E6%9D%BF%E4%BA%A4%E6%98%93%E5%9E%8B%E5%BC%80%E6%94%BE%E5%BC%8F%E6%8C%87%E6%95%B0%E8%AF%81%E5%88%B8%E6%8A%95%E8%B5%84%E5%9F%BA%E9%87%912023%E5%B9%B4%E5%B9%B4%E5%BA%A6%E6%8A%A5%E5%91%8A.pdf,https://www.efunds.com.cn/c/717/717058.shtml
2023-12-31,159915,易方达创业板ETF,individual,个人,10900678729,109.006787,49.217166,exact,22148123559,2024-03-29,2024-03-29,1050711,manager_official_pdf,68,https://cdn.efunds.com.cn/owch/data/bulletin/20240329/%E6%98%93%E6%96%B9%E8%BE%BE%E5%88%9B%E4%B8%9A%E6%9D%BF%E4%BA%A4%E6%98%93%E5%9E%8B%E5%BC%80%E6%94%BE%E5%BC%8F%E6%8C%87%E6%95%B0%E8%AF%81%E5%88%B8%E6%8A%95%E8%B5%84%E5%9F%BA%E9%87%912023%E5%B9%B4%E5%B9%B4%E5%BA%A6%E6%8A%A5%E5%91%8A.pdf,https://www.efunds.com.cn/c/717/717058.shtml
2024-06-30,510300,华泰柏瑞沪深300ETF,national_team,国家队（已识别）,36382640359.00,363.826404,59.899288,lower_bound,60739687690,2024-08-31,2024-08-31,1152538,manager_official_pdf,62,https://www.huatai-pb.com/upload/pdf/1725067679843-htbrhs300jyxkfszszqtzjj2024nzqbg.pdf,https://www.huatai-pb.com/news/information/fundReport/index.html
2024-06-30,510300,华泰柏瑞沪深300ETF,other_institution,其他机构（含保险）,11844565675.00,118.445657,19.500538,upper_bound,60739687690,2024-08-31,2024-08-31,1152538,manager_official_pdf,62,https://www.huatai-pb.com/upload/pdf/1725067679843-htbrhs300jyxkfszszqtzjj2024nzqbg.pdf,https://www.huatai-pb.com/news/information/fundReport/index.html
2024-06-30,510300,华泰柏瑞沪深300ETF,individual,个人,11869137591,118.691376,19.540992,exact,60739687690,2024-08-31,2024-08-31,1152538,manager_official_pdf,62,https://www.huatai-pb.com/upload/pdf/1725067679843-htbrhs300jyxkfszszqtzjj2024nzqbg.pdf,https://www.huatai-pb.com/news/information/fundReport/index.html
2024-06-30,510310,易方达沪深300ETF,national_team,国家队（已识别）,55801715791.00,558.017158,67.699812,lower_bound,82425215244,2024-08-30,2024-08-30,1149492,manager_official_pdf,60,https://cdn.efunds.com.cn/owch/data/bulletin/20240830/%E6%98%93%E6%96%B9%E8%BE%BE%E6%B2%AA%E6%B7%B1300%E4%BA%A4%E6%98%93%E5%9E%8B%E5%BC%80%E6%94%BE%E5%BC%8F%E6%8C%87%E6%95%B0%E5%8F%91%E8%B5%B7%E5%BC%8F%E8%AF%81%E5%88%B8%E6%8A%95%E8%B5%84%E5%9F%BA%E9%87%912024%E5%B9%B4%E4%B8%AD%E6%9C%9F%E6%8A%A5%E5%91%8A.pdf,https://www.efunds.com.cn/c/736/736933.shtml
2024-06-30,510310,易方达沪深300ETF,other_institution,其他机构（含保险）,14747087165.00,147.470872,17.891475,upper_bound,82425215244,2024-08-30,2024-08-30,1149492,manager_official_pdf,60,https://cdn.efunds.com.cn/owch/data/bulletin/20240830/%E6%98%93%E6%96%B9%E8%BE%BE%E6%B2%AA%E6%B7%B1300%E4%BA%A4%E6%98%93%E5%9E%8B%E5%BC%80%E6%94%BE%E5%BC%8F%E6%8C%87%E6%95%B0%E5%8F%91%E8%B5%B7%E5%BC%8F%E8%AF%81%E5%88%B8%E6%8A%95%E8%B5%84%E5%9F%BA%E9%87%912024%E5%B9%B4%E4%B8%AD%E6%9C%9F%E6%8A%A5%E5%91%8A.pdf,https://www.efunds.com.cn/c/736/736933.shtml
2024-06-30,510310,易方达沪深300ETF,individual,个人,4054105588,40.541056,4.918526,exact,82425215244,2024-08-30,2024-08-30,1149492,manager_official_pdf,60,https://cdn.efunds.com.cn/owch/data/bulletin/20240830/%E6%98%93%E6%96%B9%E8%BE%BE%E6%B2%AA%E6%B7%B1300%E4%BA%A4%E6%98%93%E5%9E%8B%E5%BC%80%E6%94%BE%E5%BC%8F%E6%8C%87%E6%95%B0%E5%8F%91%E8%B5%B7%E5%BC%8F%E8%AF%81%E5%88%B8%E6%8A%95%E8%B5%84%E5%9F%BA%E9%87%912024%E5%B9%B4%E4%B8%AD%E6%9C%9F%E6%8A%A5%E5%91%8A.pdf,https://www.efunds.com.cn/c/736/736933.shtml
2024-06-30,510330,华夏沪深300ETF,national_team,国家队（已识别）,21109327372.00,211.093274,75.855749,lower_bound,27828249828,2024-08-30,2024-08-29,1144367,csrc_official_pdf,55,http://eid.csrc.gov.cn/fund/disclose/instance_show_pdf_id.do?instanceid=1144367,"https://fund.eastmoney.com/gonggao/510330,AN202408291639571078.html"
2024-06-30,510330,华夏沪深300ETF,other_institution,其他机构（含保险）,3206404312.00,32.064043,11.522120,upper_bound,27828249828,2024-08-30,2024-08-29,1144367,csrc_official_pdf,55,http://eid.csrc.gov.cn/fund/disclose/instance_show_pdf_id.do?instanceid=1144367,"https://fund.eastmoney.com/gonggao/510330,AN202408291639571078.html"
2024-06-30,510330,华夏沪深300ETF,individual,个人,719851048,7.198510,2.586764,exact,27828249828,2024-08-30,2024-08-29,1144367,csrc_official_pdf,55,http://eid.csrc.gov.cn/fund/disclose/instance_show_pdf_id.do?instanceid=1144367,"https://fund.eastmoney.com/gonggao/510330,AN202408291639571078.html"
2024-06-30,159919,嘉实沪深300ETF,national_team,国家队（已识别）,20357270712.00,203.572707,71.012868,lower_bound,28667016676,2024-08-30,2024-08-30,1150859,manager_official_pdf,47,https://www.jsfund.cn/plat_files/upload/product_ann/20240829/202408291724923860603/%E5%98%89%E5%AE%9E%E6%B2%AA%E6%B7%B1300%E4%BA%A4%E6%98%93%E5%9E%8B%E5%BC%80%E6%94%BE%E5%BC%8F%E6%8C%87%E6%95%B0%E8%AF%81%E5%88%B8%E6%8A%95%E8%B5%84%E5%9F%BA%E9%87%912024%E5%B9%B4%E4%B8%AD%E6%9C%9F%E6%8A%A5%E5%91%8A.pdf,https://www.jsfund.cn/main/fund/noticedetails.shtml?adId=4a78704a4e6443737671513d
2024-06-30,159919,嘉实沪深300ETF,other_institution,其他机构（含保险）,4316974108.00,43.169741,15.059028,upper_bound,28667016676,2024-08-30,2024-08-30,1150859,manager_official_pdf,47,https://www.jsfund.cn/plat_files/upload/product_ann/20240829/202408291724923860603/%E5%98%89%E5%AE%9E%E6%B2%AA%E6%B7%B1300%E4%BA%A4%E6%98%93%E5%9E%8B%E5%BC%80%E6%94%BE%E5%BC%8F%E6%8C%87%E6%95%B0%E8%AF%81%E5%88%B8%E6%8A%95%E8%B5%84%E5%9F%BA%E9%87%912024%E5%B9%B4%E4%B8%AD%E6%9C%9F%E6%8A%A5%E5%91%8A.pdf,https://www.jsfund.cn/main/fund/noticedetails.shtml?adId=4a78704a4e6443737671513d
2024-06-30,159919,嘉实沪深300ETF,individual,个人,1586490366,15.864904,5.534201,exact,28667016676,2024-08-30,2024-08-30,1150859,manager_official_pdf,47,https://www.jsfund.cn/plat_files/upload/product_ann/20240829/202408291724923860603/%E5%98%89%E5%AE%9E%E6%B2%AA%E6%B7%B1300%E4%BA%A4%E6%98%93%E5%9E%8B%E5%BC%80%E6%94%BE%E5%BC%8F%E6%8C%87%E6%95%B0%E8%AF%81%E5%88%B8%E6%8A%95%E8%B5%84%E5%9F%BA%E9%87%912024%E5%B9%B4%E4%B8%AD%E6%9C%9F%E6%8A%A5%E5%91%8A.pdf,https://www.jsfund.cn/main/fund/noticedetails.shtml?adId=4a78704a4e6443737671513d
2024-06-30,159915,易方达创业板ETF,national_team,国家队（已识别）,11963238886.00,119.632389,38.284663,lower_bound,31248123559,2024-08-30,2024-08-30,1149891,manager_official_pdf,51,https://cdn.efunds.com.cn/owch/data/bulletin/20240830/%E6%98%93%E6%96%B9%E8%BE%BE%E5%88%9B%E4%B8%9A%E6%9D%BF%E4%BA%A4%E6%98%93%E5%9E%8B%E5%BC%80%E6%94%BE%E5%BC%8F%E6%8C%87%E6%95%B0%E8%AF%81%E5%88%B8%E6%8A%95%E8%B5%84%E5%9F%BA%E9%87%912024%E5%B9%B4%E4%B8%AD%E6%9C%9F%E6%8A%A5%E5%91%8A.pdf,https://www.efunds.com.cn/c/737/737138.shtml
2024-06-30,159915,易方达创业板ETF,other_institution,其他机构（含保险）,4218063274.00,42.180633,13.498613,upper_bound,31248123559,2024-08-30,2024-08-30,1149891,manager_official_pdf,51,https://cdn.efunds.com.cn/owch/data/bulletin/20240830/%E6%98%93%E6%96%B9%E8%BE%BE%E5%88%9B%E4%B8%9A%E6%9D%BF%E4%BA%A4%E6%98%93%E5%9E%8B%E5%BC%80%E6%94%BE%E5%BC%8F%E6%8C%87%E6%95%B0%E8%AF%81%E5%88%B8%E6%8A%95%E8%B5%84%E5%9F%BA%E9%87%912024%E5%B9%B4%E4%B8%AD%E6%9C%9F%E6%8A%A5%E5%91%8A.pdf,https://www.efunds.com.cn/c/737/737138.shtml
2024-06-30,159915,易方达创业板ETF,individual,个人,10880152566,108.801526,34.818579,exact,31248123559,2024-08-30,2024-08-30,1149891,manager_official_pdf,51,https://cdn.efunds.com.cn/owch/data/bulletin/20240830/%E6%98%93%E6%96%B9%E8%BE%BE%E5%88%9B%E4%B8%9A%E6%9D%BF%E4%BA%A4%E6%98%93%E5%9E%8B%E5%BC%80%E6%94%BE%E5%BC%8F%E6%8C%87%E6%95%B0%E8%AF%81%E5%88%B8%E6%8A%95%E8%B5%84%E5%9F%BA%E9%87%912024%E5%B9%B4%E4%B8%AD%E6%9C%9F%E6%8A%A5%E5%91%8A.pdf,https://www.efunds.com.cn/c/737/737138.shtml
2024-12-31,510300,华泰柏瑞沪深300ETF,national_team,国家队（已识别）,62275927203.00,622.759272,69.670248,lower_bound,89386687690,2025-03-31,2025-03-31,1258867,manager_official_pdf,70,https://www.huatai-pb.com/upload/pdf/1743340492201-htbrhs300jyxkfszszqtzjj2024nndbg.pdf,https://www.huatai-pb.com/news/information/fundReport/index.html
2024-12-31,510300,华泰柏瑞沪深300ETF,other_institution,其他机构（含保险）,11967805276.00,119.678053,13.388800,upper_bound,89386687690,2025-03-31,2025-03-31,1258867,manager_official_pdf,70,https://www.huatai-pb.com/upload/pdf/1743340492201-htbrhs300jyxkfszszqtzjj2024nndbg.pdf,https://www.huatai-pb.com/news/information/fundReport/index.html
2024-12-31,510300,华泰柏瑞沪深300ETF,individual,个人,14587732446,145.877324,16.319804,exact,89386687690,2025-03-31,2025-03-31,1258867,manager_official_pdf,70,https://www.huatai-pb.com/upload/pdf/1743340492201-htbrhs300jyxkfszszqtzjj2024nndbg.pdf,https://www.huatai-pb.com/news/information/fundReport/index.html
2024-12-31,510310,易方达沪深300ETF,national_team,国家队（已识别）,47268249600.00,472.682496,73.749026,lower_bound,64093388464,2025-03-31,2025-03-31,1249586,manager_official_pdf,71,https://cdn.efunds.com.cn/owch/data/bulletin/20250331/%E6%98%93%E6%96%B9%E8%BE%BE%E6%B2%AA%E6%B7%B1300%E4%BA%A4%E6%98%93%E5%9E%8B%E5%BC%80%E6%94%BE%E5%BC%8F%E6%8C%87%E6%95%B0%E5%8F%91%E8%B5%B7%E5%BC%8F%E8%AF%81%E5%88%B8%E6%8A%95%E8%B5%84%E5%9F%BA%E9%87%912024%E5%B9%B4%E5%B9%B4%E5%BA%A6%E6%8A%A5%E5%91%8A.pdf,https://www.efunds.com.cn/c/760/760321.shtml
2024-12-31,510310,易方达沪深300ETF,other_institution,其他机构（含保险）,9155838665.00,91.558387,14.285153,upper_bound,64093388464,2025-03-31,2025-03-31,1249586,manager_official_pdf,71,https://cdn.efunds.com.cn/owch/data/bulletin/20250331/%E6%98%93%E6%96%B9%E8%BE%BE%E6%B2%AA%E6%B7%B1300%E4%BA%A4%E6%98%93%E5%9E%8B%E5%BC%80%E6%94%BE%E5%BC%8F%E6%8C%87%E6%95%B0%E5%8F%91%E8%B5%B7%E5%BC%8F%E8%AF%81%E5%88%B8%E6%8A%95%E8%B5%84%E5%9F%BA%E9%87%912024%E5%B9%B4%E5%B9%B4%E5%BA%A6%E6%8A%A5%E5%91%8A.pdf,https://www.efunds.com.cn/c/760/760321.shtml
2024-12-31,510310,易方达沪深300ETF,individual,个人,2730537171,27.305372,4.260248,exact,64093388464,2025-03-31,2025-03-31,1249586,manager_official_pdf,71,https://cdn.efunds.com.cn/owch/data/bulletin/20250331/%E6%98%93%E6%96%B9%E8%BE%BE%E6%B2%AA%E6%B7%B1300%E4%BA%A4%E6%98%93%E5%9E%8B%E5%BC%80%E6%94%BE%E5%BC%8F%E6%8C%87%E6%95%B0%E5%8F%91%E8%B5%B7%E5%BC%8F%E8%AF%81%E5%88%B8%E6%8A%95%E8%B5%84%E5%9F%BA%E9%87%912024%E5%B9%B4%E5%B9%B4%E5%BA%A6%E6%8A%A5%E5%91%8A.pdf,https://www.efunds.com.cn/c/760/760321.shtml
2024-12-31,510330,华夏沪深300ETF,national_team,国家队（已识别）,32583093795.00,325.830938,81.809618,lower_bound,39827949828,2025-03-31,2025-03-28,1250875,csrc_official_pdf,64,http://eid.csrc.gov.cn/fund/disclose/instance_show_pdf_id.do?instanceid=1250875,"https://fund.eastmoney.com/gonggao/510330,AN202503301649178567.html"
2024-12-31,510330,华夏沪深300ETF,other_institution,其他机构（含保险）,3671333429.00,36.713334,9.217982,upper_bound,39827949828,2025-03-31,2025-03-28,1250875,csrc_official_pdf,64,http://eid.csrc.gov.cn/fund/disclose/instance_show_pdf_id.do?instanceid=1250875,"https://fund.eastmoney.com/gonggao/510330,AN202503301649178567.html"
2024-12-31,510330,华夏沪深300ETF,individual,个人,731835708,7.318357,1.837493,exact,39827949828,2025-03-31,2025-03-28,1250875,csrc_official_pdf,64,http://eid.csrc.gov.cn/fund/disclose/instance_show_pdf_id.do?instanceid=1250875,"https://fund.eastmoney.com/gonggao/510330,AN202503301649178567.html"
2024-12-31,159919,嘉实沪深300ETF,national_team,国家队（已识别）,29841489578.00,298.414896,78.729719,lower_bound,37903716676,2025-03-28,2025-03-28,1250628,manager_official_pdf,62,https://www.jsfund.cn/plat_files/upload/product_ann/20250327/202503271743068384699/%E5%98%89%E5%AE%9E%E6%B2%AA%E6%B7%B1300%E4%BA%A4%E6%98%93%E5%9E%8B%E5%BC%80%E6%94%BE%E5%BC%8F%E6%8C%87%E6%95%B0%E8%AF%81%E5%88%B8%E6%8A%95%E8%B5%84%E5%9F%BA%E9%87%912024%E5%B9%B4%E5%B9%B4%E5%BA%A6%E6%8A%A5%E5%91%8A.pdf,https://www.jsfund.cn/main/fund/noticedetails.shtml?adId=764d4335526d76454f4a633d
2024-12-31,159919,嘉实沪深300ETF,other_institution,其他机构（含保险）,4227481902.00,42.274819,11.153212,upper_bound,37903716676,2025-03-28,2025-03-28,1250628,manager_official_pdf,62,https://www.jsfund.cn/plat_files/upload/product_ann/20250327/202503271743068384699/%E5%98%89%E5%AE%9E%E6%B2%AA%E6%B7%B1300%E4%BA%A4%E6%98%93%E5%9E%8B%E5%BC%80%E6%94%BE%E5%BC%8F%E6%8C%87%E6%95%B0%E8%AF%81%E5%88%B8%E6%8A%95%E8%B5%84%E5%9F%BA%E9%87%912024%E5%B9%B4%E5%B9%B4%E5%BA%A6%E6%8A%A5%E5%91%8A.pdf,https://www.jsfund.cn/main/fund/noticedetails.shtml?adId=764d4335526d76454f4a633d
2024-12-31,159919,嘉实沪深300ETF,individual,个人,2038607876,20.386079,5.378385,exact,37903716676,2025-03-28,2025-03-28,1250628,manager_official_pdf,62,https://www.jsfund.cn/plat_files/upload/product_ann/20250327/202503271743068384699/%E5%98%89%E5%AE%9E%E6%B2%AA%E6%B7%B1300%E4%BA%A4%E6%98%93%E5%9E%8B%E5%BC%80%E6%94%BE%E5%BC%8F%E6%8C%87%E6%95%B0%E8%AF%81%E5%88%B8%E6%8A%95%E8%B5%84%E5%9F%BA%E9%87%912024%E5%B9%B4%E5%B9%B4%E5%BA%A6%E6%8A%A5%E5%91%8A.pdf,https://www.jsfund.cn/main/fund/noticedetails.shtml?adId=764d4335526d76454f4a633d
2024-12-31,159915,易方达创业板ETF,national_team,国家队（已识别）,14931797206.00,149.317972,34.269152,lower_bound,43572123559,2025-03-31,2025-03-31,1249334,manager_official_pdf,62,https://cdn.efunds.com.cn/owch/data/bulletin/20250331/%E6%98%93%E6%96%B9%E8%BE%BE%E5%88%9B%E4%B8%9A%E6%9D%BF%E4%BA%A4%E6%98%93%E5%9E%8B%E5%BC%80%E6%94%BE%E5%BC%8F%E6%8C%87%E6%95%B0%E8%AF%81%E5%88%B8%E6%8A%95%E8%B5%84%E5%9F%BA%E9%87%912024%E5%B9%B4%E5%B9%B4%E5%BA%A6%E6%8A%A5%E5%91%8A.pdf,https://www.efunds.com.cn/c/760/760391.shtml
2024-12-31,159915,易方达创业板ETF,other_institution,其他机构（含保险）,5272581290.00,52.725813,12.100813,upper_bound,43572123559,2025-03-31,2025-03-31,1249334,manager_official_pdf,62,https://cdn.efunds.com.cn/owch/data/bulletin/20250331/%E6%98%93%E6%96%B9%E8%BE%BE%E5%88%9B%E4%B8%9A%E6%9D%BF%E4%BA%A4%E6%98%93%E5%9E%8B%E5%BC%80%E6%94%BE%E5%BC%8F%E6%8C%87%E6%95%B0%E8%AF%81%E5%88%B8%E6%8A%95%E8%B5%84%E5%9F%BA%E9%87%912024%E5%B9%B4%E5%B9%B4%E5%BA%A6%E6%8A%A5%E5%91%8A.pdf,https://www.efunds.com.cn/c/760/760391.shtml
2024-12-31,159915,易方达创业板ETF,individual,个人,18612049533,186.120495,42.715498,exact,43572123559,2025-03-31,2025-03-31,1249334,manager_official_pdf,62,https://cdn.efunds.com.cn/owch/data/bulletin/20250331/%E6%98%93%E6%96%B9%E8%BE%BE%E5%88%9B%E4%B8%9A%E6%9D%BF%E4%BA%A4%E6%98%93%E5%9E%8B%E5%BC%80%E6%94%BE%E5%BC%8F%E6%8C%87%E6%95%B0%E8%AF%81%E5%88%B8%E6%8A%95%E8%B5%84%E5%9F%BA%E9%87%912024%E5%B9%B4%E5%B9%B4%E5%BA%A6%E6%8A%A5%E5%91%8A.pdf,https://www.efunds.com.cn/c/760/760391.shtml
2025-06-30,510300,华泰柏瑞沪深300ETF,national_team,国家队（已识别）,73513073833.00,735.130738,78.170148,lower_bound,94042387690,2025-08-30,2025-08-30,1350137,manager_official_pdf,57,https://www.huatai-pb.com/upload/pdf/1756520741276-htbrhs300jyxkfszszqtzjj2025nzqbg.pdf,https://www.huatai-pb.com/news/information/fundReport/index.html
2025-06-30,510300,华泰柏瑞沪深300ETF,other_institution,其他机构（含保险）,8401324448.00,84.013244,8.933551,upper_bound,94042387690,2025-08-30,2025-08-30,1350137,manager_official_pdf,57,https://www.huatai-pb.com/upload/pdf/1756520741276-htbrhs300jyxkfszszqtzjj2025nzqbg.pdf,https://www.huatai-pb.com/news/information/fundReport/index.html
2025-06-30,510300,华泰柏瑞沪深300ETF,individual,个人,11475993632,114.759936,12.203001,exact,94042387690,2025-08-30,2025-08-30,1350137,manager_official_pdf,57,https://www.huatai-pb.com/upload/pdf/1756520741276-htbrhs300jyxkfszszqtzjj2025nzqbg.pdf,https://www.huatai-pb.com/news/information/fundReport/index.html
2025-06-30,510310,易方达沪深300ETF,national_team,国家队（已识别）,56148085529.00,561.480855,82.058131,lower_bound,68424767476,2025-08-30,2025-08-30,1348945,manager_official_pdf,56,https://cdn.efunds.com.cn/owch/data/bulletin/20250830/%E6%98%93%E6%96%B9%E8%BE%BE%E6%B2%AA%E6%B7%B1300%E4%BA%A4%E6%98%93%E5%9E%8B%E5%BC%80%E6%94%BE%E5%BC%8F%E6%8C%87%E6%95%B0%E5%8F%91%E8%B5%B7%E5%BC%8F%E8%AF%81%E5%88%B8%E6%8A%95%E8%B5%84%E5%9F%BA%E9%87%912025%E5%B9%B4%E4%B8%AD%E6%9C%9F%E6%8A%A5%E5%91%8A.pdf,https://www.efunds.com.cn/c/774/774980.shtml
2025-06-30,510310,易方达沪深300ETF,other_institution,其他机构（含保险）,5487910605.00,54.879106,8.020357,upper_bound,68424767476,2025-08-30,2025-08-30,1348945,manager_official_pdf,56,https://cdn.efunds.com.cn/owch/data/bulletin/20250830/%E6%98%93%E6%96%B9%E8%BE%BE%E6%B2%AA%E6%B7%B1300%E4%BA%A4%E6%98%93%E5%9E%8B%E5%BC%80%E6%94%BE%E5%BC%8F%E6%8C%87%E6%95%B0%E5%8F%91%E8%B5%B7%E5%BC%8F%E8%AF%81%E5%88%B8%E6%8A%95%E8%B5%84%E5%9F%BA%E9%87%912025%E5%B9%B4%E4%B8%AD%E6%9C%9F%E6%8A%A5%E5%91%8A.pdf,https://www.efunds.com.cn/c/774/774980.shtml
2025-06-30,510310,易方达沪深300ETF,individual,个人,2196163723,21.961637,3.209603,exact,68424767476,2025-08-30,2025-08-30,1348945,manager_official_pdf,56,https://cdn.efunds.com.cn/owch/data/bulletin/20250830/%E6%98%93%E6%96%B9%E8%BE%BE%E6%B2%AA%E6%B7%B1300%E4%BA%A4%E6%98%93%E5%9E%8B%E5%BC%80%E6%94%BE%E5%BC%8F%E6%8C%87%E6%95%B0%E5%8F%91%E8%B5%B7%E5%BC%8F%E8%AF%81%E5%88%B8%E6%8A%95%E8%B5%84%E5%9F%BA%E9%87%912025%E5%B9%B4%E4%B8%AD%E6%9C%9F%E6%8A%A5%E5%91%8A.pdf,https://www.efunds.com.cn/c/774/774980.shtml
2025-06-30,510330,华夏沪深300ETF,national_team,国家队（已识别）,42028022295.00,420.280223,87.620901,lower_bound,47965749828,2025-08-30,2025-08-29,1347599,csrc_official_pdf,52,http://eid.csrc.gov.cn/fund/disclose/instance_show_pdf_id.do?instanceid=1347599,"https://fund.eastmoney.com/gonggao/510330,AN202508291736527913.html"
2025-06-30,510330,华夏沪深300ETF,other_institution,其他机构（含保险）,2622294819.00,26.222948,5.467015,upper_bound,47965749828,2025-08-30,2025-08-29,1347599,csrc_official_pdf,52,http://eid.csrc.gov.cn/fund/disclose/instance_show_pdf_id.do?instanceid=1347599,"https://fund.eastmoney.com/gonggao/510330,AN202508291736527913.html"
2025-06-30,510330,华夏沪深300ETF,individual,个人,516853618,5.168536,1.077547,exact,47965749828,2025-08-30,2025-08-29,1347599,csrc_official_pdf,52,http://eid.csrc.gov.cn/fund/disclose/instance_show_pdf_id.do?instanceid=1347599,"https://fund.eastmoney.com/gonggao/510330,AN202508291736527913.html"
2025-06-30,159919,嘉实沪深300ETF,national_team,国家队（已识别）,35498494985.00,354.984950,86.075912,lower_bound,41240916676,2025-08-29,2025-08-29,1346731,manager_official_pdf,50,https://www.jsfund.cn/plat_files/upload/product_ann/20250828/202508281756375704750/%E5%98%89%E5%AE%9E%E6%B2%AA%E6%B7%B1300%E4%BA%A4%E6%98%93%E5%9E%8B%E5%BC%80%E6%94%BE%E5%BC%8F%E6%8C%87%E6%95%B0%E8%AF%81%E5%88%B8%E6%8A%95%E8%B5%84%E5%9F%BA%E9%87%912025%E5%B9%B4%E4%B8%AD%E6%9C%9F%E6%8A%A5%E5%91%8A.pdf,https://www.jsfund.cn/main/fund/noticedetails.shtml?adId=4653477937506f6f39456f3d
2025-06-30,159919,嘉实沪深300ETF,other_institution,其他机构（含保险）,2552032524.00,25.520325,6.188108,upper_bound,41240916676,2025-08-29,2025-08-29,1346731,manager_official_pdf,50,https://www.jsfund.cn/plat_files/upload/product_ann/20250828/202508281756375704750/%E5%98%89%E5%AE%9E%E6%B2%AA%E6%B7%B1300%E4%BA%A4%E6%98%93%E5%9E%8B%E5%BC%80%E6%94%BE%E5%BC%8F%E6%8C%87%E6%95%B0%E8%AF%81%E5%88%B8%E6%8A%95%E8%B5%84%E5%9F%BA%E9%87%912025%E5%B9%B4%E4%B8%AD%E6%9C%9F%E6%8A%A5%E5%91%8A.pdf,https://www.jsfund.cn/main/fund/noticedetails.shtml?adId=4653477937506f6f39456f3d
2025-06-30,159919,嘉实沪深300ETF,individual,个人,1432551847,14.325518,3.473618,exact,41240916676,2025-08-29,2025-08-29,1346731,manager_official_pdf,50,https://www.jsfund.cn/plat_files/upload/product_ann/20250828/202508281756375704750/%E5%98%89%E5%AE%9E%E6%B2%AA%E6%B7%B1300%E4%BA%A4%E6%98%93%E5%9E%8B%E5%BC%80%E6%94%BE%E5%BC%8F%E6%8C%87%E6%95%B0%E8%AF%81%E5%88%B8%E6%8A%95%E8%B5%84%E5%9F%BA%E9%87%912025%E5%B9%B4%E4%B8%AD%E6%9C%9F%E6%8A%A5%E5%91%8A.pdf,https://www.jsfund.cn/main/fund/noticedetails.shtml?adId=4653477937506f6f39456f3d
2025-06-30,159915,易方达创业板ETF,national_team,国家队（已识别）,17019784206.00,170.197842,42.415720,lower_bound,40126123559,2025-08-30,2025-08-30,1350002,manager_official_pdf,48,https://cdn.efunds.com.cn/owch/data/bulletin/20250830/%E6%98%93%E6%96%B9%E8%BE%BE%E5%88%9B%E4%B8%9A%E6%9D%BF%E4%BA%A4%E6%98%93%E5%9E%8B%E5%BC%80%E6%94%BE%E5%BC%8F%E6%8C%87%E6%95%B0%E8%AF%81%E5%88%B8%E6%8A%95%E8%B5%84%E5%9F%BA%E9%87%912025%E5%B9%B4%E4%B8%AD%E6%9C%9F%E6%8A%A5%E5%91%8A.pdf,https://www.efunds.com.cn/c/775/775026.shtml
2025-06-30,159915,易方达创业板ETF,other_institution,其他机构（含保险）,4907387223.00,49.073872,12.229906,upper_bound,40126123559,2025-08-30,2025-08-30,1350002,manager_official_pdf,48,https://cdn.efunds.com.cn/owch/data/bulletin/20250830/%E6%98%93%E6%96%B9%E8%BE%BE%E5%88%9B%E4%B8%9A%E6%9D%BF%E4%BA%A4%E6%98%93%E5%9E%8B%E5%BC%80%E6%94%BE%E5%BC%8F%E6%8C%87%E6%95%B0%E8%AF%81%E5%88%B8%E6%8A%95%E8%B5%84%E5%9F%BA%E9%87%912025%E5%B9%B4%E4%B8%AD%E6%9C%9F%E6%8A%A5%E5%91%8A.pdf,https://www.efunds.com.cn/c/775/775026.shtml
2025-06-30,159915,易方达创业板ETF,individual,个人,13662299774,136.622998,34.048392,exact,40126123559,2025-08-30,2025-08-30,1350002,manager_official_pdf,48,https://cdn.efunds.com.cn/owch/data/bulletin/20250830/%E6%98%93%E6%96%B9%E8%BE%BE%E5%88%9B%E4%B8%9A%E6%9D%BF%E4%BA%A4%E6%98%93%E5%9E%8B%E5%BC%80%E6%94%BE%E5%BC%8F%E6%8C%87%E6%95%B0%E8%AF%81%E5%88%B8%E6%8A%95%E8%B5%84%E5%9F%BA%E9%87%912025%E5%B9%B4%E4%B8%AD%E6%9C%9F%E6%8A%A5%E5%91%8A.pdf,https://www.efunds.com.cn/c/775/775026.shtml
2025-12-31,510300,华泰柏瑞沪深300ETF,national_team,国家队（已识别）,73513073833.00,735.130738,82.757419,lower_bound,88829587690,2026-03-31,2026-03-31,1462356,manager_official_pdf,75,https://www.huatai-pb.com/upload/pdf/1774875903985-634-1kk48a1ehozb2.pdf,https://www.huatai-pb.com/news/information/fundReport/index.html
2025-12-31,510300,华泰柏瑞沪深300ETF,other_institution,其他机构（含保险）,6676592798.00,66.765928,7.516181,upper_bound,88829587690,2026-03-31,2026-03-31,1462356,manager_official_pdf,75,https://www.huatai-pb.com/upload/pdf/1774875903985-634-1kk48a1ehozb2.pdf,https://www.huatai-pb.com/news/information/fundReport/index.html
2025-12-31,510300,华泰柏瑞沪深300ETF,individual,个人,7974868591,79.748686,8.977717,exact,88829587690,2026-03-31,2026-03-31,1462356,manager_official_pdf,75,https://www.huatai-pb.com/upload/pdf/1774875903985-634-1kk48a1ehozb2.pdf,https://www.huatai-pb.com/news/information/fundReport/index.html
2025-12-31,510310,易方达沪深300ETF,national_team,国家队（已识别）,56148085529.00,561.480855,85.157457,lower_bound,65934431663,2026-03-31,2026-03-31,1458149,manager_official_pdf,75,https://cdn.efunds.com.cn/owch/data/bulletin/20260331/%E6%98%93%E6%96%B9%E8%BE%BE%E6%B2%AA%E6%B7%B1300%E4%BA%A4%E6%98%93%E5%9E%8B%E5%BC%80%E6%94%BE%E5%BC%8F%E6%8C%87%E6%95%B0%E5%8F%91%E8%B5%B7%E5%BC%8F%E8%AF%81%E5%88%B8%E6%8A%95%E8%B5%84%E5%9F%BA%E9%87%912025%E5%B9%B4%E5%B9%B4%E5%BA%A6%E6%8A%A5%E5%91%8A.pdf,https://www.efunds.com.cn/c/794/794359.shtml
2025-12-31,510310,易方达沪深300ETF,other_institution,其他机构（含保险）,4250329864.00,42.503299,6.446298,upper_bound,65934431663,2026-03-31,2026-03-31,1458149,manager_official_pdf,75,https://cdn.efunds.com.cn/owch/data/bulletin/20260331/%E6%98%93%E6%96%B9%E8%BE%BE%E6%B2%AA%E6%B7%B1300%E4%BA%A4%E6%98%93%E5%9E%8B%E5%BC%80%E6%94%BE%E5%BC%8F%E6%8C%87%E6%95%B0%E5%8F%91%E8%B5%B7%E5%BC%8F%E8%AF%81%E5%88%B8%E6%8A%95%E8%B5%84%E5%9F%BA%E9%87%912025%E5%B9%B4%E5%B9%B4%E5%BA%A6%E6%8A%A5%E5%91%8A.pdf,https://www.efunds.com.cn/c/794/794359.shtml
2025-12-31,510310,易方达沪深300ETF,individual,个人,1614129382,16.141294,2.448083,exact,65934431663,2026-03-31,2026-03-31,1458149,manager_official_pdf,75,https://cdn.efunds.com.cn/owch/data/bulletin/20260331/%E6%98%93%E6%96%B9%E8%BE%BE%E6%B2%AA%E6%B7%B1300%E4%BA%A4%E6%98%93%E5%9E%8B%E5%BC%80%E6%94%BE%E5%BC%8F%E6%8C%87%E6%95%B0%E5%8F%91%E8%B5%B7%E5%BC%8F%E8%AF%81%E5%88%B8%E6%8A%95%E8%B5%84%E5%9F%BA%E9%87%912025%E5%B9%B4%E5%B9%B4%E5%BA%A6%E6%8A%A5%E5%91%8A.pdf,https://www.efunds.com.cn/c/794/794359.shtml
2025-12-31,510330,华夏沪深300ETF,national_team,国家队（已识别）,42028022295.00,420.280223,88.620254,lower_bound,47424849828,2026-03-31,2026-03-30,1454602,csrc_official_pdf,68,http://eid.csrc.gov.cn/fund/disclose/instance_show_pdf_id.do?instanceid=1454602,"https://fund.eastmoney.com/gonggao/510330,AN202603301820866235.html"
2025-12-31,510330,华夏沪深300ETF,other_institution,其他机构（含保险）,2411432990.00,24.114330,5.084746,upper_bound,47424849828,2026-03-31,2026-03-30,1454602,csrc_official_pdf,68,http://eid.csrc.gov.cn/fund/disclose/instance_show_pdf_id.do?instanceid=1454602,"https://fund.eastmoney.com/gonggao/510330,AN202603301820866235.html"
2025-12-31,510330,华夏沪深300ETF,individual,个人,368803247,3.688032,0.777658,exact,47424849828,2026-03-31,2026-03-30,1454602,csrc_official_pdf,68,http://eid.csrc.gov.cn/fund/disclose/instance_show_pdf_id.do?instanceid=1454602,"https://fund.eastmoney.com/gonggao/510330,AN202603301820866235.html"
2025-12-31,159919,嘉实沪深300ETF,national_team,国家队（已识别）,35498494985.00,354.984950,86.966007,lower_bound,40818816676,2026-03-30,2026-03-30,1451235,manager_official_pdf,66,https://www.jsfund.cn/plat_files/upload/product_ann/20260327/202603271774601606945/%E5%98%89%E5%AE%9E%E6%B2%AA%E6%B7%B1300%E4%BA%A4%E6%98%93%E5%9E%8B%E5%BC%80%E6%94%BE%E5%BC%8F%E6%8C%87%E6%95%B0%E8%AF%81%E5%88%B8%E6%8A%95%E8%B5%84%E5%9F%BA%E9%87%912025%E5%B9%B4%E5%B9%B4%E5%BA%A6%E6%8A%A5%E5%91%8A.pdf,https://www.jsfund.cn/main/fund/noticedetails.shtml?adId=71484c76647249546230413d
2025-12-31,159919,嘉实沪深300ETF,other_institution,其他机构（含保险）,2742050974.00,27.420510,6.717615,upper_bound,40818816676,2026-03-30,2026-03-30,1451235,manager_official_pdf,66,https://www.jsfund.cn/plat_files/upload/product_ann/20260327/202603271774601606945/%E5%98%89%E5%AE%9E%E6%B2%AA%E6%B7%B1300%E4%BA%A4%E6%98%93%E5%9E%8B%E5%BC%80%E6%94%BE%E5%BC%8F%E6%8C%87%E6%95%B0%E8%AF%81%E5%88%B8%E6%8A%95%E8%B5%84%E5%9F%BA%E9%87%912025%E5%B9%B4%E5%B9%B4%E5%BA%A6%E6%8A%A5%E5%91%8A.pdf,https://www.jsfund.cn/main/fund/noticedetails.shtml?adId=71484c76647249546230413d
2025-12-31,159919,嘉实沪深300ETF,individual,个人,1044741797,10.447418,2.559461,exact,40818816676,2026-03-30,2026-03-30,1451235,manager_official_pdf,66,https://www.jsfund.cn/plat_files/upload/product_ann/20260327/202603271774601606945/%E5%98%89%E5%AE%9E%E6%B2%AA%E6%B7%B1300%E4%BA%A4%E6%98%93%E5%9E%8B%E5%BC%80%E6%94%BE%E5%BC%8F%E6%8C%87%E6%95%B0%E8%AF%81%E5%88%B8%E6%8A%95%E8%B5%84%E5%9F%BA%E9%87%912025%E5%B9%B4%E5%B9%B4%E5%BA%A6%E6%8A%A5%E5%91%8A.pdf,https://www.jsfund.cn/main/fund/noticedetails.shtml?adId=71484c76647249546230413d
2025-12-31,159915,易方达创业板ETF,national_team,国家队（已识别）,17019784206.00,170.197842,54.018845,lower_bound,31507123559,2026-03-31,2026-03-31,1457759,manager_official_pdf,63,https://cdn.efunds.com.cn/owch/data/bulletin/20260331/%E6%98%93%E6%96%B9%E8%BE%BE%E5%88%9B%E4%B8%9A%E6%9D%BF%E4%BA%A4%E6%98%93%E5%9E%8B%E5%BC%80%E6%94%BE%E5%BC%8F%E6%8C%87%E6%95%B0%E8%AF%81%E5%88%B8%E6%8A%95%E8%B5%84%E5%9F%BA%E9%87%912025%E5%B9%B4%E5%B9%B4%E5%BA%A6%E6%8A%A5%E5%91%8A.pdf,https://www.efunds.com.cn/c/794/794326.shtml
2025-12-31,159915,易方达创业板ETF,other_institution,其他机构（含保险）,4728805104.00,47.288051,15.008686,upper_bound,31507123559,2026-03-31,2026-03-31,1457759,manager_official_pdf,63,https://cdn.efunds.com.cn/owch/data/bulletin/20260331/%E6%98%93%E6%96%B9%E8%BE%BE%E5%88%9B%E4%B8%9A%E6%9D%BF%E4%BA%A4%E6%98%93%E5%9E%8B%E5%BC%80%E6%94%BE%E5%BC%8F%E6%8C%87%E6%95%B0%E8%AF%81%E5%88%B8%E6%8A%95%E8%B5%84%E5%9F%BA%E9%87%912025%E5%B9%B4%E5%B9%B4%E5%BA%A6%E6%8A%A5%E5%91%8A.pdf,https://www.efunds.com.cn/c/794/794326.shtml
2025-12-31,159915,易方达创业板ETF,individual,个人,6669194138,66.691941,21.167258,exact,31507123559,2026-03-31,2026-03-31,1457759,manager_official_pdf,63,https://cdn.efunds.com.cn/owch/data/bulletin/20260331/%E6%98%93%E6%96%B9%E8%BE%BE%E5%88%9B%E4%B8%9A%E6%9D%BF%E4%BA%A4%E6%98%93%E5%9E%8B%E5%BC%80%E6%94%BE%E5%BC%8F%E6%8C%87%E6%95%B0%E8%AF%81%E5%88%B8%E6%8A%95%E8%B5%84%E5%9F%BA%E9%87%912025%E5%B9%B4%E5%B9%B4%E5%BA%A6%E6%8A%A5%E5%91%8A.pdf,https://www.efunds.com.cn/c/794/794326.shtml
