date,code,shares_100m,exchange,source,quality,method
2012-01-04,159915,5.396610,深交所,https://stock.xueqiu.com/v5/stock/chart/kline.json,estimated,volume_turnover_inference
2012-01-05,159915,5.396928,深交所,https://stock.xueqiu.com/v5/stock/chart/kline.json,estimated,volume_turnover_inference
2012-01-06,159915,5.394251,深交所,https://stock.xueqiu.com/v5/stock/chart/kline.json,estimated,volume_turnover_inference
2012-01-09,159915,5.394209,深交所,https://stock.xueqiu.com/v5/stock/chart/kline.json,estimated,volume_turnover_inference
2012-01-10,159915,5.393015,深交所,https://stock.xueqiu.com/v5/stock/chart/kline.json,estimated,volume_turnover_inference
2012-01-11,159915,5.395946,深交所,https://stock.xueqiu.com/v5/stock/chart/kline.json,estimated,volume_turnover_inference
2012-01-12,159915,5.394501,深交所,https://stock.xueqiu.com/v5/stock/chart/kline.json,estimated,volume_turnover_inference
2012-01-13,159915,5.394741,深交所,https://stock.xueqiu.com/v5/stock/chart/kline.json,estimated,volume_turnover_inference
2012-01-16,159915,5.393793,深交所,https://stock.xueqiu.com/v5/stock/chart/kline.json,estimated,volume_turnover_inference
2012-01-17,159915,5.394445,深交所,https://stock.xueqiu.com/v5/stock/chart/kline.json,estimated,volume_turnover_inference
2012-01-18,159915,5.393860,深交所,https://stock.xueqiu.com/v5/stock/chart/kline.json,estimated,volume_turnover_inference
2012-01-19,159915,5.394057,深交所,https://stock.xueqiu.com/v5/stock/chart/kline.json,estimated,volume_turnover_inference
2012-01-20,159915,5.395484,深交所,https://stock.xueqiu.com/v5/stock/chart/kline.json,estimated,volume_turnover_inference
2012-01-30,159915,5.396010,深交所,https://stock.xueqiu.com/v5/stock/chart/kline.json,estimated,volume_turnover_inference
2012-01-31,159915,5.396280,深交所,https://stock.xueqiu.com/v5/stock/chart/kline.json,estimated,volume_turnover_inference
2012-02-01,159915,5.394804,深交所,https://stock.xueqiu.com/v5/stock/chart/kline.json,estimated,volume_turnover_inference
2012-02-02,159915,5.393922,深交所,https://stock.xueqiu.com/v5/stock/chart/kline.json,estimated,volume_turnover_inference
2012-02-03,159915,5.394180,深交所,https://stock.xueqiu.com/v5/stock/chart/kline.json,estimated,volume_turnover_inference
2012-02-06,159915,5.393964,深交所,https://stock.xueqiu.com/v5/stock/chart/kline.json,estimated,volume_turnover_inference
2012-02-07,159915,5.394186,深交所,https://stock.xueqiu.com/v5/stock/chart/kline.json,estimated,volume_turnover_inference
2012-02-08,159915,5.394989,深交所,https://stock.xueqiu.com/v5/stock/chart/kline.json,estimated,volume_turnover_inference
2012-02-09,159915,5.394314,深交所,https://stock.xueqiu.com/v5/stock/chart/kline.json,estimated,volume_turnover_inference
2012-02-10,159915,5.393412,深交所,https://stock.xueqiu.com/v5/stock/chart/kline.json,estimated,volume_turnover_inference
2012-02-13,159915,5.394879,深交所,https://stock.xueqiu.com/v5/stock/chart/kline.json,estimated,volume_turnover_inference
2012-02-14,159915,5.392687,深交所,https://stock.xueqiu.com/v5/stock/chart/kline.json,estimated,volume_turnover_inference
2012-02-15,159915,5.395355,深交所,https://stock.xueqiu.com/v5/stock/chart/kline.json,estimated,volume_turnover_inference
2012-02-16,159915,5.393936,深交所,https://stock.xueqiu.com/v5/stock/chart/kline.json,estimated,volume_turnover_inference
2012-02-17,159915,5.395855,深交所,https://stock.xueqiu.com/v5/stock/chart/kline.json,estimated,volume_turnover_inference
2012-02-20,159915,5.397239,深交所,https://stock.xueqiu.com/v5/stock/chart/kline.json,estimated,volume_turnover_inference
2012-02-21,159915,5.394762,深交所,https://stock.xueqiu.com/v5/stock/chart/kline.json,estimated,volume_turnover_inference
2012-02-22,159915,5.393958,深交所,https://stock.xueqiu.com/v5/stock/chart/kline.json,estimated,volume_turnover_inference
2012-02-23,159915,5.394455,深交所,https://stock.xueqiu.com/v5/stock/chart/kline.json,estimated,volume_turnover_inference
2012-02-24,159915,5.395219,深交所,https://stock.xueqiu.com/v5/stock/chart/kline.json,estimated,volume_turnover_inference
2012-02-27,159915,5.394689,深交所,https://stock.xueqiu.com/v5/stock/chart/kline.json,estimated,volume_turnover_inference
2012-02-28,159915,5.394288,深交所,https://stock.xueqiu.com/v5/stock/chart/kline.json,estimated,volume_turnover_inference
2012-02-29,159915,5.393078,深交所,https://stock.xueqiu.com/v5/stock/chart/kline.json,estimated,volume_turnover_inference
2012-03-01,159915,5.395256,深交所,https://stock.xueqiu.com/v5/stock/chart/kline.json,estimated,volume_turnover_inference
2012-03-02,159915,5.396629,深交所,https://stock.xueqiu.com/v5/stock/chart/kline.json,estimated,volume_turnover_inference
2012-03-05,159915,5.395699,深交所,https://stock.xueqiu.com/v5/stock/chart/kline.json,estimated,volume_turnover_inference
2012-03-06,159915,5.393598,深交所,https://stock.xueqiu.com/v5/stock/chart/kline.json,estimated,volume_turnover_inference
2012-03-07,159915,5.394067,深交所,https://stock.xueqiu.com/v5/stock/chart/kline.json,estimated,volume_turnover_inference
2012-03-08,159915,5.393179,深交所,https://stock.xueqiu.com/v5/stock/chart/kline.json,estimated,volume_turnover_inference
2012-03-09,159915,5.394668,深交所,https://stock.xueqiu.com/v5/stock/chart/kline.json,estimated,volume_turnover_inference
2012-03-12,159915,5.395584,深交所,https://stock.xueqiu.com/v5/stock/chart/kline.json,estimated,volume_turnover_inference
2012-03-13,159915,5.398699,深交所,https://stock.xueqiu.com/v5/stock/chart/kline.json,estimated,volume_turnover_inference
2012-03-14,159915,5.393762,深交所,https://stock.xueqiu.com/v5/stock/chart/kline.json,estimated,volume_turnover_inference
2012-03-15,159915,5.394762,深交所,https://stock.xueqiu.com/v5/stock/chart/kline.json,estimated,volume_turnover_inference
2012-03-16,159915,5.395589,深交所,https://stock.xueqiu.com/v5/stock/chart/kline.json,estimated,volume_turnover_inference
2012-03-19,159915,5.394605,深交所,https://stock.xueqiu.com/v5/stock/chart/kline.json,estimated,volume_turnover_inference
2012-03-20,159915,5.393814,深交所,https://stock.xueqiu.com/v5/stock/chart/kline.json,estimated,volume_turnover_inference
2012-03-21,159915,5.395558,深交所,https://stock.xueqiu.com/v5/stock/chart/kline.json,estimated,volume_turnover_inference
2012-03-22,159915,5.394284,深交所,https://stock.xueqiu.com/v5/stock/chart/kline.json,estimated,volume_turnover_inference
2012-03-23,159915,5.396028,深交所,https://stock.xueqiu.com/v5/stock/chart/kline.json,estimated,volume_turnover_inference
2012-03-26,159915,5.396941,深交所,https://stock.xueqiu.com/v5/stock/chart/kline.json,estimated,volume_turnover_inference
2012-03-27,159915,5.394190,深交所,https://stock.xueqiu.com/v5/stock/chart/kline.json,estimated,volume_turnover_inference
2012-03-28,159915,5.396069,深交所,https://stock.xueqiu.com/v5/stock/chart/kline.json,estimated,volume_turnover_inference
2012-03-29,159915,5.393422,深交所,https://stock.xueqiu.com/v5/stock/chart/kline.json,estimated,volume_turnover_inference
2012-03-30,159915,5.392593,深交所,https://stock.xueqiu.com/v5/stock/chart/kline.json,estimated,volume_turnover_inference
2012-04-05,159915,5.396085,深交所,https://stock.xueqiu.com/v5/stock/chart/kline.json,estimated,volume_turnover_inference
2012-04-06,159915,5.396291,深交所,https://stock.xueqiu.com/v5/stock/chart/kline.json,estimated,volume_turnover_inference
2012-04-09,159915,5.399232,深交所,https://stock.xueqiu.com/v5/stock/chart/kline.json,estimated,volume_turnover_inference
2012-04-10,159915,5.395971,深交所,https://stock.xueqiu.com/v5/stock/chart/kline.json,estimated,volume_turnover_inference
2012-04-11,159915,5.397730,深交所,https://stock.xueqiu.com/v5/stock/chart/kline.json,estimated,volume_turnover_inference
2012-04-12,159915,5.392769,深交所,https://stock.xueqiu.com/v5/stock/chart/kline.json,estimated,volume_turnover_inference
2012-04-13,159915,5.393744,深交所,https://stock.xueqiu.com/v5/stock/chart/kline.json,estimated,volume_turnover_inference
2012-04-16,159915,5.390858,深交所,https://stock.xueqiu.com/v5/stock/chart/kline.json,estimated,volume_turnover_inference
2012-04-17,159915,5.395431,深交所,https://stock.xueqiu.com/v5/stock/chart/kline.json,estimated,volume_turnover_inference
2012-04-18,159915,5.395099,深交所,https://stock.xueqiu.com/v5/stock/chart/kline.json,estimated,volume_turnover_inference
2012-04-19,159915,5.395978,深交所,https://stock.xueqiu.com/v5/stock/chart/kline.json,estimated,volume_turnover_inference
2012-04-20,159915,5.396062,深交所,https://stock.xueqiu.com/v5/stock/chart/kline.json,estimated,volume_turnover_inference
2012-04-23,159915,5.394414,深交所,https://stock.xueqiu.com/v5/stock/chart/kline.json,estimated,volume_turnover_inference
2012-04-24,159915,6.771837,深交所,https://stock.xueqiu.com/v5/stock/chart/kline.json,estimated,volume_turnover_inference
2012-04-25,159915,6.780998,深交所,https://stock.xueqiu.com/v5/stock/chart/kline.json,estimated,volume_turnover_inference
2012-04-26,159915,6.780301,深交所,https://stock.xueqiu.com/v5/stock/chart/kline.json,estimated,volume_turnover_inference
2012-04-27,159915,6.772675,深交所,https://stock.xueqiu.com/v5/stock/chart/kline.json,estimated,volume_turnover_inference
2012-05-02,159915,6.771249,深交所,https://stock.xueqiu.com/v5/stock/chart/kline.json,estimated,volume_turnover_inference
2012-05-03,159915,6.773682,深交所,https://stock.xueqiu.com/v5/stock/chart/kline.json,estimated,volume_turnover_inference
2012-05-04,159915,6.775794,深交所,https://stock.xueqiu.com/v5/stock/chart/kline.json,estimated,volume_turnover_inference
2012-05-07,159915,6.774870,深交所,https://stock.xueqiu.com/v5/stock/chart/kline.json,estimated,volume_turnover_inference
2012-05-08,159915,6.776021,深交所,https://stock.xueqiu.com/v5/stock/chart/kline.json,estimated,volume_turnover_inference
2012-05-09,159915,6.776190,深交所,https://stock.xueqiu.com/v5/stock/chart/kline.json,estimated,volume_turnover_inference
2012-05-10,159915,6.775884,深交所,https://stock.xueqiu.com/v5/stock/chart/kline.json,estimated,volume_turnover_inference
2012-05-11,159915,6.773078,深交所,https://stock.xueqiu.com/v5/stock/chart/kline.json,estimated,volume_turnover_inference
2012-05-14,159915,6.773798,深交所,https://stock.xueqiu.com/v5/stock/chart/kline.json,estimated,volume_turnover_inference
2012-05-15,159915,6.779486,深交所,https://stock.xueqiu.com/v5/stock/chart/kline.json,estimated,volume_turnover_inference
2012-05-16,159915,6.772574,深交所,https://stock.xueqiu.com/v5/stock/chart/kline.json,estimated,volume_turnover_inference
2012-05-17,159915,6.774732,深交所,https://stock.xueqiu.com/v5/stock/chart/kline.json,estimated,volume_turnover_inference
2012-05-18,159915,6.772541,深交所,https://stock.xueqiu.com/v5/stock/chart/kline.json,estimated,volume_turnover_inference
2012-05-21,159915,6.776906,深交所,https://stock.xueqiu.com/v5/stock/chart/kline.json,estimated,volume_turnover_inference
2012-05-22,159915,6.772672,深交所,https://stock.xueqiu.com/v5/stock/chart/kline.json,estimated,volume_turnover_inference
2012-05-23,159915,6.768830,深交所,https://stock.xueqiu.com/v5/stock/chart/kline.json,estimated,volume_turnover_inference
2012-05-24,159915,6.778041,深交所,https://stock.xueqiu.com/v5/stock/chart/kline.json,estimated,volume_turnover_inference
2012-05-25,159915,6.770271,深交所,https://stock.xueqiu.com/v5/stock/chart/kline.json,estimated,volume_turnover_inference
2012-05-28,159915,6.775460,深交所,https://stock.xueqiu.com/v5/stock/chart/kline.json,estimated,volume_turnover_inference
2012-05-28,159919,193.404888,深交所,https://stock.xueqiu.com/v5/stock/chart/kline.json,estimated,volume_turnover_inference
2012-05-28,510300,107.230877,上交所,https://query.sse.com.cn/commonQuery.do,official,exchange_disclosure
2012-05-29,159915,6.772132,深交所,https://stock.xueqiu.com/v5/stock/chart/kline.json,estimated,volume_turnover_inference
2012-05-29,159919,193.475387,深交所,https://stock.xueqiu.com/v5/stock/chart/kline.json,estimated,volume_turnover_inference
2012-05-29,510300,103.072877,上交所,https://query.sse.com.cn/commonQuery.do,official,exchange_disclosure
2012-05-30,159915,6.772048,深交所,https://stock.xueqiu.com/v5/stock/chart/kline.json,estimated,volume_turnover_inference
2012-05-30,159919,193.267473,深交所,https://stock.xueqiu.com/v5/stock/chart/kline.json,estimated,volume_turnover_inference
2012-05-30,510300,102.433877,上交所,https://query.sse.com.cn/commonQuery.do,official,exchange_disclosure
2012-05-31,159915,6.773230,深交所,https://stock.xueqiu.com/v5/stock/chart/kline.json,estimated,volume_turnover_inference
2012-05-31,159919,193.321252,深交所,https://stock.xueqiu.com/v5/stock/chart/kline.json,estimated,volume_turnover_inference
2012-05-31,510300,101.956877,上交所,https://query.sse.com.cn/commonQuery.do,official,exchange_disclosure
2012-06-01,159915,6.775725,深交所,https://stock.xueqiu.com/v5/stock/chart/kline.json,estimated,volume_turnover_inference
2012-06-01,159919,193.381853,深交所,https://stock.xueqiu.com/v5/stock/chart/kline.json,estimated,volume_turnover_inference
2012-06-01,510300,101.533877,上交所,https://query.sse.com.cn/commonQuery.do,official,exchange_disclosure
2012-06-04,159915,6.777997,深交所,https://stock.xueqiu.com/v5/stock/chart/kline.json,estimated,volume_turnover_inference
2012-06-04,159919,193.259154,深交所,https://stock.xueqiu.com/v5/stock/chart/kline.json,estimated,volume_turnover_inference
2012-06-04,510300,98.230877,上交所,https://query.sse.com.cn/commonQuery.do,official,exchange_disclosure
2012-06-05,159915,6.778383,深交所,https://stock.xueqiu.com/v5/stock/chart/kline.json,estimated,volume_turnover_inference
2012-06-05,159919,193.358024,深交所,https://stock.xueqiu.com/v5/stock/chart/kline.json,estimated,volume_turnover_inference
2012-06-05,510300,96.790877,上交所,https://query.sse.com.cn/commonQuery.do,official,exchange_disclosure
2012-06-06,159915,6.784091,深交所,https://stock.xueqiu.com/v5/stock/chart/kline.json,estimated,volume_turnover_inference
2012-06-06,159919,193.576646,深交所,https://stock.xueqiu.com/v5/stock/chart/kline.json,estimated,volume_turnover_inference
2012-06-06,510300,96.439877,上交所,https://query.sse.com.cn/commonQuery.do,official,exchange_disclosure
2012-06-07,159915,6.779048,深交所,https://stock.xueqiu.com/v5/stock/chart/kline.json,estimated,volume_turnover_inference
2012-06-07,159919,193.550555,深交所,https://stock.xueqiu.com/v5/stock/chart/kline.json,estimated,volume_turnover_inference
2012-06-07,510300,93.946877,上交所,https://query.sse.com.cn/commonQuery.do,official,exchange_disclosure
2012-06-08,159915,6.773372,深交所,https://stock.xueqiu.com/v5/stock/chart/kline.json,estimated,volume_turnover_inference
2012-06-08,159919,192.311471,深交所,https://stock.xueqiu.com/v5/stock/chart/kline.json,estimated,volume_turnover_inference
2012-06-08,510300,93.766877,上交所,https://query.sse.com.cn/commonQuery.do,official,exchange_disclosure
2012-06-11,159915,6.774685,深交所,https://stock.xueqiu.com/v5/stock/chart/kline.json,estimated,volume_turnover_inference
2012-06-11,159919,192.751500,深交所,https://stock.xueqiu.com/v5/stock/chart/kline.json,estimated,volume_turnover_inference
2012-06-11,510300,94.391197,上交所,https://query.sse.com.cn/commonQuery.do,official,exchange_disclosure
2012-06-12,159915,6.775308,深交所,https://stock.xueqiu.com/v5/stock/chart/kline.json,estimated,volume_turnover_inference
2012-06-12,159919,192.675551,深交所,https://stock.xueqiu.com/v5/stock/chart/kline.json,estimated,volume_turnover_inference
2012-06-12,510300,93.604877,上交所,https://query.sse.com.cn/commonQuery.do,official,exchange_disclosure
2012-06-13,159915,6.772964,深交所,https://stock.xueqiu.com/v5/stock/chart/kline.json,estimated,volume_turnover_inference
2012-06-13,159919,193.306033,深交所,https://stock.xueqiu.com/v5/stock/chart/kline.json,estimated,volume_turnover_inference
2012-06-13,510300,93.190877,上交所,https://query.sse.com.cn/commonQuery.do,official,exchange_disclosure
2012-06-14,159915,6.770971,深交所,https://stock.xueqiu.com/v5/stock/chart/kline.json,estimated,volume_turnover_inference
2012-06-14,159919,192.056261,深交所,https://stock.xueqiu.com/v5/stock/chart/kline.json,estimated,volume_turnover_inference
2012-06-14,510300,92.830877,上交所,https://query.sse.com.cn/commonQuery.do,official,exchange_disclosure
2012-06-15,159915,6.776865,深交所,https://stock.xueqiu.com/v5/stock/chart/kline.json,estimated,volume_turnover_inference
2012-06-15,159919,193.135382,深交所,https://stock.xueqiu.com/v5/stock/chart/kline.json,estimated,volume_turnover_inference
2012-06-15,510300,93.307736,上交所,https://query.sse.com.cn/commonQuery.do,official,exchange_disclosure
2012-06-18,159915,6.774653,深交所,https://stock.xueqiu.com/v5/stock/chart/kline.json,estimated,volume_turnover_inference
2012-06-18,159919,194.927648,深交所,https://stock.xueqiu.com/v5/stock/chart/kline.json,estimated,volume_turnover_inference
2012-06-18,510300,93.172877,上交所,https://query.sse.com.cn/commonQuery.do,official,exchange_disclosure
2012-06-19,159915,6.774046,深交所,https://stock.xueqiu.com/v5/stock/chart/kline.json,estimated,volume_turnover_inference
2012-06-19,159919,193.190030,深交所,https://stock.xueqiu.com/v5/stock/chart/kline.json,estimated,volume_turnover_inference
2012-06-19,510300,93.119877,上交所,https://query.sse.com.cn/commonQuery.do,official,exchange_disclosure
2012-06-20,159915,6.774150,深交所,https://stock.xueqiu.com/v5/stock/chart/kline.json,estimated,volume_turnover_inference
2012-06-20,159919,192.429503,深交所,https://stock.xueqiu.com/v5/stock/chart/kline.json,estimated,volume_turnover_inference
2012-06-20,510300,93.316877,上交所,https://query.sse.com.cn/commonQuery.do,official,exchange_disclosure
2012-06-21,159915,6.771770,深交所,https://stock.xueqiu.com/v5/stock/chart/kline.json,estimated,volume_turnover_inference
2012-06-21,159919,193.456459,深交所,https://stock.xueqiu.com/v5/stock/chart/kline.json,estimated,volume_turnover_inference
2012-06-21,510300,93.172877,上交所,https://query.sse.com.cn/commonQuery.do,official,exchange_disclosure
2012-06-25,159915,6.777291,深交所,https://stock.xueqiu.com/v5/stock/chart/kline.json,estimated,volume_turnover_inference
2012-06-25,159919,193.438296,深交所,https://stock.xueqiu.com/v5/stock/chart/kline.json,estimated,volume_turnover_inference
2012-06-25,510300,94.441874,上交所,https://query.sse.com.cn/commonQuery.do,official,exchange_disclosure
2012-06-26,159915,6.773945,深交所,https://stock.xueqiu.com/v5/stock/chart/kline.json,estimated,volume_turnover_inference
2012-06-26,159919,192.557219,深交所,https://stock.xueqiu.com/v5/stock/chart/kline.json,estimated,volume_turnover_inference
2012-06-26,510300,95.098877,上交所,https://query.sse.com.cn/commonQuery.do,official,exchange_disclosure
2012-06-27,159915,6.772318,深交所,https://stock.xueqiu.com/v5/stock/chart/kline.json,estimated,volume_turnover_inference
2012-06-27,159919,194.702351,深交所,https://stock.xueqiu.com/v5/stock/chart/kline.json,estimated,volume_turnover_inference
2012-06-27,510300,94.585877,上交所,https://query.sse.com.cn/commonQuery.do,official,exchange_disclosure
2012-06-28,159915,6.772101,深交所,https://stock.xueqiu.com/v5/stock/chart/kline.json,estimated,volume_turnover_inference
2012-06-28,159919,192.202505,深交所,https://stock.xueqiu.com/v5/stock/chart/kline.json,estimated,volume_turnover_inference
2012-06-28,510300,95.208369,上交所,https://query.sse.com.cn/commonQuery.do,official,exchange_disclosure
2012-06-29,159915,6.773553,深交所,https://stock.xueqiu.com/v5/stock/chart/kline.json,estimated,volume_turnover_inference
2012-06-29,159919,192.796744,深交所,https://stock.xueqiu.com/v5/stock/chart/kline.json,estimated,volume_turnover_inference
2012-06-29,510300,95.917877,上交所,https://query.sse.com.cn/commonQuery.do,official,exchange_disclosure
2012-07-02,159915,6.118039,深交所,https://stock.xueqiu.com/v5/stock/chart/kline.json,estimated,volume_turnover_inference
2012-07-02,159919,159.565869,深交所,https://stock.xueqiu.com/v5/stock/chart/kline.json,estimated,volume_turnover_inference
2012-07-02,510300,94.711877,上交所,https://query.sse.com.cn/commonQuery.do,official,exchange_disclosure
2012-07-03,159915,6.116379,深交所,https://stock.xueqiu.com/v5/stock/chart/kline.json,estimated,volume_turnover_inference
2012-07-03,159919,159.495542,深交所,https://stock.xueqiu.com/v5/stock/chart/kline.json,estimated,volume_turnover_inference
2012-07-03,510300,94.360875,上交所,https://query.sse.com.cn/commonQuery.do,official,exchange_disclosure
2012-07-04,159915,6.121415,深交所,https://stock.xueqiu.com/v5/stock/chart/kline.json,estimated,volume_turnover_inference
2012-07-04,159919,158.868299,深交所,https://stock.xueqiu.com/v5/stock/chart/kline.json,estimated,volume_turnover_inference
2012-07-04,510300,93.838877,上交所,https://query.sse.com.cn/commonQuery.do,official,exchange_disclosure
2012-07-05,159915,6.116565,深交所,https://stock.xueqiu.com/v5/stock/chart/kline.json,estimated,volume_turnover_inference
2012-07-05,159919,159.264043,深交所,https://stock.xueqiu.com/v5/stock/chart/kline.json,estimated,volume_turnover_inference
2012-07-05,510300,94.927877,上交所,https://query.sse.com.cn/commonQuery.do,official,exchange_disclosure
2012-07-06,159915,6.114109,深交所,https://stock.xueqiu.com/v5/stock/chart/kline.json,estimated,volume_turnover_inference
2012-07-06,159919,159.134206,深交所,https://stock.xueqiu.com/v5/stock/chart/kline.json,estimated,volume_turnover_inference
2012-07-06,510300,95.106877,上交所,https://query.sse.com.cn/commonQuery.do,official,exchange_disclosure
2012-07-09,159915,6.116570,深交所,https://stock.xueqiu.com/v5/stock/chart/kline.json,estimated,volume_turnover_inference
2012-07-09,159919,158.627081,深交所,https://stock.xueqiu.com/v5/stock/chart/kline.json,estimated,volume_turnover_inference
2012-07-09,510300,95.245222,上交所,https://query.sse.com.cn/commonQuery.do,official,exchange_disclosure
2012-07-10,159915,6.114397,深交所,https://stock.xueqiu.com/v5/stock/chart/kline.json,estimated,volume_turnover_inference
2012-07-10,159919,159.130318,深交所,https://stock.xueqiu.com/v5/stock/chart/kline.json,estimated,volume_turnover_inference
2012-07-10,510300,96.502877,上交所,https://query.sse.com.cn/commonQuery.do,official,exchange_disclosure
2012-07-11,159915,6.117535,深交所,https://stock.xueqiu.com/v5/stock/chart/kline.json,estimated,volume_turnover_inference
2012-07-11,159919,159.236072,深交所,https://stock.xueqiu.com/v5/stock/chart/kline.json,estimated,volume_turnover_inference
2012-07-11,510300,96.367877,上交所,https://query.sse.com.cn/commonQuery.do,official,exchange_disclosure
2012-07-12,159915,6.114564,深交所,https://stock.xueqiu.com/v5/stock/chart/kline.json,estimated,volume_turnover_inference
2012-07-12,159919,158.813761,深交所,https://stock.xueqiu.com/v5/stock/chart/kline.json,estimated,volume_turnover_inference
2012-07-12,510300,95.098877,上交所,https://query.sse.com.cn/commonQuery.do,official,exchange_disclosure
2012-07-13,159915,6.111050,深交所,https://stock.xueqiu.com/v5/stock/chart/kline.json,estimated,volume_turnover_inference
2012-07-13,159919,158.867734,深交所,https://stock.xueqiu.com/v5/stock/chart/kline.json,estimated,volume_turnover_inference
2012-07-13,510300,94.504877,上交所,https://query.sse.com.cn/commonQuery.do,official,exchange_disclosure
2012-07-16,159915,6.116884,深交所,https://stock.xueqiu.com/v5/stock/chart/kline.json,estimated,volume_turnover_inference
2012-07-16,159919,158.679409,深交所,https://stock.xueqiu.com/v5/stock/chart/kline.json,estimated,volume_turnover_inference
2012-07-16,510300,95.501876,上交所,https://query.sse.com.cn/commonQuery.do,official,exchange_disclosure
2012-07-17,159915,6.113325,深交所,https://stock.xueqiu.com/v5/stock/chart/kline.json,estimated,volume_turnover_inference
2012-07-17,159919,159.405760,深交所,https://stock.xueqiu.com/v5/stock/chart/kline.json,estimated,volume_turnover_inference
2012-07-17,510300,96.864878,上交所,https://query.sse.com.cn/commonQuery.do,official,exchange_disclosure
2012-07-18,159915,6.116299,深交所,https://stock.xueqiu.com/v5/stock/chart/kline.json,estimated,volume_turnover_inference
2012-07-18,159919,159.366250,深交所,https://stock.xueqiu.com/v5/stock/chart/kline.json,estimated,volume_turnover_inference
2012-07-18,510300,97.945977,上交所,https://query.sse.com.cn/commonQuery.do,official,exchange_disclosure
2012-07-19,159915,6.116337,深交所,https://stock.xueqiu.com/v5/stock/chart/kline.json,estimated,volume_turnover_inference
2012-07-19,159919,158.498945,深交所,https://stock.xueqiu.com/v5/stock/chart/kline.json,estimated,volume_turnover_inference
2012-07-19,510300,95.908877,上交所,https://query.sse.com.cn/commonQuery.do,official,exchange_disclosure
2012-07-20,159915,6.113510,深交所,https://stock.xueqiu.com/v5/stock/chart/kline.json,estimated,volume_turnover_inference
2012-07-20,159919,158.732883,深交所,https://stock.xueqiu.com/v5/stock/chart/kline.json,estimated,volume_turnover_inference
2012-07-20,510300,93.055877,上交所,https://query.sse.com.cn/commonQuery.do,official,exchange_disclosure
2012-07-23,159915,6.111319,深交所,https://stock.xueqiu.com/v5/stock/chart/kline.json,estimated,volume_turnover_inference
2012-07-23,159919,158.333986,深交所,https://stock.xueqiu.com/v5/stock/chart/kline.json,estimated,volume_turnover_inference
2012-07-23,510300,93.036877,上交所,https://query.sse.com.cn/commonQuery.do,official,exchange_disclosure
2012-07-24,159915,6.111871,深交所,https://stock.xueqiu.com/v5/stock/chart/kline.json,estimated,volume_turnover_inference
2012-07-24,159919,158.898957,深交所,https://stock.xueqiu.com/v5/stock/chart/kline.json,estimated,volume_turnover_inference
2012-07-24,510300,93.285824,上交所,https://query.sse.com.cn/commonQuery.do,official,exchange_disclosure
2012-07-25,159915,6.116520,深交所,https://stock.xueqiu.com/v5/stock/chart/kline.json,estimated,volume_turnover_inference
2012-07-25,159919,158.550098,深交所,https://stock.xueqiu.com/v5/stock/chart/kline.json,estimated,volume_turnover_inference
2012-07-25,510300,93.244877,上交所,https://query.sse.com.cn/commonQuery.do,official,exchange_disclosure
2012-07-26,159915,6.115577,深交所,https://stock.xueqiu.com/v5/stock/chart/kline.json,estimated,volume_turnover_inference
2012-07-26,159919,159.615514,深交所,https://stock.xueqiu.com/v5/stock/chart/kline.json,estimated,volume_turnover_inference
2012-07-26,510300,93.726877,上交所,https://query.sse.com.cn/commonQuery.do,official,exchange_disclosure
2012-07-27,159915,6.121408,深交所,https://stock.xueqiu.com/v5/stock/chart/kline.json,estimated,volume_turnover_inference
2012-07-27,159919,159.297375,深交所,https://stock.xueqiu.com/v5/stock/chart/kline.json,estimated,volume_turnover_inference
2012-07-27,510300,95.800877,上交所,https://query.sse.com.cn/commonQuery.do,official,exchange_disclosure
2012-07-30,159915,6.123650,深交所,https://stock.xueqiu.com/v5/stock/chart/kline.json,estimated,volume_turnover_inference
2012-07-30,159919,158.247059,深交所,https://stock.xueqiu.com/v5/stock/chart/kline.json,estimated,volume_turnover_inference
2012-07-30,510300,96.704159,上交所,https://query.sse.com.cn/commonQuery.do,official,exchange_disclosure
2012-07-31,159915,6.114613,深交所,https://stock.xueqiu.com/v5/stock/chart/kline.json,estimated,volume_turnover_inference
2012-07-31,159919,159.462970,深交所,https://stock.xueqiu.com/v5/stock/chart/kline.json,estimated,volume_turnover_inference
2012-07-31,510300,99.349588,上交所,https://query.sse.com.cn/commonQuery.do,official,exchange_disclosure
2012-08-01,159915,6.113889,深交所,https://stock.xueqiu.com/v5/stock/chart/kline.json,estimated,volume_turnover_inference
2012-08-01,159919,159.772805,深交所,https://stock.xueqiu.com/v5/stock/chart/kline.json,estimated,volume_turnover_inference
2012-08-01,510300,98.599877,上交所,https://query.sse.com.cn/commonQuery.do,official,exchange_disclosure
2012-08-02,159915,6.115101,深交所,https://stock.xueqiu.com/v5/stock/chart/kline.json,estimated,volume_turnover_inference
2012-08-02,159919,159.114832,深交所,https://stock.xueqiu.com/v5/stock/chart/kline.json,estimated,volume_turnover_inference
2012-08-02,510300,97.339877,上交所,https://query.sse.com.cn/commonQuery.do,official,exchange_disclosure
2012-08-03,159915,6.114978,深交所,https://stock.xueqiu.com/v5/stock/chart/kline.json,estimated,volume_turnover_inference
2012-08-03,159919,158.505835,深交所,https://stock.xueqiu.com/v5/stock/chart/kline.json,estimated,volume_turnover_inference
2012-08-03,510300,97.321877,上交所,https://query.sse.com.cn/commonQuery.do,official,exchange_disclosure
2012-08-06,159915,6.115801,深交所,https://stock.xueqiu.com/v5/stock/chart/kline.json,estimated,volume_turnover_inference
2012-08-06,159919,159.054315,深交所,https://stock.xueqiu.com/v5/stock/chart/kline.json,estimated,volume_turnover_inference
2012-08-06,510300,95.809877,上交所,https://query.sse.com.cn/commonQuery.do,official,exchange_disclosure
2012-08-07,159915,6.115443,深交所,https://stock.xueqiu.com/v5/stock/chart/kline.json,estimated,volume_turnover_inference
2012-08-07,159919,159.818288,深交所,https://stock.xueqiu.com/v5/stock/chart/kline.json,estimated,volume_turnover_inference
2012-08-07,510300,93.271877,上交所,https://query.sse.com.cn/commonQuery.do,official,exchange_disclosure
2012-08-08,159915,6.110364,深交所,https://stock.xueqiu.com/v5/stock/chart/kline.json,estimated,volume_turnover_inference
2012-08-08,159919,158.722586,深交所,https://stock.xueqiu.com/v5/stock/chart/kline.json,estimated,volume_turnover_inference
2012-08-08,510300,92.056877,上交所,https://query.sse.com.cn/commonQuery.do,official,exchange_disclosure
2012-08-09,159915,6.116648,深交所,https://stock.xueqiu.com/v5/stock/chart/kline.json,estimated,volume_turnover_inference
2012-08-09,159919,159.148637,深交所,https://stock.xueqiu.com/v5/stock/chart/kline.json,estimated,volume_turnover_inference
2012-08-09,510300,91.453877,上交所,https://query.sse.com.cn/commonQuery.do,official,exchange_disclosure
2012-08-10,159915,6.119901,深交所,https://stock.xueqiu.com/v5/stock/chart/kline.json,estimated,volume_turnover_inference
2012-08-10,159919,159.219705,深交所,https://stock.xueqiu.com/v5/stock/chart/kline.json,estimated,volume_turnover_inference
2012-08-10,510300,90.975018,上交所,https://query.sse.com.cn/commonQuery.do,official,exchange_disclosure
2012-08-13,159915,6.119191,深交所,https://stock.xueqiu.com/v5/stock/chart/kline.json,estimated,volume_turnover_inference
2012-08-13,159919,159.394583,深交所,https://stock.xueqiu.com/v5/stock/chart/kline.json,estimated,volume_turnover_inference
2012-08-13,510300,92.567877,上交所,https://query.sse.com.cn/commonQuery.do,official,exchange_disclosure
2012-08-14,159915,6.112322,深交所,https://stock.xueqiu.com/v5/stock/chart/kline.json,estimated,volume_turnover_inference
2012-08-14,159919,158.573997,深交所,https://stock.xueqiu.com/v5/stock/chart/kline.json,estimated,volume_turnover_inference
2012-08-14,510300,93.208198,上交所,https://query.sse.com.cn/commonQuery.do,official,exchange_disclosure
2012-08-15,159915,6.113013,深交所,https://stock.xueqiu.com/v5/stock/chart/kline.json,estimated,volume_turnover_inference
2012-08-15,159919,159.662798,深交所,https://stock.xueqiu.com/v5/stock/chart/kline.json,estimated,volume_turnover_inference
2012-08-15,510300,92.686877,上交所,https://query.sse.com.cn/commonQuery.do,official,exchange_disclosure
2012-08-16,159915,6.122746,深交所,https://stock.xueqiu.com/v5/stock/chart/kline.json,estimated,volume_turnover_inference
2012-08-16,159919,159.479650,深交所,https://stock.xueqiu.com/v5/stock/chart/kline.json,estimated,volume_turnover_inference
2012-08-16,510300,92.737505,上交所,https://query.sse.com.cn/commonQuery.do,official,exchange_disclosure
2012-08-17,159915,6.114923,深交所,https://stock.xueqiu.com/v5/stock/chart/kline.json,estimated,volume_turnover_inference
2012-08-17,159919,158.652196,深交所,https://stock.xueqiu.com/v5/stock/chart/kline.json,estimated,volume_turnover_inference
2012-08-17,510300,93.127877,上交所,https://query.sse.com.cn/commonQuery.do,official,exchange_disclosure
2012-08-20,159915,6.114820,深交所,https://stock.xueqiu.com/v5/stock/chart/kline.json,estimated,volume_turnover_inference
2012-08-20,159919,158.833574,深交所,https://stock.xueqiu.com/v5/stock/chart/kline.json,estimated,volume_turnover_inference
2012-08-20,510300,92.803877,上交所,https://query.sse.com.cn/commonQuery.do,official,exchange_disclosure
2012-08-21,159915,6.116373,深交所,https://stock.xueqiu.com/v5/stock/chart/kline.json,estimated,volume_turnover_inference
2012-08-21,159919,159.663433,深交所,https://stock.xueqiu.com/v5/stock/chart/kline.json,estimated,volume_turnover_inference
2012-08-21,510300,92.217137,上交所,https://query.sse.com.cn/commonQuery.do,official,exchange_disclosure
2012-08-22,159915,6.112743,深交所,https://stock.xueqiu.com/v5/stock/chart/kline.json,estimated,volume_turnover_inference
2012-08-22,159919,159.038147,深交所,https://stock.xueqiu.com/v5/stock/chart/kline.json,estimated,volume_turnover_inference
2012-08-22,510300,92.119877,上交所,https://query.sse.com.cn/commonQuery.do,official,exchange_disclosure
2012-08-23,159915,6.113035,深交所,https://stock.xueqiu.com/v5/stock/chart/kline.json,estimated,volume_turnover_inference
2012-08-23,159919,159.376193,深交所,https://stock.xueqiu.com/v5/stock/chart/kline.json,estimated,volume_turnover_inference
2012-08-23,510300,91.984877,上交所,https://query.sse.com.cn/commonQuery.do,official,exchange_disclosure
2012-08-24,159915,6.110597,深交所,https://stock.xueqiu.com/v5/stock/chart/kline.json,estimated,volume_turnover_inference
2012-08-24,159919,159.820752,深交所,https://stock.xueqiu.com/v5/stock/chart/kline.json,estimated,volume_turnover_inference
2012-08-24,510300,92.101877,上交所,https://query.sse.com.cn/commonQuery.do,official,exchange_disclosure
2012-08-27,159915,6.111752,深交所,https://stock.xueqiu.com/v5/stock/chart/kline.json,estimated,volume_turnover_inference
2012-08-27,159919,158.511419,深交所,https://stock.xueqiu.com/v5/stock/chart/kline.json,estimated,volume_turnover_inference
2012-08-27,510300,93.103875,上交所,https://query.sse.com.cn/commonQuery.do,official,exchange_disclosure
2012-08-28,159915,6.115415,深交所,https://stock.xueqiu.com/v5/stock/chart/kline.json,estimated,volume_turnover_inference
2012-08-28,159919,158.294275,深交所,https://stock.xueqiu.com/v5/stock/chart/kline.json,estimated,volume_turnover_inference
2012-08-28,510300,91.210877,上交所,https://query.sse.com.cn/commonQuery.do,official,exchange_disclosure
2012-08-29,159915,6.113512,深交所,https://stock.xueqiu.com/v5/stock/chart/kline.json,estimated,volume_turnover_inference
2012-08-29,159919,159.345031,深交所,https://stock.xueqiu.com/v5/stock/chart/kline.json,estimated,volume_turnover_inference
2012-08-29,510300,90.400877,上交所,https://query.sse.com.cn/commonQuery.do,official,exchange_disclosure
2012-08-30,159915,6.113684,深交所,https://stock.xueqiu.com/v5/stock/chart/kline.json,estimated,volume_turnover_inference
2012-08-30,159919,158.762323,深交所,https://stock.xueqiu.com/v5/stock/chart/kline.json,estimated,volume_turnover_inference
2012-08-30,510300,91.007407,上交所,https://query.sse.com.cn/commonQuery.do,official,exchange_disclosure
2012-08-31,159915,6.113245,深交所,https://stock.xueqiu.com/v5/stock/chart/kline.json,estimated,volume_turnover_inference
2012-08-31,159919,159.713672,深交所,https://stock.xueqiu.com/v5/stock/chart/kline.json,estimated,volume_turnover_inference
2012-08-31,510300,90.932613,上交所,https://query.sse.com.cn/commonQuery.do,official,exchange_disclosure
2012-09-03,159915,6.114977,深交所,https://stock.xueqiu.com/v5/stock/chart/kline.json,estimated,volume_turnover_inference
2012-09-03,159919,158.914262,深交所,https://stock.xueqiu.com/v5/stock/chart/kline.json,estimated,volume_turnover_inference
2012-09-03,510300,89.788877,上交所,https://query.sse.com.cn/commonQuery.do,official,exchange_disclosure
2012-09-04,159915,6.115257,深交所,https://stock.xueqiu.com/v5/stock/chart/kline.json,estimated,volume_turnover_inference
2012-09-04,159919,158.586749,深交所,https://stock.xueqiu.com/v5/stock/chart/kline.json,estimated,volume_turnover_inference
2012-09-04,510300,89.086877,上交所,https://query.sse.com.cn/commonQuery.do,official,exchange_disclosure
2012-09-05,159915,6.111630,深交所,https://stock.xueqiu.com/v5/stock/chart/kline.json,estimated,volume_turnover_inference
2012-09-05,159919,159.528322,深交所,https://stock.xueqiu.com/v5/stock/chart/kline.json,estimated,volume_turnover_inference
2012-09-05,510300,88.438877,上交所,https://query.sse.com.cn/commonQuery.do,official,exchange_disclosure
2012-09-06,159915,6.117497,深交所,https://stock.xueqiu.com/v5/stock/chart/kline.json,estimated,volume_turnover_inference
2012-09-06,159919,158.966784,深交所,https://stock.xueqiu.com/v5/stock/chart/kline.json,estimated,volume_turnover_inference
2012-09-06,510300,88.249877,上交所,https://query.sse.com.cn/commonQuery.do,official,exchange_disclosure
2012-09-07,159915,6.114679,深交所,https://stock.xueqiu.com/v5/stock/chart/kline.json,estimated,volume_turnover_inference
2012-09-07,159919,158.901689,深交所,https://stock.xueqiu.com/v5/stock/chart/kline.json,estimated,volume_turnover_inference
2012-09-07,510300,88.574229,上交所,https://query.sse.com.cn/commonQuery.do,official,exchange_disclosure
2012-09-10,159915,6.115046,深交所,https://stock.xueqiu.com/v5/stock/chart/kline.json,estimated,volume_turnover_inference
2012-09-10,159919,159.264260,深交所,https://stock.xueqiu.com/v5/stock/chart/kline.json,estimated,volume_turnover_inference
2012-09-10,510300,88.490900,上交所,https://query.sse.com.cn/commonQuery.do,official,exchange_disclosure
2012-09-11,159915,6.113658,深交所,https://stock.xueqiu.com/v5/stock/chart/kline.json,estimated,volume_turnover_inference
2012-09-11,159919,158.753390,深交所,https://stock.xueqiu.com/v5/stock/chart/kline.json,estimated,volume_turnover_inference
2012-09-11,510300,88.708370,上交所,https://query.sse.com.cn/commonQuery.do,official,exchange_disclosure
2012-09-12,159915,6.112183,深交所,https://stock.xueqiu.com/v5/stock/chart/kline.json,estimated,volume_turnover_inference
2012-09-12,159919,159.642169,深交所,https://stock.xueqiu.com/v5/stock/chart/kline.json,estimated,volume_turnover_inference
2012-09-12,510300,88.857917,上交所,https://query.sse.com.cn/commonQuery.do,official,exchange_disclosure
2012-09-13,159915,6.120811,深交所,https://stock.xueqiu.com/v5/stock/chart/kline.json,estimated,volume_turnover_inference
2012-09-13,159919,159.132659,深交所,https://stock.xueqiu.com/v5/stock/chart/kline.json,estimated,volume_turnover_inference
2012-09-13,510300,88.870112,上交所,https://query.sse.com.cn/commonQuery.do,official,exchange_disclosure
2012-09-14,159915,6.112894,深交所,https://stock.xueqiu.com/v5/stock/chart/kline.json,estimated,volume_turnover_inference
2012-09-14,159919,159.248555,深交所,https://stock.xueqiu.com/v5/stock/chart/kline.json,estimated,volume_turnover_inference
2012-09-14,510300,89.689877,上交所,https://query.sse.com.cn/commonQuery.do,official,exchange_disclosure
2012-09-17,159915,6.112490,深交所,https://stock.xueqiu.com/v5/stock/chart/kline.json,estimated,volume_turnover_inference
2012-09-17,159919,159.905584,深交所,https://stock.xueqiu.com/v5/stock/chart/kline.json,estimated,volume_turnover_inference
2012-09-17,510300,90.132765,上交所,https://query.sse.com.cn/commonQuery.do,official,exchange_disclosure
2012-09-18,159915,6.115725,深交所,https://stock.xueqiu.com/v5/stock/chart/kline.json,estimated,volume_turnover_inference
2012-09-18,159919,158.751128,深交所,https://stock.xueqiu.com/v5/stock/chart/kline.json,estimated,volume_turnover_inference
2012-09-18,510300,90.175877,上交所,https://query.sse.com.cn/commonQuery.do,official,exchange_disclosure
2012-09-19,159915,6.116379,深交所,https://stock.xueqiu.com/v5/stock/chart/kline.json,estimated,volume_turnover_inference
2012-09-19,159919,158.777366,深交所,https://stock.xueqiu.com/v5/stock/chart/kline.json,estimated,volume_turnover_inference
2012-09-19,510300,89.248877,上交所,https://query.sse.com.cn/commonQuery.do,official,exchange_disclosure
2012-09-20,159915,6.108523,深交所,https://stock.xueqiu.com/v5/stock/chart/kline.json,estimated,volume_turnover_inference
2012-09-20,159919,158.580830,深交所,https://stock.xueqiu.com/v5/stock/chart/kline.json,estimated,volume_turnover_inference
2012-09-20,510300,87.565877,上交所,https://query.sse.com.cn/commonQuery.do,official,exchange_disclosure
2012-09-21,159915,6.113261,深交所,https://stock.xueqiu.com/v5/stock/chart/kline.json,estimated,volume_turnover_inference
2012-09-21,159919,159.202068,深交所,https://stock.xueqiu.com/v5/stock/chart/kline.json,estimated,volume_turnover_inference
2012-09-21,510300,86.827877,上交所,https://query.sse.com.cn/commonQuery.do,official,exchange_disclosure
2012-09-24,159915,6.115100,深交所,https://stock.xueqiu.com/v5/stock/chart/kline.json,estimated,volume_turnover_inference
2012-09-24,159919,158.840151,深交所,https://stock.xueqiu.com/v5/stock/chart/kline.json,estimated,volume_turnover_inference
2012-09-24,510300,86.111815,上交所,https://query.sse.com.cn/commonQuery.do,official,exchange_disclosure
2012-09-25,159915,6.119249,深交所,https://stock.xueqiu.com/v5/stock/chart/kline.json,estimated,volume_turnover_inference
2012-09-25,159919,159.874229,深交所,https://stock.xueqiu.com/v5/stock/chart/kline.json,estimated,volume_turnover_inference
2012-09-25,510300,85.846877,上交所,https://query.sse.com.cn/commonQuery.do,official,exchange_disclosure
2012-09-26,159915,6.118406,深交所,https://stock.xueqiu.com/v5/stock/chart/kline.json,estimated,volume_turnover_inference
2012-09-26,159919,158.412456,深交所,https://stock.xueqiu.com/v5/stock/chart/kline.json,estimated,volume_turnover_inference
2012-09-26,510300,86.158201,上交所,https://query.sse.com.cn/commonQuery.do,official,exchange_disclosure
2012-09-27,159915,6.113750,深交所,https://stock.xueqiu.com/v5/stock/chart/kline.json,estimated,volume_turnover_inference
2012-09-27,159919,158.895028,深交所,https://stock.xueqiu.com/v5/stock/chart/kline.json,estimated,volume_turnover_inference
2012-09-27,510300,88.110544,上交所,https://query.sse.com.cn/commonQuery.do,official,exchange_disclosure
2012-09-28,159915,6.115374,深交所,https://stock.xueqiu.com/v5/stock/chart/kline.json,estimated,volume_turnover_inference
2012-09-28,159919,159.060584,深交所,https://stock.xueqiu.com/v5/stock/chart/kline.json,estimated,volume_turnover_inference
2012-09-28,510300,89.089374,上交所,https://query.sse.com.cn/commonQuery.do,official,exchange_disclosure
2012-10-08,159915,6.110267,深交所,https://stock.xueqiu.com/v5/stock/chart/kline.json,estimated,volume_turnover_inference
2012-10-08,159919,159.402436,深交所,https://stock.xueqiu.com/v5/stock/chart/kline.json,estimated,volume_turnover_inference
2012-10-08,510300,88.987877,上交所,https://query.sse.com.cn/commonQuery.do,official,exchange_disclosure
2012-10-09,159915,6.116372,深交所,https://stock.xueqiu.com/v5/stock/chart/kline.json,estimated,volume_turnover_inference
2012-10-09,159919,159.285129,深交所,https://stock.xueqiu.com/v5/stock/chart/kline.json,estimated,volume_turnover_inference
2012-10-09,510300,90.436877,上交所,https://query.sse.com.cn/commonQuery.do,official,exchange_disclosure
2012-10-10,159915,6.116888,深交所,https://stock.xueqiu.com/v5/stock/chart/kline.json,estimated,volume_turnover_inference
2012-10-10,159919,158.544484,深交所,https://stock.xueqiu.com/v5/stock/chart/kline.json,estimated,volume_turnover_inference
2012-10-10,510300,90.157877,上交所,https://query.sse.com.cn/commonQuery.do,official,exchange_disclosure
2012-10-11,159915,6.116587,深交所,https://stock.xueqiu.com/v5/stock/chart/kline.json,estimated,volume_turnover_inference
2012-10-11,159919,159.398940,深交所,https://stock.xueqiu.com/v5/stock/chart/kline.json,estimated,volume_turnover_inference
2012-10-11,510300,89.797877,上交所,https://query.sse.com.cn/commonQuery.do,official,exchange_disclosure
2012-10-12,159915,6.115425,深交所,https://stock.xueqiu.com/v5/stock/chart/kline.json,estimated,volume_turnover_inference
2012-10-12,159919,159.280611,深交所,https://stock.xueqiu.com/v5/stock/chart/kline.json,estimated,volume_turnover_inference
2012-10-12,510300,90.160639,上交所,https://query.sse.com.cn/commonQuery.do,official,exchange_disclosure
2012-10-15,159915,6.109081,深交所,https://stock.xueqiu.com/v5/stock/chart/kline.json,estimated,volume_turnover_inference
2012-10-15,159919,159.927696,深交所,https://stock.xueqiu.com/v5/stock/chart/kline.json,estimated,volume_turnover_inference
2012-10-15,510300,90.301507,上交所,https://query.sse.com.cn/commonQuery.do,official,exchange_disclosure
2012-10-16,159915,6.114537,深交所,https://stock.xueqiu.com/v5/stock/chart/kline.json,estimated,volume_turnover_inference
2012-10-16,159919,158.086093,深交所,https://stock.xueqiu.com/v5/stock/chart/kline.json,estimated,volume_turnover_inference
2012-10-16,510300,90.643877,上交所,https://query.sse.com.cn/commonQuery.do,official,exchange_disclosure
2012-10-17,159915,6.112933,深交所,https://stock.xueqiu.com/v5/stock/chart/kline.json,estimated,volume_turnover_inference
2012-10-17,159919,158.695146,深交所,https://stock.xueqiu.com/v5/stock/chart/kline.json,estimated,volume_turnover_inference
2012-10-17,510300,91.366279,上交所,https://query.sse.com.cn/commonQuery.do,official,exchange_disclosure
2012-10-18,159915,6.112855,深交所,https://stock.xueqiu.com/v5/stock/chart/kline.json,estimated,volume_turnover_inference
2012-10-18,159919,159.001450,深交所,https://stock.xueqiu.com/v5/stock/chart/kline.json,estimated,volume_turnover_inference
2012-10-18,510300,91.300877,上交所,https://query.sse.com.cn/commonQuery.do,official,exchange_disclosure
2012-10-19,159915,6.109392,深交所,https://stock.xueqiu.com/v5/stock/chart/kline.json,estimated,volume_turnover_inference
2012-10-19,159919,158.679725,深交所,https://stock.xueqiu.com/v5/stock/chart/kline.json,estimated,volume_turnover_inference
2012-10-19,510300,90.796877,上交所,https://query.sse.com.cn/commonQuery.do,official,exchange_disclosure
2012-10-22,159915,6.105206,深交所,https://stock.xueqiu.com/v5/stock/chart/kline.json,estimated,volume_turnover_inference
2012-10-22,159919,158.423280,深交所,https://stock.xueqiu.com/v5/stock/chart/kline.json,estimated,volume_turnover_inference
2012-10-22,510300,90.925877,上交所,https://query.sse.com.cn/commonQuery.do,official,exchange_disclosure
2012-10-23,159915,6.121656,深交所,https://stock.xueqiu.com/v5/stock/chart/kline.json,estimated,volume_turnover_inference
2012-10-23,159919,159.685747,深交所,https://stock.xueqiu.com/v5/stock/chart/kline.json,estimated,volume_turnover_inference
2012-10-23,510300,91.201877,上交所,https://query.sse.com.cn/commonQuery.do,official,exchange_disclosure
2012-10-24,159915,6.450424,深交所,https://stock.xueqiu.com/v5/stock/chart/kline.json,estimated,volume_turnover_inference
2012-10-24,159919,159.368366,深交所,https://stock.xueqiu.com/v5/stock/chart/kline.json,estimated,volume_turnover_inference
2012-10-24,510300,91.348769,上交所,https://query.sse.com.cn/commonQuery.do,official,exchange_disclosure
2012-10-25,159915,6.459413,深交所,https://stock.xueqiu.com/v5/stock/chart/kline.json,estimated,volume_turnover_inference
2012-10-25,159919,159.546731,深交所,https://stock.xueqiu.com/v5/stock/chart/kline.json,estimated,volume_turnover_inference
2012-10-25,510300,91.462877,上交所,https://query.sse.com.cn/commonQuery.do,official,exchange_disclosure
2012-10-26,159915,6.452026,深交所,https://stock.xueqiu.com/v5/stock/chart/kline.json,estimated,volume_turnover_inference
2012-10-26,159919,253.311289,深交所,https://stock.xueqiu.com/v5/stock/chart/kline.json,estimated,volume_turnover_inference
2012-10-26,510300,91.231616,上交所,https://query.sse.com.cn/commonQuery.do,official,exchange_disclosure
2012-10-29,159915,6.463966,深交所,https://stock.xueqiu.com/v5/stock/chart/kline.json,estimated,volume_turnover_inference
2012-10-29,159919,253.201385,深交所,https://stock.xueqiu.com/v5/stock/chart/kline.json,estimated,volume_turnover_inference
2012-10-29,510300,90.688877,上交所,https://query.sse.com.cn/commonQuery.do,official,exchange_disclosure
2012-10-30,159915,6.446890,深交所,https://stock.xueqiu.com/v5/stock/chart/kline.json,estimated,volume_turnover_inference
2012-10-30,159919,253.422733,深交所,https://stock.xueqiu.com/v5/stock/chart/kline.json,estimated,volume_turnover_inference
2012-10-30,510300,89.563877,上交所,https://query.sse.com.cn/commonQuery.do,official,exchange_disclosure
2012-10-31,159915,6.449718,深交所,https://stock.xueqiu.com/v5/stock/chart/kline.json,estimated,volume_turnover_inference
2012-10-31,159919,257.072644,深交所,https://stock.xueqiu.com/v5/stock/chart/kline.json,estimated,volume_turnover_inference
2012-10-31,510300,89.025877,上交所,https://query.sse.com.cn/commonQuery.do,official,exchange_disclosure
2012-11-01,159915,6.460892,深交所,https://stock.xueqiu.com/v5/stock/chart/kline.json,estimated,volume_turnover_inference
2012-11-01,159919,254.248089,深交所,https://stock.xueqiu.com/v5/stock/chart/kline.json,estimated,volume_turnover_inference
2012-11-01,510300,89.157877,上交所,https://query.sse.com.cn/commonQuery.do,official,exchange_disclosure
2012-11-02,159915,6.444243,深交所,https://stock.xueqiu.com/v5/stock/chart/kline.json,estimated,volume_turnover_inference
2012-11-02,159919,255.658073,深交所,https://stock.xueqiu.com/v5/stock/chart/kline.json,estimated,volume_turnover_inference
2012-11-02,510300,89.266877,上交所,https://query.sse.com.cn/commonQuery.do,official,exchange_disclosure
2012-11-05,159915,6.442612,深交所,https://stock.xueqiu.com/v5/stock/chart/kline.json,estimated,volume_turnover_inference
2012-11-05,159919,253.863195,深交所,https://stock.xueqiu.com/v5/stock/chart/kline.json,estimated,volume_turnover_inference
2012-11-05,510300,89.275877,上交所,https://query.sse.com.cn/commonQuery.do,official,exchange_disclosure
2012-11-06,159915,6.449431,深交所,https://stock.xueqiu.com/v5/stock/chart/kline.json,estimated,volume_turnover_inference
2012-11-06,159919,254.708683,深交所,https://stock.xueqiu.com/v5/stock/chart/kline.json,estimated,volume_turnover_inference
2012-11-06,510300,89.077877,上交所,https://query.sse.com.cn/commonQuery.do,official,exchange_disclosure
2012-11-07,159915,6.470535,深交所,https://stock.xueqiu.com/v5/stock/chart/kline.json,estimated,volume_turnover_inference
2012-11-07,159919,252.978640,深交所,https://stock.xueqiu.com/v5/stock/chart/kline.json,estimated,volume_turnover_inference
2012-11-07,510300,88.951877,上交所,https://query.sse.com.cn/commonQuery.do,official,exchange_disclosure
2012-11-08,159915,6.437689,深交所,https://stock.xueqiu.com/v5/stock/chart/kline.json,estimated,volume_turnover_inference
2012-11-08,159919,255.739913,深交所,https://stock.xueqiu.com/v5/stock/chart/kline.json,estimated,volume_turnover_inference
2012-11-08,510300,88.654877,上交所,https://query.sse.com.cn/commonQuery.do,official,exchange_disclosure
2012-11-09,159915,6.462621,深交所,https://stock.xueqiu.com/v5/stock/chart/kline.json,estimated,volume_turnover_inference
2012-11-09,159919,253.330174,深交所,https://stock.xueqiu.com/v5/stock/chart/kline.json,estimated,volume_turnover_inference
2012-11-09,510300,88.537877,上交所,https://query.sse.com.cn/commonQuery.do,official,exchange_disclosure
2012-11-12,159915,6.467901,深交所,https://stock.xueqiu.com/v5/stock/chart/kline.json,estimated,volume_turnover_inference
2012-11-12,159919,258.005090,深交所,https://stock.xueqiu.com/v5/stock/chart/kline.json,estimated,volume_turnover_inference
2012-11-12,510300,88.348877,上交所,https://query.sse.com.cn/commonQuery.do,official,exchange_disclosure
2012-11-13,159915,6.469280,深交所,https://stock.xueqiu.com/v5/stock/chart/kline.json,estimated,volume_turnover_inference
2012-11-13,159919,254.200870,深交所,https://stock.xueqiu.com/v5/stock/chart/kline.json,estimated,volume_turnover_inference
2012-11-13,510300,87.943877,上交所,https://query.sse.com.cn/commonQuery.do,official,exchange_disclosure
2012-11-14,159915,6.462721,深交所,https://stock.xueqiu.com/v5/stock/chart/kline.json,estimated,volume_turnover_inference
2012-11-14,159919,254.929498,深交所,https://stock.xueqiu.com/v5/stock/chart/kline.json,estimated,volume_turnover_inference
2012-11-14,510300,87.907877,上交所,https://query.sse.com.cn/commonQuery.do,official,exchange_disclosure
2012-11-15,159915,6.444922,深交所,https://stock.xueqiu.com/v5/stock/chart/kline.json,estimated,volume_turnover_inference
2012-11-15,159919,254.484877,深交所,https://stock.xueqiu.com/v5/stock/chart/kline.json,estimated,volume_turnover_inference
2012-11-15,510300,87.061877,上交所,https://query.sse.com.cn/commonQuery.do,official,exchange_disclosure
2012-11-16,159915,6.465841,深交所,https://stock.xueqiu.com/v5/stock/chart/kline.json,estimated,volume_turnover_inference
2012-11-16,159919,253.162252,深交所,https://stock.xueqiu.com/v5/stock/chart/kline.json,estimated,volume_turnover_inference
2012-11-16,510300,86.603395,上交所,https://query.sse.com.cn/commonQuery.do,official,exchange_disclosure
2012-11-19,159915,6.449287,深交所,https://stock.xueqiu.com/v5/stock/chart/kline.json,estimated,volume_turnover_inference
2012-11-19,159919,257.922797,深交所,https://stock.xueqiu.com/v5/stock/chart/kline.json,estimated,volume_turnover_inference
2012-11-19,510300,86.404877,上交所,https://query.sse.com.cn/commonQuery.do,official,exchange_disclosure
2012-11-20,159915,6.463465,深交所,https://stock.xueqiu.com/v5/stock/chart/kline.json,estimated,volume_turnover_inference
2012-11-20,159919,256.020548,深交所,https://stock.xueqiu.com/v5/stock/chart/kline.json,estimated,volume_turnover_inference
2012-11-20,510300,86.053877,上交所,https://query.sse.com.cn/commonQuery.do,official,exchange_disclosure
2012-11-21,159915,6.453367,深交所,https://stock.xueqiu.com/v5/stock/chart/kline.json,estimated,volume_turnover_inference
2012-11-21,159919,253.180211,深交所,https://stock.xueqiu.com/v5/stock/chart/kline.json,estimated,volume_turnover_inference
2012-11-21,510300,87.385225,上交所,https://query.sse.com.cn/commonQuery.do,official,exchange_disclosure
2012-11-22,159915,6.461077,深交所,https://stock.xueqiu.com/v5/stock/chart/kline.json,estimated,volume_turnover_inference
2012-11-22,159919,256.141819,深交所,https://stock.xueqiu.com/v5/stock/chart/kline.json,estimated,volume_turnover_inference
2012-11-22,510300,87.322877,上交所,https://query.sse.com.cn/commonQuery.do,official,exchange_disclosure
2012-11-23,159915,6.441094,深交所,https://stock.xueqiu.com/v5/stock/chart/kline.json,estimated,volume_turnover_inference
2012-11-23,159919,253.533978,深交所,https://stock.xueqiu.com/v5/stock/chart/kline.json,estimated,volume_turnover_inference
2012-11-23,510300,87.583877,上交所,https://query.sse.com.cn/commonQuery.do,official,exchange_disclosure
2012-11-26,159915,6.439365,深交所,https://stock.xueqiu.com/v5/stock/chart/kline.json,estimated,volume_turnover_inference
2012-11-26,159919,258.599881,深交所,https://stock.xueqiu.com/v5/stock/chart/kline.json,estimated,volume_turnover_inference
2012-11-26,510300,87.409877,上交所,https://query.sse.com.cn/commonQuery.do,official,exchange_disclosure
2012-11-27,159915,6.451784,深交所,https://stock.xueqiu.com/v5/stock/chart/kline.json,estimated,volume_turnover_inference
2012-11-27,159919,253.776701,深交所,https://stock.xueqiu.com/v5/stock/chart/kline.json,estimated,volume_turnover_inference
2012-11-27,510300,88.493694,上交所,https://query.sse.com.cn/commonQuery.do,official,exchange_disclosure
2012-11-28,159915,6.453926,深交所,https://stock.xueqiu.com/v5/stock/chart/kline.json,estimated,volume_turnover_inference
2012-11-28,159919,255.310314,深交所,https://stock.xueqiu.com/v5/stock/chart/kline.json,estimated,volume_turnover_inference
2012-11-28,510300,89.307717,上交所,https://query.sse.com.cn/commonQuery.do,official,exchange_disclosure
2012-11-29,159915,6.456827,深交所,https://stock.xueqiu.com/v5/stock/chart/kline.json,estimated,volume_turnover_inference
2012-11-29,159919,252.663705,深交所,https://stock.xueqiu.com/v5/stock/chart/kline.json,estimated,volume_turnover_inference
2012-11-29,510300,89.824877,上交所,https://query.sse.com.cn/commonQuery.do,official,exchange_disclosure
2012-11-30,159915,6.450827,深交所,https://stock.xueqiu.com/v5/stock/chart/kline.json,estimated,volume_turnover_inference
2012-11-30,159919,252.663705,深交所,https://stock.xueqiu.com/v5/stock/chart/kline.json,estimated,volume_turnover_inference
2012-11-30,510300,89.326877,上交所,https://query.sse.com.cn/commonQuery.do,official,exchange_disclosure
2012-12-03,159915,6.459764,深交所,https://stock.xueqiu.com/v5/stock/chart/kline.json,estimated,volume_turnover_inference
2012-12-03,159919,159.486128,深交所,https://stock.xueqiu.com/v5/stock/chart/kline.json,estimated,volume_turnover_inference
2012-12-03,510300,89.133877,上交所,https://query.sse.com.cn/commonQuery.do,official,exchange_disclosure
2012-12-04,159915,6.455680,深交所,https://stock.xueqiu.com/v5/stock/chart/kline.json,estimated,volume_turnover_inference
2012-12-04,159919,162.278800,深交所,https://stock.xueqiu.com/v5/stock/chart/kline.json,estimated,volume_turnover_inference
2012-12-04,510300,89.874146,上交所,https://query.sse.com.cn/commonQuery.do,official,exchange_disclosure
2012-12-05,159915,6.453365,深交所,https://stock.xueqiu.com/v5/stock/chart/kline.json,estimated,volume_turnover_inference
2012-12-05,159919,159.617475,深交所,https://stock.xueqiu.com/v5/stock/chart/kline.json,estimated,volume_turnover_inference
2012-12-05,510300,88.663877,上交所,https://query.sse.com.cn/commonQuery.do,official,exchange_disclosure
2012-12-06,159915,6.450579,深交所,https://stock.xueqiu.com/v5/stock/chart/kline.json,estimated,volume_turnover_inference
2012-12-06,159919,161.636980,深交所,https://stock.xueqiu.com/v5/stock/chart/kline.json,estimated,volume_turnover_inference
2012-12-06,510300,88.295877,上交所,https://query.sse.com.cn/commonQuery.do,official,exchange_disclosure
2012-12-07,159915,6.456798,深交所,https://stock.xueqiu.com/v5/stock/chart/kline.json,estimated,volume_turnover_inference
2012-12-07,159919,159.363186,深交所,https://stock.xueqiu.com/v5/stock/chart/kline.json,estimated,volume_turnover_inference
2012-12-07,510300,87.409382,上交所,https://query.sse.com.cn/commonQuery.do,official,exchange_disclosure
2012-12-10,159915,6.452898,深交所,https://stock.xueqiu.com/v5/stock/chart/kline.json,estimated,volume_turnover_inference
2012-12-10,159919,161.545951,深交所,https://stock.xueqiu.com/v5/stock/chart/kline.json,estimated,volume_turnover_inference
2012-12-10,510300,86.818877,上交所,https://query.sse.com.cn/commonQuery.do,official,exchange_disclosure
2012-12-11,159915,6.441338,深交所,https://stock.xueqiu.com/v5/stock/chart/kline.json,estimated,volume_turnover_inference
2012-12-11,159919,160.904568,深交所,https://stock.xueqiu.com/v5/stock/chart/kline.json,estimated,volume_turnover_inference
2012-12-11,510300,86.706570,上交所,https://query.sse.com.cn/commonQuery.do,official,exchange_disclosure
2012-12-12,159915,6.455213,深交所,https://stock.xueqiu.com/v5/stock/chart/kline.json,estimated,volume_turnover_inference
2012-12-12,159919,159.356880,深交所,https://stock.xueqiu.com/v5/stock/chart/kline.json,estimated,volume_turnover_inference
2012-12-12,510300,87.917801,上交所,https://query.sse.com.cn/commonQuery.do,official,exchange_disclosure
2012-12-13,159915,6.440210,深交所,https://stock.xueqiu.com/v5/stock/chart/kline.json,estimated,volume_turnover_inference
2012-12-13,159919,160.298261,深交所,https://stock.xueqiu.com/v5/stock/chart/kline.json,estimated,volume_turnover_inference
2012-12-13,510300,87.799877,上交所,https://query.sse.com.cn/commonQuery.do,official,exchange_disclosure
2012-12-14,159915,6.455766,深交所,https://stock.xueqiu.com/v5/stock/chart/kline.json,estimated,volume_turnover_inference
2012-12-14,159919,161.151650,深交所,https://stock.xueqiu.com/v5/stock/chart/kline.json,estimated,volume_turnover_inference
2012-12-14,510300,88.126051,上交所,https://query.sse.com.cn/commonQuery.do,official,exchange_disclosure
2012-12-17,159915,6.460923,深交所,https://stock.xueqiu.com/v5/stock/chart/kline.json,estimated,volume_turnover_inference
2012-12-17,159919,161.457046,深交所,https://stock.xueqiu.com/v5/stock/chart/kline.json,estimated,volume_turnover_inference
2012-12-17,510300,87.431877,上交所,https://query.sse.com.cn/commonQuery.do,official,exchange_disclosure
2012-12-18,159915,6.452413,深交所,https://stock.xueqiu.com/v5/stock/chart/kline.json,estimated,volume_turnover_inference
2012-12-18,159919,161.121779,深交所,https://stock.xueqiu.com/v5/stock/chart/kline.json,estimated,volume_turnover_inference
2012-12-18,510300,87.610877,上交所,https://query.sse.com.cn/commonQuery.do,official,exchange_disclosure
2012-12-19,159915,6.459016,深交所,https://stock.xueqiu.com/v5/stock/chart/kline.json,estimated,volume_turnover_inference
2012-12-19,159919,162.070282,深交所,https://stock.xueqiu.com/v5/stock/chart/kline.json,estimated,volume_turnover_inference
2012-12-19,510300,87.295877,上交所,https://query.sse.com.cn/commonQuery.do,official,exchange_disclosure
2012-12-20,159915,6.454943,深交所,https://stock.xueqiu.com/v5/stock/chart/kline.json,estimated,volume_turnover_inference
2012-12-20,159919,160.930028,深交所,https://stock.xueqiu.com/v5/stock/chart/kline.json,estimated,volume_turnover_inference
2012-12-20,510300,88.695680,上交所,https://query.sse.com.cn/commonQuery.do,official,exchange_disclosure
2012-12-21,159915,6.456314,深交所,https://stock.xueqiu.com/v5/stock/chart/kline.json,estimated,volume_turnover_inference
2012-12-21,159919,161.739785,深交所,https://stock.xueqiu.com/v5/stock/chart/kline.json,estimated,volume_turnover_inference
2012-12-21,510300,88.564877,上交所,https://query.sse.com.cn/commonQuery.do,official,exchange_disclosure
2012-12-24,159915,6.455986,深交所,https://stock.xueqiu.com/v5/stock/chart/kline.json,estimated,volume_turnover_inference
2012-12-24,159919,162.702430,深交所,https://stock.xueqiu.com/v5/stock/chart/kline.json,estimated,volume_turnover_inference
2012-12-24,510300,88.915838,上交所,https://query.sse.com.cn/commonQuery.do,official,exchange_disclosure
2012-12-25,159915,6.452563,深交所,https://stock.xueqiu.com/v5/stock/chart/kline.json,estimated,volume_turnover_inference
2012-12-25,159919,160.774015,深交所,https://stock.xueqiu.com/v5/stock/chart/kline.json,estimated,volume_turnover_inference
2012-12-25,510300,89.356877,上交所,https://query.sse.com.cn/commonQuery.do,official,exchange_disclosure
2012-12-26,159915,6.452193,深交所,https://stock.xueqiu.com/v5/stock/chart/kline.json,estimated,volume_turnover_inference
2012-12-26,159919,160.961546,深交所,https://stock.xueqiu.com/v5/stock/chart/kline.json,estimated,volume_turnover_inference
2012-12-26,510300,88.222877,上交所,https://query.sse.com.cn/commonQuery.do,official,exchange_disclosure
2012-12-27,159915,6.457219,深交所,https://stock.xueqiu.com/v5/stock/chart/kline.json,estimated,volume_turnover_inference
2012-12-27,159919,161.528249,深交所,https://stock.xueqiu.com/v5/stock/chart/kline.json,estimated,volume_turnover_inference
2012-12-27,510300,88.582877,上交所,https://query.sse.com.cn/commonQuery.do,official,exchange_disclosure
2012-12-28,159915,6.459676,深交所,https://stock.xueqiu.com/v5/stock/chart/kline.json,estimated,volume_turnover_inference
2012-12-28,159919,160.770563,深交所,https://stock.xueqiu.com/v5/stock/chart/kline.json,estimated,volume_turnover_inference
2012-12-28,510300,89.946374,上交所,https://query.sse.com.cn/commonQuery.do,official,exchange_disclosure
2012-12-31,159915,6.455025,深交所,https://stock.xueqiu.com/v5/stock/chart/kline.json,estimated,volume_turnover_inference
2012-12-31,159919,161.741510,深交所,https://stock.xueqiu.com/v5/stock/chart/kline.json,estimated,volume_turnover_inference
2012-12-31,510300,93.802628,上交所,https://query.sse.com.cn/commonQuery.do,official,exchange_disclosure
2013-01-04,159915,6.182750,深交所,https://stock.xueqiu.com/v5/stock/chart/kline.json,estimated,volume_turnover_inference
2013-01-04,159919,162.347104,深交所,https://stock.xueqiu.com/v5/stock/chart/kline.json,estimated,volume_turnover_inference
2013-01-04,510300,93.838877,上交所,https://query.sse.com.cn/commonQuery.do,official,exchange_disclosure
2013-01-07,159915,6.178452,深交所,https://stock.xueqiu.com/v5/stock/chart/kline.json,estimated,volume_turnover_inference
2013-01-07,159919,162.042352,深交所,https://stock.xueqiu.com/v5/stock/chart/kline.json,estimated,volume_turnover_inference
2013-01-07,510300,94.396967,上交所,https://query.sse.com.cn/commonQuery.do,official,exchange_disclosure
2013-01-08,159915,6.172167,深交所,https://stock.xueqiu.com/v5/stock/chart/kline.json,estimated,volume_turnover_inference
2013-01-08,159919,162.389023,深交所,https://stock.xueqiu.com/v5/stock/chart/kline.json,estimated,volume_turnover_inference
2013-01-08,510300,94.135877,上交所,https://query.sse.com.cn/commonQuery.do,official,exchange_disclosure
2013-01-09,159915,6.172946,深交所,https://stock.xueqiu.com/v5/stock/chart/kline.json,estimated,volume_turnover_inference
2013-01-09,159919,164.480271,深交所,https://stock.xueqiu.com/v5/stock/chart/kline.json,estimated,volume_turnover_inference
2013-01-09,510300,93.181877,上交所,https://query.sse.com.cn/commonQuery.do,official,exchange_disclosure
2013-01-10,159915,6.173522,深交所,https://stock.xueqiu.com/v5/stock/chart/kline.json,estimated,volume_turnover_inference
2013-01-10,159919,163.112856,深交所,https://stock.xueqiu.com/v5/stock/chart/kline.json,estimated,volume_turnover_inference
2013-01-10,510300,92.083877,上交所,https://query.sse.com.cn/commonQuery.do,official,exchange_disclosure
2013-01-11,159915,6.170556,深交所,https://stock.xueqiu.com/v5/stock/chart/kline.json,estimated,volume_turnover_inference
2013-01-11,159919,161.991814,深交所,https://stock.xueqiu.com/v5/stock/chart/kline.json,estimated,volume_turnover_inference
2013-01-11,510300,93.190877,上交所,https://query.sse.com.cn/commonQuery.do,official,exchange_disclosure
2013-01-14,159915,6.174285,深交所,https://stock.xueqiu.com/v5/stock/chart/kline.json,estimated,volume_turnover_inference
2013-01-14,159919,163.333337,深交所,https://stock.xueqiu.com/v5/stock/chart/kline.json,estimated,volume_turnover_inference
2013-01-14,510300,93.927993,上交所,https://query.sse.com.cn/commonQuery.do,official,exchange_disclosure
2013-01-15,159915,6.176837,深交所,https://stock.xueqiu.com/v5/stock/chart/kline.json,estimated,volume_turnover_inference
2013-01-15,159919,162.556774,深交所,https://stock.xueqiu.com/v5/stock/chart/kline.json,estimated,volume_turnover_inference
2013-01-15,510300,92.002877,上交所,https://query.sse.com.cn/commonQuery.do,official,exchange_disclosure
2013-01-16,159915,6.174583,深交所,https://stock.xueqiu.com/v5/stock/chart/kline.json,estimated,volume_turnover_inference
2013-01-16,159919,163.494459,深交所,https://stock.xueqiu.com/v5/stock/chart/kline.json,estimated,volume_turnover_inference
2013-01-16,510300,90.571877,上交所,https://query.sse.com.cn/commonQuery.do,official,exchange_disclosure
2013-01-16,510330,65.081498,上交所,https://query.sse.com.cn/commonQuery.do,official,exchange_disclosure
2013-01-17,159915,6.177119,深交所,https://stock.xueqiu.com/v5/stock/chart/kline.json,estimated,volume_turnover_inference
2013-01-17,159919,163.272928,深交所,https://stock.xueqiu.com/v5/stock/chart/kline.json,estimated,volume_turnover_inference
2013-01-17,510300,89.536877,上交所,https://query.sse.com.cn/commonQuery.do,official,exchange_disclosure
2013-01-17,510330,64.973498,上交所,https://query.sse.com.cn/commonQuery.do,official,exchange_disclosure
2013-01-18,159915,6.176222,深交所,https://stock.xueqiu.com/v5/stock/chart/kline.json,estimated,volume_turnover_inference
2013-01-18,159919,163.133205,深交所,https://stock.xueqiu.com/v5/stock/chart/kline.json,estimated,volume_turnover_inference
2013-01-18,510300,89.761877,上交所,https://query.sse.com.cn/commonQuery.do,official,exchange_disclosure
2013-01-18,510330,65.207498,上交所,https://query.sse.com.cn/commonQuery.do,official,exchange_disclosure
2013-01-21,159915,6.173624,深交所,https://stock.xueqiu.com/v5/stock/chart/kline.json,estimated,volume_turnover_inference
2013-01-21,159919,162.287931,深交所,https://stock.xueqiu.com/v5/stock/chart/kline.json,estimated,volume_turnover_inference
2013-01-21,510300,88.429877,上交所,https://query.sse.com.cn/commonQuery.do,official,exchange_disclosure
2013-01-21,510330,64.955498,上交所,https://query.sse.com.cn/commonQuery.do,official,exchange_disclosure
2013-01-22,159915,6.177286,深交所,https://stock.xueqiu.com/v5/stock/chart/kline.json,estimated,volume_turnover_inference
2013-01-22,159919,162.828722,深交所,https://stock.xueqiu.com/v5/stock/chart/kline.json,estimated,volume_turnover_inference
2013-01-22,510300,83.932708,上交所,https://query.sse.com.cn/commonQuery.do,official,exchange_disclosure
2013-01-22,510330,64.676498,上交所,https://query.sse.com.cn/commonQuery.do,official,exchange_disclosure
2013-01-23,159915,6.171822,深交所,https://stock.xueqiu.com/v5/stock/chart/kline.json,estimated,volume_turnover_inference
2013-01-23,159919,164.079977,深交所,https://stock.xueqiu.com/v5/stock/chart/kline.json,estimated,volume_turnover_inference
2013-01-23,510300,85.403911,上交所,https://query.sse.com.cn/commonQuery.do,official,exchange_disclosure
2013-01-23,510330,64.804414,上交所,https://query.sse.com.cn/commonQuery.do,official,exchange_disclosure
2013-01-24,159915,6.174485,深交所,https://stock.xueqiu.com/v5/stock/chart/kline.json,estimated,volume_turnover_inference
2013-01-24,159919,162.645156,深交所,https://stock.xueqiu.com/v5/stock/chart/kline.json,estimated,volume_turnover_inference
2013-01-24,510300,86.512877,上交所,https://query.sse.com.cn/commonQuery.do,official,exchange_disclosure
2013-01-24,510330,67.466498,上交所,https://query.sse.com.cn/commonQuery.do,official,exchange_disclosure
2013-01-25,159915,6.176030,深交所,https://stock.xueqiu.com/v5/stock/chart/kline.json,estimated,volume_turnover_inference
2013-01-25,159919,162.322949,深交所,https://stock.xueqiu.com/v5/stock/chart/kline.json,estimated,volume_turnover_inference
2013-01-25,510300,89.632622,上交所,https://query.sse.com.cn/commonQuery.do,official,exchange_disclosure
2013-01-25,510330,70.512544,上交所,https://query.sse.com.cn/commonQuery.do,official,exchange_disclosure
2013-01-28,159915,6.171383,深交所,https://stock.xueqiu.com/v5/stock/chart/kline.json,estimated,volume_turnover_inference
2013-01-28,159919,163.225934,深交所,https://stock.xueqiu.com/v5/stock/chart/kline.json,estimated,volume_turnover_inference
2013-01-28,510300,88.589258,上交所,https://query.sse.com.cn/commonQuery.do,official,exchange_disclosure
2013-01-28,510330,71.714498,上交所,https://query.sse.com.cn/commonQuery.do,official,exchange_disclosure
2013-01-29,159915,6.171780,深交所,https://stock.xueqiu.com/v5/stock/chart/kline.json,estimated,volume_turnover_inference
2013-01-29,159919,163.041942,深交所,https://stock.xueqiu.com/v5/stock/chart/kline.json,estimated,volume_turnover_inference
2013-01-29,510300,83.839877,上交所,https://query.sse.com.cn/commonQuery.do,official,exchange_disclosure
2013-01-29,510330,73.307498,上交所,https://query.sse.com.cn/commonQuery.do,official,exchange_disclosure
2013-01-30,159915,6.178062,深交所,https://stock.xueqiu.com/v5/stock/chart/kline.json,estimated,volume_turnover_inference
2013-01-30,159919,163.555010,深交所,https://stock.xueqiu.com/v5/stock/chart/kline.json,estimated,volume_turnover_inference
2013-01-30,510300,80.719027,上交所,https://query.sse.com.cn/commonQuery.do,official,exchange_disclosure
2013-01-30,510330,73.262498,上交所,https://query.sse.com.cn/commonQuery.do,official,exchange_disclosure
2013-01-31,159915,6.177695,深交所,https://stock.xueqiu.com/v5/stock/chart/kline.json,estimated,volume_turnover_inference
2013-01-31,159919,161.565147,深交所,https://stock.xueqiu.com/v5/stock/chart/kline.json,estimated,volume_turnover_inference
2013-01-31,510300,80.727983,上交所,https://query.sse.com.cn/commonQuery.do,official,exchange_disclosure
2013-01-31,510330,73.312643,上交所,https://query.sse.com.cn/commonQuery.do,official,exchange_disclosure
2013-02-01,159915,6.170278,深交所,https://stock.xueqiu.com/v5/stock/chart/kline.json,estimated,volume_turnover_inference
2013-02-01,159919,162.711613,深交所,https://stock.xueqiu.com/v5/stock/chart/kline.json,estimated,volume_turnover_inference
2013-02-01,510300,79.946772,上交所,https://query.sse.com.cn/commonQuery.do,official,exchange_disclosure
2013-02-01,510330,73.343498,上交所,https://query.sse.com.cn/commonQuery.do,official,exchange_disclosure
2013-02-04,159915,6.171842,深交所,https://stock.xueqiu.com/v5/stock/chart/kline.json,estimated,volume_turnover_inference
2013-02-04,159919,164.083241,深交所,https://stock.xueqiu.com/v5/stock/chart/kline.json,estimated,volume_turnover_inference
2013-02-04,510300,79.690877,上交所,https://query.sse.com.cn/commonQuery.do,official,exchange_disclosure
2013-02-04,510330,73.343498,上交所,https://query.sse.com.cn/commonQuery.do,official,exchange_disclosure
2013-02-05,159915,6.178422,深交所,https://stock.xueqiu.com/v5/stock/chart/kline.json,estimated,volume_turnover_inference
2013-02-05,159919,162.541027,深交所,https://stock.xueqiu.com/v5/stock/chart/kline.json,estimated,volume_turnover_inference
2013-02-05,510300,79.193137,上交所,https://query.sse.com.cn/commonQuery.do,official,exchange_disclosure
2013-02-05,510330,73.361498,上交所,https://query.sse.com.cn/commonQuery.do,official,exchange_disclosure
2013-02-06,159915,6.175521,深交所,https://stock.xueqiu.com/v5/stock/chart/kline.json,estimated,volume_turnover_inference
2013-02-06,159919,162.235675,深交所,https://stock.xueqiu.com/v5/stock/chart/kline.json,estimated,volume_turnover_inference
2013-02-06,510300,77.344083,上交所,https://query.sse.com.cn/commonQuery.do,official,exchange_disclosure
2013-02-06,510330,73.424505,上交所,https://query.sse.com.cn/commonQuery.do,official,exchange_disclosure
2013-02-07,159915,6.172552,深交所,https://stock.xueqiu.com/v5/stock/chart/kline.json,estimated,volume_turnover_inference
2013-02-07,159919,162.062880,深交所,https://stock.xueqiu.com/v5/stock/chart/kline.json,estimated,volume_turnover_inference
2013-02-07,510300,79.871614,上交所,https://query.sse.com.cn/commonQuery.do,official,exchange_disclosure
2013-02-07,510330,73.469498,上交所,https://query.sse.com.cn/commonQuery.do,official,exchange_disclosure
2013-02-08,159915,6.176108,深交所,https://stock.xueqiu.com/v5/stock/chart/kline.json,estimated,volume_turnover_inference
2013-02-08,159919,163.860358,深交所,https://stock.xueqiu.com/v5/stock/chart/kline.json,estimated,volume_turnover_inference
2013-02-08,510300,82.535780,上交所,https://query.sse.com.cn/commonQuery.do,official,exchange_disclosure
2013-02-08,510330,73.595498,上交所,https://query.sse.com.cn/commonQuery.do,official,exchange_disclosure
2013-02-18,159915,6.174479,深交所,https://stock.xueqiu.com/v5/stock/chart/kline.json,estimated,volume_turnover_inference
2013-02-18,159919,163.805779,深交所,https://stock.xueqiu.com/v5/stock/chart/kline.json,estimated,volume_turnover_inference
2013-02-18,510300,79.087877,上交所,https://query.sse.com.cn/commonQuery.do,official,exchange_disclosure
2013-02-18,510330,73.640498,上交所,https://query.sse.com.cn/commonQuery.do,official,exchange_disclosure
2013-02-19,159915,6.172393,深交所,https://stock.xueqiu.com/v5/stock/chart/kline.json,estimated,volume_turnover_inference
2013-02-19,159919,162.942639,深交所,https://stock.xueqiu.com/v5/stock/chart/kline.json,estimated,volume_turnover_inference
2013-02-19,510300,78.970877,上交所,https://query.sse.com.cn/commonQuery.do,official,exchange_disclosure
2013-02-19,510330,73.712498,上交所,https://query.sse.com.cn/commonQuery.do,official,exchange_disclosure
2013-02-20,159915,6.174431,深交所,https://stock.xueqiu.com/v5/stock/chart/kline.json,estimated,volume_turnover_inference
2013-02-20,159919,162.195808,深交所,https://stock.xueqiu.com/v5/stock/chart/kline.json,estimated,volume_turnover_inference
2013-02-20,510300,78.538877,上交所,https://query.sse.com.cn/commonQuery.do,official,exchange_disclosure
2013-02-20,510330,73.728755,上交所,https://query.sse.com.cn/commonQuery.do,official,exchange_disclosure
2013-02-21,159915,6.173454,深交所,https://stock.xueqiu.com/v5/stock/chart/kline.json,estimated,volume_turnover_inference
2013-02-21,159919,162.746405,深交所,https://stock.xueqiu.com/v5/stock/chart/kline.json,estimated,volume_turnover_inference
2013-02-21,510300,76.198877,上交所,https://query.sse.com.cn/commonQuery.do,official,exchange_disclosure
2013-02-21,510330,73.820498,上交所,https://query.sse.com.cn/commonQuery.do,official,exchange_disclosure
2013-02-22,159915,6.174255,深交所,https://stock.xueqiu.com/v5/stock/chart/kline.json,estimated,volume_turnover_inference
2013-02-22,159919,161.726276,深交所,https://stock.xueqiu.com/v5/stock/chart/kline.json,estimated,volume_turnover_inference
2013-02-22,510300,74.641877,上交所,https://query.sse.com.cn/commonQuery.do,official,exchange_disclosure
2013-02-22,510330,73.784498,上交所,https://query.sse.com.cn/commonQuery.do,official,exchange_disclosure
2013-02-25,159915,6.174350,深交所,https://stock.xueqiu.com/v5/stock/chart/kline.json,estimated,volume_turnover_inference
2013-02-25,159919,163.042646,深交所,https://stock.xueqiu.com/v5/stock/chart/kline.json,estimated,volume_turnover_inference
2013-02-25,510300,72.778877,上交所,https://query.sse.com.cn/commonQuery.do,official,exchange_disclosure
2013-02-25,510330,73.748498,上交所,https://query.sse.com.cn/commonQuery.do,official,exchange_disclosure
2013-02-26,159915,6.176400,深交所,https://stock.xueqiu.com/v5/stock/chart/kline.json,estimated,volume_turnover_inference
2013-02-26,159919,164.841485,深交所,https://stock.xueqiu.com/v5/stock/chart/kline.json,estimated,volume_turnover_inference
2013-02-26,510300,68.233877,上交所,https://query.sse.com.cn/commonQuery.do,official,exchange_disclosure
2013-02-26,510330,73.703498,上交所,https://query.sse.com.cn/commonQuery.do,official,exchange_disclosure
2013-02-27,159915,6.176290,深交所,https://stock.xueqiu.com/v5/stock/chart/kline.json,estimated,volume_turnover_inference
2013-02-27,159919,162.636203,深交所,https://stock.xueqiu.com/v5/stock/chart/kline.json,estimated,volume_turnover_inference
2013-02-27,510300,67.486877,上交所,https://query.sse.com.cn/commonQuery.do,official,exchange_disclosure
2013-02-27,510330,73.667498,上交所,https://query.sse.com.cn/commonQuery.do,official,exchange_disclosure
2013-02-28,159915,6.176787,深交所,https://stock.xueqiu.com/v5/stock/chart/kline.json,estimated,volume_turnover_inference
2013-02-28,159919,163.745933,深交所,https://stock.xueqiu.com/v5/stock/chart/kline.json,estimated,volume_turnover_inference
2013-02-28,510300,67.135877,上交所,https://query.sse.com.cn/commonQuery.do,official,exchange_disclosure
2013-02-28,510330,73.649498,上交所,https://query.sse.com.cn/commonQuery.do,official,exchange_disclosure
2013-03-01,159915,6.174178,深交所,https://stock.xueqiu.com/v5/stock/chart/kline.json,estimated,volume_turnover_inference
2013-03-01,159919,163.299807,深交所,https://stock.xueqiu.com/v5/stock/chart/kline.json,estimated,volume_turnover_inference
2013-03-01,510300,67.070577,上交所,https://query.sse.com.cn/commonQuery.do,official,exchange_disclosure
2013-03-01,510330,73.586498,上交所,https://query.sse.com.cn/commonQuery.do,official,exchange_disclosure
2013-03-04,159915,6.174799,深交所,https://stock.xueqiu.com/v5/stock/chart/kline.json,estimated,volume_turnover_inference
2013-03-04,159919,162.389040,深交所,https://stock.xueqiu.com/v5/stock/chart/kline.json,estimated,volume_turnover_inference
2013-03-04,510300,70.411877,上交所,https://query.sse.com.cn/commonQuery.do,official,exchange_disclosure
2013-03-04,510330,73.685498,上交所,https://query.sse.com.cn/commonQuery.do,official,exchange_disclosure
2013-03-05,159915,6.176015,深交所,https://stock.xueqiu.com/v5/stock/chart/kline.json,estimated,volume_turnover_inference
2013-03-05,159919,162.251648,深交所,https://stock.xueqiu.com/v5/stock/chart/kline.json,estimated,volume_turnover_inference
2013-03-05,510300,68.624564,上交所,https://query.sse.com.cn/commonQuery.do,official,exchange_disclosure
2013-03-05,510330,73.640498,上交所,https://query.sse.com.cn/commonQuery.do,official,exchange_disclosure
2013-03-06,159915,6.171779,深交所,https://stock.xueqiu.com/v5/stock/chart/kline.json,estimated,volume_turnover_inference
2013-03-06,159919,164.030173,深交所,https://stock.xueqiu.com/v5/stock/chart/kline.json,estimated,volume_turnover_inference
2013-03-06,510300,67.648877,上交所,https://query.sse.com.cn/commonQuery.do,official,exchange_disclosure
2013-03-06,510330,73.604498,上交所,https://query.sse.com.cn/commonQuery.do,official,exchange_disclosure
2013-03-07,159915,6.175883,深交所,https://stock.xueqiu.com/v5/stock/chart/kline.json,estimated,volume_turnover_inference
2013-03-07,159919,163.933140,深交所,https://stock.xueqiu.com/v5/stock/chart/kline.json,estimated,volume_turnover_inference
2013-03-07,510300,65.047877,上交所,https://query.sse.com.cn/commonQuery.do,official,exchange_disclosure
2013-03-07,510330,73.613498,上交所,https://query.sse.com.cn/commonQuery.do,official,exchange_disclosure
2013-03-08,159915,6.171672,深交所,https://stock.xueqiu.com/v5/stock/chart/kline.json,estimated,volume_turnover_inference
2013-03-08,159919,160.744484,深交所,https://stock.xueqiu.com/v5/stock/chart/kline.json,estimated,volume_turnover_inference
2013-03-08,510300,65.582318,上交所,https://query.sse.com.cn/commonQuery.do,official,exchange_disclosure
2013-03-08,510330,73.613498,上交所,https://query.sse.com.cn/commonQuery.do,official,exchange_disclosure
2013-03-11,159915,6.174618,深交所,https://stock.xueqiu.com/v5/stock/chart/kline.json,estimated,volume_turnover_inference
2013-03-11,159919,166.096700,深交所,https://stock.xueqiu.com/v5/stock/chart/kline.json,estimated,volume_turnover_inference
2013-03-11,510300,64.669877,上交所,https://query.sse.com.cn/commonQuery.do,official,exchange_disclosure
2013-03-11,510330,73.613498,上交所,https://query.sse.com.cn/commonQuery.do,official,exchange_disclosure
2013-03-12,159915,6.174646,深交所,https://stock.xueqiu.com/v5/stock/chart/kline.json,estimated,volume_turnover_inference
2013-03-12,159919,162.391260,深交所,https://stock.xueqiu.com/v5/stock/chart/kline.json,estimated,volume_turnover_inference
2013-03-12,510300,63.832877,上交所,https://query.sse.com.cn/commonQuery.do,official,exchange_disclosure
2013-03-12,510330,73.622498,上交所,https://query.sse.com.cn/commonQuery.do,official,exchange_disclosure
2013-03-13,159915,6.176554,深交所,https://stock.xueqiu.com/v5/stock/chart/kline.json,estimated,volume_turnover_inference
2013-03-13,159919,163.992750,深交所,https://stock.xueqiu.com/v5/stock/chart/kline.json,estimated,volume_turnover_inference
2013-03-13,510300,63.317177,上交所,https://query.sse.com.cn/commonQuery.do,official,exchange_disclosure
2013-03-13,510330,73.618302,上交所,https://query.sse.com.cn/commonQuery.do,official,exchange_disclosure
2013-03-14,159915,6.177997,深交所,https://stock.xueqiu.com/v5/stock/chart/kline.json,estimated,volume_turnover_inference
2013-03-14,159919,159.305976,深交所,https://stock.xueqiu.com/v5/stock/chart/kline.json,estimated,volume_turnover_inference
2013-03-14,510300,62.311877,上交所,https://query.sse.com.cn/commonQuery.do,official,exchange_disclosure
2013-03-14,510330,73.505498,上交所,https://query.sse.com.cn/commonQuery.do,official,exchange_disclosure
2013-03-15,159915,6.174618,深交所,https://stock.xueqiu.com/v5/stock/chart/kline.json,estimated,volume_turnover_inference
2013-03-15,159919,161.925853,深交所,https://stock.xueqiu.com/v5/stock/chart/kline.json,estimated,volume_turnover_inference
2013-03-15,510300,61.092075,上交所,https://query.sse.com.cn/commonQuery.do,official,exchange_disclosure
2013-03-15,510330,73.478498,上交所,https://query.sse.com.cn/commonQuery.do,official,exchange_disclosure
2013-03-18,159915,6.174858,深交所,https://stock.xueqiu.com/v5/stock/chart/kline.json,estimated,volume_turnover_inference
2013-03-18,159919,164.166986,深交所,https://stock.xueqiu.com/v5/stock/chart/kline.json,estimated,volume_turnover_inference
2013-03-18,510300,62.017123,上交所,https://query.sse.com.cn/commonQuery.do,official,exchange_disclosure
2013-03-18,510330,73.622498,上交所,https://query.sse.com.cn/commonQuery.do,official,exchange_disclosure
2013-03-19,159915,6.173788,深交所,https://stock.xueqiu.com/v5/stock/chart/kline.json,estimated,volume_turnover_inference
2013-03-19,159919,163.358819,深交所,https://stock.xueqiu.com/v5/stock/chart/kline.json,estimated,volume_turnover_inference
2013-03-19,510300,62.997877,上交所,https://query.sse.com.cn/commonQuery.do,official,exchange_disclosure
2013-03-19,510330,73.685498,上交所,https://query.sse.com.cn/commonQuery.do,official,exchange_disclosure
2013-03-20,159915,6.176303,深交所,https://stock.xueqiu.com/v5/stock/chart/kline.json,estimated,volume_turnover_inference
2013-03-20,159919,162.027461,深交所,https://stock.xueqiu.com/v5/stock/chart/kline.json,estimated,volume_turnover_inference
2013-03-20,510300,62.887877,上交所,https://query.sse.com.cn/commonQuery.do,official,exchange_disclosure
2013-03-20,510330,73.460498,上交所,https://query.sse.com.cn/commonQuery.do,official,exchange_disclosure
2013-03-21,159915,6.175144,深交所,https://stock.xueqiu.com/v5/stock/chart/kline.json,estimated,volume_turnover_inference
2013-03-21,159919,163.001077,深交所,https://stock.xueqiu.com/v5/stock/chart/kline.json,estimated,volume_turnover_inference
2013-03-21,510300,63.261977,上交所,https://query.sse.com.cn/commonQuery.do,official,exchange_disclosure
2013-03-21,510330,73.478498,上交所,https://query.sse.com.cn/commonQuery.do,official,exchange_disclosure
2013-03-22,159915,6.170202,深交所,https://stock.xueqiu.com/v5/stock/chart/kline.json,estimated,volume_turnover_inference
2013-03-22,159919,161.499761,深交所,https://stock.xueqiu.com/v5/stock/chart/kline.json,estimated,volume_turnover_inference
2013-03-22,510300,63.346877,上交所,https://query.sse.com.cn/commonQuery.do,official,exchange_disclosure
2013-03-22,510330,73.487498,上交所,https://query.sse.com.cn/commonQuery.do,official,exchange_disclosure
2013-03-25,159915,6.179706,深交所,https://stock.xueqiu.com/v5/stock/chart/kline.json,estimated,volume_turnover_inference
2013-03-25,159919,163.873519,深交所,https://stock.xueqiu.com/v5/stock/chart/kline.json,estimated,volume_turnover_inference
2013-03-25,510300,63.490877,上交所,https://query.sse.com.cn/commonQuery.do,official,exchange_disclosure
2013-03-25,510310,8.603074,上交所,https://query.sse.com.cn/commonQuery.do,official,exchange_disclosure
2013-03-25,510330,73.478498,上交所,https://query.sse.com.cn/commonQuery.do,official,exchange_disclosure
2013-03-26,159915,6.177657,深交所,https://stock.xueqiu.com/v5/stock/chart/kline.json,estimated,volume_turnover_inference
2013-03-26,159919,163.680486,深交所,https://stock.xueqiu.com/v5/stock/chart/kline.json,estimated,volume_turnover_inference
2013-03-26,510300,61.915877,上交所,https://query.sse.com.cn/commonQuery.do,official,exchange_disclosure
2013-03-26,510310,7.243074,上交所,https://query.sse.com.cn/commonQuery.do,official,exchange_disclosure
2013-03-26,510330,73.451498,上交所,https://query.sse.com.cn/commonQuery.do,official,exchange_disclosure
2013-03-27,159915,6.174849,深交所,https://stock.xueqiu.com/v5/stock/chart/kline.json,estimated,volume_turnover_inference
2013-03-27,159919,161.788172,深交所,https://stock.xueqiu.com/v5/stock/chart/kline.json,estimated,volume_turnover_inference
2013-03-27,510300,60.853877,上交所,https://query.sse.com.cn/commonQuery.do,official,exchange_disclosure
2013-03-27,510310,6.063074,上交所,https://query.sse.com.cn/commonQuery.do,official,exchange_disclosure
2013-03-27,510330,73.397498,上交所,https://query.sse.com.cn/commonQuery.do,official,exchange_disclosure
2013-03-28,159915,6.171273,深交所,https://stock.xueqiu.com/v5/stock/chart/kline.json,estimated,volume_turnover_inference
2013-03-28,159919,164.205737,深交所,https://stock.xueqiu.com/v5/stock/chart/kline.json,estimated,volume_turnover_inference
2013-03-28,510300,61.807877,上交所,https://query.sse.com.cn/commonQuery.do,official,exchange_disclosure
2013-03-28,510310,5.763074,上交所,https://query.sse.com.cn/commonQuery.do,official,exchange_disclosure
2013-03-28,510330,73.478498,上交所,https://query.sse.com.cn/commonQuery.do,official,exchange_disclosure
2013-03-29,159915,6.176474,深交所,https://stock.xueqiu.com/v5/stock/chart/kline.json,estimated,volume_turnover_inference
2013-03-29,159919,163.394965,深交所,https://stock.xueqiu.com/v5/stock/chart/kline.json,estimated,volume_turnover_inference
2013-03-29,510300,61.987877,上交所,https://query.sse.com.cn/commonQuery.do,official,exchange_disclosure
2013-03-29,510310,4.943074,上交所,https://query.sse.com.cn/commonQuery.do,official,exchange_disclosure
2013-03-29,510330,73.548333,上交所,https://query.sse.com.cn/commonQuery.do,official,exchange_disclosure
2013-04-01,159915,6.170616,深交所,https://stock.xueqiu.com/v5/stock/chart/kline.json,estimated,volume_turnover_inference
2013-04-01,159919,159.616655,深交所,https://stock.xueqiu.com/v5/stock/chart/kline.json,estimated,volume_turnover_inference
2013-04-01,510300,60.565877,上交所,https://query.sse.com.cn/commonQuery.do,official,exchange_disclosure
2013-04-01,510310,4.523074,上交所,https://query.sse.com.cn/commonQuery.do,official,exchange_disclosure
2013-04-01,510330,73.514498,上交所,https://query.sse.com.cn/commonQuery.do,official,exchange_disclosure
2013-04-02,159915,6.178857,深交所,https://stock.xueqiu.com/v5/stock/chart/kline.json,estimated,volume_turnover_inference
2013-04-02,159919,164.266048,深交所,https://stock.xueqiu.com/v5/stock/chart/kline.json,estimated,volume_turnover_inference
2013-04-02,510300,59.791877,上交所,https://query.sse.com.cn/commonQuery.do,official,exchange_disclosure
2013-04-02,510310,4.323074,上交所,https://query.sse.com.cn/commonQuery.do,official,exchange_disclosure
2013-04-02,510330,73.532498,上交所,https://query.sse.com.cn/commonQuery.do,official,exchange_disclosure
2013-04-03,159915,6.175031,深交所,https://stock.xueqiu.com/v5/stock/chart/kline.json,estimated,volume_turnover_inference
2013-04-03,159919,161.477470,深交所,https://stock.xueqiu.com/v5/stock/chart/kline.json,estimated,volume_turnover_inference
2013-04-03,510300,59.935877,上交所,https://query.sse.com.cn/commonQuery.do,official,exchange_disclosure
2013-04-03,510310,4.283074,上交所,https://query.sse.com.cn/commonQuery.do,official,exchange_disclosure
2013-04-03,510330,73.612984,上交所,https://query.sse.com.cn/commonQuery.do,official,exchange_disclosure
2013-04-08,159915,6.170359,深交所,https://stock.xueqiu.com/v5/stock/chart/kline.json,estimated,volume_turnover_inference
2013-04-08,159919,163.518845,深交所,https://stock.xueqiu.com/v5/stock/chart/kline.json,estimated,volume_turnover_inference
2013-04-08,510300,60.205877,上交所,https://query.sse.com.cn/commonQuery.do,official,exchange_disclosure
2013-04-08,510310,4.243074,上交所,https://query.sse.com.cn/commonQuery.do,official,exchange_disclosure
2013-04-08,510330,73.640498,上交所,https://query.sse.com.cn/commonQuery.do,official,exchange_disclosure
2013-04-09,159915,6.183104,深交所,https://stock.xueqiu.com/v5/stock/chart/kline.json,estimated,volume_turnover_inference
2013-04-09,159919,162.583121,深交所,https://stock.xueqiu.com/v5/stock/chart/kline.json,estimated,volume_turnover_inference
2013-04-09,510300,60.286877,上交所,https://query.sse.com.cn/commonQuery.do,official,exchange_disclosure
2013-04-09,510310,4.083074,上交所,https://query.sse.com.cn/commonQuery.do,official,exchange_disclosure
2013-04-09,510330,73.640498,上交所,https://query.sse.com.cn/commonQuery.do,official,exchange_disclosure
2013-04-10,159915,6.178840,深交所,https://stock.xueqiu.com/v5/stock/chart/kline.json,estimated,volume_turnover_inference
2013-04-10,159919,161.235469,深交所,https://stock.xueqiu.com/v5/stock/chart/kline.json,estimated,volume_turnover_inference
2013-04-10,510300,60.133877,上交所,https://query.sse.com.cn/commonQuery.do,official,exchange_disclosure
2013-04-10,510310,4.063074,上交所,https://query.sse.com.cn/commonQuery.do,official,exchange_disclosure
2013-04-10,510330,73.640498,上交所,https://query.sse.com.cn/commonQuery.do,official,exchange_disclosure
2013-04-11,159915,6.171519,深交所,https://stock.xueqiu.com/v5/stock/chart/kline.json,estimated,volume_turnover_inference
2013-04-11,159919,166.252306,深交所,https://stock.xueqiu.com/v5/stock/chart/kline.json,estimated,volume_turnover_inference
2013-04-11,510300,60.004228,上交所,https://query.sse.com.cn/commonQuery.do,official,exchange_disclosure
2013-04-11,510310,4.023074,上交所,https://query.sse.com.cn/commonQuery.do,official,exchange_disclosure
2013-04-11,510330,73.577498,上交所,https://query.sse.com.cn/commonQuery.do,official,exchange_disclosure
2013-04-12,159915,6.151825,深交所,https://stock.xueqiu.com/v5/stock/chart/kline.json,estimated,volume_turnover_inference
2013-04-12,159919,160.845000,深交所,https://stock.xueqiu.com/v5/stock/chart/kline.json,estimated,volume_turnover_inference
2013-04-12,510300,59.854877,上交所,https://query.sse.com.cn/commonQuery.do,official,exchange_disclosure
2013-04-12,510310,3.983074,上交所,https://query.sse.com.cn/commonQuery.do,official,exchange_disclosure
2013-04-12,510330,73.523498,上交所,https://query.sse.com.cn/commonQuery.do,official,exchange_disclosure
2013-04-15,159915,6.168239,深交所,https://stock.xueqiu.com/v5/stock/chart/kline.json,estimated,volume_turnover_inference
2013-04-15,159919,163.317347,深交所,https://stock.xueqiu.com/v5/stock/chart/kline.json,estimated,volume_turnover_inference
2013-04-15,510300,60.229877,上交所,https://query.sse.com.cn/commonQuery.do,official,exchange_disclosure
2013-04-15,510310,3.963074,上交所,https://query.sse.com.cn/commonQuery.do,official,exchange_disclosure
2013-04-15,510330,73.738324,上交所,https://query.sse.com.cn/commonQuery.do,official,exchange_disclosure
2013-04-16,159915,6.187687,深交所,https://stock.xueqiu.com/v5/stock/chart/kline.json,estimated,volume_turnover_inference
2013-04-16,159919,163.055839,深交所,https://stock.xueqiu.com/v5/stock/chart/kline.json,estimated,volume_turnover_inference
2013-04-16,510300,61.906877,上交所,https://query.sse.com.cn/commonQuery.do,official,exchange_disclosure
2013-04-16,510310,3.923074,上交所,https://query.sse.com.cn/commonQuery.do,official,exchange_disclosure
2013-04-16,510330,73.676498,上交所,https://query.sse.com.cn/commonQuery.do,official,exchange_disclosure
2013-04-17,159915,6.167914,深交所,https://stock.xueqiu.com/v5/stock/chart/kline.json,estimated,volume_turnover_inference
2013-04-17,159919,163.227742,深交所,https://stock.xueqiu.com/v5/stock/chart/kline.json,estimated,volume_turnover_inference
2013-04-17,510300,62.329877,上交所,https://query.sse.com.cn/commonQuery.do,official,exchange_disclosure
2013-04-17,510310,3.903074,上交所,https://query.sse.com.cn/commonQuery.do,official,exchange_disclosure
2013-04-17,510330,73.685498,上交所,https://query.sse.com.cn/commonQuery.do,official,exchange_disclosure
2013-04-18,159915,6.172467,深交所,https://stock.xueqiu.com/v5/stock/chart/kline.json,estimated,volume_turnover_inference
2013-04-18,159919,161.074525,深交所,https://stock.xueqiu.com/v5/stock/chart/kline.json,estimated,volume_turnover_inference
2013-04-18,510300,64.326287,上交所,https://query.sse.com.cn/commonQuery.do,official,exchange_disclosure
2013-04-18,510310,3.903074,上交所,https://query.sse.com.cn/commonQuery.do,official,exchange_disclosure
2013-04-18,510330,73.685498,上交所,https://query.sse.com.cn/commonQuery.do,official,exchange_disclosure
2013-04-19,159915,6.171953,深交所,https://stock.xueqiu.com/v5/stock/chart/kline.json,estimated,volume_turnover_inference
2013-04-19,159919,136.808328,深交所,https://stock.xueqiu.com/v5/stock/chart/kline.json,estimated,volume_turnover_inference
2013-04-19,510300,67.925334,上交所,https://query.sse.com.cn/commonQuery.do,official,exchange_disclosure
2013-04-19,510310,3.883074,上交所,https://query.sse.com.cn/commonQuery.do,official,exchange_disclosure
2013-04-19,510330,73.667498,上交所,https://query.sse.com.cn/commonQuery.do,official,exchange_disclosure
2013-04-22,159915,5.956841,深交所,https://stock.xueqiu.com/v5/stock/chart/kline.json,estimated,volume_turnover_inference
2013-04-22,159919,137.149908,深交所,https://stock.xueqiu.com/v5/stock/chart/kline.json,estimated,volume_turnover_inference
2013-04-22,510300,68.752072,上交所,https://query.sse.com.cn/commonQuery.do,official,exchange_disclosure
2013-04-22,510310,3.883074,上交所,https://query.sse.com.cn/commonQuery.do,official,exchange_disclosure
2013-04-22,510330,73.676498,上交所,https://query.sse.com.cn/commonQuery.do,official,exchange_disclosure
2013-04-23,159915,5.953826,深交所,https://stock.xueqiu.com/v5/stock/chart/kline.json,estimated,volume_turnover_inference
2013-04-23,159919,136.804280,深交所,https://stock.xueqiu.com/v5/stock/chart/kline.json,estimated,volume_turnover_inference
2013-04-23,510300,67.954877,上交所,https://query.sse.com.cn/commonQuery.do,official,exchange_disclosure
2013-04-23,510310,3.883074,上交所,https://query.sse.com.cn/commonQuery.do,official,exchange_disclosure
2013-04-23,510330,73.700914,上交所,https://query.sse.com.cn/commonQuery.do,official,exchange_disclosure
2013-04-24,159915,5.957394,深交所,https://stock.xueqiu.com/v5/stock/chart/kline.json,estimated,volume_turnover_inference
2013-04-24,159919,137.114929,深交所,https://stock.xueqiu.com/v5/stock/chart/kline.json,estimated,volume_turnover_inference
2013-04-24,510300,67.922087,上交所,https://query.sse.com.cn/commonQuery.do,official,exchange_disclosure
2013-04-24,510310,3.883074,上交所,https://query.sse.com.cn/commonQuery.do,official,exchange_disclosure
2013-04-24,510330,73.658498,上交所,https://query.sse.com.cn/commonQuery.do,official,exchange_disclosure
2013-04-25,159915,5.955032,深交所,https://stock.xueqiu.com/v5/stock/chart/kline.json,estimated,volume_turnover_inference
2013-04-25,159919,138.384762,深交所,https://stock.xueqiu.com/v5/stock/chart/kline.json,estimated,volume_turnover_inference
2013-04-25,510300,68.519057,上交所,https://query.sse.com.cn/commonQuery.do,official,exchange_disclosure
2013-04-25,510310,3.883074,上交所,https://query.sse.com.cn/commonQuery.do,official,exchange_disclosure
2013-04-25,510330,73.698494,上交所,https://query.sse.com.cn/commonQuery.do,official,exchange_disclosure
2013-04-26,159915,5.955815,深交所,https://stock.xueqiu.com/v5/stock/chart/kline.json,estimated,volume_turnover_inference
2013-04-26,159919,138.638255,深交所,https://stock.xueqiu.com/v5/stock/chart/kline.json,estimated,volume_turnover_inference
2013-04-26,510300,68.521877,上交所,https://query.sse.com.cn/commonQuery.do,official,exchange_disclosure
2013-04-26,510310,3.883074,上交所,https://query.sse.com.cn/commonQuery.do,official,exchange_disclosure
2013-04-26,510330,73.721498,上交所,https://query.sse.com.cn/commonQuery.do,official,exchange_disclosure
2013-05-02,159915,5.952946,深交所,https://stock.xueqiu.com/v5/stock/chart/kline.json,estimated,volume_turnover_inference
2013-05-02,159919,138.478242,深交所,https://stock.xueqiu.com/v5/stock/chart/kline.json,estimated,volume_turnover_inference
2013-05-02,510300,67.612877,上交所,https://query.sse.com.cn/commonQuery.do,official,exchange_disclosure
2013-05-02,510310,3.883074,上交所,https://query.sse.com.cn/commonQuery.do,official,exchange_disclosure
2013-05-02,510330,73.721498,上交所,https://query.sse.com.cn/commonQuery.do,official,exchange_disclosure
2013-05-03,159915,5.954086,深交所,https://stock.xueqiu.com/v5/stock/chart/kline.json,estimated,volume_turnover_inference
2013-05-03,159919,137.846876,深交所,https://stock.xueqiu.com/v5/stock/chart/kline.json,estimated,volume_turnover_inference
2013-05-03,510300,67.351877,上交所,https://query.sse.com.cn/commonQuery.do,official,exchange_disclosure
2013-05-03,510310,3.823074,上交所,https://query.sse.com.cn/commonQuery.do,official,exchange_disclosure
2013-05-03,510330,73.613498,上交所,https://query.sse.com.cn/commonQuery.do,official,exchange_disclosure
2013-05-06,159915,5.957490,深交所,https://stock.xueqiu.com/v5/stock/chart/kline.json,estimated,volume_turnover_inference
2013-05-06,159919,135.945682,深交所,https://stock.xueqiu.com/v5/stock/chart/kline.json,estimated,volume_turnover_inference
2013-05-06,510300,67.135877,上交所,https://query.sse.com.cn/commonQuery.do,official,exchange_disclosure
2013-05-06,510310,3.563074,上交所,https://query.sse.com.cn/commonQuery.do,official,exchange_disclosure
2013-05-06,510330,73.529318,上交所,https://query.sse.com.cn/commonQuery.do,official,exchange_disclosure
2013-05-07,159915,5.956040,深交所,https://stock.xueqiu.com/v5/stock/chart/kline.json,estimated,volume_turnover_inference
2013-05-07,159919,137.103824,深交所,https://stock.xueqiu.com/v5/stock/chart/kline.json,estimated,volume_turnover_inference
2013-05-07,510300,66.055877,上交所,https://query.sse.com.cn/commonQuery.do,official,exchange_disclosure
2013-05-07,510310,3.283074,上交所,https://query.sse.com.cn/commonQuery.do,official,exchange_disclosure
2013-05-07,510330,73.388498,上交所,https://query.sse.com.cn/commonQuery.do,official,exchange_disclosure
2013-05-08,159915,5.956590,深交所,https://stock.xueqiu.com/v5/stock/chart/kline.json,estimated,volume_turnover_inference
2013-05-08,159919,137.451257,深交所,https://stock.xueqiu.com/v5/stock/chart/kline.json,estimated,volume_turnover_inference
2013-05-08,510300,66.775877,上交所,https://query.sse.com.cn/commonQuery.do,official,exchange_disclosure
2013-05-08,510310,3.163074,上交所,https://query.sse.com.cn/commonQuery.do,official,exchange_disclosure
2013-05-08,510330,73.432674,上交所,https://query.sse.com.cn/commonQuery.do,official,exchange_disclosure
2013-05-09,159915,5.955547,深交所,https://stock.xueqiu.com/v5/stock/chart/kline.json,estimated,volume_turnover_inference
2013-05-09,159919,140.173533,深交所,https://stock.xueqiu.com/v5/stock/chart/kline.json,estimated,volume_turnover_inference
2013-05-09,510300,67.171877,上交所,https://query.sse.com.cn/commonQuery.do,official,exchange_disclosure
2013-05-09,510310,2.963074,上交所,https://query.sse.com.cn/commonQuery.do,official,exchange_disclosure
2013-05-09,510330,73.451498,上交所,https://query.sse.com.cn/commonQuery.do,official,exchange_disclosure
2013-05-10,159915,5.954310,深交所,https://stock.xueqiu.com/v5/stock/chart/kline.json,estimated,volume_turnover_inference
2013-05-10,159919,136.271330,深交所,https://stock.xueqiu.com/v5/stock/chart/kline.json,estimated,volume_turnover_inference
2013-05-10,510300,66.922339,上交所,https://query.sse.com.cn/commonQuery.do,official,exchange_disclosure
2013-05-10,510310,2.643074,上交所,https://query.sse.com.cn/commonQuery.do,official,exchange_disclosure
2013-05-10,510330,73.352498,上交所,https://query.sse.com.cn/commonQuery.do,official,exchange_disclosure
2013-05-13,159915,5.954497,深交所,https://stock.xueqiu.com/v5/stock/chart/kline.json,estimated,volume_turnover_inference
2013-05-13,159919,138.257498,深交所,https://stock.xueqiu.com/v5/stock/chart/kline.json,estimated,volume_turnover_inference
2013-05-13,510300,66.703877,上交所,https://query.sse.com.cn/commonQuery.do,official,exchange_disclosure
2013-05-13,510310,2.283074,上交所,https://query.sse.com.cn/commonQuery.do,official,exchange_disclosure
2013-05-13,510330,73.280498,上交所,https://query.sse.com.cn/commonQuery.do,official,exchange_disclosure
2013-05-14,159915,5.954219,深交所,https://stock.xueqiu.com/v5/stock/chart/kline.json,estimated,volume_turnover_inference
2013-05-14,159919,136.072387,深交所,https://stock.xueqiu.com/v5/stock/chart/kline.json,estimated,volume_turnover_inference
2013-05-14,510300,66.595877,上交所,https://query.sse.com.cn/commonQuery.do,official,exchange_disclosure
2013-05-14,510310,1.923074,上交所,https://query.sse.com.cn/commonQuery.do,official,exchange_disclosure
2013-05-14,510330,73.235498,上交所,https://query.sse.com.cn/commonQuery.do,official,exchange_disclosure
2013-05-15,159915,5.955796,深交所,https://stock.xueqiu.com/v5/stock/chart/kline.json,estimated,volume_turnover_inference
2013-05-15,159919,138.169402,深交所,https://stock.xueqiu.com/v5/stock/chart/kline.json,estimated,volume_turnover_inference
2013-05-15,510300,66.208877,上交所,https://query.sse.com.cn/commonQuery.do,official,exchange_disclosure
2013-05-15,510310,1.483074,上交所,https://query.sse.com.cn/commonQuery.do,official,exchange_disclosure
2013-05-15,510330,73.172498,上交所,https://query.sse.com.cn/commonQuery.do,official,exchange_disclosure
2013-05-16,159915,5.955097,深交所,https://stock.xueqiu.com/v5/stock/chart/kline.json,estimated,volume_turnover_inference
2013-05-16,159919,137.450024,深交所,https://stock.xueqiu.com/v5/stock/chart/kline.json,estimated,volume_turnover_inference
2013-05-16,510300,65.191877,上交所,https://query.sse.com.cn/commonQuery.do,official,exchange_disclosure
2013-05-16,510310,1.263074,上交所,https://query.sse.com.cn/commonQuery.do,official,exchange_disclosure
2013-05-16,510330,72.848498,上交所,https://query.sse.com.cn/commonQuery.do,official,exchange_disclosure
2013-05-17,159915,5.954172,深交所,https://stock.xueqiu.com/v5/stock/chart/kline.json,estimated,volume_turnover_inference
2013-05-17,159919,137.016812,深交所,https://stock.xueqiu.com/v5/stock/chart/kline.json,estimated,volume_turnover_inference
2013-05-17,510300,67.469836,上交所,https://query.sse.com.cn/commonQuery.do,official,exchange_disclosure
2013-05-17,510310,1.163074,上交所,https://query.sse.com.cn/commonQuery.do,official,exchange_disclosure
2013-05-17,510330,72.839498,上交所,https://query.sse.com.cn/commonQuery.do,official,exchange_disclosure
2013-05-20,159915,5.953343,深交所,https://stock.xueqiu.com/v5/stock/chart/kline.json,estimated,volume_turnover_inference
2013-05-20,159919,137.139216,深交所,https://stock.xueqiu.com/v5/stock/chart/kline.json,estimated,volume_turnover_inference
2013-05-20,510300,68.362464,上交所,https://query.sse.com.cn/commonQuery.do,official,exchange_disclosure
2013-05-20,510310,1.103074,上交所,https://query.sse.com.cn/commonQuery.do,official,exchange_disclosure
2013-05-20,510330,72.857498,上交所,https://query.sse.com.cn/commonQuery.do,official,exchange_disclosure
2013-05-21,159915,5.954588,深交所,https://stock.xueqiu.com/v5/stock/chart/kline.json,estimated,volume_turnover_inference
2013-05-21,159919,137.926389,深交所,https://stock.xueqiu.com/v5/stock/chart/kline.json,estimated,volume_turnover_inference
2013-05-21,510300,68.818425,上交所,https://query.sse.com.cn/commonQuery.do,official,exchange_disclosure
2013-05-21,510310,1.103074,上交所,https://query.sse.com.cn/commonQuery.do,official,exchange_disclosure
2013-05-21,510330,72.893498,上交所,https://query.sse.com.cn/commonQuery.do,official,exchange_disclosure
2013-05-22,159915,5.955475,深交所,https://stock.xueqiu.com/v5/stock/chart/kline.json,estimated,volume_turnover_inference
2013-05-22,159919,135.864559,深交所,https://stock.xueqiu.com/v5/stock/chart/kline.json,estimated,volume_turnover_inference
2013-05-22,510300,68.593877,上交所,https://query.sse.com.cn/commonQuery.do,official,exchange_disclosure
2013-05-22,510310,1.093074,上交所,https://query.sse.com.cn/commonQuery.do,official,exchange_disclosure
2013-05-22,510330,72.601778,上交所,https://query.sse.com.cn/commonQuery.do,official,exchange_disclosure
2013-05-23,159915,5.953082,深交所,https://stock.xueqiu.com/v5/stock/chart/kline.json,estimated,volume_turnover_inference
2013-05-23,159919,137.833520,深交所,https://stock.xueqiu.com/v5/stock/chart/kline.json,estimated,volume_turnover_inference
2013-05-23,510300,68.431877,上交所,https://query.sse.com.cn/commonQuery.do,official,exchange_disclosure
2013-05-23,510310,1.103074,上交所,https://query.sse.com.cn/commonQuery.do,official,exchange_disclosure
2013-05-23,510330,72.488498,上交所,https://query.sse.com.cn/commonQuery.do,official,exchange_disclosure
2013-05-24,159915,5.956382,深交所,https://stock.xueqiu.com/v5/stock/chart/kline.json,estimated,volume_turnover_inference
2013-05-24,159919,138.153628,深交所,https://stock.xueqiu.com/v5/stock/chart/kline.json,estimated,volume_turnover_inference
2013-05-24,510300,68.872877,上交所,https://query.sse.com.cn/commonQuery.do,official,exchange_disclosure
2013-05-24,510310,1.103074,上交所,https://query.sse.com.cn/commonQuery.do,official,exchange_disclosure
2013-05-24,510330,72.614498,上交所,https://query.sse.com.cn/commonQuery.do,official,exchange_disclosure
2013-05-27,159915,5.956239,深交所,https://stock.xueqiu.com/v5/stock/chart/kline.json,estimated,volume_turnover_inference
2013-05-27,159919,137.014579,深交所,https://stock.xueqiu.com/v5/stock/chart/kline.json,estimated,volume_turnover_inference
2013-05-27,510300,68.080877,上交所,https://query.sse.com.cn/commonQuery.do,official,exchange_disclosure
2013-05-27,510310,1.083074,上交所,https://query.sse.com.cn/commonQuery.do,official,exchange_disclosure
2013-05-27,510330,73.297666,上交所,https://query.sse.com.cn/commonQuery.do,official,exchange_disclosure
2013-05-28,159915,5.954543,深交所,https://stock.xueqiu.com/v5/stock/chart/kline.json,estimated,volume_turnover_inference
2013-05-28,159919,137.306034,深交所,https://stock.xueqiu.com/v5/stock/chart/kline.json,estimated,volume_turnover_inference
2013-05-28,510300,67.378877,上交所,https://query.sse.com.cn/commonQuery.do,official,exchange_disclosure
2013-05-28,510310,1.043074,上交所,https://query.sse.com.cn/commonQuery.do,official,exchange_disclosure
2013-05-28,510330,75.393673,上交所,https://query.sse.com.cn/commonQuery.do,official,exchange_disclosure
2013-05-29,159915,5.956132,深交所,https://stock.xueqiu.com/v5/stock/chart/kline.json,estimated,volume_turnover_inference
2013-05-29,159919,136.913736,深交所,https://stock.xueqiu.com/v5/stock/chart/kline.json,estimated,volume_turnover_inference
2013-05-29,510300,68.299877,上交所,https://query.sse.com.cn/commonQuery.do,official,exchange_disclosure
2013-05-29,510310,1.043074,上交所,https://query.sse.com.cn/commonQuery.do,official,exchange_disclosure
2013-05-29,510330,75.728498,上交所,https://query.sse.com.cn/commonQuery.do,official,exchange_disclosure
2013-05-30,159915,5.953312,深交所,https://stock.xueqiu.com/v5/stock/chart/kline.json,estimated,volume_turnover_inference
2013-05-30,159919,137.648682,深交所,https://stock.xueqiu.com/v5/stock/chart/kline.json,estimated,volume_turnover_inference
2013-05-30,510300,67.297877,上交所,https://query.sse.com.cn/commonQuery.do,official,exchange_disclosure
2013-05-30,510310,1.043074,上交所,https://query.sse.com.cn/commonQuery.do,official,exchange_disclosure
2013-05-30,510330,76.046594,上交所,https://query.sse.com.cn/commonQuery.do,official,exchange_disclosure
2013-05-31,159915,5.956589,深交所,https://stock.xueqiu.com/v5/stock/chart/kline.json,estimated,volume_turnover_inference
2013-05-31,159919,137.463879,深交所,https://stock.xueqiu.com/v5/stock/chart/kline.json,estimated,volume_turnover_inference
2013-05-31,510300,64.696877,上交所,https://query.sse.com.cn/commonQuery.do,official,exchange_disclosure
2013-05-31,510310,1.063074,上交所,https://query.sse.com.cn/commonQuery.do,official,exchange_disclosure
2013-05-31,510330,76.241498,上交所,https://query.sse.com.cn/commonQuery.do,official,exchange_disclosure
2013-06-03,159915,5.955298,深交所,https://stock.xueqiu.com/v5/stock/chart/kline.json,estimated,volume_turnover_inference
2013-06-03,159919,137.365994,深交所,https://stock.xueqiu.com/v5/stock/chart/kline.json,estimated,volume_turnover_inference
2013-06-03,510300,63.724877,上交所,https://query.sse.com.cn/commonQuery.do,official,exchange_disclosure
2013-06-03,510310,1.063074,上交所,https://query.sse.com.cn/commonQuery.do,official,exchange_disclosure
2013-06-03,510330,76.349498,上交所,https://query.sse.com.cn/commonQuery.do,official,exchange_disclosure
2013-06-04,159915,5.954415,深交所,https://stock.xueqiu.com/v5/stock/chart/kline.json,estimated,volume_turnover_inference
2013-06-04,159919,137.309947,深交所,https://stock.xueqiu.com/v5/stock/chart/kline.json,estimated,volume_turnover_inference
2013-06-04,510300,65.056877,上交所,https://query.sse.com.cn/commonQuery.do,official,exchange_disclosure
2013-06-04,510310,1.063074,上交所,https://query.sse.com.cn/commonQuery.do,official,exchange_disclosure
2013-06-04,510330,76.592428,上交所,https://query.sse.com.cn/commonQuery.do,official,exchange_disclosure
2013-06-05,159915,5.952540,深交所,https://stock.xueqiu.com/v5/stock/chart/kline.json,estimated,volume_turnover_inference
2013-06-05,159919,137.274083,深交所,https://stock.xueqiu.com/v5/stock/chart/kline.json,estimated,volume_turnover_inference
2013-06-05,510300,64.912877,上交所,https://query.sse.com.cn/commonQuery.do,official,exchange_disclosure
2013-06-05,510310,1.063074,上交所,https://query.sse.com.cn/commonQuery.do,official,exchange_disclosure
2013-06-05,510330,76.709498,上交所,https://query.sse.com.cn/commonQuery.do,official,exchange_disclosure
2013-06-06,159915,5.947523,深交所,https://stock.xueqiu.com/v5/stock/chart/kline.json,estimated,volume_turnover_inference
2013-06-06,159919,135.791213,深交所,https://stock.xueqiu.com/v5/stock/chart/kline.json,estimated,volume_turnover_inference
2013-06-06,510300,65.515877,上交所,https://query.sse.com.cn/commonQuery.do,official,exchange_disclosure
2013-06-06,510310,1.063074,上交所,https://query.sse.com.cn/commonQuery.do,official,exchange_disclosure
2013-06-06,510330,76.943498,上交所,https://query.sse.com.cn/commonQuery.do,official,exchange_disclosure
2013-06-07,159915,5.953069,深交所,https://stock.xueqiu.com/v5/stock/chart/kline.json,estimated,volume_turnover_inference
2013-06-07,159919,139.015174,深交所,https://stock.xueqiu.com/v5/stock/chart/kline.json,estimated,volume_turnover_inference
2013-06-07,510300,64.543877,上交所,https://query.sse.com.cn/commonQuery.do,official,exchange_disclosure
2013-06-07,510310,1.063074,上交所,https://query.sse.com.cn/commonQuery.do,official,exchange_disclosure
2013-06-07,510330,76.943498,上交所,https://query.sse.com.cn/commonQuery.do,official,exchange_disclosure
2013-06-13,159915,5.952816,深交所,https://stock.xueqiu.com/v5/stock/chart/kline.json,estimated,volume_turnover_inference
2013-06-13,159919,136.414659,深交所,https://stock.xueqiu.com/v5/stock/chart/kline.json,estimated,volume_turnover_inference
2013-06-13,510300,63.859877,上交所,https://query.sse.com.cn/commonQuery.do,official,exchange_disclosure
2013-06-13,510310,1.003074,上交所,https://query.sse.com.cn/commonQuery.do,official,exchange_disclosure
2013-06-13,510330,78.050498,上交所,https://query.sse.com.cn/commonQuery.do,official,exchange_disclosure
2013-06-14,159915,5.954733,深交所,https://stock.xueqiu.com/v5/stock/chart/kline.json,estimated,volume_turnover_inference
2013-06-14,159919,135.426063,深交所,https://stock.xueqiu.com/v5/stock/chart/kline.json,estimated,volume_turnover_inference
2013-06-14,510300,64.363877,上交所,https://query.sse.com.cn/commonQuery.do,official,exchange_disclosure
2013-06-14,510310,0.983074,上交所,https://query.sse.com.cn/commonQuery.do,official,exchange_disclosure
2013-06-14,510330,79.814498,上交所,https://query.sse.com.cn/commonQuery.do,official,exchange_disclosure
2013-06-17,159915,5.953224,深交所,https://stock.xueqiu.com/v5/stock/chart/kline.json,estimated,volume_turnover_inference
2013-06-17,159919,136.736336,深交所,https://stock.xueqiu.com/v5/stock/chart/kline.json,estimated,volume_turnover_inference
2013-06-17,510300,64.165431,上交所,https://query.sse.com.cn/commonQuery.do,official,exchange_disclosure
2013-06-17,510310,0.983074,上交所,https://query.sse.com.cn/commonQuery.do,official,exchange_disclosure
2013-06-17,510330,80.133152,上交所,https://query.sse.com.cn/commonQuery.do,official,exchange_disclosure
2013-06-18,159915,5.955040,深交所,https://stock.xueqiu.com/v5/stock/chart/kline.json,estimated,volume_turnover_inference
2013-06-18,159919,138.599267,深交所,https://stock.xueqiu.com/v5/stock/chart/kline.json,estimated,volume_turnover_inference
2013-06-18,510300,63.796877,上交所,https://query.sse.com.cn/commonQuery.do,official,exchange_disclosure
2013-06-18,510310,0.923074,上交所,https://query.sse.com.cn/commonQuery.do,official,exchange_disclosure
2013-06-18,510330,80.039263,上交所,https://query.sse.com.cn/commonQuery.do,official,exchange_disclosure
2013-06-19,159915,5.956376,深交所,https://stock.xueqiu.com/v5/stock/chart/kline.json,estimated,volume_turnover_inference
2013-06-19,159919,137.985090,深交所,https://stock.xueqiu.com/v5/stock/chart/kline.json,estimated,volume_turnover_inference
2013-06-19,510300,63.978690,上交所,https://query.sse.com.cn/commonQuery.do,official,exchange_disclosure
2013-06-19,510310,0.923074,上交所,https://query.sse.com.cn/commonQuery.do,official,exchange_disclosure
2013-06-19,510330,79.967498,上交所,https://query.sse.com.cn/commonQuery.do,official,exchange_disclosure
2013-06-20,159915,5.953827,深交所,https://stock.xueqiu.com/v5/stock/chart/kline.json,estimated,volume_turnover_inference
2013-06-20,159919,137.581390,深交所,https://stock.xueqiu.com/v5/stock/chart/kline.json,estimated,volume_turnover_inference
2013-06-20,510300,64.570877,上交所,https://query.sse.com.cn/commonQuery.do,official,exchange_disclosure
2013-06-20,510310,0.923074,上交所,https://query.sse.com.cn/commonQuery.do,official,exchange_disclosure
2013-06-20,510330,80.025938,上交所,https://query.sse.com.cn/commonQuery.do,official,exchange_disclosure
2013-06-21,159915,5.952095,深交所,https://stock.xueqiu.com/v5/stock/chart/kline.json,estimated,volume_turnover_inference
2013-06-21,159919,136.021395,深交所,https://stock.xueqiu.com/v5/stock/chart/kline.json,estimated,volume_turnover_inference
2013-06-21,510300,64.786877,上交所,https://query.sse.com.cn/commonQuery.do,official,exchange_disclosure
2013-06-21,510310,0.903074,上交所,https://query.sse.com.cn/commonQuery.do,official,exchange_disclosure
2013-06-21,510330,80.048498,上交所,https://query.sse.com.cn/commonQuery.do,official,exchange_disclosure
2013-06-24,159915,5.953915,深交所,https://stock.xueqiu.com/v5/stock/chart/kline.json,estimated,volume_turnover_inference
2013-06-24,159919,137.176397,深交所,https://stock.xueqiu.com/v5/stock/chart/kline.json,estimated,volume_turnover_inference
2013-06-24,510300,68.008345,上交所,https://query.sse.com.cn/commonQuery.do,official,exchange_disclosure
2013-06-24,510310,0.903074,上交所,https://query.sse.com.cn/commonQuery.do,official,exchange_disclosure
2013-06-24,510330,80.138498,上交所,https://query.sse.com.cn/commonQuery.do,official,exchange_disclosure
2013-06-25,159915,5.955422,深交所,https://stock.xueqiu.com/v5/stock/chart/kline.json,estimated,volume_turnover_inference
2013-06-25,159919,137.496262,深交所,https://stock.xueqiu.com/v5/stock/chart/kline.json,estimated,volume_turnover_inference
2013-06-25,510300,71.527877,上交所,https://query.sse.com.cn/commonQuery.do,official,exchange_disclosure
2013-06-25,510310,0.923074,上交所,https://query.sse.com.cn/commonQuery.do,official,exchange_disclosure
2013-06-25,510330,81.866498,上交所,https://query.sse.com.cn/commonQuery.do,official,exchange_disclosure
2013-06-26,159915,5.954642,深交所,https://stock.xueqiu.com/v5/stock/chart/kline.json,estimated,volume_turnover_inference
2013-06-26,159919,137.881987,深交所,https://stock.xueqiu.com/v5/stock/chart/kline.json,estimated,volume_turnover_inference
2013-06-26,510300,70.780877,上交所,https://query.sse.com.cn/commonQuery.do,official,exchange_disclosure
2013-06-26,510310,0.883074,上交所,https://query.sse.com.cn/commonQuery.do,official,exchange_disclosure
2013-06-26,510330,82.613498,上交所,https://query.sse.com.cn/commonQuery.do,official,exchange_disclosure
2013-06-27,159915,5.955558,深交所,https://stock.xueqiu.com/v5/stock/chart/kline.json,estimated,volume_turnover_inference
2013-06-27,159919,138.395343,深交所,https://stock.xueqiu.com/v5/stock/chart/kline.json,estimated,volume_turnover_inference
2013-06-27,510300,70.960877,上交所,https://query.sse.com.cn/commonQuery.do,official,exchange_disclosure
2013-06-27,510310,0.843074,上交所,https://query.sse.com.cn/commonQuery.do,official,exchange_disclosure
2013-06-27,510330,84.593498,上交所,https://query.sse.com.cn/commonQuery.do,official,exchange_disclosure
2013-06-28,159915,5.954134,深交所,https://stock.xueqiu.com/v5/stock/chart/kline.json,estimated,volume_turnover_inference
2013-06-28,159919,138.086816,深交所,https://stock.xueqiu.com/v5/stock/chart/kline.json,estimated,volume_turnover_inference
2013-06-28,510300,71.473877,上交所,https://query.sse.com.cn/commonQuery.do,official,exchange_disclosure
2013-06-28,510310,0.843074,上交所,https://query.sse.com.cn/commonQuery.do,official,exchange_disclosure
2013-06-28,510330,84.669835,上交所,https://query.sse.com.cn/commonQuery.do,official,exchange_disclosure
2013-07-01,159915,5.953999,深交所,https://stock.xueqiu.com/v5/stock/chart/kline.json,estimated,volume_turnover_inference
2013-07-01,159919,136.223049,深交所,https://stock.xueqiu.com/v5/stock/chart/kline.json,estimated,volume_turnover_inference
2013-07-01,510300,71.257877,上交所,https://query.sse.com.cn/commonQuery.do,official,exchange_disclosure
2013-07-01,510310,0.823074,上交所,https://query.sse.com.cn/commonQuery.do,official,exchange_disclosure
2013-07-01,510330,84.789591,上交所,https://query.sse.com.cn/commonQuery.do,official,exchange_disclosure
2013-07-02,159915,6.154665,深交所,https://stock.xueqiu.com/v5/stock/chart/kline.json,estimated,volume_turnover_inference
2013-07-02,159919,127.136432,深交所,https://stock.xueqiu.com/v5/stock/chart/kline.json,estimated,volume_turnover_inference
2013-07-02,510300,68.530449,上交所,https://query.sse.com.cn/commonQuery.do,official,exchange_disclosure
2013-07-02,510310,0.803074,上交所,https://query.sse.com.cn/commonQuery.do,official,exchange_disclosure
2013-07-02,510330,88.850498,上交所,https://query.sse.com.cn/commonQuery.do,official,exchange_disclosure
2013-07-03,159915,6.154277,深交所,https://stock.xueqiu.com/v5/stock/chart/kline.json,estimated,volume_turnover_inference
2013-07-03,159919,126.109589,深交所,https://stock.xueqiu.com/v5/stock/chart/kline.json,estimated,volume_turnover_inference
2013-07-03,510300,67.162877,上交所,https://query.sse.com.cn/commonQuery.do,official,exchange_disclosure
2013-07-03,510310,0.803074,上交所,https://query.sse.com.cn/commonQuery.do,official,exchange_disclosure
2013-07-03,510330,91.116226,上交所,https://query.sse.com.cn/commonQuery.do,official,exchange_disclosure
2013-07-04,159915,6.153922,深交所,https://stock.xueqiu.com/v5/stock/chart/kline.json,estimated,volume_turnover_inference
2013-07-04,159919,127.164125,深交所,https://stock.xueqiu.com/v5/stock/chart/kline.json,estimated,volume_turnover_inference
2013-07-04,510300,65.767877,上交所,https://query.sse.com.cn/commonQuery.do,official,exchange_disclosure
2013-07-04,510310,0.803074,上交所,https://query.sse.com.cn/commonQuery.do,official,exchange_disclosure
2013-07-04,510330,92.414491,上交所,https://query.sse.com.cn/commonQuery.do,official,exchange_disclosure
2013-07-05,159915,6.154300,深交所,https://stock.xueqiu.com/v5/stock/chart/kline.json,estimated,volume_turnover_inference
2013-07-05,159919,126.051470,深交所,https://stock.xueqiu.com/v5/stock/chart/kline.json,estimated,volume_turnover_inference
2013-07-05,510300,65.272877,上交所,https://query.sse.com.cn/commonQuery.do,official,exchange_disclosure
2013-07-05,510310,0.763074,上交所,https://query.sse.com.cn/commonQuery.do,official,exchange_disclosure
2013-07-05,510330,92.423498,上交所,https://query.sse.com.cn/commonQuery.do,official,exchange_disclosure
2013-07-08,159915,6.154757,深交所,https://stock.xueqiu.com/v5/stock/chart/kline.json,estimated,volume_turnover_inference
2013-07-08,159919,126.512851,深交所,https://stock.xueqiu.com/v5/stock/chart/kline.json,estimated,volume_turnover_inference
2013-07-08,510300,65.695877,上交所,https://query.sse.com.cn/commonQuery.do,official,exchange_disclosure
2013-07-08,510310,0.765837,上交所,https://query.sse.com.cn/commonQuery.do,official,exchange_disclosure
2013-07-08,510330,92.453505,上交所,https://query.sse.com.cn/commonQuery.do,official,exchange_disclosure
2013-07-09,159915,6.153526,深交所,https://stock.xueqiu.com/v5/stock/chart/kline.json,estimated,volume_turnover_inference
2013-07-09,159919,126.859587,深交所,https://stock.xueqiu.com/v5/stock/chart/kline.json,estimated,volume_turnover_inference
2013-07-09,510300,67.927877,上交所,https://query.sse.com.cn/commonQuery.do,official,exchange_disclosure
2013-07-09,510310,0.783074,上交所,https://query.sse.com.cn/commonQuery.do,official,exchange_disclosure
2013-07-09,510330,92.509459,上交所,https://query.sse.com.cn/commonQuery.do,official,exchange_disclosure
2013-07-10,159915,6.155322,深交所,https://stock.xueqiu.com/v5/stock/chart/kline.json,estimated,volume_turnover_inference
2013-07-10,159919,125.210781,深交所,https://stock.xueqiu.com/v5/stock/chart/kline.json,estimated,volume_turnover_inference
2013-07-10,510300,66.658877,上交所,https://query.sse.com.cn/commonQuery.do,official,exchange_disclosure
2013-07-10,510310,0.783074,上交所,https://query.sse.com.cn/commonQuery.do,official,exchange_disclosure
2013-07-10,510330,92.521448,上交所,https://query.sse.com.cn/commonQuery.do,official,exchange_disclosure
2013-07-11,159915,6.156611,深交所,https://stock.xueqiu.com/v5/stock/chart/kline.json,estimated,volume_turnover_inference
2013-07-11,159919,126.633397,深交所,https://stock.xueqiu.com/v5/stock/chart/kline.json,estimated,volume_turnover_inference
2013-07-11,510300,67.990877,上交所,https://query.sse.com.cn/commonQuery.do,official,exchange_disclosure
2013-07-11,510310,0.763074,上交所,https://query.sse.com.cn/commonQuery.do,official,exchange_disclosure
2013-07-11,510330,92.693498,上交所,https://query.sse.com.cn/commonQuery.do,official,exchange_disclosure
2013-07-12,159915,6.153876,深交所,https://stock.xueqiu.com/v5/stock/chart/kline.json,estimated,volume_turnover_inference
2013-07-12,159919,126.783054,深交所,https://stock.xueqiu.com/v5/stock/chart/kline.json,estimated,volume_turnover_inference
2013-07-12,510300,71.644877,上交所,https://query.sse.com.cn/commonQuery.do,official,exchange_disclosure
2013-07-12,510310,0.763074,上交所,https://query.sse.com.cn/commonQuery.do,official,exchange_disclosure
2013-07-12,510330,92.675498,上交所,https://query.sse.com.cn/commonQuery.do,official,exchange_disclosure
2013-07-15,159915,6.153669,深交所,https://stock.xueqiu.com/v5/stock/chart/kline.json,estimated,volume_turnover_inference
2013-07-15,159919,127.427538,深交所,https://stock.xueqiu.com/v5/stock/chart/kline.json,estimated,volume_turnover_inference
2013-07-15,510300,71.662877,上交所,https://query.sse.com.cn/commonQuery.do,official,exchange_disclosure
2013-07-15,510310,0.763074,上交所,https://query.sse.com.cn/commonQuery.do,official,exchange_disclosure
2013-07-15,510330,92.702498,上交所,https://query.sse.com.cn/commonQuery.do,official,exchange_disclosure
2013-07-16,159915,6.154512,深交所,https://stock.xueqiu.com/v5/stock/chart/kline.json,estimated,volume_turnover_inference
2013-07-16,159919,127.749289,深交所,https://stock.xueqiu.com/v5/stock/chart/kline.json,estimated,volume_turnover_inference
2013-07-16,510300,69.141926,上交所,https://query.sse.com.cn/commonQuery.do,official,exchange_disclosure
2013-07-16,510310,0.750306,上交所,https://query.sse.com.cn/commonQuery.do,official,exchange_disclosure
2013-07-16,510330,92.639498,上交所,https://query.sse.com.cn/commonQuery.do,official,exchange_disclosure
2013-07-17,159915,6.154872,深交所,https://stock.xueqiu.com/v5/stock/chart/kline.json,estimated,volume_turnover_inference
2013-07-17,159919,128.323188,深交所,https://stock.xueqiu.com/v5/stock/chart/kline.json,estimated,volume_turnover_inference
2013-07-17,510300,69.008271,上交所,https://query.sse.com.cn/commonQuery.do,official,exchange_disclosure
2013-07-17,510310,0.743074,上交所,https://query.sse.com.cn/commonQuery.do,official,exchange_disclosure
2013-07-17,510330,92.702498,上交所,https://query.sse.com.cn/commonQuery.do,official,exchange_disclosure
2013-07-18,159915,6.154930,深交所,https://stock.xueqiu.com/v5/stock/chart/kline.json,estimated,volume_turnover_inference
2013-07-18,159919,124.419100,深交所,https://stock.xueqiu.com/v5/stock/chart/kline.json,estimated,volume_turnover_inference
2013-07-18,510300,68.161877,上交所,https://query.sse.com.cn/commonQuery.do,official,exchange_disclosure
2013-07-18,510310,0.743074,上交所,https://query.sse.com.cn/commonQuery.do,official,exchange_disclosure
2013-07-18,510330,92.639498,上交所,https://query.sse.com.cn/commonQuery.do,official,exchange_disclosure
2013-07-19,159915,6.154817,深交所,https://stock.xueqiu.com/v5/stock/chart/kline.json,estimated,volume_turnover_inference
2013-07-19,159919,126.134723,深交所,https://stock.xueqiu.com/v5/stock/chart/kline.json,estimated,volume_turnover_inference
2013-07-19,510300,67.558877,上交所,https://query.sse.com.cn/commonQuery.do,official,exchange_disclosure
2013-07-19,510310,0.743074,上交所,https://query.sse.com.cn/commonQuery.do,official,exchange_disclosure
2013-07-19,510330,92.693156,上交所,https://query.sse.com.cn/commonQuery.do,official,exchange_disclosure
2013-07-22,159915,6.154190,深交所,https://stock.xueqiu.com/v5/stock/chart/kline.json,estimated,volume_turnover_inference
2013-07-22,159919,126.827982,深交所,https://stock.xueqiu.com/v5/stock/chart/kline.json,estimated,volume_turnover_inference
2013-07-22,510300,66.280877,上交所,https://query.sse.com.cn/commonQuery.do,official,exchange_disclosure
2013-07-22,510310,0.743074,上交所,https://query.sse.com.cn/commonQuery.do,official,exchange_disclosure
2013-07-22,510330,92.630498,上交所,https://query.sse.com.cn/commonQuery.do,official,exchange_disclosure
2013-07-23,159915,6.154382,深交所,https://stock.xueqiu.com/v5/stock/chart/kline.json,estimated,volume_turnover_inference
2013-07-23,159919,125.749727,深交所,https://stock.xueqiu.com/v5/stock/chart/kline.json,estimated,volume_turnover_inference
2013-07-23,510300,65.722877,上交所,https://query.sse.com.cn/commonQuery.do,official,exchange_disclosure
2013-07-23,510310,0.743074,上交所,https://query.sse.com.cn/commonQuery.do,official,exchange_disclosure
2013-07-23,510330,92.549498,上交所,https://query.sse.com.cn/commonQuery.do,official,exchange_disclosure
2013-07-24,159915,6.154797,深交所,https://stock.xueqiu.com/v5/stock/chart/kline.json,estimated,volume_turnover_inference
2013-07-24,159919,125.473181,深交所,https://stock.xueqiu.com/v5/stock/chart/kline.json,estimated,volume_turnover_inference
2013-07-24,510300,65.223877,上交所,https://query.sse.com.cn/commonQuery.do,official,exchange_disclosure
2013-07-24,510310,0.743074,上交所,https://query.sse.com.cn/commonQuery.do,official,exchange_disclosure
2013-07-24,510330,92.072498,上交所,https://query.sse.com.cn/commonQuery.do,official,exchange_disclosure
2013-07-25,159915,6.154775,深交所,https://stock.xueqiu.com/v5/stock/chart/kline.json,estimated,volume_turnover_inference
2013-07-25,159919,125.171413,深交所,https://stock.xueqiu.com/v5/stock/chart/kline.json,estimated,volume_turnover_inference
2013-07-25,510300,65.641833,上交所,https://query.sse.com.cn/commonQuery.do,official,exchange_disclosure
2013-07-25,510310,0.743074,上交所,https://query.sse.com.cn/commonQuery.do,official,exchange_disclosure
2013-07-25,510330,88.688498,上交所,https://query.sse.com.cn/commonQuery.do,official,exchange_disclosure
2013-07-26,159915,6.154209,深交所,https://stock.xueqiu.com/v5/stock/chart/kline.json,estimated,volume_turnover_inference
2013-07-26,159919,125.532974,深交所,https://stock.xueqiu.com/v5/stock/chart/kline.json,estimated,volume_turnover_inference
2013-07-26,510300,64.930877,上交所,https://query.sse.com.cn/commonQuery.do,official,exchange_disclosure
2013-07-26,510310,0.723074,上交所,https://query.sse.com.cn/commonQuery.do,official,exchange_disclosure
2013-07-26,510330,88.625498,上交所,https://query.sse.com.cn/commonQuery.do,official,exchange_disclosure
2013-07-29,159915,6.154783,深交所,https://stock.xueqiu.com/v5/stock/chart/kline.json,estimated,volume_turnover_inference
2013-07-29,159919,126.257912,深交所,https://stock.xueqiu.com/v5/stock/chart/kline.json,estimated,volume_turnover_inference
2013-07-29,510300,63.772667,上交所,https://query.sse.com.cn/commonQuery.do,official,exchange_disclosure
2013-07-29,510310,0.723074,上交所,https://query.sse.com.cn/commonQuery.do,official,exchange_disclosure
2013-07-29,510330,88.616498,上交所,https://query.sse.com.cn/commonQuery.do,official,exchange_disclosure
2013-07-30,159915,6.155028,深交所,https://stock.xueqiu.com/v5/stock/chart/kline.json,estimated,volume_turnover_inference
2013-07-30,159919,126.567429,深交所,https://stock.xueqiu.com/v5/stock/chart/kline.json,estimated,volume_turnover_inference
2013-07-30,510300,64.849877,上交所,https://query.sse.com.cn/commonQuery.do,official,exchange_disclosure
2013-07-30,510310,0.723074,上交所,https://query.sse.com.cn/commonQuery.do,official,exchange_disclosure
2013-07-30,510330,88.733498,上交所,https://query.sse.com.cn/commonQuery.do,official,exchange_disclosure
2013-07-31,159915,6.154007,深交所,https://stock.xueqiu.com/v5/stock/chart/kline.json,estimated,volume_turnover_inference
2013-07-31,159919,126.197587,深交所,https://stock.xueqiu.com/v5/stock/chart/kline.json,estimated,volume_turnover_inference
2013-07-31,510300,64.462411,上交所,https://query.sse.com.cn/commonQuery.do,official,exchange_disclosure
2013-07-31,510310,0.723074,上交所,https://query.sse.com.cn/commonQuery.do,official,exchange_disclosure
2013-07-31,510330,88.598498,上交所,https://query.sse.com.cn/commonQuery.do,official,exchange_disclosure
2013-08-01,159915,6.154571,深交所,https://stock.xueqiu.com/v5/stock/chart/kline.json,estimated,volume_turnover_inference
2013-08-01,159919,126.158797,深交所,https://stock.xueqiu.com/v5/stock/chart/kline.json,estimated,volume_turnover_inference
2013-08-01,510300,65.215009,上交所,https://query.sse.com.cn/commonQuery.do,official,exchange_disclosure
2013-08-01,510310,0.723074,上交所,https://query.sse.com.cn/commonQuery.do,official,exchange_disclosure
2013-08-01,510330,89.048498,上交所,https://query.sse.com.cn/commonQuery.do,official,exchange_disclosure
2013-08-02,159915,6.154490,深交所,https://stock.xueqiu.com/v5/stock/chart/kline.json,estimated,volume_turnover_inference
2013-08-02,159919,126.278193,深交所,https://stock.xueqiu.com/v5/stock/chart/kline.json,estimated,volume_turnover_inference
2013-08-02,510300,66.019877,上交所,https://query.sse.com.cn/commonQuery.do,official,exchange_disclosure
2013-08-02,510310,0.723074,上交所,https://query.sse.com.cn/commonQuery.do,official,exchange_disclosure
2013-08-02,510330,89.228498,上交所,https://query.sse.com.cn/commonQuery.do,official,exchange_disclosure
2013-08-05,159915,6.153817,深交所,https://stock.xueqiu.com/v5/stock/chart/kline.json,estimated,volume_turnover_inference
2013-08-05,159919,125.525107,深交所,https://stock.xueqiu.com/v5/stock/chart/kline.json,estimated,volume_turnover_inference
2013-08-05,510300,65.866864,上交所,https://query.sse.com.cn/commonQuery.do,official,exchange_disclosure
2013-08-05,510310,0.723074,上交所,https://query.sse.com.cn/commonQuery.do,official,exchange_disclosure
2013-08-05,510330,89.363498,上交所,https://query.sse.com.cn/commonQuery.do,official,exchange_disclosure
2013-08-06,159915,6.154121,深交所,https://stock.xueqiu.com/v5/stock/chart/kline.json,estimated,volume_turnover_inference
2013-08-06,159919,125.716592,深交所,https://stock.xueqiu.com/v5/stock/chart/kline.json,estimated,volume_turnover_inference
2013-08-06,510300,65.785877,上交所,https://query.sse.com.cn/commonQuery.do,official,exchange_disclosure
2013-08-06,510310,0.723074,上交所,https://query.sse.com.cn/commonQuery.do,official,exchange_disclosure
2013-08-06,510330,89.318498,上交所,https://query.sse.com.cn/commonQuery.do,official,exchange_disclosure
2013-08-07,159915,6.154843,深交所,https://stock.xueqiu.com/v5/stock/chart/kline.json,estimated,volume_turnover_inference
2013-08-07,159919,128.501868,深交所,https://stock.xueqiu.com/v5/stock/chart/kline.json,estimated,volume_turnover_inference
2013-08-07,510300,65.839877,上交所,https://query.sse.com.cn/commonQuery.do,official,exchange_disclosure
2013-08-07,510310,0.723074,上交所,https://query.sse.com.cn/commonQuery.do,official,exchange_disclosure
2013-08-07,510330,88.514061,上交所,https://query.sse.com.cn/commonQuery.do,official,exchange_disclosure
2013-08-08,159915,6.155171,深交所,https://stock.xueqiu.com/v5/stock/chart/kline.json,estimated,volume_turnover_inference
2013-08-08,159919,129.297673,深交所,https://stock.xueqiu.com/v5/stock/chart/kline.json,estimated,volume_turnover_inference
2013-08-08,510300,66.226877,上交所,https://query.sse.com.cn/commonQuery.do,official,exchange_disclosure
2013-08-08,510310,0.723074,上交所,https://query.sse.com.cn/commonQuery.do,official,exchange_disclosure
2013-08-08,510330,88.454498,上交所,https://query.sse.com.cn/commonQuery.do,official,exchange_disclosure
2013-08-09,159915,6.153566,深交所,https://stock.xueqiu.com/v5/stock/chart/kline.json,estimated,volume_turnover_inference
2013-08-09,159919,124.629433,深交所,https://stock.xueqiu.com/v5/stock/chart/kline.json,estimated,volume_turnover_inference
2013-08-09,510300,66.576949,上交所,https://query.sse.com.cn/commonQuery.do,official,exchange_disclosure
2013-08-09,510310,0.723074,上交所,https://query.sse.com.cn/commonQuery.do,official,exchange_disclosure
2013-08-09,510330,88.400498,上交所,https://query.sse.com.cn/commonQuery.do,official,exchange_disclosure
2013-08-12,159915,6.155119,深交所,https://stock.xueqiu.com/v5/stock/chart/kline.json,estimated,volume_turnover_inference
2013-08-12,159919,127.771647,深交所,https://stock.xueqiu.com/v5/stock/chart/kline.json,estimated,volume_turnover_inference
2013-08-12,510300,67.878366,上交所,https://query.sse.com.cn/commonQuery.do,official,exchange_disclosure
2013-08-12,510310,0.723074,上交所,https://query.sse.com.cn/commonQuery.do,official,exchange_disclosure
2013-08-12,510330,88.490498,上交所,https://query.sse.com.cn/commonQuery.do,official,exchange_disclosure
2013-08-13,159915,6.155554,深交所,https://stock.xueqiu.com/v5/stock/chart/kline.json,estimated,volume_turnover_inference
2013-08-13,159919,126.874105,深交所,https://stock.xueqiu.com/v5/stock/chart/kline.json,estimated,volume_turnover_inference
2013-08-13,510300,67.405877,上交所,https://query.sse.com.cn/commonQuery.do,official,exchange_disclosure
2013-08-13,510310,0.723074,上交所,https://query.sse.com.cn/commonQuery.do,official,exchange_disclosure
2013-08-13,510330,88.202498,上交所,https://query.sse.com.cn/commonQuery.do,official,exchange_disclosure
2013-08-14,159915,6.155081,深交所,https://stock.xueqiu.com/v5/stock/chart/kline.json,estimated,volume_turnover_inference
2013-08-14,159919,126.399068,深交所,https://stock.xueqiu.com/v5/stock/chart/kline.json,estimated,volume_turnover_inference
2013-08-14,510300,67.225877,上交所,https://query.sse.com.cn/commonQuery.do,official,exchange_disclosure
2013-08-14,510310,0.723074,上交所,https://query.sse.com.cn/commonQuery.do,official,exchange_disclosure
2013-08-14,510330,88.139498,上交所,https://query.sse.com.cn/commonQuery.do,official,exchange_disclosure
2013-08-15,159915,6.154615,深交所,https://stock.xueqiu.com/v5/stock/chart/kline.json,estimated,volume_turnover_inference
2013-08-15,159919,127.185658,深交所,https://stock.xueqiu.com/v5/stock/chart/kline.json,estimated,volume_turnover_inference
2013-08-15,510300,67.180877,上交所,https://query.sse.com.cn/commonQuery.do,official,exchange_disclosure
2013-08-15,510310,0.723074,上交所,https://query.sse.com.cn/commonQuery.do,official,exchange_disclosure
2013-08-15,510330,88.198454,上交所,https://query.sse.com.cn/commonQuery.do,official,exchange_disclosure
2013-08-16,159915,6.154154,深交所,https://stock.xueqiu.com/v5/stock/chart/kline.json,estimated,volume_turnover_inference
2013-08-16,159919,126.841597,深交所,https://stock.xueqiu.com/v5/stock/chart/kline.json,estimated,volume_turnover_inference
2013-08-16,510300,66.037877,上交所,https://query.sse.com.cn/commonQuery.do,official,exchange_disclosure
2013-08-16,510310,0.723074,上交所,https://query.sse.com.cn/commonQuery.do,official,exchange_disclosure
2013-08-16,510330,88.130498,上交所,https://query.sse.com.cn/commonQuery.do,official,exchange_disclosure
2013-08-19,159915,6.154212,深交所,https://stock.xueqiu.com/v5/stock/chart/kline.json,estimated,volume_turnover_inference
2013-08-19,159919,126.242334,深交所,https://stock.xueqiu.com/v5/stock/chart/kline.json,estimated,volume_turnover_inference
2013-08-19,510300,66.505877,上交所,https://query.sse.com.cn/commonQuery.do,official,exchange_disclosure
2013-08-19,510310,0.723074,上交所,https://query.sse.com.cn/commonQuery.do,official,exchange_disclosure
2013-08-19,510330,87.527498,上交所,https://query.sse.com.cn/commonQuery.do,official,exchange_disclosure
2013-08-20,159915,6.154118,深交所,https://stock.xueqiu.com/v5/stock/chart/kline.json,estimated,volume_turnover_inference
2013-08-20,159919,126.741281,深交所,https://stock.xueqiu.com/v5/stock/chart/kline.json,estimated,volume_turnover_inference
2013-08-20,510300,65.290877,上交所,https://query.sse.com.cn/commonQuery.do,official,exchange_disclosure
2013-08-20,510310,0.723074,上交所,https://query.sse.com.cn/commonQuery.do,official,exchange_disclosure
2013-08-20,510330,85.277498,上交所,https://query.sse.com.cn/commonQuery.do,official,exchange_disclosure
2013-08-21,159915,6.154388,深交所,https://stock.xueqiu.com/v5/stock/chart/kline.json,estimated,volume_turnover_inference
2013-08-21,159919,127.481005,深交所,https://stock.xueqiu.com/v5/stock/chart/kline.json,estimated,volume_turnover_inference
2013-08-21,510300,65.737483,上交所,https://query.sse.com.cn/commonQuery.do,official,exchange_disclosure
2013-08-21,510310,0.723074,上交所,https://query.sse.com.cn/commonQuery.do,official,exchange_disclosure
2013-08-21,510330,85.304498,上交所,https://query.sse.com.cn/commonQuery.do,official,exchange_disclosure
2013-08-22,159915,6.155607,深交所,https://stock.xueqiu.com/v5/stock/chart/kline.json,estimated,volume_turnover_inference
2013-08-22,159919,127.420136,深交所,https://stock.xueqiu.com/v5/stock/chart/kline.json,estimated,volume_turnover_inference
2013-08-22,510300,66.226877,上交所,https://query.sse.com.cn/commonQuery.do,official,exchange_disclosure
2013-08-22,510310,0.723074,上交所,https://query.sse.com.cn/commonQuery.do,official,exchange_disclosure
2013-08-22,510330,81.731498,上交所,https://query.sse.com.cn/commonQuery.do,official,exchange_disclosure
2013-08-23,159915,6.155061,深交所,https://stock.xueqiu.com/v5/stock/chart/kline.json,estimated,volume_turnover_inference
2013-08-23,159919,126.848746,深交所,https://stock.xueqiu.com/v5/stock/chart/kline.json,estimated,volume_turnover_inference
2013-08-23,510300,66.041327,上交所,https://query.sse.com.cn/commonQuery.do,official,exchange_disclosure
2013-08-23,510310,0.723074,上交所,https://query.sse.com.cn/commonQuery.do,official,exchange_disclosure
2013-08-23,510330,81.596498,上交所,https://query.sse.com.cn/commonQuery.do,official,exchange_disclosure
2013-08-26,159915,6.154133,深交所,https://stock.xueqiu.com/v5/stock/chart/kline.json,estimated,volume_turnover_inference
2013-08-26,159919,126.337684,深交所,https://stock.xueqiu.com/v5/stock/chart/kline.json,estimated,volume_turnover_inference
2013-08-26,510300,65.929877,上交所,https://query.sse.com.cn/commonQuery.do,official,exchange_disclosure
2013-08-26,510310,0.723074,上交所,https://query.sse.com.cn/commonQuery.do,official,exchange_disclosure
2013-08-26,510330,80.606498,上交所,https://query.sse.com.cn/commonQuery.do,official,exchange_disclosure
2013-08-27,159915,6.155741,深交所,https://stock.xueqiu.com/v5/stock/chart/kline.json,estimated,volume_turnover_inference
2013-08-27,159919,124.936632,深交所,https://stock.xueqiu.com/v5/stock/chart/kline.json,estimated,volume_turnover_inference
2013-08-27,510300,65.290877,上交所,https://query.sse.com.cn/commonQuery.do,official,exchange_disclosure
2013-08-27,510310,0.723074,上交所,https://query.sse.com.cn/commonQuery.do,official,exchange_disclosure
2013-08-27,510330,80.480381,上交所,https://query.sse.com.cn/commonQuery.do,official,exchange_disclosure
2013-08-28,159915,6.155848,深交所,https://stock.xueqiu.com/v5/stock/chart/kline.json,estimated,volume_turnover_inference
2013-08-28,159919,127.694374,深交所,https://stock.xueqiu.com/v5/stock/chart/kline.json,estimated,volume_turnover_inference
2013-08-28,510300,64.606877,上交所,https://query.sse.com.cn/commonQuery.do,official,exchange_disclosure
2013-08-28,510310,0.723074,上交所,https://query.sse.com.cn/commonQuery.do,official,exchange_disclosure
2013-08-28,510330,80.408498,上交所,https://query.sse.com.cn/commonQuery.do,official,exchange_disclosure
2013-08-29,159915,6.154894,深交所,https://stock.xueqiu.com/v5/stock/chart/kline.json,estimated,volume_turnover_inference
2013-08-29,159919,127.949504,深交所,https://stock.xueqiu.com/v5/stock/chart/kline.json,estimated,volume_turnover_inference
2013-08-29,510300,64.489877,上交所,https://query.sse.com.cn/commonQuery.do,official,exchange_disclosure
2013-08-29,510310,0.723074,上交所,https://query.sse.com.cn/commonQuery.do,official,exchange_disclosure
2013-08-29,510330,80.363498,上交所,https://query.sse.com.cn/commonQuery.do,official,exchange_disclosure
2013-08-30,159915,6.154631,深交所,https://stock.xueqiu.com/v5/stock/chart/kline.json,estimated,volume_turnover_inference
2013-08-30,159919,127.949036,深交所,https://stock.xueqiu.com/v5/stock/chart/kline.json,estimated,volume_turnover_inference
2013-08-30,510300,64.354877,上交所,https://query.sse.com.cn/commonQuery.do,official,exchange_disclosure
2013-08-30,510310,0.723074,上交所,https://query.sse.com.cn/commonQuery.do,official,exchange_disclosure
2013-08-30,510330,80.273498,上交所,https://query.sse.com.cn/commonQuery.do,official,exchange_disclosure
2013-09-02,159915,6.153581,深交所,https://stock.xueqiu.com/v5/stock/chart/kline.json,estimated,volume_turnover_inference
2013-09-02,159919,127.632924,深交所,https://stock.xueqiu.com/v5/stock/chart/kline.json,estimated,volume_turnover_inference
2013-09-02,510300,65.569877,上交所,https://query.sse.com.cn/commonQuery.do,official,exchange_disclosure
2013-09-02,510310,0.723074,上交所,https://query.sse.com.cn/commonQuery.do,official,exchange_disclosure
2013-09-02,510330,80.318691,上交所,https://query.sse.com.cn/commonQuery.do,official,exchange_disclosure
2013-09-03,159915,6.153462,深交所,https://stock.xueqiu.com/v5/stock/chart/kline.json,estimated,volume_turnover_inference
2013-09-03,159919,125.959450,深交所,https://stock.xueqiu.com/v5/stock/chart/kline.json,estimated,volume_turnover_inference
2013-09-03,510300,65.434351,上交所,https://query.sse.com.cn/commonQuery.do,official,exchange_disclosure
2013-09-03,510310,0.723074,上交所,https://query.sse.com.cn/commonQuery.do,official,exchange_disclosure
2013-09-03,510330,80.345498,上交所,https://query.sse.com.cn/commonQuery.do,official,exchange_disclosure
2013-09-04,159915,6.153953,深交所,https://stock.xueqiu.com/v5/stock/chart/kline.json,estimated,volume_turnover_inference
2013-09-04,159919,124.230258,深交所,https://stock.xueqiu.com/v5/stock/chart/kline.json,estimated,volume_turnover_inference
2013-09-04,510300,65.173877,上交所,https://query.sse.com.cn/commonQuery.do,official,exchange_disclosure
2013-09-04,510310,0.723074,上交所,https://query.sse.com.cn/commonQuery.do,official,exchange_disclosure
2013-09-04,510330,80.241005,上交所,https://query.sse.com.cn/commonQuery.do,official,exchange_disclosure
2013-09-05,159915,6.155149,深交所,https://stock.xueqiu.com/v5/stock/chart/kline.json,estimated,volume_turnover_inference
2013-09-05,159919,123.517626,深交所,https://stock.xueqiu.com/v5/stock/chart/kline.json,estimated,volume_turnover_inference
2013-09-05,510300,65.119877,上交所,https://query.sse.com.cn/commonQuery.do,official,exchange_disclosure
2013-09-05,510310,0.723074,上交所,https://query.sse.com.cn/commonQuery.do,official,exchange_disclosure
2013-09-05,510330,80.291498,上交所,https://query.sse.com.cn/commonQuery.do,official,exchange_disclosure
2013-09-06,159915,6.153529,深交所,https://stock.xueqiu.com/v5/stock/chart/kline.json,estimated,volume_turnover_inference
2013-09-06,159919,124.748715,深交所,https://stock.xueqiu.com/v5/stock/chart/kline.json,estimated,volume_turnover_inference
2013-09-06,510300,64.250819,上交所,https://query.sse.com.cn/commonQuery.do,official,exchange_disclosure
2013-09-06,510310,0.703074,上交所,https://query.sse.com.cn/commonQuery.do,official,exchange_disclosure
2013-09-06,510330,80.489498,上交所,https://query.sse.com.cn/commonQuery.do,official,exchange_disclosure
2013-09-09,159915,6.156347,深交所,https://stock.xueqiu.com/v5/stock/chart/kline.json,estimated,volume_turnover_inference
2013-09-09,159919,127.072566,深交所,https://stock.xueqiu.com/v5/stock/chart/kline.json,estimated,volume_turnover_inference
2013-09-09,510300,62.689877,上交所,https://query.sse.com.cn/commonQuery.do,official,exchange_disclosure
2013-09-09,510310,0.703074,上交所,https://query.sse.com.cn/commonQuery.do,official,exchange_disclosure
2013-09-09,510330,80.489498,上交所,https://query.sse.com.cn/commonQuery.do,official,exchange_disclosure
2013-09-10,159915,6.157127,深交所,https://stock.xueqiu.com/v5/stock/chart/kline.json,estimated,volume_turnover_inference
2013-09-10,159919,126.924661,深交所,https://stock.xueqiu.com/v5/stock/chart/kline.json,estimated,volume_turnover_inference
2013-09-10,510300,62.095877,上交所,https://query.sse.com.cn/commonQuery.do,official,exchange_disclosure
2013-09-10,510310,0.683074,上交所,https://query.sse.com.cn/commonQuery.do,official,exchange_disclosure
2013-09-10,510330,80.183498,上交所,https://query.sse.com.cn/commonQuery.do,official,exchange_disclosure
2013-09-11,159915,6.153616,深交所,https://stock.xueqiu.com/v5/stock/chart/kline.json,estimated,volume_turnover_inference
2013-09-11,159919,126.662067,深交所,https://stock.xueqiu.com/v5/stock/chart/kline.json,estimated,volume_turnover_inference
2013-09-11,510300,61.483775,上交所,https://query.sse.com.cn/commonQuery.do,official,exchange_disclosure
2013-09-11,510310,0.683074,上交所,https://query.sse.com.cn/commonQuery.do,official,exchange_disclosure
2013-09-11,510330,79.697498,上交所,https://query.sse.com.cn/commonQuery.do,official,exchange_disclosure
2013-09-12,159915,6.154864,深交所,https://stock.xueqiu.com/v5/stock/chart/kline.json,estimated,volume_turnover_inference
2013-09-12,159919,126.957193,深交所,https://stock.xueqiu.com/v5/stock/chart/kline.json,estimated,volume_turnover_inference
2013-09-12,510300,61.140469,上交所,https://query.sse.com.cn/commonQuery.do,official,exchange_disclosure
2013-09-12,510310,0.683074,上交所,https://query.sse.com.cn/commonQuery.do,official,exchange_disclosure
2013-09-12,510330,79.607498,上交所,https://query.sse.com.cn/commonQuery.do,official,exchange_disclosure
2013-09-13,159915,6.153743,深交所,https://stock.xueqiu.com/v5/stock/chart/kline.json,estimated,volume_turnover_inference
2013-09-13,159919,125.767013,深交所,https://stock.xueqiu.com/v5/stock/chart/kline.json,estimated,volume_turnover_inference
2013-09-13,510300,61.908792,上交所,https://query.sse.com.cn/commonQuery.do,official,exchange_disclosure
2013-09-13,510310,0.683074,上交所,https://query.sse.com.cn/commonQuery.do,official,exchange_disclosure
2013-09-13,510330,79.769498,上交所,https://query.sse.com.cn/commonQuery.do,official,exchange_disclosure
2013-09-16,159915,6.154478,深交所,https://stock.xueqiu.com/v5/stock/chart/kline.json,estimated,volume_turnover_inference
2013-09-16,159919,126.615174,深交所,https://stock.xueqiu.com/v5/stock/chart/kline.json,estimated,volume_turnover_inference
2013-09-16,510300,63.382877,上交所,https://query.sse.com.cn/commonQuery.do,official,exchange_disclosure
2013-09-16,510310,0.683074,上交所,https://query.sse.com.cn/commonQuery.do,official,exchange_disclosure
2013-09-16,510330,79.912389,上交所,https://query.sse.com.cn/commonQuery.do,official,exchange_disclosure
2013-09-17,159915,6.155314,深交所,https://stock.xueqiu.com/v5/stock/chart/kline.json,estimated,volume_turnover_inference
2013-09-17,159919,125.736538,深交所,https://stock.xueqiu.com/v5/stock/chart/kline.json,estimated,volume_turnover_inference
2013-09-17,510300,64.165331,上交所,https://query.sse.com.cn/commonQuery.do,official,exchange_disclosure
2013-09-17,510310,0.683074,上交所,https://query.sse.com.cn/commonQuery.do,official,exchange_disclosure
2013-09-17,510330,80.192498,上交所,https://query.sse.com.cn/commonQuery.do,official,exchange_disclosure
2013-09-18,159915,6.154685,深交所,https://stock.xueqiu.com/v5/stock/chart/kline.json,estimated,volume_turnover_inference
2013-09-18,159919,126.294279,深交所,https://stock.xueqiu.com/v5/stock/chart/kline.json,estimated,volume_turnover_inference
2013-09-18,510300,64.129877,上交所,https://query.sse.com.cn/commonQuery.do,official,exchange_disclosure
2013-09-18,510310,0.683074,上交所,https://query.sse.com.cn/commonQuery.do,official,exchange_disclosure
2013-09-18,510330,80.111498,上交所,https://query.sse.com.cn/commonQuery.do,official,exchange_disclosure
2013-09-23,159915,6.155377,深交所,https://stock.xueqiu.com/v5/stock/chart/kline.json,estimated,volume_turnover_inference
2013-09-23,159919,125.429745,深交所,https://stock.xueqiu.com/v5/stock/chart/kline.json,estimated,volume_turnover_inference
2013-09-23,510300,63.148877,上交所,https://query.sse.com.cn/commonQuery.do,official,exchange_disclosure
2013-09-23,510310,0.763074,上交所,https://query.sse.com.cn/commonQuery.do,official,exchange_disclosure
2013-09-23,510330,79.625498,上交所,https://query.sse.com.cn/commonQuery.do,official,exchange_disclosure
2013-09-24,159915,6.155104,深交所,https://stock.xueqiu.com/v5/stock/chart/kline.json,estimated,volume_turnover_inference
2013-09-24,159919,123.666681,深交所,https://stock.xueqiu.com/v5/stock/chart/kline.json,estimated,volume_turnover_inference
2013-09-24,510300,62.356877,上交所,https://query.sse.com.cn/commonQuery.do,official,exchange_disclosure
2013-09-24,510310,0.881918,上交所,https://query.sse.com.cn/commonQuery.do,official,exchange_disclosure
2013-09-24,510330,79.292498,上交所,https://query.sse.com.cn/commonQuery.do,official,exchange_disclosure
2013-09-25,159915,6.153336,深交所,https://stock.xueqiu.com/v5/stock/chart/kline.json,estimated,volume_turnover_inference
2013-09-25,159919,128.045747,深交所,https://stock.xueqiu.com/v5/stock/chart/kline.json,estimated,volume_turnover_inference
2013-09-25,510300,62.419877,上交所,https://query.sse.com.cn/commonQuery.do,official,exchange_disclosure
2013-09-25,510310,0.968212,上交所,https://query.sse.com.cn/commonQuery.do,official,exchange_disclosure
2013-09-25,510330,79.301498,上交所,https://query.sse.com.cn/commonQuery.do,official,exchange_disclosure
2013-09-26,159915,6.155614,深交所,https://stock.xueqiu.com/v5/stock/chart/kline.json,estimated,volume_turnover_inference
2013-09-26,159919,127.574091,深交所,https://stock.xueqiu.com/v5/stock/chart/kline.json,estimated,volume_turnover_inference
2013-09-26,510300,62.293877,上交所,https://query.sse.com.cn/commonQuery.do,official,exchange_disclosure
2013-09-26,510310,1.082078,上交所,https://query.sse.com.cn/commonQuery.do,official,exchange_disclosure
2013-09-26,510330,79.310498,上交所,https://query.sse.com.cn/commonQuery.do,official,exchange_disclosure
2013-09-27,159915,6.154740,深交所,https://stock.xueqiu.com/v5/stock/chart/kline.json,estimated,volume_turnover_inference
2013-09-27,159919,128.394514,深交所,https://stock.xueqiu.com/v5/stock/chart/kline.json,estimated,volume_turnover_inference
2013-09-27,510300,62.032877,上交所,https://query.sse.com.cn/commonQuery.do,official,exchange_disclosure
2013-09-27,510310,1.363074,上交所,https://query.sse.com.cn/commonQuery.do,official,exchange_disclosure
2013-09-27,510330,79.265498,上交所,https://query.sse.com.cn/commonQuery.do,official,exchange_disclosure
2013-09-30,159915,6.152776,深交所,https://stock.xueqiu.com/v5/stock/chart/kline.json,estimated,volume_turnover_inference
2013-09-30,159919,126.004152,深交所,https://stock.xueqiu.com/v5/stock/chart/kline.json,estimated,volume_turnover_inference
2013-09-30,510300,62.131877,上交所,https://query.sse.com.cn/commonQuery.do,official,exchange_disclosure
2013-09-30,510310,1.862899,上交所,https://query.sse.com.cn/commonQuery.do,official,exchange_disclosure
2013-09-30,510330,79.283498,上交所,https://query.sse.com.cn/commonQuery.do,official,exchange_disclosure
2013-10-08,159915,6.155132,深交所,https://stock.xueqiu.com/v5/stock/chart/kline.json,estimated,volume_turnover_inference
2013-10-08,159919,126.439571,深交所,https://stock.xueqiu.com/v5/stock/chart/kline.json,estimated,volume_turnover_inference
2013-10-08,510300,61.987877,上交所,https://query.sse.com.cn/commonQuery.do,official,exchange_disclosure
2013-10-08,510310,2.371987,上交所,https://query.sse.com.cn/commonQuery.do,official,exchange_disclosure
2013-10-08,510330,79.247498,上交所,https://query.sse.com.cn/commonQuery.do,official,exchange_disclosure
2013-10-09,159915,6.153603,深交所,https://stock.xueqiu.com/v5/stock/chart/kline.json,estimated,volume_turnover_inference
2013-10-09,159919,127.301796,深交所,https://stock.xueqiu.com/v5/stock/chart/kline.json,estimated,volume_turnover_inference
2013-10-09,510300,61.861877,上交所,https://query.sse.com.cn/commonQuery.do,official,exchange_disclosure
2013-10-09,510310,2.767980,上交所,https://query.sse.com.cn/commonQuery.do,official,exchange_disclosure
2013-10-09,510330,79.160533,上交所,https://query.sse.com.cn/commonQuery.do,official,exchange_disclosure
2013-10-10,159915,6.153267,深交所,https://stock.xueqiu.com/v5/stock/chart/kline.json,estimated,volume_turnover_inference
2013-10-10,159919,124.377933,深交所,https://stock.xueqiu.com/v5/stock/chart/kline.json,estimated,volume_turnover_inference
2013-10-10,510300,61.401656,上交所,https://query.sse.com.cn/commonQuery.do,official,exchange_disclosure
2013-10-10,510310,3.245079,上交所,https://query.sse.com.cn/commonQuery.do,official,exchange_disclosure
2013-10-10,510330,79.094498,上交所,https://query.sse.com.cn/commonQuery.do,official,exchange_disclosure
2013-10-11,159915,6.154743,深交所,https://stock.xueqiu.com/v5/stock/chart/kline.json,estimated,volume_turnover_inference
2013-10-11,159919,126.686613,深交所,https://stock.xueqiu.com/v5/stock/chart/kline.json,estimated,volume_turnover_inference
2013-10-11,510300,61.645877,上交所,https://query.sse.com.cn/commonQuery.do,official,exchange_disclosure
2013-10-11,510310,3.746941,上交所,https://query.sse.com.cn/commonQuery.do,official,exchange_disclosure
2013-10-11,510330,79.175498,上交所,https://query.sse.com.cn/commonQuery.do,official,exchange_disclosure
2013-10-14,159915,6.154137,深交所,https://stock.xueqiu.com/v5/stock/chart/kline.json,estimated,volume_turnover_inference
2013-10-14,159919,128.664233,深交所,https://stock.xueqiu.com/v5/stock/chart/kline.json,estimated,volume_turnover_inference
2013-10-14,510300,60.412877,上交所,https://query.sse.com.cn/commonQuery.do,official,exchange_disclosure
2013-10-14,510310,15.997402,上交所,https://query.sse.com.cn/commonQuery.do,official,exchange_disclosure
2013-10-14,510330,79.058498,上交所,https://query.sse.com.cn/commonQuery.do,official,exchange_disclosure
2013-10-15,159915,6.153929,深交所,https://stock.xueqiu.com/v5/stock/chart/kline.json,estimated,volume_turnover_inference
2013-10-15,159919,128.713540,深交所,https://stock.xueqiu.com/v5/stock/chart/kline.json,estimated,volume_turnover_inference
2013-10-15,510300,59.665877,上交所,https://query.sse.com.cn/commonQuery.do,official,exchange_disclosure
2013-10-15,510310,26.323074,上交所,https://query.sse.com.cn/commonQuery.do,official,exchange_disclosure
2013-10-15,510330,79.067499,上交所,https://query.sse.com.cn/commonQuery.do,official,exchange_disclosure
2013-10-16,159915,6.154478,深交所,https://stock.xueqiu.com/v5/stock/chart/kline.json,estimated,volume_turnover_inference
2013-10-16,159919,126.622438,深交所,https://stock.xueqiu.com/v5/stock/chart/kline.json,estimated,volume_turnover_inference
2013-10-16,510300,60.142877,上交所,https://query.sse.com.cn/commonQuery.do,official,exchange_disclosure
2013-10-16,510310,40.645608,上交所,https://query.sse.com.cn/commonQuery.do,official,exchange_disclosure
2013-10-16,510330,79.166498,上交所,https://query.sse.com.cn/commonQuery.do,official,exchange_disclosure
2013-10-17,159915,6.153557,深交所,https://stock.xueqiu.com/v5/stock/chart/kline.json,estimated,volume_turnover_inference
2013-10-17,159919,126.449750,深交所,https://stock.xueqiu.com/v5/stock/chart/kline.json,estimated,volume_turnover_inference
2013-10-17,510300,60.165780,上交所,https://query.sse.com.cn/commonQuery.do,official,exchange_disclosure
2013-10-17,510310,47.903074,上交所,https://query.sse.com.cn/commonQuery.do,official,exchange_disclosure
2013-10-17,510330,79.211498,上交所,https://query.sse.com.cn/commonQuery.do,official,exchange_disclosure
2013-10-18,159915,6.153284,深交所,https://stock.xueqiu.com/v5/stock/chart/kline.json,estimated,volume_turnover_inference
2013-10-18,159919,127.826714,深交所,https://stock.xueqiu.com/v5/stock/chart/kline.json,estimated,volume_turnover_inference
2013-10-18,510300,59.431877,上交所,https://query.sse.com.cn/commonQuery.do,official,exchange_disclosure
2013-10-18,510310,48.343074,上交所,https://query.sse.com.cn/commonQuery.do,official,exchange_disclosure
2013-10-18,510330,78.752498,上交所,https://query.sse.com.cn/commonQuery.do,official,exchange_disclosure
2013-10-21,159915,6.154244,深交所,https://stock.xueqiu.com/v5/stock/chart/kline.json,estimated,volume_turnover_inference
2013-10-21,159919,127.343955,深交所,https://stock.xueqiu.com/v5/stock/chart/kline.json,estimated,volume_turnover_inference
2013-10-21,510300,59.026877,上交所,https://query.sse.com.cn/commonQuery.do,official,exchange_disclosure
2013-10-21,510310,48.852270,上交所,https://query.sse.com.cn/commonQuery.do,official,exchange_disclosure
2013-10-21,510330,78.635498,上交所,https://query.sse.com.cn/commonQuery.do,official,exchange_disclosure
2013-10-22,159915,6.154153,深交所,https://stock.xueqiu.com/v5/stock/chart/kline.json,estimated,volume_turnover_inference
2013-10-22,159919,124.466657,深交所,https://stock.xueqiu.com/v5/stock/chart/kline.json,estimated,volume_turnover_inference
2013-10-22,510300,59.107877,上交所,https://query.sse.com.cn/commonQuery.do,official,exchange_disclosure
2013-10-22,510310,49.083074,上交所,https://query.sse.com.cn/commonQuery.do,official,exchange_disclosure
2013-10-22,510330,78.716498,上交所,https://query.sse.com.cn/commonQuery.do,official,exchange_disclosure
2013-10-23,159915,6.154347,深交所,https://stock.xueqiu.com/v5/stock/chart/kline.json,estimated,volume_turnover_inference
2013-10-23,159919,126.266490,深交所,https://stock.xueqiu.com/v5/stock/chart/kline.json,estimated,volume_turnover_inference
2013-10-23,510300,59.638877,上交所,https://query.sse.com.cn/commonQuery.do,official,exchange_disclosure
2013-10-23,510310,49.459236,上交所,https://query.sse.com.cn/commonQuery.do,official,exchange_disclosure
2013-10-23,510330,78.885168,上交所,https://query.sse.com.cn/commonQuery.do,official,exchange_disclosure
2013-10-24,159915,6.153806,深交所,https://stock.xueqiu.com/v5/stock/chart/kline.json,estimated,volume_turnover_inference
2013-10-24,159919,116.303900,深交所,https://stock.xueqiu.com/v5/stock/chart/kline.json,estimated,volume_turnover_inference
2013-10-24,510300,59.881877,上交所,https://query.sse.com.cn/commonQuery.do,official,exchange_disclosure
2013-10-24,510310,49.788992,上交所,https://query.sse.com.cn/commonQuery.do,official,exchange_disclosure
2013-10-24,510330,79.085498,上交所,https://query.sse.com.cn/commonQuery.do,official,exchange_disclosure
2013-10-25,159915,7.275173,深交所,https://stock.xueqiu.com/v5/stock/chart/kline.json,estimated,volume_turnover_inference
2013-10-25,159919,118.996567,深交所,https://stock.xueqiu.com/v5/stock/chart/kline.json,estimated,volume_turnover_inference
2013-10-25,510300,59.665877,上交所,https://query.sse.com.cn/commonQuery.do,official,exchange_disclosure
2013-10-25,510310,50.016974,上交所,https://query.sse.com.cn/commonQuery.do,official,exchange_disclosure
2013-10-25,510330,78.887498,上交所,https://query.sse.com.cn/commonQuery.do,official,exchange_disclosure
2013-10-28,159915,7.276229,深交所,https://stock.xueqiu.com/v5/stock/chart/kline.json,estimated,volume_turnover_inference
2013-10-28,159919,116.720451,深交所,https://stock.xueqiu.com/v5/stock/chart/kline.json,estimated,volume_turnover_inference
2013-10-28,510300,59.575877,上交所,https://query.sse.com.cn/commonQuery.do,official,exchange_disclosure
2013-10-28,510310,50.203074,上交所,https://query.sse.com.cn/commonQuery.do,official,exchange_disclosure
2013-10-28,510330,78.887498,上交所,https://query.sse.com.cn/commonQuery.do,official,exchange_disclosure
2013-10-29,159915,7.274120,深交所,https://stock.xueqiu.com/v5/stock/chart/kline.json,estimated,volume_turnover_inference
2013-10-29,159919,117.811793,深交所,https://stock.xueqiu.com/v5/stock/chart/kline.json,estimated,volume_turnover_inference
2013-10-29,510300,60.141950,上交所,https://query.sse.com.cn/commonQuery.do,official,exchange_disclosure
2013-10-29,510310,50.626912,上交所,https://query.sse.com.cn/commonQuery.do,official,exchange_disclosure
2013-10-29,510330,79.076498,上交所,https://query.sse.com.cn/commonQuery.do,official,exchange_disclosure
2013-10-30,159915,7.275703,深交所,https://stock.xueqiu.com/v5/stock/chart/kline.json,estimated,volume_turnover_inference
2013-10-30,159919,119.133844,深交所,https://stock.xueqiu.com/v5/stock/chart/kline.json,estimated,volume_turnover_inference
2013-10-30,510300,59.251877,上交所,https://query.sse.com.cn/commonQuery.do,official,exchange_disclosure
2013-10-30,510310,50.785578,上交所,https://query.sse.com.cn/commonQuery.do,official,exchange_disclosure
2013-10-30,510330,78.878498,上交所,https://query.sse.com.cn/commonQuery.do,official,exchange_disclosure
2013-10-31,159915,7.275179,深交所,https://stock.xueqiu.com/v5/stock/chart/kline.json,estimated,volume_turnover_inference
2013-10-31,159919,117.242186,深交所,https://stock.xueqiu.com/v5/stock/chart/kline.json,estimated,volume_turnover_inference
2013-10-31,510300,59.251877,上交所,https://query.sse.com.cn/commonQuery.do,official,exchange_disclosure
2013-10-31,510310,51.007210,上交所,https://query.sse.com.cn/commonQuery.do,official,exchange_disclosure
2013-10-31,510330,78.860498,上交所,https://query.sse.com.cn/commonQuery.do,official,exchange_disclosure
2013-11-01,159915,7.273220,深交所,https://stock.xueqiu.com/v5/stock/chart/kline.json,estimated,volume_turnover_inference
2013-11-01,159919,117.802776,深交所,https://stock.xueqiu.com/v5/stock/chart/kline.json,estimated,volume_turnover_inference
2013-11-01,510300,60.817877,上交所,https://query.sse.com.cn/commonQuery.do,official,exchange_disclosure
2013-11-01,510310,51.331899,上交所,https://query.sse.com.cn/commonQuery.do,official,exchange_disclosure
2013-11-01,510330,78.999164,上交所,https://query.sse.com.cn/commonQuery.do,official,exchange_disclosure
2013-11-04,159915,7.274002,深交所,https://stock.xueqiu.com/v5/stock/chart/kline.json,estimated,volume_turnover_inference
2013-11-04,159919,118.093788,深交所,https://stock.xueqiu.com/v5/stock/chart/kline.json,estimated,volume_turnover_inference
2013-11-04,510300,61.107119,上交所,https://query.sse.com.cn/commonQuery.do,official,exchange_disclosure
2013-11-04,510310,51.562224,上交所,https://query.sse.com.cn/commonQuery.do,official,exchange_disclosure
2013-11-04,510330,79.058498,上交所,https://query.sse.com.cn/commonQuery.do,official,exchange_disclosure
2013-11-05,159915,7.275021,深交所,https://stock.xueqiu.com/v5/stock/chart/kline.json,estimated,volume_turnover_inference
2013-11-05,159919,118.869946,深交所,https://stock.xueqiu.com/v5/stock/chart/kline.json,estimated,volume_turnover_inference
2013-11-05,510300,61.338493,上交所,https://query.sse.com.cn/commonQuery.do,official,exchange_disclosure
2013-11-05,510310,51.924487,上交所,https://query.sse.com.cn/commonQuery.do,official,exchange_disclosure
2013-11-05,510330,79.103498,上交所,https://query.sse.com.cn/commonQuery.do,official,exchange_disclosure
2013-11-06,159915,7.275480,深交所,https://stock.xueqiu.com/v5/stock/chart/kline.json,estimated,volume_turnover_inference
2013-11-06,159919,119.764261,深交所,https://stock.xueqiu.com/v5/stock/chart/kline.json,estimated,volume_turnover_inference
2013-11-06,510300,61.330877,上交所,https://query.sse.com.cn/commonQuery.do,official,exchange_disclosure
2013-11-06,510310,52.103074,上交所,https://query.sse.com.cn/commonQuery.do,official,exchange_disclosure
2013-11-06,510330,78.977498,上交所,https://query.sse.com.cn/commonQuery.do,official,exchange_disclosure
2013-11-07,159915,7.273990,深交所,https://stock.xueqiu.com/v5/stock/chart/kline.json,estimated,volume_turnover_inference
2013-11-07,159919,118.514637,深交所,https://stock.xueqiu.com/v5/stock/chart/kline.json,estimated,volume_turnover_inference
2013-11-07,510300,61.697407,上交所,https://query.sse.com.cn/commonQuery.do,official,exchange_disclosure
2013-11-07,510310,52.499559,上交所,https://query.sse.com.cn/commonQuery.do,official,exchange_disclosure
2013-11-07,510330,79.040498,上交所,https://query.sse.com.cn/commonQuery.do,official,exchange_disclosure
2013-11-08,159915,7.274540,深交所,https://stock.xueqiu.com/v5/stock/chart/kline.json,estimated,volume_turnover_inference
2013-11-08,159919,117.074453,深交所,https://stock.xueqiu.com/v5/stock/chart/kline.json,estimated,volume_turnover_inference
2013-11-08,510300,62.230877,上交所,https://query.sse.com.cn/commonQuery.do,official,exchange_disclosure
2013-11-08,510310,52.783074,上交所,https://query.sse.com.cn/commonQuery.do,official,exchange_disclosure
2013-11-08,510330,79.149728,上交所,https://query.sse.com.cn/commonQuery.do,official,exchange_disclosure
2013-11-11,159915,7.276075,深交所,https://stock.xueqiu.com/v5/stock/chart/kline.json,estimated,volume_turnover_inference
2013-11-11,159919,115.653514,深交所,https://stock.xueqiu.com/v5/stock/chart/kline.json,estimated,volume_turnover_inference
2013-11-11,510300,61.870877,上交所,https://query.sse.com.cn/commonQuery.do,official,exchange_disclosure
2013-11-11,510310,52.883074,上交所,https://query.sse.com.cn/commonQuery.do,official,exchange_disclosure
2013-11-11,510330,79.040498,上交所,https://query.sse.com.cn/commonQuery.do,official,exchange_disclosure
2013-11-12,159915,7.275868,深交所,https://stock.xueqiu.com/v5/stock/chart/kline.json,estimated,volume_turnover_inference
2013-11-12,159919,118.332169,深交所,https://stock.xueqiu.com/v5/stock/chart/kline.json,estimated,volume_turnover_inference
2013-11-12,510300,60.898877,上交所,https://query.sse.com.cn/commonQuery.do,official,exchange_disclosure
2013-11-12,510310,53.152865,上交所,https://query.sse.com.cn/commonQuery.do,official,exchange_disclosure
2013-11-12,510330,78.959498,上交所,https://query.sse.com.cn/commonQuery.do,official,exchange_disclosure
2013-11-13,159915,7.274865,深交所,https://stock.xueqiu.com/v5/stock/chart/kline.json,estimated,volume_turnover_inference
2013-11-13,159919,118.962890,深交所,https://stock.xueqiu.com/v5/stock/chart/kline.json,estimated,volume_turnover_inference
2013-11-13,510300,60.511877,上交所,https://query.sse.com.cn/commonQuery.do,official,exchange_disclosure
2013-11-13,510310,53.440368,上交所,https://query.sse.com.cn/commonQuery.do,official,exchange_disclosure
2013-11-13,510330,78.941498,上交所,https://query.sse.com.cn/commonQuery.do,official,exchange_disclosure
2013-11-14,159915,7.275509,深交所,https://stock.xueqiu.com/v5/stock/chart/kline.json,estimated,volume_turnover_inference
2013-11-14,159919,119.754417,深交所,https://stock.xueqiu.com/v5/stock/chart/kline.json,estimated,volume_turnover_inference
2013-11-14,510300,60.661416,上交所,https://query.sse.com.cn/commonQuery.do,official,exchange_disclosure
2013-11-14,510310,53.683074,上交所,https://query.sse.com.cn/commonQuery.do,official,exchange_disclosure
2013-11-14,510330,78.986498,上交所,https://query.sse.com.cn/commonQuery.do,official,exchange_disclosure
2013-11-15,159915,7.272891,深交所,https://stock.xueqiu.com/v5/stock/chart/kline.json,estimated,volume_turnover_inference
2013-11-15,159919,117.555952,深交所,https://stock.xueqiu.com/v5/stock/chart/kline.json,estimated,volume_turnover_inference
2013-11-15,510300,59.134877,上交所,https://query.sse.com.cn/commonQuery.do,official,exchange_disclosure
2013-11-15,510310,53.723074,上交所,https://query.sse.com.cn/commonQuery.do,official,exchange_disclosure
2013-11-15,510330,78.815498,上交所,https://query.sse.com.cn/commonQuery.do,official,exchange_disclosure
2013-11-18,159915,7.273804,深交所,https://stock.xueqiu.com/v5/stock/chart/kline.json,estimated,volume_turnover_inference
2013-11-18,159919,118.618234,深交所,https://stock.xueqiu.com/v5/stock/chart/kline.json,estimated,volume_turnover_inference
2013-11-18,510300,57.622877,上交所,https://query.sse.com.cn/commonQuery.do,official,exchange_disclosure
2013-11-18,510310,53.911693,上交所,https://query.sse.com.cn/commonQuery.do,official,exchange_disclosure
2013-11-18,510330,78.653498,上交所,https://query.sse.com.cn/commonQuery.do,official,exchange_disclosure
2013-11-19,159915,7.274608,深交所,https://stock.xueqiu.com/v5/stock/chart/kline.json,estimated,volume_turnover_inference
2013-11-19,159919,119.693164,深交所,https://stock.xueqiu.com/v5/stock/chart/kline.json,estimated,volume_turnover_inference
2013-11-19,510300,57.766349,上交所,https://query.sse.com.cn/commonQuery.do,official,exchange_disclosure
2013-11-19,510310,54.185362,上交所,https://query.sse.com.cn/commonQuery.do,official,exchange_disclosure
2013-11-19,510330,78.653498,上交所,https://query.sse.com.cn/commonQuery.do,official,exchange_disclosure
2013-11-20,159915,7.275891,深交所,https://stock.xueqiu.com/v5/stock/chart/kline.json,estimated,volume_turnover_inference
2013-11-20,159919,117.460471,深交所,https://stock.xueqiu.com/v5/stock/chart/kline.json,estimated,volume_turnover_inference
2013-11-20,510300,57.978246,上交所,https://query.sse.com.cn/commonQuery.do,official,exchange_disclosure
2013-11-20,510310,54.449256,上交所,https://query.sse.com.cn/commonQuery.do,official,exchange_disclosure
2013-11-20,510330,78.689498,上交所,https://query.sse.com.cn/commonQuery.do,official,exchange_disclosure
2013-11-21,159915,7.273980,深交所,https://stock.xueqiu.com/v5/stock/chart/kline.json,estimated,volume_turnover_inference
2013-11-21,159919,118.245023,深交所,https://stock.xueqiu.com/v5/stock/chart/kline.json,estimated,volume_turnover_inference
2013-11-21,510300,58.864877,上交所,https://query.sse.com.cn/commonQuery.do,official,exchange_disclosure
2013-11-21,510310,54.686256,上交所,https://query.sse.com.cn/commonQuery.do,official,exchange_disclosure
2013-11-21,510330,78.805586,上交所,https://query.sse.com.cn/commonQuery.do,official,exchange_disclosure
2013-11-22,159915,7.275515,深交所,https://stock.xueqiu.com/v5/stock/chart/kline.json,estimated,volume_turnover_inference
2013-11-22,159919,119.287935,深交所,https://stock.xueqiu.com/v5/stock/chart/kline.json,estimated,volume_turnover_inference
2013-11-22,510300,59.645676,上交所,https://query.sse.com.cn/commonQuery.do,official,exchange_disclosure
2013-11-22,510310,54.922347,上交所,https://query.sse.com.cn/commonQuery.do,official,exchange_disclosure
2013-11-22,510330,78.860498,上交所,https://query.sse.com.cn/commonQuery.do,official,exchange_disclosure
2013-11-25,159915,7.275272,深交所,https://stock.xueqiu.com/v5/stock/chart/kline.json,estimated,volume_turnover_inference
2013-11-25,159919,118.721565,深交所,https://stock.xueqiu.com/v5/stock/chart/kline.json,estimated,volume_turnover_inference
2013-11-25,510300,60.060137,上交所,https://query.sse.com.cn/commonQuery.do,official,exchange_disclosure
2013-11-25,510310,55.183074,上交所,https://query.sse.com.cn/commonQuery.do,official,exchange_disclosure
2013-11-25,510330,78.896498,上交所,https://query.sse.com.cn/commonQuery.do,official,exchange_disclosure
2013-11-26,159915,7.272405,深交所,https://stock.xueqiu.com/v5/stock/chart/kline.json,estimated,volume_turnover_inference
2013-11-26,159919,118.127687,深交所,https://stock.xueqiu.com/v5/stock/chart/kline.json,estimated,volume_turnover_inference
2013-11-26,510300,60.160877,上交所,https://query.sse.com.cn/commonQuery.do,official,exchange_disclosure
2013-11-26,510310,55.411296,上交所,https://query.sse.com.cn/commonQuery.do,official,exchange_disclosure
2013-11-26,510330,78.914498,上交所,https://query.sse.com.cn/commonQuery.do,official,exchange_disclosure
2013-11-27,159915,7.275155,深交所,https://stock.xueqiu.com/v5/stock/chart/kline.json,estimated,volume_turnover_inference
2013-11-27,159919,118.498492,深交所,https://stock.xueqiu.com/v5/stock/chart/kline.json,estimated,volume_turnover_inference
2013-11-27,510300,60.250877,上交所,https://query.sse.com.cn/commonQuery.do,official,exchange_disclosure
2013-11-27,510310,55.781032,上交所,https://query.sse.com.cn/commonQuery.do,official,exchange_disclosure
2013-11-27,510330,78.977498,上交所,https://query.sse.com.cn/commonQuery.do,official,exchange_disclosure
2013-11-28,159915,7.270588,深交所,https://stock.xueqiu.com/v5/stock/chart/kline.json,estimated,volume_turnover_inference
2013-11-28,159919,117.982225,深交所,https://stock.xueqiu.com/v5/stock/chart/kline.json,estimated,volume_turnover_inference
2013-11-28,510300,60.755267,上交所,https://query.sse.com.cn/commonQuery.do,official,exchange_disclosure
2013-11-28,510310,56.121285,上交所,https://query.sse.com.cn/commonQuery.do,official,exchange_disclosure
2013-11-28,510330,79.054718,上交所,https://query.sse.com.cn/commonQuery.do,official,exchange_disclosure
2013-11-29,159915,7.276347,深交所,https://stock.xueqiu.com/v5/stock/chart/kline.json,estimated,volume_turnover_inference
2013-11-29,159919,118.500200,深交所,https://stock.xueqiu.com/v5/stock/chart/kline.json,estimated,volume_turnover_inference
2013-11-29,510300,61.069877,上交所,https://query.sse.com.cn/commonQuery.do,official,exchange_disclosure
2013-11-29,510310,55.423074,上交所,https://query.sse.com.cn/commonQuery.do,official,exchange_disclosure
2013-11-29,510330,79.040498,上交所,https://query.sse.com.cn/commonQuery.do,official,exchange_disclosure
2013-12-02,159915,7.275246,深交所,https://stock.xueqiu.com/v5/stock/chart/kline.json,estimated,volume_turnover_inference
2013-12-02,159919,119.190102,深交所,https://stock.xueqiu.com/v5/stock/chart/kline.json,estimated,volume_turnover_inference
2013-12-02,510300,62.023728,上交所,https://query.sse.com.cn/commonQuery.do,official,exchange_disclosure
2013-12-02,510310,55.243074,上交所,https://query.sse.com.cn/commonQuery.do,official,exchange_disclosure
2013-12-02,510330,78.824498,上交所,https://query.sse.com.cn/commonQuery.do,official,exchange_disclosure
2013-12-03,159915,7.275167,深交所,https://stock.xueqiu.com/v5/stock/chart/kline.json,estimated,volume_turnover_inference
2013-12-03,159919,119.826538,深交所,https://stock.xueqiu.com/v5/stock/chart/kline.json,estimated,volume_turnover_inference
2013-12-03,510300,62.069177,上交所,https://query.sse.com.cn/commonQuery.do,official,exchange_disclosure
2013-12-03,510310,55.163074,上交所,https://query.sse.com.cn/commonQuery.do,official,exchange_disclosure
2013-12-03,510330,78.473498,上交所,https://query.sse.com.cn/commonQuery.do,official,exchange_disclosure
2013-12-04,159915,7.273384,深交所,https://stock.xueqiu.com/v5/stock/chart/kline.json,estimated,volume_turnover_inference
2013-12-04,159919,117.583861,深交所,https://stock.xueqiu.com/v5/stock/chart/kline.json,estimated,volume_turnover_inference
2013-12-04,510300,60.943877,上交所,https://query.sse.com.cn/commonQuery.do,official,exchange_disclosure
2013-12-04,510310,55.023074,上交所,https://query.sse.com.cn/commonQuery.do,official,exchange_disclosure
2013-12-04,510330,78.284498,上交所,https://query.sse.com.cn/commonQuery.do,official,exchange_disclosure
2013-12-05,159915,7.274861,深交所,https://stock.xueqiu.com/v5/stock/chart/kline.json,estimated,volume_turnover_inference
2013-12-05,159919,119.880947,深交所,https://stock.xueqiu.com/v5/stock/chart/kline.json,estimated,volume_turnover_inference
2013-12-05,510300,61.263897,上交所,https://query.sse.com.cn/commonQuery.do,official,exchange_disclosure
2013-12-05,510310,54.983074,上交所,https://query.sse.com.cn/commonQuery.do,official,exchange_disclosure
2013-12-05,510330,78.437498,上交所,https://query.sse.com.cn/commonQuery.do,official,exchange_disclosure
2013-12-06,159915,7.276432,深交所,https://stock.xueqiu.com/v5/stock/chart/kline.json,estimated,volume_turnover_inference
2013-12-06,159919,117.437562,深交所,https://stock.xueqiu.com/v5/stock/chart/kline.json,estimated,volume_turnover_inference
2013-12-06,510300,62.641877,上交所,https://query.sse.com.cn/commonQuery.do,official,exchange_disclosure
2013-12-06,510310,54.963074,上交所,https://query.sse.com.cn/commonQuery.do,official,exchange_disclosure
2013-12-06,510330,78.581498,上交所,https://query.sse.com.cn/commonQuery.do,official,exchange_disclosure
2013-12-09,159915,7.273830,深交所,https://stock.xueqiu.com/v5/stock/chart/kline.json,estimated,volume_turnover_inference
2013-12-09,159919,117.865781,深交所,https://stock.xueqiu.com/v5/stock/chart/kline.json,estimated,volume_turnover_inference
2013-12-09,510300,63.508877,上交所,https://query.sse.com.cn/commonQuery.do,official,exchange_disclosure
2013-12-09,510310,54.843074,上交所,https://query.sse.com.cn/commonQuery.do,official,exchange_disclosure
2013-12-09,510330,78.628269,上交所,https://query.sse.com.cn/commonQuery.do,official,exchange_disclosure
2013-12-10,159915,7.276835,深交所,https://stock.xueqiu.com/v5/stock/chart/kline.json,estimated,volume_turnover_inference
2013-12-10,159919,118.979495,深交所,https://stock.xueqiu.com/v5/stock/chart/kline.json,estimated,volume_turnover_inference
2013-12-10,510300,63.535245,上交所,https://query.sse.com.cn/commonQuery.do,official,exchange_disclosure
2013-12-10,510310,54.763074,上交所,https://query.sse.com.cn/commonQuery.do,official,exchange_disclosure
2013-12-10,510330,78.680498,上交所,https://query.sse.com.cn/commonQuery.do,official,exchange_disclosure
2013-12-11,159915,7.274425,深交所,https://stock.xueqiu.com/v5/stock/chart/kline.json,estimated,volume_turnover_inference
2013-12-11,159919,118.242363,深交所,https://stock.xueqiu.com/v5/stock/chart/kline.json,estimated,volume_turnover_inference
2013-12-11,510300,64.273877,上交所,https://query.sse.com.cn/commonQuery.do,official,exchange_disclosure
2013-12-11,510310,54.443074,上交所,https://query.sse.com.cn/commonQuery.do,official,exchange_disclosure
2013-12-11,510330,78.743498,上交所,https://query.sse.com.cn/commonQuery.do,official,exchange_disclosure
2013-12-12,159915,7.273628,深交所,https://stock.xueqiu.com/v5/stock/chart/kline.json,estimated,volume_turnover_inference
2013-12-12,159919,117.513541,深交所,https://stock.xueqiu.com/v5/stock/chart/kline.json,estimated,volume_turnover_inference
2013-12-12,510300,64.156877,上交所,https://query.sse.com.cn/commonQuery.do,official,exchange_disclosure
2013-12-12,510310,54.403074,上交所,https://query.sse.com.cn/commonQuery.do,official,exchange_disclosure
2013-12-12,510330,78.734498,上交所,https://query.sse.com.cn/commonQuery.do,official,exchange_disclosure
2013-12-13,159915,7.275529,深交所,https://stock.xueqiu.com/v5/stock/chart/kline.json,estimated,volume_turnover_inference
2013-12-13,159919,117.411021,深交所,https://stock.xueqiu.com/v5/stock/chart/kline.json,estimated,volume_turnover_inference
2013-12-13,510300,64.390877,上交所,https://query.sse.com.cn/commonQuery.do,official,exchange_disclosure
2013-12-13,510310,54.363074,上交所,https://query.sse.com.cn/commonQuery.do,official,exchange_disclosure
2013-12-13,510330,78.752498,上交所,https://query.sse.com.cn/commonQuery.do,official,exchange_disclosure
2013-12-16,159915,7.273306,深交所,https://stock.xueqiu.com/v5/stock/chart/kline.json,estimated,volume_turnover_inference
2013-12-16,159919,118.813945,深交所,https://stock.xueqiu.com/v5/stock/chart/kline.json,estimated,volume_turnover_inference
2013-12-16,510300,63.877877,上交所,https://query.sse.com.cn/commonQuery.do,official,exchange_disclosure
2013-12-16,510310,54.223074,上交所,https://query.sse.com.cn/commonQuery.do,official,exchange_disclosure
2013-12-16,510330,78.716498,上交所,https://query.sse.com.cn/commonQuery.do,official,exchange_disclosure
2013-12-17,159915,7.273125,深交所,https://stock.xueqiu.com/v5/stock/chart/kline.json,estimated,volume_turnover_inference
2013-12-17,159919,119.361418,深交所,https://stock.xueqiu.com/v5/stock/chart/kline.json,estimated,volume_turnover_inference
2013-12-17,510300,64.291877,上交所,https://query.sse.com.cn/commonQuery.do,official,exchange_disclosure
2013-12-17,510310,54.227670,上交所,https://query.sse.com.cn/commonQuery.do,official,exchange_disclosure
2013-12-17,510330,78.788498,上交所,https://query.sse.com.cn/commonQuery.do,official,exchange_disclosure
2013-12-18,159915,7.277866,深交所,https://stock.xueqiu.com/v5/stock/chart/kline.json,estimated,volume_turnover_inference
2013-12-18,159919,118.343402,深交所,https://stock.xueqiu.com/v5/stock/chart/kline.json,estimated,volume_turnover_inference
2013-12-18,510300,64.307648,上交所,https://query.sse.com.cn/commonQuery.do,official,exchange_disclosure
2013-12-18,510310,53.763074,上交所,https://query.sse.com.cn/commonQuery.do,official,exchange_disclosure
2013-12-18,510330,78.797498,上交所,https://query.sse.com.cn/commonQuery.do,official,exchange_disclosure
2013-12-19,159915,7.272744,深交所,https://stock.xueqiu.com/v5/stock/chart/kline.json,estimated,volume_turnover_inference
2013-12-19,159919,119.171220,深交所,https://stock.xueqiu.com/v5/stock/chart/kline.json,estimated,volume_turnover_inference
2013-12-19,510300,64.084877,上交所,https://query.sse.com.cn/commonQuery.do,official,exchange_disclosure
2013-12-19,510310,53.423074,上交所,https://query.sse.com.cn/commonQuery.do,official,exchange_disclosure
2013-12-19,510330,78.734498,上交所,https://query.sse.com.cn/commonQuery.do,official,exchange_disclosure
2013-12-20,159915,7.273029,深交所,https://stock.xueqiu.com/v5/stock/chart/kline.json,estimated,volume_turnover_inference
2013-12-20,159919,118.205951,深交所,https://stock.xueqiu.com/v5/stock/chart/kline.json,estimated,volume_turnover_inference
2013-12-20,510300,64.237877,上交所,https://query.sse.com.cn/commonQuery.do,official,exchange_disclosure
2013-12-20,510310,53.363074,上交所,https://query.sse.com.cn/commonQuery.do,official,exchange_disclosure
2013-12-20,510330,78.932498,上交所,https://query.sse.com.cn/commonQuery.do,official,exchange_disclosure
2013-12-23,159915,7.278010,深交所,https://stock.xueqiu.com/v5/stock/chart/kline.json,estimated,volume_turnover_inference
2013-12-23,159919,119.978680,深交所,https://stock.xueqiu.com/v5/stock/chart/kline.json,estimated,volume_turnover_inference
2013-12-23,510300,64.129877,上交所,https://query.sse.com.cn/commonQuery.do,official,exchange_disclosure
2013-12-23,510310,53.323074,上交所,https://query.sse.com.cn/commonQuery.do,official,exchange_disclosure
2013-12-23,510330,78.959498,上交所,https://query.sse.com.cn/commonQuery.do,official,exchange_disclosure
2013-12-24,159915,7.276048,深交所,https://stock.xueqiu.com/v5/stock/chart/kline.json,estimated,volume_turnover_inference
2013-12-24,159919,118.716292,深交所,https://stock.xueqiu.com/v5/stock/chart/kline.json,estimated,volume_turnover_inference
2013-12-24,510300,63.112877,上交所,https://query.sse.com.cn/commonQuery.do,official,exchange_disclosure
2013-12-24,510310,53.183074,上交所,https://query.sse.com.cn/commonQuery.do,official,exchange_disclosure
2013-12-24,510330,78.905498,上交所,https://query.sse.com.cn/commonQuery.do,official,exchange_disclosure
2013-12-25,159915,7.274324,深交所,https://stock.xueqiu.com/v5/stock/chart/kline.json,estimated,volume_turnover_inference
2013-12-25,159919,119.328990,深交所,https://stock.xueqiu.com/v5/stock/chart/kline.json,estimated,volume_turnover_inference
2013-12-25,510300,62.842877,上交所,https://query.sse.com.cn/commonQuery.do,official,exchange_disclosure
2013-12-25,510310,53.133074,上交所,https://query.sse.com.cn/commonQuery.do,official,exchange_disclosure
2013-12-25,510330,78.923498,上交所,https://query.sse.com.cn/commonQuery.do,official,exchange_disclosure
2013-12-26,159915,7.273497,深交所,https://stock.xueqiu.com/v5/stock/chart/kline.json,estimated,volume_turnover_inference
2013-12-26,159919,118.965365,深交所,https://stock.xueqiu.com/v5/stock/chart/kline.json,estimated,volume_turnover_inference
2013-12-26,510300,62.137133,上交所,https://query.sse.com.cn/commonQuery.do,official,exchange_disclosure
2013-12-26,510310,53.143074,上交所,https://query.sse.com.cn/commonQuery.do,official,exchange_disclosure
2013-12-26,510330,78.914498,上交所,https://query.sse.com.cn/commonQuery.do,official,exchange_disclosure
2013-12-27,159915,7.273978,深交所,https://stock.xueqiu.com/v5/stock/chart/kline.json,estimated,volume_turnover_inference
2013-12-27,159919,118.280305,深交所,https://stock.xueqiu.com/v5/stock/chart/kline.json,estimated,volume_turnover_inference
2013-12-27,510300,61.546877,上交所,https://query.sse.com.cn/commonQuery.do,official,exchange_disclosure
2013-12-27,510310,53.143074,上交所,https://query.sse.com.cn/commonQuery.do,official,exchange_disclosure
2013-12-27,510330,79.013498,上交所,https://query.sse.com.cn/commonQuery.do,official,exchange_disclosure
2013-12-30,159915,7.276375,深交所,https://stock.xueqiu.com/v5/stock/chart/kline.json,estimated,volume_turnover_inference
2013-12-30,159919,117.028946,深交所,https://stock.xueqiu.com/v5/stock/chart/kline.json,estimated,volume_turnover_inference
2013-12-30,510300,60.898877,上交所,https://query.sse.com.cn/commonQuery.do,official,exchange_disclosure
2013-12-30,510310,53.063074,上交所,https://query.sse.com.cn/commonQuery.do,official,exchange_disclosure
2013-12-30,510330,78.986498,上交所,https://query.sse.com.cn/commonQuery.do,official,exchange_disclosure
2013-12-31,159915,7.274769,深交所,https://stock.xueqiu.com/v5/stock/chart/kline.json,estimated,volume_turnover_inference
2013-12-31,159919,117.404456,深交所,https://stock.xueqiu.com/v5/stock/chart/kline.json,estimated,volume_turnover_inference
2013-12-31,510300,60.475877,上交所,https://query.sse.com.cn/commonQuery.do,official,exchange_disclosure
2013-12-31,510310,52.923074,上交所,https://query.sse.com.cn/commonQuery.do,official,exchange_disclosure
2013-12-31,510330,79.805498,上交所,https://query.sse.com.cn/commonQuery.do,official,exchange_disclosure
2014-01-02,159915,8.636112,深交所,https://stock.xueqiu.com/v5/stock/chart/kline.json,estimated,volume_turnover_inference
2014-01-02,159919,117.614543,深交所,https://stock.xueqiu.com/v5/stock/chart/kline.json,estimated,volume_turnover_inference
2014-01-02,510300,59.935877,上交所,https://query.sse.com.cn/commonQuery.do,official,exchange_disclosure
2014-01-02,510310,52.183074,上交所,https://query.sse.com.cn/commonQuery.do,official,exchange_disclosure
2014-01-02,510330,79.805498,上交所,https://query.sse.com.cn/commonQuery.do,official,exchange_disclosure
2014-01-03,159915,8.633185,深交所,https://stock.xueqiu.com/v5/stock/chart/kline.json,estimated,volume_turnover_inference
2014-01-03,159919,118.700186,深交所,https://stock.xueqiu.com/v5/stock/chart/kline.json,estimated,volume_turnover_inference
2014-01-03,510300,59.521877,上交所,https://query.sse.com.cn/commonQuery.do,official,exchange_disclosure
2014-01-03,510310,52.083074,上交所,https://query.sse.com.cn/commonQuery.do,official,exchange_disclosure
2014-01-03,510330,82.505498,上交所,https://query.sse.com.cn/commonQuery.do,official,exchange_disclosure
2014-01-06,159915,8.633470,深交所,https://stock.xueqiu.com/v5/stock/chart/kline.json,estimated,volume_turnover_inference
2014-01-06,159919,117.942418,深交所,https://stock.xueqiu.com/v5/stock/chart/kline.json,estimated,volume_turnover_inference
2014-01-06,510300,60.943877,上交所,https://query.sse.com.cn/commonQuery.do,official,exchange_disclosure
2014-01-06,510310,52.063074,上交所,https://query.sse.com.cn/commonQuery.do,official,exchange_disclosure
2014-01-06,510330,85.927155,上交所,https://query.sse.com.cn/commonQuery.do,official,exchange_disclosure
2014-01-07,159915,8.634434,深交所,https://stock.xueqiu.com/v5/stock/chart/kline.json,estimated,volume_turnover_inference
2014-01-07,159919,116.079243,深交所,https://stock.xueqiu.com/v5/stock/chart/kline.json,estimated,volume_turnover_inference
2014-01-07,510300,60.862877,上交所,https://query.sse.com.cn/commonQuery.do,official,exchange_disclosure
2014-01-07,510310,52.866262,上交所,https://query.sse.com.cn/commonQuery.do,official,exchange_disclosure
2014-01-07,510330,86.042498,上交所,https://query.sse.com.cn/commonQuery.do,official,exchange_disclosure
2014-01-08,159915,8.632786,深交所,https://stock.xueqiu.com/v5/stock/chart/kline.json,estimated,volume_turnover_inference
2014-01-08,159919,116.703647,深交所,https://stock.xueqiu.com/v5/stock/chart/kline.json,estimated,volume_turnover_inference
2014-01-08,510300,60.718877,上交所,https://query.sse.com.cn/commonQuery.do,official,exchange_disclosure
2014-01-08,510310,52.863074,上交所,https://query.sse.com.cn/commonQuery.do,official,exchange_disclosure
2014-01-08,510330,86.083568,上交所,https://query.sse.com.cn/commonQuery.do,official,exchange_disclosure
2014-01-09,159915,8.633115,深交所,https://stock.xueqiu.com/v5/stock/chart/kline.json,estimated,volume_turnover_inference
2014-01-09,159919,116.912318,深交所,https://stock.xueqiu.com/v5/stock/chart/kline.json,estimated,volume_turnover_inference
2014-01-09,510300,60.367877,上交所,https://query.sse.com.cn/commonQuery.do,official,exchange_disclosure
2014-01-09,510310,52.883074,上交所,https://query.sse.com.cn/commonQuery.do,official,exchange_disclosure
2014-01-09,510330,87.320498,上交所,https://query.sse.com.cn/commonQuery.do,official,exchange_disclosure
2014-01-10,159915,8.635362,深交所,https://stock.xueqiu.com/v5/stock/chart/kline.json,estimated,volume_turnover_inference
2014-01-10,159919,117.299767,深交所,https://stock.xueqiu.com/v5/stock/chart/kline.json,estimated,volume_turnover_inference
2014-01-10,510300,61.645877,上交所,https://query.sse.com.cn/commonQuery.do,official,exchange_disclosure
2014-01-10,510310,53.244476,上交所,https://query.sse.com.cn/commonQuery.do,official,exchange_disclosure
2014-01-10,510330,88.498355,上交所,https://query.sse.com.cn/commonQuery.do,official,exchange_disclosure
2014-01-13,159915,8.631413,深交所,https://stock.xueqiu.com/v5/stock/chart/kline.json,estimated,volume_turnover_inference
2014-01-13,159919,116.702522,深交所,https://stock.xueqiu.com/v5/stock/chart/kline.json,estimated,volume_turnover_inference
2014-01-13,510300,64.507877,上交所,https://query.sse.com.cn/commonQuery.do,official,exchange_disclosure
2014-01-13,510310,53.583041,上交所,https://query.sse.com.cn/commonQuery.do,official,exchange_disclosure
2014-01-13,510330,90.631311,上交所,https://query.sse.com.cn/commonQuery.do,official,exchange_disclosure
2014-01-14,159915,8.633526,深交所,https://stock.xueqiu.com/v5/stock/chart/kline.json,estimated,volume_turnover_inference
2014-01-14,159919,119.067811,深交所,https://stock.xueqiu.com/v5/stock/chart/kline.json,estimated,volume_turnover_inference
2014-01-14,510300,65.415379,上交所,https://query.sse.com.cn/commonQuery.do,official,exchange_disclosure
2014-01-14,510310,53.599464,上交所,https://query.sse.com.cn/commonQuery.do,official,exchange_disclosure
2014-01-14,510330,90.839498,上交所,https://query.sse.com.cn/commonQuery.do,official,exchange_disclosure
2014-01-15,159915,8.633743,深交所,https://stock.xueqiu.com/v5/stock/chart/kline.json,estimated,volume_turnover_inference
2014-01-15,159919,118.587719,深交所,https://stock.xueqiu.com/v5/stock/chart/kline.json,estimated,volume_turnover_inference
2014-01-15,510300,65.389877,上交所,https://query.sse.com.cn/commonQuery.do,official,exchange_disclosure
2014-01-15,510310,53.583074,上交所,https://query.sse.com.cn/commonQuery.do,official,exchange_disclosure
2014-01-15,510330,90.776498,上交所,https://query.sse.com.cn/commonQuery.do,official,exchange_disclosure
2014-01-16,159915,8.630873,深交所,https://stock.xueqiu.com/v5/stock/chart/kline.json,estimated,volume_turnover_inference
2014-01-16,159919,118.621339,深交所,https://stock.xueqiu.com/v5/stock/chart/kline.json,estimated,volume_turnover_inference
2014-01-16,510300,65.200877,上交所,https://query.sse.com.cn/commonQuery.do,official,exchange_disclosure
2014-01-16,510310,53.463074,上交所,https://query.sse.com.cn/commonQuery.do,official,exchange_disclosure
2014-01-16,510330,90.524498,上交所,https://query.sse.com.cn/commonQuery.do,official,exchange_disclosure
2014-01-17,159915,8.637137,深交所,https://stock.xueqiu.com/v5/stock/chart/kline.json,estimated,volume_turnover_inference
2014-01-17,159919,118.520511,深交所,https://stock.xueqiu.com/v5/stock/chart/kline.json,estimated,volume_turnover_inference
2014-01-17,510300,65.389877,上交所,https://query.sse.com.cn/commonQuery.do,official,exchange_disclosure
2014-01-17,510310,53.423074,上交所,https://query.sse.com.cn/commonQuery.do,official,exchange_disclosure
2014-01-17,510330,90.779498,上交所,https://query.sse.com.cn/commonQuery.do,official,exchange_disclosure
2014-01-20,159915,8.632272,深交所,https://stock.xueqiu.com/v5/stock/chart/kline.json,estimated,volume_turnover_inference
2014-01-20,159919,117.576547,深交所,https://stock.xueqiu.com/v5/stock/chart/kline.json,estimated,volume_turnover_inference
2014-01-20,510300,66.037877,上交所,https://query.sse.com.cn/commonQuery.do,official,exchange_disclosure
2014-01-20,510310,53.443074,上交所,https://query.sse.com.cn/commonQuery.do,official,exchange_disclosure
2014-01-20,510330,90.938498,上交所,https://query.sse.com.cn/commonQuery.do,official,exchange_disclosure
2014-01-21,159915,8.633367,深交所,https://stock.xueqiu.com/v5/stock/chart/kline.json,estimated,volume_turnover_inference
2014-01-21,159919,116.454705,深交所,https://stock.xueqiu.com/v5/stock/chart/kline.json,estimated,volume_turnover_inference
2014-01-21,510300,66.721877,上交所,https://query.sse.com.cn/commonQuery.do,official,exchange_disclosure
2014-01-21,510310,53.448404,上交所,https://query.sse.com.cn/commonQuery.do,official,exchange_disclosure
2014-01-21,510330,90.974498,上交所,https://query.sse.com.cn/commonQuery.do,official,exchange_disclosure
2014-01-22,159915,8.636026,深交所,https://stock.xueqiu.com/v5/stock/chart/kline.json,estimated,volume_turnover_inference
2014-01-22,159919,117.484181,深交所,https://stock.xueqiu.com/v5/stock/chart/kline.json,estimated,volume_turnover_inference
2014-01-22,510300,66.478877,上交所,https://query.sse.com.cn/commonQuery.do,official,exchange_disclosure
2014-01-22,510310,53.423074,上交所,https://query.sse.com.cn/commonQuery.do,official,exchange_disclosure
2014-01-22,510330,90.614498,上交所,https://query.sse.com.cn/commonQuery.do,official,exchange_disclosure
2014-01-23,159915,8.635159,深交所,https://stock.xueqiu.com/v5/stock/chart/kline.json,estimated,volume_turnover_inference
2014-01-23,159919,117.658630,深交所,https://stock.xueqiu.com/v5/stock/chart/kline.json,estimated,volume_turnover_inference
2014-01-23,510300,66.712877,上交所,https://query.sse.com.cn/commonQuery.do,official,exchange_disclosure
2014-01-23,510310,53.403074,上交所,https://query.sse.com.cn/commonQuery.do,official,exchange_disclosure
2014-01-23,510330,90.515498,上交所,https://query.sse.com.cn/commonQuery.do,official,exchange_disclosure
2014-01-24,159915,8.633831,深交所,https://stock.xueqiu.com/v5/stock/chart/kline.json,estimated,volume_turnover_inference
2014-01-24,159919,119.235091,深交所,https://stock.xueqiu.com/v5/stock/chart/kline.json,estimated,volume_turnover_inference
2014-01-24,510300,66.586877,上交所,https://query.sse.com.cn/commonQuery.do,official,exchange_disclosure
2014-01-24,510310,53.383074,上交所,https://query.sse.com.cn/commonQuery.do,official,exchange_disclosure
2014-01-24,510330,90.443498,上交所,https://query.sse.com.cn/commonQuery.do,official,exchange_disclosure
2014-01-27,159915,8.633075,深交所,https://stock.xueqiu.com/v5/stock/chart/kline.json,estimated,volume_turnover_inference
2014-01-27,159919,115.850032,深交所,https://stock.xueqiu.com/v5/stock/chart/kline.json,estimated,volume_turnover_inference
2014-01-27,510300,66.109877,上交所,https://query.sse.com.cn/commonQuery.do,official,exchange_disclosure
2014-01-27,510310,53.383074,上交所,https://query.sse.com.cn/commonQuery.do,official,exchange_disclosure
2014-01-27,510330,90.344498,上交所,https://query.sse.com.cn/commonQuery.do,official,exchange_disclosure
2014-01-28,159915,8.633489,深交所,https://stock.xueqiu.com/v5/stock/chart/kline.json,estimated,volume_turnover_inference
2014-01-28,159919,116.073549,深交所,https://stock.xueqiu.com/v5/stock/chart/kline.json,estimated,volume_turnover_inference
2014-01-28,510300,66.467400,上交所,https://query.sse.com.cn/commonQuery.do,official,exchange_disclosure
2014-01-28,510310,53.383074,上交所,https://query.sse.com.cn/commonQuery.do,official,exchange_disclosure
2014-01-28,510330,90.461498,上交所,https://query.sse.com.cn/commonQuery.do,official,exchange_disclosure
2014-01-29,159915,8.638131,深交所,https://stock.xueqiu.com/v5/stock/chart/kline.json,estimated,volume_turnover_inference
2014-01-29,159919,120.075218,深交所,https://stock.xueqiu.com/v5/stock/chart/kline.json,estimated,volume_turnover_inference
2014-01-29,510300,66.388877,上交所,https://query.sse.com.cn/commonQuery.do,official,exchange_disclosure
2014-01-29,510310,53.383074,上交所,https://query.sse.com.cn/commonQuery.do,official,exchange_disclosure
2014-01-29,510330,90.434498,上交所,https://query.sse.com.cn/commonQuery.do,official,exchange_disclosure
2014-01-30,159915,8.639318,深交所,https://stock.xueqiu.com/v5/stock/chart/kline.json,estimated,volume_turnover_inference
2014-01-30,159919,117.972941,深交所,https://stock.xueqiu.com/v5/stock/chart/kline.json,estimated,volume_turnover_inference
2014-01-30,510300,66.001877,上交所,https://query.sse.com.cn/commonQuery.do,official,exchange_disclosure
2014-01-30,510310,53.383074,上交所,https://query.sse.com.cn/commonQuery.do,official,exchange_disclosure
2014-01-30,510330,90.344498,上交所,https://query.sse.com.cn/commonQuery.do,official,exchange_disclosure
2014-02-07,159915,8.633689,深交所,https://stock.xueqiu.com/v5/stock/chart/kline.json,estimated,volume_turnover_inference
2014-02-07,159919,117.803829,深交所,https://stock.xueqiu.com/v5/stock/chart/kline.json,estimated,volume_turnover_inference
2014-02-07,510300,64.849877,上交所,https://query.sse.com.cn/commonQuery.do,official,exchange_disclosure
2014-02-07,510310,53.363074,上交所,https://query.sse.com.cn/commonQuery.do,official,exchange_disclosure
2014-02-07,510330,90.263498,上交所,https://query.sse.com.cn/commonQuery.do,official,exchange_disclosure
2014-02-10,159915,8.633931,深交所,https://stock.xueqiu.com/v5/stock/chart/kline.json,estimated,volume_turnover_inference
2014-02-10,159919,117.084484,深交所,https://stock.xueqiu.com/v5/stock/chart/kline.json,estimated,volume_turnover_inference
2014-02-10,510300,65.236877,上交所,https://query.sse.com.cn/commonQuery.do,official,exchange_disclosure
2014-02-10,510310,53.183074,上交所,https://query.sse.com.cn/commonQuery.do,official,exchange_disclosure
2014-02-10,510330,90.029498,上交所,https://query.sse.com.cn/commonQuery.do,official,exchange_disclosure
2014-02-11,159915,8.634140,深交所,https://stock.xueqiu.com/v5/stock/chart/kline.json,estimated,volume_turnover_inference
2014-02-11,159919,117.237346,深交所,https://stock.xueqiu.com/v5/stock/chart/kline.json,estimated,volume_turnover_inference
2014-02-11,510300,65.380877,上交所,https://query.sse.com.cn/commonQuery.do,official,exchange_disclosure
2014-02-11,510310,53.103074,上交所,https://query.sse.com.cn/commonQuery.do,official,exchange_disclosure
2014-02-11,510330,89.948209,上交所,https://query.sse.com.cn/commonQuery.do,official,exchange_disclosure
2014-02-12,159915,8.636566,深交所,https://stock.xueqiu.com/v5/stock/chart/kline.json,estimated,volume_turnover_inference
2014-02-12,159919,116.764744,深交所,https://stock.xueqiu.com/v5/stock/chart/kline.json,estimated,volume_turnover_inference
2014-02-12,510300,65.668793,上交所,https://query.sse.com.cn/commonQuery.do,official,exchange_disclosure
2014-02-12,510310,53.003074,上交所,https://query.sse.com.cn/commonQuery.do,official,exchange_disclosure
2014-02-12,510330,89.966498,上交所,https://query.sse.com.cn/commonQuery.do,official,exchange_disclosure
2014-02-13,159915,8.632874,深交所,https://stock.xueqiu.com/v5/stock/chart/kline.json,estimated,volume_turnover_inference
2014-02-13,159919,115.806148,深交所,https://stock.xueqiu.com/v5/stock/chart/kline.json,estimated,volume_turnover_inference
2014-02-13,510300,64.552877,上交所,https://query.sse.com.cn/commonQuery.do,official,exchange_disclosure
2014-02-13,510310,52.802621,上交所,https://query.sse.com.cn/commonQuery.do,official,exchange_disclosure
2014-02-13,510330,90.029498,上交所,https://query.sse.com.cn/commonQuery.do,official,exchange_disclosure
2014-02-14,159915,8.634776,深交所,https://stock.xueqiu.com/v5/stock/chart/kline.json,estimated,volume_turnover_inference
2014-02-14,159919,116.795694,深交所,https://stock.xueqiu.com/v5/stock/chart/kline.json,estimated,volume_turnover_inference
2014-02-14,510300,64.795877,上交所,https://query.sse.com.cn/commonQuery.do,official,exchange_disclosure
2014-02-14,510310,52.723074,上交所,https://query.sse.com.cn/commonQuery.do,official,exchange_disclosure
2014-02-14,510330,90.029498,上交所,https://query.sse.com.cn/commonQuery.do,official,exchange_disclosure
2014-02-17,159915,8.635149,深交所,https://stock.xueqiu.com/v5/stock/chart/kline.json,estimated,volume_turnover_inference
2014-02-17,159919,119.696952,深交所,https://stock.xueqiu.com/v5/stock/chart/kline.json,estimated,volume_turnover_inference
2014-02-17,510300,65.407855,上交所,https://query.sse.com.cn/commonQuery.do,official,exchange_disclosure
2014-02-17,510310,52.663074,上交所,https://query.sse.com.cn/commonQuery.do,official,exchange_disclosure
2014-02-17,510330,90.200498,上交所,https://query.sse.com.cn/commonQuery.do,official,exchange_disclosure
2014-02-18,159915,8.634664,深交所,https://stock.xueqiu.com/v5/stock/chart/kline.json,estimated,volume_turnover_inference
2014-02-18,159919,117.213186,深交所,https://stock.xueqiu.com/v5/stock/chart/kline.json,estimated,volume_turnover_inference
2014-02-18,510300,65.245877,上交所,https://query.sse.com.cn/commonQuery.do,official,exchange_disclosure
2014-02-18,510310,52.163074,上交所,https://query.sse.com.cn/commonQuery.do,official,exchange_disclosure
2014-02-18,510330,90.200498,上交所,https://query.sse.com.cn/commonQuery.do,official,exchange_disclosure
2014-02-19,159915,8.635155,深交所,https://stock.xueqiu.com/v5/stock/chart/kline.json,estimated,volume_turnover_inference
2014-02-19,159919,117.638751,深交所,https://stock.xueqiu.com/v5/stock/chart/kline.json,estimated,volume_turnover_inference
2014-02-19,510300,64.876877,上交所,https://query.sse.com.cn/commonQuery.do,official,exchange_disclosure
2014-02-19,510310,51.603074,上交所,https://query.sse.com.cn/commonQuery.do,official,exchange_disclosure
2014-02-19,510330,89.867498,上交所,https://query.sse.com.cn/commonQuery.do,official,exchange_disclosure
2014-02-20,159915,8.635003,深交所,https://stock.xueqiu.com/v5/stock/chart/kline.json,estimated,volume_turnover_inference
2014-02-20,159919,118.425134,深交所,https://stock.xueqiu.com/v5/stock/chart/kline.json,estimated,volume_turnover_inference
2014-02-20,510300,65.119877,上交所,https://query.sse.com.cn/commonQuery.do,official,exchange_disclosure
2014-02-20,510310,51.163074,上交所,https://query.sse.com.cn/commonQuery.do,official,exchange_disclosure
2014-02-20,510330,89.696498,上交所,https://query.sse.com.cn/commonQuery.do,official,exchange_disclosure
2014-02-21,159915,8.634574,深交所,https://stock.xueqiu.com/v5/stock/chart/kline.json,estimated,volume_turnover_inference
2014-02-21,159919,116.100358,深交所,https://stock.xueqiu.com/v5/stock/chart/kline.json,estimated,volume_turnover_inference
2014-02-21,510300,66.496866,上交所,https://query.sse.com.cn/commonQuery.do,official,exchange_disclosure
2014-02-21,510310,51.163074,上交所,https://query.sse.com.cn/commonQuery.do,official,exchange_disclosure
2014-02-21,510330,89.876498,上交所,https://query.sse.com.cn/commonQuery.do,official,exchange_disclosure
2014-02-24,159915,8.633421,深交所,https://stock.xueqiu.com/v5/stock/chart/kline.json,estimated,volume_turnover_inference
2014-02-24,159919,119.022949,深交所,https://stock.xueqiu.com/v5/stock/chart/kline.json,estimated,volume_turnover_inference
2014-02-24,510300,66.109877,上交所,https://query.sse.com.cn/commonQuery.do,official,exchange_disclosure
2014-02-24,510310,51.063074,上交所,https://query.sse.com.cn/commonQuery.do,official,exchange_disclosure
2014-02-24,510330,89.696498,上交所,https://query.sse.com.cn/commonQuery.do,official,exchange_disclosure
2014-02-25,159915,8.634285,深交所,https://stock.xueqiu.com/v5/stock/chart/kline.json,estimated,volume_turnover_inference
2014-02-25,159919,117.160355,深交所,https://stock.xueqiu.com/v5/stock/chart/kline.json,estimated,volume_turnover_inference
2014-02-25,510300,67.602796,上交所,https://query.sse.com.cn/commonQuery.do,official,exchange_disclosure
2014-02-25,510310,50.903074,上交所,https://query.sse.com.cn/commonQuery.do,official,exchange_disclosure
2014-02-25,510330,89.849498,上交所,https://query.sse.com.cn/commonQuery.do,official,exchange_disclosure
2014-02-26,159915,8.635504,深交所,https://stock.xueqiu.com/v5/stock/chart/kline.json,estimated,volume_turnover_inference
2014-02-26,159919,117.362607,深交所,https://stock.xueqiu.com/v5/stock/chart/kline.json,estimated,volume_turnover_inference
2014-02-26,510300,67.918877,上交所,https://query.sse.com.cn/commonQuery.do,official,exchange_disclosure
2014-02-26,510310,50.483074,上交所,https://query.sse.com.cn/commonQuery.do,official,exchange_disclosure
2014-02-26,510330,89.804498,上交所,https://query.sse.com.cn/commonQuery.do,official,exchange_disclosure
2014-02-27,159915,8.635486,深交所,https://stock.xueqiu.com/v5/stock/chart/kline.json,estimated,volume_turnover_inference
2014-02-27,159919,118.824171,深交所,https://stock.xueqiu.com/v5/stock/chart/kline.json,estimated,volume_turnover_inference
2014-02-27,510300,66.568588,上交所,https://query.sse.com.cn/commonQuery.do,official,exchange_disclosure
2014-02-27,510310,50.523074,上交所,https://query.sse.com.cn/commonQuery.do,official,exchange_disclosure
2014-02-27,510330,89.597498,上交所,https://query.sse.com.cn/commonQuery.do,official,exchange_disclosure
2014-02-28,159915,8.634208,深交所,https://stock.xueqiu.com/v5/stock/chart/kline.json,estimated,volume_turnover_inference
2014-02-28,159919,117.849015,深交所,https://stock.xueqiu.com/v5/stock/chart/kline.json,estimated,volume_turnover_inference
2014-02-28,510300,67.216877,上交所,https://query.sse.com.cn/commonQuery.do,official,exchange_disclosure
2014-02-28,510310,50.537071,上交所,https://query.sse.com.cn/commonQuery.do,official,exchange_disclosure
2014-02-28,510330,89.633498,上交所,https://query.sse.com.cn/commonQuery.do,official,exchange_disclosure
2014-03-03,159915,8.636204,深交所,https://stock.xueqiu.com/v5/stock/chart/kline.json,estimated,volume_turnover_inference
2014-03-03,159919,118.244705,深交所,https://stock.xueqiu.com/v5/stock/chart/kline.json,estimated,volume_turnover_inference
2014-03-03,510300,66.136877,上交所,https://query.sse.com.cn/commonQuery.do,official,exchange_disclosure
2014-03-03,510310,50.523074,上交所,https://query.sse.com.cn/commonQuery.do,official,exchange_disclosure
2014-03-03,510330,89.453498,上交所,https://query.sse.com.cn/commonQuery.do,official,exchange_disclosure
2014-03-04,159915,8.635136,深交所,https://stock.xueqiu.com/v5/stock/chart/kline.json,estimated,volume_turnover_inference
2014-03-04,159919,118.713317,深交所,https://stock.xueqiu.com/v5/stock/chart/kline.json,estimated,volume_turnover_inference
2014-03-04,510300,65.838780,上交所,https://query.sse.com.cn/commonQuery.do,official,exchange_disclosure
2014-03-04,510310,50.483074,上交所,https://query.sse.com.cn/commonQuery.do,official,exchange_disclosure
2014-03-04,510330,89.399498,上交所,https://query.sse.com.cn/commonQuery.do,official,exchange_disclosure
2014-03-05,159915,8.636302,深交所,https://stock.xueqiu.com/v5/stock/chart/kline.json,estimated,volume_turnover_inference
2014-03-05,159919,116.834617,深交所,https://stock.xueqiu.com/v5/stock/chart/kline.json,estimated,volume_turnover_inference
2014-03-05,510300,65.029877,上交所,https://query.sse.com.cn/commonQuery.do,official,exchange_disclosure
2014-03-05,510310,50.483074,上交所,https://query.sse.com.cn/commonQuery.do,official,exchange_disclosure
2014-03-05,510330,89.435498,上交所,https://query.sse.com.cn/commonQuery.do,official,exchange_disclosure
2014-03-06,159915,8.635265,深交所,https://stock.xueqiu.com/v5/stock/chart/kline.json,estimated,volume_turnover_inference
2014-03-06,159919,117.508743,深交所,https://stock.xueqiu.com/v5/stock/chart/kline.json,estimated,volume_turnover_inference
2014-03-06,510300,63.544877,上交所,https://query.sse.com.cn/commonQuery.do,official,exchange_disclosure
2014-03-06,510310,50.203074,上交所,https://query.sse.com.cn/commonQuery.do,official,exchange_disclosure
2014-03-06,510330,89.480498,上交所,https://query.sse.com.cn/commonQuery.do,official,exchange_disclosure
2014-03-07,159915,8.634172,深交所,https://stock.xueqiu.com/v5/stock/chart/kline.json,estimated,volume_turnover_inference
2014-03-07,159919,116.657372,深交所,https://stock.xueqiu.com/v5/stock/chart/kline.json,estimated,volume_turnover_inference
2014-03-07,510300,61.600877,上交所,https://query.sse.com.cn/commonQuery.do,official,exchange_disclosure
2014-03-07,510310,50.003074,上交所,https://query.sse.com.cn/commonQuery.do,official,exchange_disclosure
2014-03-07,510330,89.300498,上交所,https://query.sse.com.cn/commonQuery.do,official,exchange_disclosure
2014-03-10,159915,8.636035,深交所,https://stock.xueqiu.com/v5/stock/chart/kline.json,estimated,volume_turnover_inference
2014-03-10,159919,116.843384,深交所,https://stock.xueqiu.com/v5/stock/chart/kline.json,estimated,volume_turnover_inference
2014-03-10,510300,61.294020,上交所,https://query.sse.com.cn/commonQuery.do,official,exchange_disclosure
2014-03-10,510310,50.003074,上交所,https://query.sse.com.cn/commonQuery.do,official,exchange_disclosure
2014-03-10,510330,89.246498,上交所,https://query.sse.com.cn/commonQuery.do,official,exchange_disclosure
2014-03-11,159915,8.634077,深交所,https://stock.xueqiu.com/v5/stock/chart/kline.json,estimated,volume_turnover_inference
2014-03-11,159919,118.613100,深交所,https://stock.xueqiu.com/v5/stock/chart/kline.json,estimated,volume_turnover_inference
2014-03-11,510300,60.673800,上交所,https://query.sse.com.cn/commonQuery.do,official,exchange_disclosure
2014-03-11,510310,50.003074,上交所,https://query.sse.com.cn/commonQuery.do,official,exchange_disclosure
2014-03-11,510330,89.264498,上交所,https://query.sse.com.cn/commonQuery.do,official,exchange_disclosure
2014-03-12,159915,8.633551,深交所,https://stock.xueqiu.com/v5/stock/chart/kline.json,estimated,volume_turnover_inference
2014-03-12,159919,118.343439,深交所,https://stock.xueqiu.com/v5/stock/chart/kline.json,estimated,volume_turnover_inference
2014-03-12,510300,60.448877,上交所,https://query.sse.com.cn/commonQuery.do,official,exchange_disclosure
2014-03-12,510310,49.983074,上交所,https://query.sse.com.cn/commonQuery.do,official,exchange_disclosure
2014-03-12,510330,89.345498,上交所,https://query.sse.com.cn/commonQuery.do,official,exchange_disclosure
2014-03-13,159915,8.632930,深交所,https://stock.xueqiu.com/v5/stock/chart/kline.json,estimated,volume_turnover_inference
2014-03-13,159919,117.109187,深交所,https://stock.xueqiu.com/v5/stock/chart/kline.json,estimated,volume_turnover_inference
2014-03-13,510300,59.305877,上交所,https://query.sse.com.cn/commonQuery.do,official,exchange_disclosure
2014-03-13,510310,49.963074,上交所,https://query.sse.com.cn/commonQuery.do,official,exchange_disclosure
2014-03-13,510330,89.264498,上交所,https://query.sse.com.cn/commonQuery.do,official,exchange_disclosure
2014-03-14,159915,8.635295,深交所,https://stock.xueqiu.com/v5/stock/chart/kline.json,estimated,volume_turnover_inference
2014-03-14,159919,118.059721,深交所,https://stock.xueqiu.com/v5/stock/chart/kline.json,estimated,volume_turnover_inference
2014-03-14,510300,59.566872,上交所,https://query.sse.com.cn/commonQuery.do,official,exchange_disclosure
2014-03-14,510310,49.963074,上交所,https://query.sse.com.cn/commonQuery.do,official,exchange_disclosure
2014-03-14,510330,89.273498,上交所,https://query.sse.com.cn/commonQuery.do,official,exchange_disclosure
2014-03-17,159915,8.633805,深交所,https://stock.xueqiu.com/v5/stock/chart/kline.json,estimated,volume_turnover_inference
2014-03-17,159919,118.488746,深交所,https://stock.xueqiu.com/v5/stock/chart/kline.json,estimated,volume_turnover_inference
2014-03-17,510300,59.233759,上交所,https://query.sse.com.cn/commonQuery.do,official,exchange_disclosure
2014-03-17,510310,49.963074,上交所,https://query.sse.com.cn/commonQuery.do,official,exchange_disclosure
2014-03-17,510330,89.273498,上交所,https://query.sse.com.cn/commonQuery.do,official,exchange_disclosure
2014-03-18,159915,8.634582,深交所,https://stock.xueqiu.com/v5/stock/chart/kline.json,estimated,volume_turnover_inference
2014-03-18,159919,118.265650,深交所,https://stock.xueqiu.com/v5/stock/chart/kline.json,estimated,volume_turnover_inference
2014-03-18,510300,59.098877,上交所,https://query.sse.com.cn/commonQuery.do,official,exchange_disclosure
2014-03-18,510310,49.963074,上交所,https://query.sse.com.cn/commonQuery.do,official,exchange_disclosure
2014-03-18,510330,89.156498,上交所,https://query.sse.com.cn/commonQuery.do,official,exchange_disclosure
2014-03-19,159915,8.635847,深交所,https://stock.xueqiu.com/v5/stock/chart/kline.json,estimated,volume_turnover_inference
2014-03-19,159919,116.656535,深交所,https://stock.xueqiu.com/v5/stock/chart/kline.json,estimated,volume_turnover_inference
2014-03-19,510300,59.657394,上交所,https://query.sse.com.cn/commonQuery.do,official,exchange_disclosure
2014-03-19,510310,49.903074,上交所,https://query.sse.com.cn/commonQuery.do,official,exchange_disclosure
2014-03-19,510330,89.192498,上交所,https://query.sse.com.cn/commonQuery.do,official,exchange_disclosure
2014-03-20,159915,8.635767,深交所,https://stock.xueqiu.com/v5/stock/chart/kline.json,estimated,volume_turnover_inference
2014-03-20,159919,117.087558,深交所,https://stock.xueqiu.com/v5/stock/chart/kline.json,estimated,volume_turnover_inference
2014-03-20,510300,60.835877,上交所,https://query.sse.com.cn/commonQuery.do,official,exchange_disclosure
2014-03-20,510310,49.863074,上交所,https://query.sse.com.cn/commonQuery.do,official,exchange_disclosure
2014-03-20,510330,89.120498,上交所,https://query.sse.com.cn/commonQuery.do,official,exchange_disclosure
2014-03-21,159915,8.634790,深交所,https://stock.xueqiu.com/v5/stock/chart/kline.json,estimated,volume_turnover_inference
2014-03-21,159919,116.735936,深交所,https://stock.xueqiu.com/v5/stock/chart/kline.json,estimated,volume_turnover_inference
2014-03-21,510300,62.005877,上交所,https://query.sse.com.cn/commonQuery.do,official,exchange_disclosure
2014-03-21,510310,49.868702,上交所,https://query.sse.com.cn/commonQuery.do,official,exchange_disclosure
2014-03-21,510330,89.226550,上交所,https://query.sse.com.cn/commonQuery.do,official,exchange_disclosure
2014-03-24,159915,8.636035,深交所,https://stock.xueqiu.com/v5/stock/chart/kline.json,estimated,volume_turnover_inference
2014-03-24,159919,118.425395,深交所,https://stock.xueqiu.com/v5/stock/chart/kline.json,estimated,volume_turnover_inference
2014-03-24,510300,60.502877,上交所,https://query.sse.com.cn/commonQuery.do,official,exchange_disclosure
2014-03-24,510310,49.823074,上交所,https://query.sse.com.cn/commonQuery.do,official,exchange_disclosure
2014-03-24,510330,89.057498,上交所,https://query.sse.com.cn/commonQuery.do,official,exchange_disclosure
2014-03-25,159915,8.635770,深交所,https://stock.xueqiu.com/v5/stock/chart/kline.json,estimated,volume_turnover_inference
2014-03-25,159919,118.091637,深交所,https://stock.xueqiu.com/v5/stock/chart/kline.json,estimated,volume_turnover_inference
2014-03-25,510300,61.087877,上交所,https://query.sse.com.cn/commonQuery.do,official,exchange_disclosure
2014-03-25,510310,49.823074,上交所,https://query.sse.com.cn/commonQuery.do,official,exchange_disclosure
2014-03-25,510330,89.003498,上交所,https://query.sse.com.cn/commonQuery.do,official,exchange_disclosure
2014-03-26,159915,8.634150,深交所,https://stock.xueqiu.com/v5/stock/chart/kline.json,estimated,volume_turnover_inference
2014-03-26,159919,115.545208,深交所,https://stock.xueqiu.com/v5/stock/chart/kline.json,estimated,volume_turnover_inference
2014-03-26,510300,61.051877,上交所,https://query.sse.com.cn/commonQuery.do,official,exchange_disclosure
2014-03-26,510310,49.823074,上交所,https://query.sse.com.cn/commonQuery.do,official,exchange_disclosure
2014-03-26,510330,88.982498,上交所,https://query.sse.com.cn/commonQuery.do,official,exchange_disclosure
2014-03-27,159915,8.632420,深交所,https://stock.xueqiu.com/v5/stock/chart/kline.json,estimated,volume_turnover_inference
2014-03-27,159919,116.337262,深交所,https://stock.xueqiu.com/v5/stock/chart/kline.json,estimated,volume_turnover_inference
2014-03-27,510300,61.408308,上交所,https://query.sse.com.cn/commonQuery.do,official,exchange_disclosure
2014-03-27,510310,49.803074,上交所,https://query.sse.com.cn/commonQuery.do,official,exchange_disclosure
2014-03-27,510330,88.868498,上交所,https://query.sse.com.cn/commonQuery.do,official,exchange_disclosure
2014-03-28,159915,8.632863,深交所,https://stock.xueqiu.com/v5/stock/chart/kline.json,estimated,volume_turnover_inference
2014-03-28,159919,118.927218,深交所,https://stock.xueqiu.com/v5/stock/chart/kline.json,estimated,volume_turnover_inference
2014-03-28,510300,62.194877,上交所,https://query.sse.com.cn/commonQuery.do,official,exchange_disclosure
2014-03-28,510310,49.803074,上交所,https://query.sse.com.cn/commonQuery.do,official,exchange_disclosure
2014-03-28,510330,88.997498,上交所,https://query.sse.com.cn/commonQuery.do,official,exchange_disclosure
2014-03-31,159915,8.636846,深交所,https://stock.xueqiu.com/v5/stock/chart/kline.json,estimated,volume_turnover_inference
2014-03-31,159919,118.443173,深交所,https://stock.xueqiu.com/v5/stock/chart/kline.json,estimated,volume_turnover_inference
2014-03-31,510300,63.272693,上交所,https://query.sse.com.cn/commonQuery.do,official,exchange_disclosure
2014-03-31,510310,49.803074,上交所,https://query.sse.com.cn/commonQuery.do,official,exchange_disclosure
2014-03-31,510330,89.003498,上交所,https://query.sse.com.cn/commonQuery.do,official,exchange_disclosure
2014-04-01,159915,8.634296,深交所,https://stock.xueqiu.com/v5/stock/chart/kline.json,estimated,volume_turnover_inference
2014-04-01,159919,117.691593,深交所,https://stock.xueqiu.com/v5/stock/chart/kline.json,estimated,volume_turnover_inference
2014-04-01,510300,63.467479,上交所,https://query.sse.com.cn/commonQuery.do,official,exchange_disclosure
2014-04-01,510310,49.803074,上交所,https://query.sse.com.cn/commonQuery.do,official,exchange_disclosure
2014-04-01,510330,89.048498,上交所,https://query.sse.com.cn/commonQuery.do,official,exchange_disclosure
2014-04-02,159915,8.636449,深交所,https://stock.xueqiu.com/v5/stock/chart/kline.json,estimated,volume_turnover_inference
2014-04-02,159919,116.691316,深交所,https://stock.xueqiu.com/v5/stock/chart/kline.json,estimated,volume_turnover_inference
2014-04-02,510300,63.310877,上交所,https://query.sse.com.cn/commonQuery.do,official,exchange_disclosure
2014-04-02,510310,49.663074,上交所,https://query.sse.com.cn/commonQuery.do,official,exchange_disclosure
2014-04-02,510330,88.967498,上交所,https://query.sse.com.cn/commonQuery.do,official,exchange_disclosure
2014-04-03,159915,8.635711,深交所,https://stock.xueqiu.com/v5/stock/chart/kline.json,estimated,volume_turnover_inference
2014-04-03,159919,116.553267,深交所,https://stock.xueqiu.com/v5/stock/chart/kline.json,estimated,volume_turnover_inference
2014-04-03,510300,63.427877,上交所,https://query.sse.com.cn/commonQuery.do,official,exchange_disclosure
2014-04-03,510310,49.663074,上交所,https://query.sse.com.cn/commonQuery.do,official,exchange_disclosure
2014-04-03,510330,88.967498,上交所,https://query.sse.com.cn/commonQuery.do,official,exchange_disclosure
2014-04-04,159915,8.632855,深交所,https://stock.xueqiu.com/v5/stock/chart/kline.json,estimated,volume_turnover_inference
2014-04-04,159919,116.797983,深交所,https://stock.xueqiu.com/v5/stock/chart/kline.json,estimated,volume_turnover_inference
2014-04-04,510300,63.490877,上交所,https://query.sse.com.cn/commonQuery.do,official,exchange_disclosure
2014-04-04,510310,49.663074,上交所,https://query.sse.com.cn/commonQuery.do,official,exchange_disclosure
2014-04-04,510330,88.958498,上交所,https://query.sse.com.cn/commonQuery.do,official,exchange_disclosure
2014-04-08,159915,8.637120,深交所,https://stock.xueqiu.com/v5/stock/chart/kline.json,estimated,volume_turnover_inference
2014-04-08,159919,117.613250,深交所,https://stock.xueqiu.com/v5/stock/chart/kline.json,estimated,volume_turnover_inference
2014-04-08,510300,64.406163,上交所,https://query.sse.com.cn/commonQuery.do,official,exchange_disclosure
2014-04-08,510310,49.634496,上交所,https://query.sse.com.cn/commonQuery.do,official,exchange_disclosure
2014-04-08,510330,89.003498,上交所,https://query.sse.com.cn/commonQuery.do,official,exchange_disclosure
2014-04-09,159915,8.633217,深交所,https://stock.xueqiu.com/v5/stock/chart/kline.json,estimated,volume_turnover_inference
2014-04-09,159919,118.417602,深交所,https://stock.xueqiu.com/v5/stock/chart/kline.json,estimated,volume_turnover_inference
2014-04-09,510300,64.678877,上交所,https://query.sse.com.cn/commonQuery.do,official,exchange_disclosure
2014-04-09,510310,49.623074,上交所,https://query.sse.com.cn/commonQuery.do,official,exchange_disclosure
2014-04-09,510330,89.036440,上交所,https://query.sse.com.cn/commonQuery.do,official,exchange_disclosure
2014-04-10,159915,8.635859,深交所,https://stock.xueqiu.com/v5/stock/chart/kline.json,estimated,volume_turnover_inference
2014-04-10,159919,117.651082,深交所,https://stock.xueqiu.com/v5/stock/chart/kline.json,estimated,volume_turnover_inference
2014-04-10,510300,63.292708,上交所,https://query.sse.com.cn/commonQuery.do,official,exchange_disclosure
2014-04-10,510310,49.543074,上交所,https://query.sse.com.cn/commonQuery.do,official,exchange_disclosure
2014-04-10,510330,88.724498,上交所,https://query.sse.com.cn/commonQuery.do,official,exchange_disclosure
2014-04-11,159915,8.634007,深交所,https://stock.xueqiu.com/v5/stock/chart/kline.json,estimated,volume_turnover_inference
2014-04-11,159919,118.012006,深交所,https://stock.xueqiu.com/v5/stock/chart/kline.json,estimated,volume_turnover_inference
2014-04-11,510300,63.409877,上交所,https://query.sse.com.cn/commonQuery.do,official,exchange_disclosure
2014-04-11,510310,49.503074,上交所,https://query.sse.com.cn/commonQuery.do,official,exchange_disclosure
2014-04-11,510330,88.724498,上交所,https://query.sse.com.cn/commonQuery.do,official,exchange_disclosure
2014-04-14,159915,8.637824,深交所,https://stock.xueqiu.com/v5/stock/chart/kline.json,estimated,volume_turnover_inference
2014-04-14,159919,116.670058,深交所,https://stock.xueqiu.com/v5/stock/chart/kline.json,estimated,volume_turnover_inference
2014-04-14,510300,63.823162,上交所,https://query.sse.com.cn/commonQuery.do,official,exchange_disclosure
2014-04-14,510310,49.443074,上交所,https://query.sse.com.cn/commonQuery.do,official,exchange_disclosure
2014-04-14,510330,88.769498,上交所,https://query.sse.com.cn/commonQuery.do,official,exchange_disclosure
2014-04-15,159915,8.638061,深交所,https://stock.xueqiu.com/v5/stock/chart/kline.json,estimated,volume_turnover_inference
2014-04-15,159919,118.726067,深交所,https://stock.xueqiu.com/v5/stock/chart/kline.json,estimated,volume_turnover_inference
2014-04-15,510300,63.535877,上交所,https://query.sse.com.cn/commonQuery.do,official,exchange_disclosure
2014-04-15,510310,49.383074,上交所,https://query.sse.com.cn/commonQuery.do,official,exchange_disclosure
2014-04-15,510330,88.607498,上交所,https://query.sse.com.cn/commonQuery.do,official,exchange_disclosure
2014-04-16,159915,8.637119,深交所,https://stock.xueqiu.com/v5/stock/chart/kline.json,estimated,volume_turnover_inference
2014-04-16,159919,117.565908,深交所,https://stock.xueqiu.com/v5/stock/chart/kline.json,estimated,volume_turnover_inference
2014-04-16,510300,64.661066,上交所,https://query.sse.com.cn/commonQuery.do,official,exchange_disclosure
2014-04-16,510310,49.383074,上交所,https://query.sse.com.cn/commonQuery.do,official,exchange_disclosure
2014-04-16,510330,88.706498,上交所,https://query.sse.com.cn/commonQuery.do,official,exchange_disclosure
2014-04-17,159915,8.632087,深交所,https://stock.xueqiu.com/v5/stock/chart/kline.json,estimated,volume_turnover_inference
2014-04-17,159919,116.962005,深交所,https://stock.xueqiu.com/v5/stock/chart/kline.json,estimated,volume_turnover_inference
2014-04-17,510300,64.498877,上交所,https://query.sse.com.cn/commonQuery.do,official,exchange_disclosure
2014-04-17,510310,49.383074,上交所,https://query.sse.com.cn/commonQuery.do,official,exchange_disclosure
2014-04-17,510330,88.706498,上交所,https://query.sse.com.cn/commonQuery.do,official,exchange_disclosure
2014-04-18,159915,8.635788,深交所,https://stock.xueqiu.com/v5/stock/chart/kline.json,estimated,volume_turnover_inference
2014-04-18,159919,118.328806,深交所,https://stock.xueqiu.com/v5/stock/chart/kline.json,estimated,volume_turnover_inference
2014-04-18,510300,63.718877,上交所,https://query.sse.com.cn/commonQuery.do,official,exchange_disclosure
2014-04-18,510310,49.363074,上交所,https://query.sse.com.cn/commonQuery.do,official,exchange_disclosure
2014-04-18,510330,88.634498,上交所,https://query.sse.com.cn/commonQuery.do,official,exchange_disclosure
2014-04-21,159915,10.537401,深交所,https://stock.xueqiu.com/v5/stock/chart/kline.json,estimated,volume_turnover_inference
2014-04-21,159919,117.081439,深交所,https://stock.xueqiu.com/v5/stock/chart/kline.json,estimated,volume_turnover_inference
2014-04-21,510300,63.328877,上交所,https://query.sse.com.cn/commonQuery.do,official,exchange_disclosure
2014-04-21,510310,49.323074,上交所,https://query.sse.com.cn/commonQuery.do,official,exchange_disclosure
2014-04-21,510330,88.446156,上交所,https://query.sse.com.cn/commonQuery.do,official,exchange_disclosure
2014-04-22,159915,10.541221,深交所,https://stock.xueqiu.com/v5/stock/chart/kline.json,estimated,volume_turnover_inference
2014-04-22,159919,110.635797,深交所,https://stock.xueqiu.com/v5/stock/chart/kline.json,estimated,volume_turnover_inference
2014-04-22,510300,63.607877,上交所,https://query.sse.com.cn/commonQuery.do,official,exchange_disclosure
2014-04-22,510310,49.263074,上交所,https://query.sse.com.cn/commonQuery.do,official,exchange_disclosure
2014-04-22,510330,88.481498,上交所,https://query.sse.com.cn/commonQuery.do,official,exchange_disclosure
2014-04-23,159915,10.533788,深交所,https://stock.xueqiu.com/v5/stock/chart/kline.json,estimated,volume_turnover_inference
2014-04-23,159919,111.387370,深交所,https://stock.xueqiu.com/v5/stock/chart/kline.json,estimated,volume_turnover_inference
2014-04-23,510300,63.040877,上交所,https://query.sse.com.cn/commonQuery.do,official,exchange_disclosure
2014-04-23,510310,49.183074,上交所,https://query.sse.com.cn/commonQuery.do,official,exchange_disclosure
2014-04-23,510330,88.274498,上交所,https://query.sse.com.cn/commonQuery.do,official,exchange_disclosure
2014-04-24,159915,10.528461,深交所,https://stock.xueqiu.com/v5/stock/chart/kline.json,estimated,volume_turnover_inference
2014-04-24,159919,111.098199,深交所,https://stock.xueqiu.com/v5/stock/chart/kline.json,estimated,volume_turnover_inference
2014-04-24,510300,62.815877,上交所,https://query.sse.com.cn/commonQuery.do,official,exchange_disclosure
2014-04-24,510310,49.163074,上交所,https://query.sse.com.cn/commonQuery.do,official,exchange_disclosure
2014-04-24,510330,88.238498,上交所,https://query.sse.com.cn/commonQuery.do,official,exchange_disclosure
2014-04-25,159915,10.534965,深交所,https://stock.xueqiu.com/v5/stock/chart/kline.json,estimated,volume_turnover_inference
2014-04-25,159919,110.529854,深交所,https://stock.xueqiu.com/v5/stock/chart/kline.json,estimated,volume_turnover_inference
2014-04-25,510300,63.175877,上交所,https://query.sse.com.cn/commonQuery.do,official,exchange_disclosure
2014-04-25,510310,49.023074,上交所,https://query.sse.com.cn/commonQuery.do,official,exchange_disclosure
2014-04-25,510330,88.383787,上交所,https://query.sse.com.cn/commonQuery.do,official,exchange_disclosure
2014-04-28,159915,10.533256,深交所,https://stock.xueqiu.com/v5/stock/chart/kline.json,estimated,volume_turnover_inference
2014-04-28,159919,111.065634,深交所,https://stock.xueqiu.com/v5/stock/chart/kline.json,estimated,volume_turnover_inference
2014-04-28,510300,65.313977,上交所,https://query.sse.com.cn/commonQuery.do,official,exchange_disclosure
2014-04-28,510310,49.003074,上交所,https://query.sse.com.cn/commonQuery.do,official,exchange_disclosure
2014-04-28,510330,88.651092,上交所,https://query.sse.com.cn/commonQuery.do,official,exchange_disclosure
2014-04-29,159915,10.535617,深交所,https://stock.xueqiu.com/v5/stock/chart/kline.json,estimated,volume_turnover_inference
2014-04-29,159919,110.276004,深交所,https://stock.xueqiu.com/v5/stock/chart/kline.json,estimated,volume_turnover_inference
2014-04-29,510300,66.478877,上交所,https://query.sse.com.cn/commonQuery.do,official,exchange_disclosure
2014-04-29,510310,49.003074,上交所,https://query.sse.com.cn/commonQuery.do,official,exchange_disclosure
2014-04-29,510330,88.785348,上交所,https://query.sse.com.cn/commonQuery.do,official,exchange_disclosure
2014-04-30,159915,10.537742,深交所,https://stock.xueqiu.com/v5/stock/chart/kline.json,estimated,volume_turnover_inference
2014-04-30,159919,110.945443,深交所,https://stock.xueqiu.com/v5/stock/chart/kline.json,estimated,volume_turnover_inference
2014-04-30,510300,65.425877,上交所,https://query.sse.com.cn/commonQuery.do,official,exchange_disclosure
2014-04-30,510310,48.983074,上交所,https://query.sse.com.cn/commonQuery.do,official,exchange_disclosure
2014-04-30,510330,88.382498,上交所,https://query.sse.com.cn/commonQuery.do,official,exchange_disclosure
2014-05-05,159915,10.537334,深交所,https://stock.xueqiu.com/v5/stock/chart/kline.json,estimated,volume_turnover_inference
2014-05-05,159919,111.311370,深交所,https://stock.xueqiu.com/v5/stock/chart/kline.json,estimated,volume_turnover_inference
2014-05-05,510300,64.042443,上交所,https://query.sse.com.cn/commonQuery.do,official,exchange_disclosure
2014-05-05,510310,48.983074,上交所,https://query.sse.com.cn/commonQuery.do,official,exchange_disclosure
2014-05-05,510330,88.193498,上交所,https://query.sse.com.cn/commonQuery.do,official,exchange_disclosure
2014-05-06,159915,10.535286,深交所,https://stock.xueqiu.com/v5/stock/chart/kline.json,estimated,volume_turnover_inference
2014-05-06,159919,110.727526,深交所,https://stock.xueqiu.com/v5/stock/chart/kline.json,estimated,volume_turnover_inference
2014-05-06,510300,63.229877,上交所,https://query.sse.com.cn/commonQuery.do,official,exchange_disclosure
2014-05-06,510310,48.963074,上交所,https://query.sse.com.cn/commonQuery.do,official,exchange_disclosure
2014-05-06,510330,88.103498,上交所,https://query.sse.com.cn/commonQuery.do,official,exchange_disclosure
2014-05-07,159915,10.542691,深交所,https://stock.xueqiu.com/v5/stock/chart/kline.json,estimated,volume_turnover_inference
2014-05-07,159919,112.070974,深交所,https://stock.xueqiu.com/v5/stock/chart/kline.json,estimated,volume_turnover_inference
2014-05-07,510300,63.688877,上交所,https://query.sse.com.cn/commonQuery.do,official,exchange_disclosure
2014-05-07,510310,48.963074,上交所,https://query.sse.com.cn/commonQuery.do,official,exchange_disclosure
2014-05-07,510330,88.184498,上交所,https://query.sse.com.cn/commonQuery.do,official,exchange_disclosure
2014-05-08,159915,10.533734,深交所,https://stock.xueqiu.com/v5/stock/chart/kline.json,estimated,volume_turnover_inference
2014-05-08,159919,110.057192,深交所,https://stock.xueqiu.com/v5/stock/chart/kline.json,estimated,volume_turnover_inference
2014-05-08,510300,64.350477,上交所,https://query.sse.com.cn/commonQuery.do,official,exchange_disclosure
2014-05-08,510310,48.963074,上交所,https://query.sse.com.cn/commonQuery.do,official,exchange_disclosure
2014-05-08,510330,88.371610,上交所,https://query.sse.com.cn/commonQuery.do,official,exchange_disclosure
2014-05-09,159915,10.539114,深交所,https://stock.xueqiu.com/v5/stock/chart/kline.json,estimated,volume_turnover_inference
2014-05-09,159919,111.608077,深交所,https://stock.xueqiu.com/v5/stock/chart/kline.json,estimated,volume_turnover_inference
2014-05-09,510300,65.389717,上交所,https://query.sse.com.cn/commonQuery.do,official,exchange_disclosure
2014-05-09,510310,48.963074,上交所,https://query.sse.com.cn/commonQuery.do,official,exchange_disclosure
2014-05-09,510330,88.463498,上交所,https://query.sse.com.cn/commonQuery.do,official,exchange_disclosure
2014-05-12,159915,10.533752,深交所,https://stock.xueqiu.com/v5/stock/chart/kline.json,estimated,volume_turnover_inference
2014-05-12,159919,110.731768,深交所,https://stock.xueqiu.com/v5/stock/chart/kline.json,estimated,volume_turnover_inference
2014-05-12,510300,64.300877,上交所,https://query.sse.com.cn/commonQuery.do,official,exchange_disclosure
2014-05-12,510310,48.883074,上交所,https://query.sse.com.cn/commonQuery.do,official,exchange_disclosure
2014-05-12,510330,88.327638,上交所,https://query.sse.com.cn/commonQuery.do,official,exchange_disclosure
2014-05-13,159915,10.531741,深交所,https://stock.xueqiu.com/v5/stock/chart/kline.json,estimated,volume_turnover_inference
2014-05-13,159919,110.769800,深交所,https://stock.xueqiu.com/v5/stock/chart/kline.json,estimated,volume_turnover_inference
2014-05-13,510300,63.310877,上交所,https://query.sse.com.cn/commonQuery.do,official,exchange_disclosure
2014-05-13,510310,48.883074,上交所,https://query.sse.com.cn/commonQuery.do,official,exchange_disclosure
2014-05-13,510330,88.247498,上交所,https://query.sse.com.cn/commonQuery.do,official,exchange_disclosure
2014-05-14,159915,10.533931,深交所,https://stock.xueqiu.com/v5/stock/chart/kline.json,estimated,volume_turnover_inference
2014-05-14,159919,111.432754,深交所,https://stock.xueqiu.com/v5/stock/chart/kline.json,estimated,volume_turnover_inference
2014-05-14,510300,62.824877,上交所,https://query.sse.com.cn/commonQuery.do,official,exchange_disclosure
2014-05-14,510310,48.843074,上交所,https://query.sse.com.cn/commonQuery.do,official,exchange_disclosure
2014-05-14,510330,88.139498,上交所,https://query.sse.com.cn/commonQuery.do,official,exchange_disclosure
2014-05-15,159915,10.537785,深交所,https://stock.xueqiu.com/v5/stock/chart/kline.json,estimated,volume_turnover_inference
2014-05-15,159919,111.169223,深交所,https://stock.xueqiu.com/v5/stock/chart/kline.json,estimated,volume_turnover_inference
2014-05-15,510300,63.852400,上交所,https://query.sse.com.cn/commonQuery.do,official,exchange_disclosure
2014-05-15,510310,48.843074,上交所,https://query.sse.com.cn/commonQuery.do,official,exchange_disclosure
2014-05-15,510330,88.139498,上交所,https://query.sse.com.cn/commonQuery.do,official,exchange_disclosure
2014-05-16,159915,10.534264,深交所,https://stock.xueqiu.com/v5/stock/chart/kline.json,estimated,volume_turnover_inference
2014-05-16,159919,111.196460,深交所,https://stock.xueqiu.com/v5/stock/chart/kline.json,estimated,volume_turnover_inference
2014-05-16,510300,66.173382,上交所,https://query.sse.com.cn/commonQuery.do,official,exchange_disclosure
2014-05-16,510310,48.863074,上交所,https://query.sse.com.cn/commonQuery.do,official,exchange_disclosure
2014-05-16,510330,88.479967,上交所,https://query.sse.com.cn/commonQuery.do,official,exchange_disclosure
2014-05-19,159915,10.535566,深交所,https://stock.xueqiu.com/v5/stock/chart/kline.json,estimated,volume_turnover_inference
2014-05-19,159919,110.232275,深交所,https://stock.xueqiu.com/v5/stock/chart/kline.json,estimated,volume_turnover_inference
2014-05-19,510300,65.029877,上交所,https://query.sse.com.cn/commonQuery.do,official,exchange_disclosure
2014-05-19,510310,48.843074,上交所,https://query.sse.com.cn/commonQuery.do,official,exchange_disclosure
2014-05-19,510330,88.274498,上交所,https://query.sse.com.cn/commonQuery.do,official,exchange_disclosure
2014-05-20,159915,10.532668,深交所,https://stock.xueqiu.com/v5/stock/chart/kline.json,estimated,volume_turnover_inference
2014-05-20,159919,110.721628,深交所,https://stock.xueqiu.com/v5/stock/chart/kline.json,estimated,volume_turnover_inference
2014-05-20,510300,65.069199,上交所,https://query.sse.com.cn/commonQuery.do,official,exchange_disclosure
2014-05-20,510310,48.843074,上交所,https://query.sse.com.cn/commonQuery.do,official,exchange_disclosure
2014-05-20,510330,88.292498,上交所,https://query.sse.com.cn/commonQuery.do,official,exchange_disclosure
2014-05-21,159915,10.532311,深交所,https://stock.xueqiu.com/v5/stock/chart/kline.json,estimated,volume_turnover_inference
2014-05-21,159919,112.000486,深交所,https://stock.xueqiu.com/v5/stock/chart/kline.json,estimated,volume_turnover_inference
2014-05-21,510300,64.948877,上交所,https://query.sse.com.cn/commonQuery.do,official,exchange_disclosure
2014-05-21,510310,48.843074,上交所,https://query.sse.com.cn/commonQuery.do,official,exchange_disclosure
2014-05-21,510330,88.329242,上交所,https://query.sse.com.cn/commonQuery.do,official,exchange_disclosure
2014-05-22,159915,10.533850,深交所,https://stock.xueqiu.com/v5/stock/chart/kline.json,estimated,volume_turnover_inference
2014-05-22,159919,111.077402,深交所,https://stock.xueqiu.com/v5/stock/chart/kline.json,estimated,volume_turnover_inference
2014-05-22,510300,64.128576,上交所,https://query.sse.com.cn/commonQuery.do,official,exchange_disclosure
2014-05-22,510310,48.803074,上交所,https://query.sse.com.cn/commonQuery.do,official,exchange_disclosure
2014-05-22,510330,88.247498,上交所,https://query.sse.com.cn/commonQuery.do,official,exchange_disclosure
2014-05-23,159915,10.532190,深交所,https://stock.xueqiu.com/v5/stock/chart/kline.json,estimated,volume_turnover_inference
2014-05-23,159919,111.235059,深交所,https://stock.xueqiu.com/v5/stock/chart/kline.json,estimated,volume_turnover_inference
2014-05-23,510300,64.264877,上交所,https://query.sse.com.cn/commonQuery.do,official,exchange_disclosure
2014-05-23,510310,48.803074,上交所,https://query.sse.com.cn/commonQuery.do,official,exchange_disclosure
2014-05-23,510330,88.297998,上交所,https://query.sse.com.cn/commonQuery.do,official,exchange_disclosure
2014-05-26,159915,10.533027,深交所,https://stock.xueqiu.com/v5/stock/chart/kline.json,estimated,volume_turnover_inference
2014-05-26,159919,111.318045,深交所,https://stock.xueqiu.com/v5/stock/chart/kline.json,estimated,volume_turnover_inference
2014-05-26,510300,65.210272,上交所,https://query.sse.com.cn/commonQuery.do,official,exchange_disclosure
2014-05-26,510310,48.783074,上交所,https://query.sse.com.cn/commonQuery.do,official,exchange_disclosure
2014-05-26,510330,88.366351,上交所,https://query.sse.com.cn/commonQuery.do,official,exchange_disclosure
2014-05-27,159915,10.536609,深交所,https://stock.xueqiu.com/v5/stock/chart/kline.json,estimated,volume_turnover_inference
2014-05-27,159919,110.230504,深交所,https://stock.xueqiu.com/v5/stock/chart/kline.json,estimated,volume_turnover_inference
2014-05-27,510300,65.613684,上交所,https://query.sse.com.cn/commonQuery.do,official,exchange_disclosure
2014-05-27,510310,48.783074,上交所,https://query.sse.com.cn/commonQuery.do,official,exchange_disclosure
2014-05-27,510330,88.434467,上交所,https://query.sse.com.cn/commonQuery.do,official,exchange_disclosure
2014-05-28,159915,10.536355,深交所,https://stock.xueqiu.com/v5/stock/chart/kline.json,estimated,volume_turnover_inference
2014-05-28,159919,110.648205,深交所,https://stock.xueqiu.com/v5/stock/chart/kline.json,estimated,volume_turnover_inference
2014-05-28,510300,65.893877,上交所,https://query.sse.com.cn/commonQuery.do,official,exchange_disclosure
2014-05-28,510310,48.783074,上交所,https://query.sse.com.cn/commonQuery.do,official,exchange_disclosure
2014-05-28,510330,88.494570,上交所,https://query.sse.com.cn/commonQuery.do,official,exchange_disclosure
2014-05-29,159915,10.536729,深交所,https://stock.xueqiu.com/v5/stock/chart/kline.json,estimated,volume_turnover_inference
2014-05-29,159919,110.958656,深交所,https://stock.xueqiu.com/v5/stock/chart/kline.json,estimated,volume_turnover_inference
2014-05-29,510300,66.415877,上交所,https://query.sse.com.cn/commonQuery.do,official,exchange_disclosure
2014-05-29,510310,48.783074,上交所,https://query.sse.com.cn/commonQuery.do,official,exchange_disclosure
2014-05-29,510330,88.517498,上交所,https://query.sse.com.cn/commonQuery.do,official,exchange_disclosure
2014-05-30,159915,10.536418,深交所,https://stock.xueqiu.com/v5/stock/chart/kline.json,estimated,volume_turnover_inference
2014-05-30,159919,111.554712,深交所,https://stock.xueqiu.com/v5/stock/chart/kline.json,estimated,volume_turnover_inference
2014-05-30,510300,67.656535,上交所,https://query.sse.com.cn/commonQuery.do,official,exchange_disclosure
2014-05-30,510310,48.783074,上交所,https://query.sse.com.cn/commonQuery.do,official,exchange_disclosure
2014-05-30,510330,88.553498,上交所,https://query.sse.com.cn/commonQuery.do,official,exchange_disclosure
2014-06-03,159915,10.531647,深交所,https://stock.xueqiu.com/v5/stock/chart/kline.json,estimated,volume_turnover_inference
2014-06-03,159919,110.239489,深交所,https://stock.xueqiu.com/v5/stock/chart/kline.json,estimated,volume_turnover_inference
2014-06-03,510300,67.711877,上交所,https://query.sse.com.cn/commonQuery.do,official,exchange_disclosure
2014-06-03,510310,48.763074,上交所,https://query.sse.com.cn/commonQuery.do,official,exchange_disclosure
2014-06-03,510330,88.553498,上交所,https://query.sse.com.cn/commonQuery.do,official,exchange_disclosure
2014-06-04,159915,10.531596,深交所,https://stock.xueqiu.com/v5/stock/chart/kline.json,estimated,volume_turnover_inference
2014-06-04,159919,110.632031,深交所,https://stock.xueqiu.com/v5/stock/chart/kline.json,estimated,volume_turnover_inference
2014-06-04,510300,68.323877,上交所,https://query.sse.com.cn/commonQuery.do,official,exchange_disclosure
2014-06-04,510310,48.763074,上交所,https://query.sse.com.cn/commonQuery.do,official,exchange_disclosure
2014-06-04,510330,88.607498,上交所,https://query.sse.com.cn/commonQuery.do,official,exchange_disclosure
2014-06-05,159915,10.536012,深交所,https://stock.xueqiu.com/v5/stock/chart/kline.json,estimated,volume_turnover_inference
2014-06-05,159919,110.564548,深交所,https://stock.xueqiu.com/v5/stock/chart/kline.json,estimated,volume_turnover_inference
2014-06-05,510300,68.647877,上交所,https://query.sse.com.cn/commonQuery.do,official,exchange_disclosure
2014-06-05,510310,48.763074,上交所,https://query.sse.com.cn/commonQuery.do,official,exchange_disclosure
2014-06-05,510330,88.661498,上交所,https://query.sse.com.cn/commonQuery.do,official,exchange_disclosure
2014-06-06,159915,10.533261,深交所,https://stock.xueqiu.com/v5/stock/chart/kline.json,estimated,volume_turnover_inference
2014-06-06,159919,111.468676,深交所,https://stock.xueqiu.com/v5/stock/chart/kline.json,estimated,volume_turnover_inference
2014-06-06,510300,67.783877,上交所,https://query.sse.com.cn/commonQuery.do,official,exchange_disclosure
2014-06-06,510310,48.743074,上交所,https://query.sse.com.cn/commonQuery.do,official,exchange_disclosure
2014-06-06,510330,88.121498,上交所,https://query.sse.com.cn/commonQuery.do,official,exchange_disclosure
2014-06-09,159915,10.533124,深交所,https://stock.xueqiu.com/v5/stock/chart/kline.json,estimated,volume_turnover_inference
2014-06-09,159919,110.944329,深交所,https://stock.xueqiu.com/v5/stock/chart/kline.json,estimated,volume_turnover_inference
2014-06-09,510300,66.019877,上交所,https://query.sse.com.cn/commonQuery.do,official,exchange_disclosure
2014-06-09,510310,48.643074,上交所,https://query.sse.com.cn/commonQuery.do,official,exchange_disclosure
2014-06-09,510330,88.009954,上交所,https://query.sse.com.cn/commonQuery.do,official,exchange_disclosure
2014-06-10,159915,10.536248,深交所,https://stock.xueqiu.com/v5/stock/chart/kline.json,estimated,volume_turnover_inference
2014-06-10,159919,111.105208,深交所,https://stock.xueqiu.com/v5/stock/chart/kline.json,estimated,volume_turnover_inference
2014-06-10,510300,67.943239,上交所,https://query.sse.com.cn/commonQuery.do,official,exchange_disclosure
2014-06-10,510310,48.623074,上交所,https://query.sse.com.cn/commonQuery.do,official,exchange_disclosure
2014-06-10,510330,88.160498,上交所,https://query.sse.com.cn/commonQuery.do,official,exchange_disclosure
2014-06-11,159915,10.535318,深交所,https://stock.xueqiu.com/v5/stock/chart/kline.json,estimated,volume_turnover_inference
2014-06-11,159919,110.744810,深交所,https://stock.xueqiu.com/v5/stock/chart/kline.json,estimated,volume_turnover_inference
2014-06-11,510300,67.738877,上交所,https://query.sse.com.cn/commonQuery.do,official,exchange_disclosure
2014-06-11,510310,48.603074,上交所,https://query.sse.com.cn/commonQuery.do,official,exchange_disclosure
2014-06-11,510330,88.121498,上交所,https://query.sse.com.cn/commonQuery.do,official,exchange_disclosure
2014-06-12,159915,10.532080,深交所,https://stock.xueqiu.com/v5/stock/chart/kline.json,estimated,volume_turnover_inference
2014-06-12,159919,110.940416,深交所,https://stock.xueqiu.com/v5/stock/chart/kline.json,estimated,volume_turnover_inference
2014-06-12,510300,67.783877,上交所,https://query.sse.com.cn/commonQuery.do,official,exchange_disclosure
2014-06-12,510310,48.603074,上交所,https://query.sse.com.cn/commonQuery.do,official,exchange_disclosure
2014-06-12,510330,88.112498,上交所,https://query.sse.com.cn/commonQuery.do,official,exchange_disclosure
2014-06-13,159915,10.534772,深交所,https://stock.xueqiu.com/v5/stock/chart/kline.json,estimated,volume_turnover_inference
2014-06-13,159919,111.037375,深交所,https://stock.xueqiu.com/v5/stock/chart/kline.json,estimated,volume_turnover_inference
2014-06-13,510300,68.953877,上交所,https://query.sse.com.cn/commonQuery.do,official,exchange_disclosure
2014-06-13,510310,48.603074,上交所,https://query.sse.com.cn/commonQuery.do,official,exchange_disclosure
2014-06-13,510330,88.265498,上交所,https://query.sse.com.cn/commonQuery.do,official,exchange_disclosure
2014-06-16,159915,10.536010,深交所,https://stock.xueqiu.com/v5/stock/chart/kline.json,estimated,volume_turnover_inference
2014-06-16,159919,110.637581,深交所,https://stock.xueqiu.com/v5/stock/chart/kline.json,estimated,volume_turnover_inference
2014-06-16,510300,71.212877,上交所,https://query.sse.com.cn/commonQuery.do,official,exchange_disclosure
2014-06-16,510310,48.603074,上交所,https://query.sse.com.cn/commonQuery.do,official,exchange_disclosure
2014-06-16,510330,88.283498,上交所,https://query.sse.com.cn/commonQuery.do,official,exchange_disclosure
2014-06-17,159915,10.535445,深交所,https://stock.xueqiu.com/v5/stock/chart/kline.json,estimated,volume_turnover_inference
2014-06-17,159919,110.695944,深交所,https://stock.xueqiu.com/v5/stock/chart/kline.json,estimated,volume_turnover_inference
2014-06-17,510300,74.775695,上交所,https://query.sse.com.cn/commonQuery.do,official,exchange_disclosure
2014-06-17,510310,50.757205,上交所,https://query.sse.com.cn/commonQuery.do,official,exchange_disclosure
2014-06-17,510330,88.346498,上交所,https://query.sse.com.cn/commonQuery.do,official,exchange_disclosure
2014-06-18,159915,10.535837,深交所,https://stock.xueqiu.com/v5/stock/chart/kline.json,estimated,volume_turnover_inference
2014-06-18,159919,111.068604,深交所,https://stock.xueqiu.com/v5/stock/chart/kline.json,estimated,volume_turnover_inference
2014-06-18,510300,76.808717,上交所,https://query.sse.com.cn/commonQuery.do,official,exchange_disclosure
2014-06-18,510310,50.744574,上交所,https://query.sse.com.cn/commonQuery.do,official,exchange_disclosure
2014-06-18,510330,88.465345,上交所,https://query.sse.com.cn/commonQuery.do,official,exchange_disclosure
2014-06-19,159915,10.535109,深交所,https://stock.xueqiu.com/v5/stock/chart/kline.json,estimated,volume_turnover_inference
2014-06-19,159919,110.993248,深交所,https://stock.xueqiu.com/v5/stock/chart/kline.json,estimated,volume_turnover_inference
2014-06-19,510300,79.168877,上交所,https://query.sse.com.cn/commonQuery.do,official,exchange_disclosure
2014-06-19,510310,51.043074,上交所,https://query.sse.com.cn/commonQuery.do,official,exchange_disclosure
2014-06-19,510330,88.697498,上交所,https://query.sse.com.cn/commonQuery.do,official,exchange_disclosure
2014-06-20,159915,10.535996,深交所,https://stock.xueqiu.com/v5/stock/chart/kline.json,estimated,volume_turnover_inference
2014-06-20,159919,110.790628,深交所,https://stock.xueqiu.com/v5/stock/chart/kline.json,estimated,volume_turnover_inference
2014-06-20,510300,81.118133,上交所,https://query.sse.com.cn/commonQuery.do,official,exchange_disclosure
2014-06-20,510310,51.272719,上交所,https://query.sse.com.cn/commonQuery.do,official,exchange_disclosure
2014-06-20,510330,88.814498,上交所,https://query.sse.com.cn/commonQuery.do,official,exchange_disclosure
2014-06-23,159915,10.532934,深交所,https://stock.xueqiu.com/v5/stock/chart/kline.json,estimated,volume_turnover_inference
2014-06-23,159919,110.402251,深交所,https://stock.xueqiu.com/v5/stock/chart/kline.json,estimated,volume_turnover_inference
2014-06-23,510300,80.878877,上交所,https://query.sse.com.cn/commonQuery.do,official,exchange_disclosure
2014-06-23,510310,51.263074,上交所,https://query.sse.com.cn/commonQuery.do,official,exchange_disclosure
2014-06-23,510330,88.634498,上交所,https://query.sse.com.cn/commonQuery.do,official,exchange_disclosure
2014-06-24,159915,10.531699,深交所,https://stock.xueqiu.com/v5/stock/chart/kline.json,estimated,volume_turnover_inference
2014-06-24,159919,110.694548,深交所,https://stock.xueqiu.com/v5/stock/chart/kline.json,estimated,volume_turnover_inference
2014-06-24,510300,80.599877,上交所,https://query.sse.com.cn/commonQuery.do,official,exchange_disclosure
2014-06-24,510310,51.223074,上交所,https://query.sse.com.cn/commonQuery.do,official,exchange_disclosure
2014-06-24,510330,88.625498,上交所,https://query.sse.com.cn/commonQuery.do,official,exchange_disclosure
2014-06-25,159915,10.537116,深交所,https://stock.xueqiu.com/v5/stock/chart/kline.json,estimated,volume_turnover_inference
2014-06-25,159919,110.846751,深交所,https://stock.xueqiu.com/v5/stock/chart/kline.json,estimated,volume_turnover_inference
2014-06-25,510300,80.599877,上交所,https://query.sse.com.cn/commonQuery.do,official,exchange_disclosure
2014-06-25,510310,51.203074,上交所,https://query.sse.com.cn/commonQuery.do,official,exchange_disclosure
2014-06-25,510330,88.664498,上交所,https://query.sse.com.cn/commonQuery.do,official,exchange_disclosure
2014-06-26,159915,10.533578,深交所,https://stock.xueqiu.com/v5/stock/chart/kline.json,estimated,volume_turnover_inference
2014-06-26,159919,110.939298,深交所,https://stock.xueqiu.com/v5/stock/chart/kline.json,estimated,volume_turnover_inference
2014-06-26,510300,80.851729,上交所,https://query.sse.com.cn/commonQuery.do,official,exchange_disclosure
2014-06-26,510310,51.223074,上交所,https://query.sse.com.cn/commonQuery.do,official,exchange_disclosure
2014-06-26,510330,89.012254,上交所,https://query.sse.com.cn/commonQuery.do,official,exchange_disclosure
2014-06-27,159915,10.534619,深交所,https://stock.xueqiu.com/v5/stock/chart/kline.json,estimated,volume_turnover_inference
2014-06-27,159919,111.069648,深交所,https://stock.xueqiu.com/v5/stock/chart/kline.json,estimated,volume_turnover_inference
2014-06-27,510300,80.806877,上交所,https://query.sse.com.cn/commonQuery.do,official,exchange_disclosure
2014-06-27,510310,51.243074,上交所,https://query.sse.com.cn/commonQuery.do,official,exchange_disclosure
2014-06-27,510330,89.030498,上交所,https://query.sse.com.cn/commonQuery.do,official,exchange_disclosure
2014-06-30,159915,10.532204,深交所,https://stock.xueqiu.com/v5/stock/chart/kline.json,estimated,volume_turnover_inference
2014-06-30,159919,111.116665,深交所,https://stock.xueqiu.com/v5/stock/chart/kline.json,estimated,volume_turnover_inference
2014-06-30,510300,80.868227,上交所,https://query.sse.com.cn/commonQuery.do,official,exchange_disclosure
2014-06-30,510310,51.203074,上交所,https://query.sse.com.cn/commonQuery.do,official,exchange_disclosure
2014-06-30,510330,89.066498,上交所,https://query.sse.com.cn/commonQuery.do,official,exchange_disclosure
2014-07-01,159915,11.734837,深交所,https://stock.xueqiu.com/v5/stock/chart/kline.json,estimated,volume_turnover_inference
2014-07-01,159919,118.321843,深交所,https://stock.xueqiu.com/v5/stock/chart/kline.json,estimated,volume_turnover_inference
2014-07-01,510300,80.626877,上交所,https://query.sse.com.cn/commonQuery.do,official,exchange_disclosure
2014-07-01,510310,50.983074,上交所,https://query.sse.com.cn/commonQuery.do,official,exchange_disclosure
2014-07-01,510330,88.931498,上交所,https://query.sse.com.cn/commonQuery.do,official,exchange_disclosure
2014-07-02,159915,11.734549,深交所,https://stock.xueqiu.com/v5/stock/chart/kline.json,estimated,volume_turnover_inference
2014-07-02,159919,119.063579,深交所,https://stock.xueqiu.com/v5/stock/chart/kline.json,estimated,volume_turnover_inference
2014-07-02,510300,80.635877,上交所,https://query.sse.com.cn/commonQuery.do,official,exchange_disclosure
2014-07-02,510310,50.863074,上交所,https://query.sse.com.cn/commonQuery.do,official,exchange_disclosure
2014-07-02,510330,88.931498,上交所,https://query.sse.com.cn/commonQuery.do,official,exchange_disclosure
2014-07-03,159915,11.737695,深交所,https://stock.xueqiu.com/v5/stock/chart/kline.json,estimated,volume_turnover_inference
2014-07-03,159919,118.754577,深交所,https://stock.xueqiu.com/v5/stock/chart/kline.json,estimated,volume_turnover_inference
2014-07-03,510300,80.311877,上交所,https://query.sse.com.cn/commonQuery.do,official,exchange_disclosure
2014-07-03,510310,50.763074,上交所,https://query.sse.com.cn/commonQuery.do,official,exchange_disclosure
2014-07-03,510330,88.868498,上交所,https://query.sse.com.cn/commonQuery.do,official,exchange_disclosure
2014-07-04,159915,11.730982,深交所,https://stock.xueqiu.com/v5/stock/chart/kline.json,estimated,volume_turnover_inference
2014-07-04,159919,117.807121,深交所,https://stock.xueqiu.com/v5/stock/chart/kline.json,estimated,volume_turnover_inference
2014-07-04,510300,79.771877,上交所,https://query.sse.com.cn/commonQuery.do,official,exchange_disclosure
2014-07-04,510310,50.643074,上交所,https://query.sse.com.cn/commonQuery.do,official,exchange_disclosure
2014-07-04,510330,88.643498,上交所,https://query.sse.com.cn/commonQuery.do,official,exchange_disclosure
2014-07-07,159915,11.735485,深交所,https://stock.xueqiu.com/v5/stock/chart/kline.json,estimated,volume_turnover_inference
2014-07-07,159919,118.911472,深交所,https://stock.xueqiu.com/v5/stock/chart/kline.json,estimated,volume_turnover_inference
2014-07-07,510300,79.744877,上交所,https://query.sse.com.cn/commonQuery.do,official,exchange_disclosure
2014-07-07,510310,50.603074,上交所,https://query.sse.com.cn/commonQuery.do,official,exchange_disclosure
2014-07-07,510330,88.646498,上交所,https://query.sse.com.cn/commonQuery.do,official,exchange_disclosure
2014-07-08,159915,11.734821,深交所,https://stock.xueqiu.com/v5/stock/chart/kline.json,estimated,volume_turnover_inference
2014-07-08,159919,118.095116,深交所,https://stock.xueqiu.com/v5/stock/chart/kline.json,estimated,volume_turnover_inference
2014-07-08,510300,79.672877,上交所,https://query.sse.com.cn/commonQuery.do,official,exchange_disclosure
2014-07-08,510310,50.563074,上交所,https://query.sse.com.cn/commonQuery.do,official,exchange_disclosure
2014-07-08,510330,88.661498,上交所,https://query.sse.com.cn/commonQuery.do,official,exchange_disclosure
2014-07-09,159915,11.732061,深交所,https://stock.xueqiu.com/v5/stock/chart/kline.json,estimated,volume_turnover_inference
2014-07-09,159919,118.964730,深交所,https://stock.xueqiu.com/v5/stock/chart/kline.json,estimated,volume_turnover_inference
2014-07-09,510300,79.465877,上交所,https://query.sse.com.cn/commonQuery.do,official,exchange_disclosure
2014-07-09,510310,50.383074,上交所,https://query.sse.com.cn/commonQuery.do,official,exchange_disclosure
2014-07-09,510330,88.679498,上交所,https://query.sse.com.cn/commonQuery.do,official,exchange_disclosure
2014-07-10,159915,11.736620,深交所,https://stock.xueqiu.com/v5/stock/chart/kline.json,estimated,volume_turnover_inference
2014-07-10,159919,118.120631,深交所,https://stock.xueqiu.com/v5/stock/chart/kline.json,estimated,volume_turnover_inference
2014-07-10,510300,79.483877,上交所,https://query.sse.com.cn/commonQuery.do,official,exchange_disclosure
2014-07-10,510310,50.363074,上交所,https://query.sse.com.cn/commonQuery.do,official,exchange_disclosure
2014-07-10,510330,88.724498,上交所,https://query.sse.com.cn/commonQuery.do,official,exchange_disclosure
2014-07-11,159915,11.728824,深交所,https://stock.xueqiu.com/v5/stock/chart/kline.json,estimated,volume_turnover_inference
2014-07-11,159919,119.364309,深交所,https://stock.xueqiu.com/v5/stock/chart/kline.json,estimated,volume_turnover_inference
2014-07-11,510300,78.232877,上交所,https://query.sse.com.cn/commonQuery.do,official,exchange_disclosure
2014-07-11,510310,50.343074,上交所,https://query.sse.com.cn/commonQuery.do,official,exchange_disclosure
2014-07-11,510330,88.562498,上交所,https://query.sse.com.cn/commonQuery.do,official,exchange_disclosure
2014-07-14,159915,11.736671,深交所,https://stock.xueqiu.com/v5/stock/chart/kline.json,estimated,volume_turnover_inference
2014-07-14,159919,118.303974,深交所,https://stock.xueqiu.com/v5/stock/chart/kline.json,estimated,volume_turnover_inference
2014-07-14,510300,77.116877,上交所,https://query.sse.com.cn/commonQuery.do,official,exchange_disclosure
2014-07-14,510310,50.243074,上交所,https://query.sse.com.cn/commonQuery.do,official,exchange_disclosure
2014-07-14,510330,88.490498,上交所,https://query.sse.com.cn/commonQuery.do,official,exchange_disclosure
2014-07-15,159915,11.730696,深交所,https://stock.xueqiu.com/v5/stock/chart/kline.json,estimated,volume_turnover_inference
2014-07-15,159919,118.665901,深交所,https://stock.xueqiu.com/v5/stock/chart/kline.json,estimated,volume_turnover_inference
2014-07-15,510300,76.693877,上交所,https://query.sse.com.cn/commonQuery.do,official,exchange_disclosure
2014-07-15,510310,50.223074,上交所,https://query.sse.com.cn/commonQuery.do,official,exchange_disclosure
2014-07-15,510330,88.616498,上交所,https://query.sse.com.cn/commonQuery.do,official,exchange_disclosure
2014-07-16,159915,11.732790,深交所,https://stock.xueqiu.com/v5/stock/chart/kline.json,estimated,volume_turnover_inference
2014-07-16,159919,118.920326,深交所,https://stock.xueqiu.com/v5/stock/chart/kline.json,estimated,volume_turnover_inference
2014-07-16,510300,76.306877,上交所,https://query.sse.com.cn/commonQuery.do,official,exchange_disclosure
2014-07-16,510310,50.123074,上交所,https://query.sse.com.cn/commonQuery.do,official,exchange_disclosure
2014-07-16,510330,88.912740,上交所,https://query.sse.com.cn/commonQuery.do,official,exchange_disclosure
2014-07-17,159915,11.733082,深交所,https://stock.xueqiu.com/v5/stock/chart/kline.json,estimated,volume_turnover_inference
2014-07-17,159919,117.854291,深交所,https://stock.xueqiu.com/v5/stock/chart/kline.json,estimated,volume_turnover_inference
2014-07-17,510300,76.063877,上交所,https://query.sse.com.cn/commonQuery.do,official,exchange_disclosure
2014-07-17,510310,50.103074,上交所,https://query.sse.com.cn/commonQuery.do,official,exchange_disclosure
2014-07-17,510330,88.904498,上交所,https://query.sse.com.cn/commonQuery.do,official,exchange_disclosure
2014-07-18,159915,11.731814,深交所,https://stock.xueqiu.com/v5/stock/chart/kline.json,estimated,volume_turnover_inference
2014-07-18,159919,117.862342,深交所,https://stock.xueqiu.com/v5/stock/chart/kline.json,estimated,volume_turnover_inference
2014-07-18,510300,75.883877,上交所,https://query.sse.com.cn/commonQuery.do,official,exchange_disclosure
2014-07-18,510310,50.103074,上交所,https://query.sse.com.cn/commonQuery.do,official,exchange_disclosure
2014-07-18,510330,88.688498,上交所,https://query.sse.com.cn/commonQuery.do,official,exchange_disclosure
2014-07-21,159915,11.732593,深交所,https://stock.xueqiu.com/v5/stock/chart/kline.json,estimated,volume_turnover_inference
2014-07-21,159919,118.751440,深交所,https://stock.xueqiu.com/v5/stock/chart/kline.json,estimated,volume_turnover_inference
2014-07-21,510300,74.947877,上交所,https://query.sse.com.cn/commonQuery.do,official,exchange_disclosure
2014-07-21,510310,49.963074,上交所,https://query.sse.com.cn/commonQuery.do,official,exchange_disclosure
2014-07-21,510330,88.643498,上交所,https://query.sse.com.cn/commonQuery.do,official,exchange_disclosure
2014-07-22,159915,11.735439,深交所,https://stock.xueqiu.com/v5/stock/chart/kline.json,estimated,volume_turnover_inference
2014-07-22,159919,118.571687,深交所,https://stock.xueqiu.com/v5/stock/chart/kline.json,estimated,volume_turnover_inference
2014-07-22,510300,73.286087,上交所,https://query.sse.com.cn/commonQuery.do,official,exchange_disclosure
2014-07-22,510310,49.703074,上交所,https://query.sse.com.cn/commonQuery.do,official,exchange_disclosure
2014-07-22,510330,88.562498,上交所,https://query.sse.com.cn/commonQuery.do,official,exchange_disclosure
2014-07-23,159915,11.737029,深交所,https://stock.xueqiu.com/v5/stock/chart/kline.json,estimated,volume_turnover_inference
2014-07-23,159919,118.438559,深交所,https://stock.xueqiu.com/v5/stock/chart/kline.json,estimated,volume_turnover_inference
2014-07-23,510300,71.644877,上交所,https://query.sse.com.cn/commonQuery.do,official,exchange_disclosure
2014-07-23,510310,49.603074,上交所,https://query.sse.com.cn/commonQuery.do,official,exchange_disclosure
2014-07-23,510330,88.490498,上交所,https://query.sse.com.cn/commonQuery.do,official,exchange_disclosure
2014-07-24,159915,11.733051,深交所,https://stock.xueqiu.com/v5/stock/chart/kline.json,estimated,volume_turnover_inference
2014-07-24,159919,118.672772,深交所,https://stock.xueqiu.com/v5/stock/chart/kline.json,estimated,volume_turnover_inference
2014-07-24,510300,71.812388,上交所,https://query.sse.com.cn/commonQuery.do,official,exchange_disclosure
2014-07-24,510310,49.603074,上交所,https://query.sse.com.cn/commonQuery.do,official,exchange_disclosure
2014-07-24,510330,88.553498,上交所,https://query.sse.com.cn/commonQuery.do,official,exchange_disclosure
2014-07-25,159915,11.732299,深交所,https://stock.xueqiu.com/v5/stock/chart/kline.json,estimated,volume_turnover_inference
2014-07-25,159919,117.926537,深交所,https://stock.xueqiu.com/v5/stock/chart/kline.json,estimated,volume_turnover_inference
2014-07-25,510300,72.113234,上交所,https://query.sse.com.cn/commonQuery.do,official,exchange_disclosure
2014-07-25,510310,49.523074,上交所,https://query.sse.com.cn/commonQuery.do,official,exchange_disclosure
2014-07-25,510330,88.655498,上交所,https://query.sse.com.cn/commonQuery.do,official,exchange_disclosure
2014-07-28,159915,11.731728,深交所,https://stock.xueqiu.com/v5/stock/chart/kline.json,estimated,volume_turnover_inference
2014-07-28,159919,118.303630,深交所,https://stock.xueqiu.com/v5/stock/chart/kline.json,estimated,volume_turnover_inference
2014-07-28,510300,73.426877,上交所,https://query.sse.com.cn/commonQuery.do,official,exchange_disclosure
2014-07-28,510310,49.443074,上交所,https://query.sse.com.cn/commonQuery.do,official,exchange_disclosure
2014-07-28,510330,89.021498,上交所,https://query.sse.com.cn/commonQuery.do,official,exchange_disclosure
2014-07-29,159915,11.733947,深交所,https://stock.xueqiu.com/v5/stock/chart/kline.json,estimated,volume_turnover_inference
2014-07-29,159919,118.091183,深交所,https://stock.xueqiu.com/v5/stock/chart/kline.json,estimated,volume_turnover_inference
2014-07-29,510300,73.623382,上交所,https://query.sse.com.cn/commonQuery.do,official,exchange_disclosure
2014-07-29,510310,49.323074,上交所,https://query.sse.com.cn/commonQuery.do,official,exchange_disclosure
2014-07-29,510330,89.030498,上交所,https://query.sse.com.cn/commonQuery.do,official,exchange_disclosure
2014-07-30,159915,11.732676,深交所,https://stock.xueqiu.com/v5/stock/chart/kline.json,estimated,volume_turnover_inference
2014-07-30,159919,118.254704,深交所,https://stock.xueqiu.com/v5/stock/chart/kline.json,estimated,volume_turnover_inference
2014-07-30,510300,74.546103,上交所,https://query.sse.com.cn/commonQuery.do,official,exchange_disclosure
2014-07-30,510310,49.283074,上交所,https://query.sse.com.cn/commonQuery.do,official,exchange_disclosure
2014-07-30,510330,89.147498,上交所,https://query.sse.com.cn/commonQuery.do,official,exchange_disclosure
2014-07-31,159915,11.734418,深交所,https://stock.xueqiu.com/v5/stock/chart/kline.json,estimated,volume_turnover_inference
2014-07-31,159919,118.225212,深交所,https://stock.xueqiu.com/v5/stock/chart/kline.json,estimated,volume_turnover_inference
2014-07-31,510300,75.913788,上交所,https://query.sse.com.cn/commonQuery.do,official,exchange_disclosure
2014-07-31,510310,49.283074,上交所,https://query.sse.com.cn/commonQuery.do,official,exchange_disclosure
2014-07-31,510330,89.183478,上交所,https://query.sse.com.cn/commonQuery.do,official,exchange_disclosure
2014-08-01,159915,11.734704,深交所,https://stock.xueqiu.com/v5/stock/chart/kline.json,estimated,volume_turnover_inference
2014-08-01,159919,118.486942,深交所,https://stock.xueqiu.com/v5/stock/chart/kline.json,estimated,volume_turnover_inference
2014-08-01,510300,78.246572,上交所,https://query.sse.com.cn/commonQuery.do,official,exchange_disclosure
2014-08-01,510310,49.282639,上交所,https://query.sse.com.cn/commonQuery.do,official,exchange_disclosure
2014-08-01,510330,89.282498,上交所,https://query.sse.com.cn/commonQuery.do,official,exchange_disclosure
2014-08-04,159915,11.733366,深交所,https://stock.xueqiu.com/v5/stock/chart/kline.json,estimated,volume_turnover_inference
2014-08-04,159919,118.760175,深交所,https://stock.xueqiu.com/v5/stock/chart/kline.json,estimated,volume_turnover_inference
2014-08-04,510300,79.357877,上交所,https://query.sse.com.cn/commonQuery.do,official,exchange_disclosure
2014-08-04,510310,47.503074,上交所,https://query.sse.com.cn/commonQuery.do,official,exchange_disclosure
2014-08-04,510330,89.297498,上交所,https://query.sse.com.cn/commonQuery.do,official,exchange_disclosure
2014-08-05,159915,11.735694,深交所,https://stock.xueqiu.com/v5/stock/chart/kline.json,estimated,volume_turnover_inference
2014-08-05,159919,119.040554,深交所,https://stock.xueqiu.com/v5/stock/chart/kline.json,estimated,volume_turnover_inference
2014-08-05,510300,78.880877,上交所,https://query.sse.com.cn/commonQuery.do,official,exchange_disclosure
2014-08-05,510310,47.163074,上交所,https://query.sse.com.cn/commonQuery.do,official,exchange_disclosure
2014-08-05,510330,89.003498,上交所,https://query.sse.com.cn/commonQuery.do,official,exchange_disclosure
2014-08-06,159915,11.735885,深交所,https://stock.xueqiu.com/v5/stock/chart/kline.json,estimated,volume_turnover_inference
2014-08-06,159919,118.607649,深交所,https://stock.xueqiu.com/v5/stock/chart/kline.json,estimated,volume_turnover_inference
2014-08-06,510300,78.268877,上交所,https://query.sse.com.cn/commonQuery.do,official,exchange_disclosure
2014-08-06,510310,47.123074,上交所,https://query.sse.com.cn/commonQuery.do,official,exchange_disclosure
2014-08-06,510330,88.868498,上交所,https://query.sse.com.cn/commonQuery.do,official,exchange_disclosure
2014-08-07,159915,11.731636,深交所,https://stock.xueqiu.com/v5/stock/chart/kline.json,estimated,volume_turnover_inference
2014-08-07,159919,118.438018,深交所,https://stock.xueqiu.com/v5/stock/chart/kline.json,estimated,volume_turnover_inference
2014-08-07,510300,76.990877,上交所,https://query.sse.com.cn/commonQuery.do,official,exchange_disclosure
2014-08-07,510310,47.003074,上交所,https://query.sse.com.cn/commonQuery.do,official,exchange_disclosure
2014-08-07,510330,88.481498,上交所,https://query.sse.com.cn/commonQuery.do,official,exchange_disclosure
2014-08-08,159915,11.729707,深交所,https://stock.xueqiu.com/v5/stock/chart/kline.json,estimated,volume_turnover_inference
2014-08-08,159919,118.871045,深交所,https://stock.xueqiu.com/v5/stock/chart/kline.json,estimated,volume_turnover_inference
2014-08-08,510300,77.463164,上交所,https://query.sse.com.cn/commonQuery.do,official,exchange_disclosure
2014-08-08,510310,47.003074,上交所,https://query.sse.com.cn/commonQuery.do,official,exchange_disclosure
2014-08-08,510330,88.589498,上交所,https://query.sse.com.cn/commonQuery.do,official,exchange_disclosure
2014-08-11,159915,11.735835,深交所,https://stock.xueqiu.com/v5/stock/chart/kline.json,estimated,volume_turnover_inference
2014-08-11,159919,118.187116,深交所,https://stock.xueqiu.com/v5/stock/chart/kline.json,estimated,volume_turnover_inference
2014-08-11,510300,77.412039,上交所,https://query.sse.com.cn/commonQuery.do,official,exchange_disclosure
2014-08-11,510310,47.017167,上交所,https://query.sse.com.cn/commonQuery.do,official,exchange_disclosure
2014-08-11,510330,88.661498,上交所,https://query.sse.com.cn/commonQuery.do,official,exchange_disclosure
2014-08-12,159915,11.730907,深交所,https://stock.xueqiu.com/v5/stock/chart/kline.json,estimated,volume_turnover_inference
2014-08-12,159919,118.299337,深交所,https://stock.xueqiu.com/v5/stock/chart/kline.json,estimated,volume_turnover_inference
2014-08-12,510300,76.468877,上交所,https://query.sse.com.cn/commonQuery.do,official,exchange_disclosure
2014-08-12,510310,46.943074,上交所,https://query.sse.com.cn/commonQuery.do,official,exchange_disclosure
2014-08-12,510330,88.256498,上交所,https://query.sse.com.cn/commonQuery.do,official,exchange_disclosure
2014-08-13,159915,11.741017,深交所,https://stock.xueqiu.com/v5/stock/chart/kline.json,estimated,volume_turnover_inference
2014-08-13,159919,118.283179,深交所,https://stock.xueqiu.com/v5/stock/chart/kline.json,estimated,volume_turnover_inference
2014-08-13,510300,76.108877,上交所,https://query.sse.com.cn/commonQuery.do,official,exchange_disclosure
2014-08-13,510310,46.903074,上交所,https://query.sse.com.cn/commonQuery.do,official,exchange_disclosure
2014-08-13,510330,88.130498,上交所,https://query.sse.com.cn/commonQuery.do,official,exchange_disclosure
2014-08-14,159915,11.741127,深交所,https://stock.xueqiu.com/v5/stock/chart/kline.json,estimated,volume_turnover_inference
2014-08-14,159919,118.649189,深交所,https://stock.xueqiu.com/v5/stock/chart/kline.json,estimated,volume_turnover_inference
2014-08-14,510300,75.253877,上交所,https://query.sse.com.cn/commonQuery.do,official,exchange_disclosure
2014-08-14,510310,46.783074,上交所,https://query.sse.com.cn/commonQuery.do,official,exchange_disclosure
2014-08-14,510330,88.076498,上交所,https://query.sse.com.cn/commonQuery.do,official,exchange_disclosure
2014-08-15,159915,11.731180,深交所,https://stock.xueqiu.com/v5/stock/chart/kline.json,estimated,volume_turnover_inference
2014-08-15,159919,118.410465,深交所,https://stock.xueqiu.com/v5/stock/chart/kline.json,estimated,volume_turnover_inference
2014-08-15,510300,75.074117,上交所,https://query.sse.com.cn/commonQuery.do,official,exchange_disclosure
2014-08-15,510310,46.783074,上交所,https://query.sse.com.cn/commonQuery.do,official,exchange_disclosure
2014-08-15,510330,88.022498,上交所,https://query.sse.com.cn/commonQuery.do,official,exchange_disclosure
2014-08-18,159915,11.731483,深交所,https://stock.xueqiu.com/v5/stock/chart/kline.json,estimated,volume_turnover_inference
2014-08-18,159919,118.727999,深交所,https://stock.xueqiu.com/v5/stock/chart/kline.json,estimated,volume_turnover_inference
2014-08-18,510300,73.417877,上交所,https://query.sse.com.cn/commonQuery.do,official,exchange_disclosure
2014-08-18,510310,46.443074,上交所,https://query.sse.com.cn/commonQuery.do,official,exchange_disclosure
2014-08-18,510330,86.987498,上交所,https://query.sse.com.cn/commonQuery.do,official,exchange_disclosure
2014-08-19,159915,11.732298,深交所,https://stock.xueqiu.com/v5/stock/chart/kline.json,estimated,volume_turnover_inference
2014-08-19,159919,118.292973,深交所,https://stock.xueqiu.com/v5/stock/chart/kline.json,estimated,volume_turnover_inference
2014-08-19,510300,72.058877,上交所,https://query.sse.com.cn/commonQuery.do,official,exchange_disclosure
2014-08-19,510310,46.323074,上交所,https://query.sse.com.cn/commonQuery.do,official,exchange_disclosure
2014-08-19,510330,86.501498,上交所,https://query.sse.com.cn/commonQuery.do,official,exchange_disclosure
2014-08-20,159915,11.732834,深交所,https://stock.xueqiu.com/v5/stock/chart/kline.json,estimated,volume_turnover_inference
2014-08-20,159919,118.635864,深交所,https://stock.xueqiu.com/v5/stock/chart/kline.json,estimated,volume_turnover_inference
2014-08-20,510300,71.491877,上交所,https://query.sse.com.cn/commonQuery.do,official,exchange_disclosure
2014-08-20,510310,46.323074,上交所,https://query.sse.com.cn/commonQuery.do,official,exchange_disclosure
2014-08-20,510330,86.150498,上交所,https://query.sse.com.cn/commonQuery.do,official,exchange_disclosure
2014-08-21,159915,11.732878,深交所,https://stock.xueqiu.com/v5/stock/chart/kline.json,estimated,volume_turnover_inference
2014-08-21,159919,118.260452,深交所,https://stock.xueqiu.com/v5/stock/chart/kline.json,estimated,volume_turnover_inference
2014-08-21,510300,71.605254,上交所,https://query.sse.com.cn/commonQuery.do,official,exchange_disclosure
2014-08-21,510310,46.303074,上交所,https://query.sse.com.cn/commonQuery.do,official,exchange_disclosure
2014-08-21,510330,86.069498,上交所,https://query.sse.com.cn/commonQuery.do,official,exchange_disclosure
2014-08-22,159915,11.735316,深交所,https://stock.xueqiu.com/v5/stock/chart/kline.json,estimated,volume_turnover_inference
2014-08-22,159919,118.222360,深交所,https://stock.xueqiu.com/v5/stock/chart/kline.json,estimated,volume_turnover_inference
2014-08-22,510300,71.284877,上交所,https://query.sse.com.cn/commonQuery.do,official,exchange_disclosure
2014-08-22,510310,46.103074,上交所,https://query.sse.com.cn/commonQuery.do,official,exchange_disclosure
2014-08-22,510330,85.997498,上交所,https://query.sse.com.cn/commonQuery.do,official,exchange_disclosure
2014-08-25,159915,11.733772,深交所,https://stock.xueqiu.com/v5/stock/chart/kline.json,estimated,volume_turnover_inference
2014-08-25,159919,118.273158,深交所,https://stock.xueqiu.com/v5/stock/chart/kline.json,estimated,volume_turnover_inference
2014-08-25,510300,71.383877,上交所,https://query.sse.com.cn/commonQuery.do,official,exchange_disclosure
2014-08-25,510310,46.083074,上交所,https://query.sse.com.cn/commonQuery.do,official,exchange_disclosure
2014-08-25,510330,85.979498,上交所,https://query.sse.com.cn/commonQuery.do,official,exchange_disclosure
2014-08-26,159915,11.736035,深交所,https://stock.xueqiu.com/v5/stock/chart/kline.json,estimated,volume_turnover_inference
2014-08-26,159919,118.613455,深交所,https://stock.xueqiu.com/v5/stock/chart/kline.json,estimated,volume_turnover_inference
2014-08-26,510300,72.431593,上交所,https://query.sse.com.cn/commonQuery.do,official,exchange_disclosure
2014-08-26,510310,46.083074,上交所,https://query.sse.com.cn/commonQuery.do,official,exchange_disclosure
2014-08-26,510330,86.105498,上交所,https://query.sse.com.cn/commonQuery.do,official,exchange_disclosure
2014-08-27,159915,11.737207,深交所,https://stock.xueqiu.com/v5/stock/chart/kline.json,estimated,volume_turnover_inference
2014-08-27,159919,118.193767,深交所,https://stock.xueqiu.com/v5/stock/chart/kline.json,estimated,volume_turnover_inference
2014-08-27,510300,72.571877,上交所,https://query.sse.com.cn/commonQuery.do,official,exchange_disclosure
2014-08-27,510310,46.003074,上交所,https://query.sse.com.cn/commonQuery.do,official,exchange_disclosure
2014-08-27,510330,86.159498,上交所,https://query.sse.com.cn/commonQuery.do,official,exchange_disclosure
2014-08-28,159915,11.736283,深交所,https://stock.xueqiu.com/v5/stock/chart/kline.json,estimated,volume_turnover_inference
2014-08-28,159919,118.631481,深交所,https://stock.xueqiu.com/v5/stock/chart/kline.json,estimated,volume_turnover_inference
2014-08-28,510300,72.679877,上交所,https://query.sse.com.cn/commonQuery.do,official,exchange_disclosure
2014-08-28,510310,45.963074,上交所,https://query.sse.com.cn/commonQuery.do,official,exchange_disclosure
2014-08-28,510330,86.204498,上交所,https://query.sse.com.cn/commonQuery.do,official,exchange_disclosure
2014-08-29,159915,11.734302,深交所,https://stock.xueqiu.com/v5/stock/chart/kline.json,estimated,volume_turnover_inference
2014-08-29,159919,118.211670,深交所,https://stock.xueqiu.com/v5/stock/chart/kline.json,estimated,volume_turnover_inference
2014-08-29,510300,73.012877,上交所,https://query.sse.com.cn/commonQuery.do,official,exchange_disclosure
2014-08-29,510310,45.963074,上交所,https://query.sse.com.cn/commonQuery.do,official,exchange_disclosure
2014-08-29,510330,86.250842,上交所,https://query.sse.com.cn/commonQuery.do,official,exchange_disclosure
2014-09-01,159915,11.729019,深交所,https://stock.xueqiu.com/v5/stock/chart/kline.json,estimated,volume_turnover_inference
2014-09-01,159919,118.301772,深交所,https://stock.xueqiu.com/v5/stock/chart/kline.json,estimated,volume_turnover_inference
2014-09-01,510300,71.770877,上交所,https://query.sse.com.cn/commonQuery.do,official,exchange_disclosure
2014-09-01,510310,45.883074,上交所,https://query.sse.com.cn/commonQuery.do,official,exchange_disclosure
2014-09-01,510330,85.331498,上交所,https://query.sse.com.cn/commonQuery.do,official,exchange_disclosure
2014-09-02,159915,11.734176,深交所,https://stock.xueqiu.com/v5/stock/chart/kline.json,estimated,volume_turnover_inference
2014-09-02,159919,118.644444,深交所,https://stock.xueqiu.com/v5/stock/chart/kline.json,estimated,volume_turnover_inference
2014-09-02,510300,68.619924,上交所,https://query.sse.com.cn/commonQuery.do,official,exchange_disclosure
2014-09-02,510310,45.703074,上交所,https://query.sse.com.cn/commonQuery.do,official,exchange_disclosure
2014-09-02,510330,84.530498,上交所,https://query.sse.com.cn/commonQuery.do,official,exchange_disclosure
2014-09-03,159915,11.729696,深交所,https://stock.xueqiu.com/v5/stock/chart/kline.json,estimated,volume_turnover_inference
2014-09-03,159919,118.601664,深交所,https://stock.xueqiu.com/v5/stock/chart/kline.json,estimated,volume_turnover_inference
2014-09-03,510300,69.142877,上交所,https://query.sse.com.cn/commonQuery.do,official,exchange_disclosure
2014-09-03,510310,45.683074,上交所,https://query.sse.com.cn/commonQuery.do,official,exchange_disclosure
2014-09-03,510330,84.651177,上交所,https://query.sse.com.cn/commonQuery.do,official,exchange_disclosure
2014-09-04,159915,11.738439,深交所,https://stock.xueqiu.com/v5/stock/chart/kline.json,estimated,volume_turnover_inference
2014-09-04,159919,118.269393,深交所,https://stock.xueqiu.com/v5/stock/chart/kline.json,estimated,volume_turnover_inference
2014-09-04,510300,69.390519,上交所,https://query.sse.com.cn/commonQuery.do,official,exchange_disclosure
2014-09-04,510310,45.583074,上交所,https://query.sse.com.cn/commonQuery.do,official,exchange_disclosure
2014-09-04,510330,84.764498,上交所,https://query.sse.com.cn/commonQuery.do,official,exchange_disclosure
2014-09-05,159915,11.738141,深交所,https://stock.xueqiu.com/v5/stock/chart/kline.json,estimated,volume_turnover_inference
2014-09-05,159919,118.233815,深交所,https://stock.xueqiu.com/v5/stock/chart/kline.json,estimated,volume_turnover_inference
2014-09-05,510300,71.868277,上交所,https://query.sse.com.cn/commonQuery.do,official,exchange_disclosure
2014-09-05,510310,45.483074,上交所,https://query.sse.com.cn/commonQuery.do,official,exchange_disclosure
2014-09-05,510330,85.060182,上交所,https://query.sse.com.cn/commonQuery.do,official,exchange_disclosure
2014-09-09,159915,11.730052,深交所,https://stock.xueqiu.com/v5/stock/chart/kline.json,estimated,volume_turnover_inference
2014-09-09,159919,118.621886,深交所,https://stock.xueqiu.com/v5/stock/chart/kline.json,estimated,volume_turnover_inference
2014-09-09,510300,72.310877,上交所,https://query.sse.com.cn/commonQuery.do,official,exchange_disclosure
2014-09-09,510310,45.483074,上交所,https://query.sse.com.cn/commonQuery.do,official,exchange_disclosure
2014-09-09,510330,85.025498,上交所,https://query.sse.com.cn/commonQuery.do,official,exchange_disclosure
2014-09-10,159915,11.734931,深交所,https://stock.xueqiu.com/v5/stock/chart/kline.json,estimated,volume_turnover_inference
2014-09-10,159919,118.049738,深交所,https://stock.xueqiu.com/v5/stock/chart/kline.json,estimated,volume_turnover_inference
2014-09-10,510300,72.373877,上交所,https://query.sse.com.cn/commonQuery.do,official,exchange_disclosure
2014-09-10,510310,45.463074,上交所,https://query.sse.com.cn/commonQuery.do,official,exchange_disclosure
2014-09-10,510330,84.881433,上交所,https://query.sse.com.cn/commonQuery.do,official,exchange_disclosure
2014-09-11,159915,11.732424,深交所,https://stock.xueqiu.com/v5/stock/chart/kline.json,estimated,volume_turnover_inference
2014-09-11,159919,118.657094,深交所,https://stock.xueqiu.com/v5/stock/chart/kline.json,estimated,volume_turnover_inference
2014-09-11,510300,72.355877,上交所,https://query.sse.com.cn/commonQuery.do,official,exchange_disclosure
2014-09-11,510310,45.363074,上交所,https://query.sse.com.cn/commonQuery.do,official,exchange_disclosure
2014-09-11,510330,84.206498,上交所,https://query.sse.com.cn/commonQuery.do,official,exchange_disclosure
2014-09-12,159915,11.733359,深交所,https://stock.xueqiu.com/v5/stock/chart/kline.json,estimated,volume_turnover_inference
2014-09-12,159919,118.307930,深交所,https://stock.xueqiu.com/v5/stock/chart/kline.json,estimated,volume_turnover_inference
2014-09-12,510300,72.166877,上交所,https://query.sse.com.cn/commonQuery.do,official,exchange_disclosure
2014-09-12,510310,45.243074,上交所,https://query.sse.com.cn/commonQuery.do,official,exchange_disclosure
2014-09-12,510330,83.936498,上交所,https://query.sse.com.cn/commonQuery.do,official,exchange_disclosure
2014-09-15,159915,11.735017,深交所,https://stock.xueqiu.com/v5/stock/chart/kline.json,estimated,volume_turnover_inference
2014-09-15,159919,118.649005,深交所,https://stock.xueqiu.com/v5/stock/chart/kline.json,estimated,volume_turnover_inference
2014-09-15,510300,69.655877,上交所,https://query.sse.com.cn/commonQuery.do,official,exchange_disclosure
2014-09-15,510310,45.043074,上交所,https://query.sse.com.cn/commonQuery.do,official,exchange_disclosure
2014-09-15,510330,83.558498,上交所,https://query.sse.com.cn/commonQuery.do,official,exchange_disclosure
2014-09-16,159915,11.738413,深交所,https://stock.xueqiu.com/v5/stock/chart/kline.json,estimated,volume_turnover_inference
2014-09-16,159919,118.552865,深交所,https://stock.xueqiu.com/v5/stock/chart/kline.json,estimated,volume_turnover_inference
2014-09-16,510300,67.648877,上交所,https://query.sse.com.cn/commonQuery.do,official,exchange_disclosure
2014-09-16,510310,44.983074,上交所,https://query.sse.com.cn/commonQuery.do,official,exchange_disclosure
2014-09-16,510330,83.333498,上交所,https://query.sse.com.cn/commonQuery.do,official,exchange_disclosure
2014-09-17,159915,11.730600,深交所,https://stock.xueqiu.com/v5/stock/chart/kline.json,estimated,volume_turnover_inference
2014-09-17,159919,118.520306,深交所,https://stock.xueqiu.com/v5/stock/chart/kline.json,estimated,volume_turnover_inference
2014-09-17,510300,68.157859,上交所,https://query.sse.com.cn/commonQuery.do,official,exchange_disclosure
2014-09-17,510310,44.903074,上交所,https://query.sse.com.cn/commonQuery.do,official,exchange_disclosure
2014-09-17,510330,83.243498,上交所,https://query.sse.com.cn/commonQuery.do,official,exchange_disclosure
2014-09-18,159915,11.737237,深交所,https://stock.xueqiu.com/v5/stock/chart/kline.json,estimated,volume_turnover_inference
2014-09-18,159919,118.107716,深交所,https://stock.xueqiu.com/v5/stock/chart/kline.json,estimated,volume_turnover_inference
2014-09-18,510300,65.425877,上交所,https://query.sse.com.cn/commonQuery.do,official,exchange_disclosure
2014-09-18,510310,44.783074,上交所,https://query.sse.com.cn/commonQuery.do,official,exchange_disclosure
2014-09-18,510330,82.874498,上交所,https://query.sse.com.cn/commonQuery.do,official,exchange_disclosure
2014-09-19,159915,11.733983,深交所,https://stock.xueqiu.com/v5/stock/chart/kline.json,estimated,volume_turnover_inference
2014-09-19,159919,118.381279,深交所,https://stock.xueqiu.com/v5/stock/chart/kline.json,estimated,volume_turnover_inference
2014-09-19,510300,66.439025,上交所,https://query.sse.com.cn/commonQuery.do,official,exchange_disclosure
2014-09-19,510310,44.783074,上交所,https://query.sse.com.cn/commonQuery.do,official,exchange_disclosure
2014-09-19,510330,82.856498,上交所,https://query.sse.com.cn/commonQuery.do,official,exchange_disclosure
2014-09-22,159915,11.733827,深交所,https://stock.xueqiu.com/v5/stock/chart/kline.json,estimated,volume_turnover_inference
2014-09-22,159919,118.749105,深交所,https://stock.xueqiu.com/v5/stock/chart/kline.json,estimated,volume_turnover_inference
2014-09-22,510300,66.199877,上交所,https://query.sse.com.cn/commonQuery.do,official,exchange_disclosure
2014-09-22,510310,44.603074,上交所,https://query.sse.com.cn/commonQuery.do,official,exchange_disclosure
2014-09-22,510330,82.604498,上交所,https://query.sse.com.cn/commonQuery.do,official,exchange_disclosure
2014-09-23,159915,11.731102,深交所,https://stock.xueqiu.com/v5/stock/chart/kline.json,estimated,volume_turnover_inference
2014-09-23,159919,118.039682,深交所,https://stock.xueqiu.com/v5/stock/chart/kline.json,estimated,volume_turnover_inference
2014-09-23,510300,66.658628,上交所,https://query.sse.com.cn/commonQuery.do,official,exchange_disclosure
2014-09-23,510310,44.603074,上交所,https://query.sse.com.cn/commonQuery.do,official,exchange_disclosure
2014-09-23,510330,82.703498,上交所,https://query.sse.com.cn/commonQuery.do,official,exchange_disclosure
2014-09-24,159915,11.740155,深交所,https://stock.xueqiu.com/v5/stock/chart/kline.json,estimated,volume_turnover_inference
2014-09-24,159919,118.324273,深交所,https://stock.xueqiu.com/v5/stock/chart/kline.json,estimated,volume_turnover_inference
2014-09-24,510300,70.027127,上交所,https://query.sse.com.cn/commonQuery.do,official,exchange_disclosure
2014-09-24,510310,44.583074,上交所,https://query.sse.com.cn/commonQuery.do,official,exchange_disclosure
2014-09-24,510330,83.108498,上交所,https://query.sse.com.cn/commonQuery.do,official,exchange_disclosure
2014-09-25,159915,11.739467,深交所,https://stock.xueqiu.com/v5/stock/chart/kline.json,estimated,volume_turnover_inference
2014-09-25,159919,118.740495,深交所,https://stock.xueqiu.com/v5/stock/chart/kline.json,estimated,volume_turnover_inference
2014-09-25,510300,70.195876,上交所,https://query.sse.com.cn/commonQuery.do,official,exchange_disclosure
2014-09-25,510310,44.583134,上交所,https://query.sse.com.cn/commonQuery.do,official,exchange_disclosure
2014-09-25,510330,83.351498,上交所,https://query.sse.com.cn/commonQuery.do,official,exchange_disclosure
2014-09-26,159915,11.735172,深交所,https://stock.xueqiu.com/v5/stock/chart/kline.json,estimated,volume_turnover_inference
2014-09-26,159919,118.998167,深交所,https://stock.xueqiu.com/v5/stock/chart/kline.json,estimated,volume_turnover_inference
2014-09-26,510300,69.264514,上交所,https://query.sse.com.cn/commonQuery.do,official,exchange_disclosure
2014-09-26,510310,44.623074,上交所,https://query.sse.com.cn/commonQuery.do,official,exchange_disclosure
2014-09-26,510330,83.306498,上交所,https://query.sse.com.cn/commonQuery.do,official,exchange_disclosure
2014-09-29,159915,11.732173,深交所,https://stock.xueqiu.com/v5/stock/chart/kline.json,estimated,volume_turnover_inference
2014-09-29,159919,118.372632,深交所,https://stock.xueqiu.com/v5/stock/chart/kline.json,estimated,volume_turnover_inference
2014-09-29,510300,67.543350,上交所,https://query.sse.com.cn/commonQuery.do,official,exchange_disclosure
2014-09-29,510310,44.403074,上交所,https://query.sse.com.cn/commonQuery.do,official,exchange_disclosure
2014-09-29,510330,82.793498,上交所,https://query.sse.com.cn/commonQuery.do,official,exchange_disclosure
2014-09-30,159915,11.726600,深交所,https://stock.xueqiu.com/v5/stock/chart/kline.json,estimated,volume_turnover_inference
2014-09-30,159919,118.621215,深交所,https://stock.xueqiu.com/v5/stock/chart/kline.json,estimated,volume_turnover_inference
2014-09-30,510300,66.595877,上交所,https://query.sse.com.cn/commonQuery.do,official,exchange_disclosure
2014-09-30,510310,44.383074,上交所,https://query.sse.com.cn/commonQuery.do,official,exchange_disclosure
2014-09-30,510330,82.523498,上交所,https://query.sse.com.cn/commonQuery.do,official,exchange_disclosure
2014-10-08,159915,11.738855,深交所,https://stock.xueqiu.com/v5/stock/chart/kline.json,estimated,volume_turnover_inference
2014-10-08,159919,118.488346,深交所,https://stock.xueqiu.com/v5/stock/chart/kline.json,estimated,volume_turnover_inference
2014-10-08,510300,64.057877,上交所,https://query.sse.com.cn/commonQuery.do,official,exchange_disclosure
2014-10-08,510310,44.043074,上交所,https://query.sse.com.cn/commonQuery.do,official,exchange_disclosure
2014-10-08,510330,82.298498,上交所,https://query.sse.com.cn/commonQuery.do,official,exchange_disclosure
2014-10-09,159915,11.732389,深交所,https://stock.xueqiu.com/v5/stock/chart/kline.json,estimated,volume_turnover_inference
2014-10-09,159919,118.512702,深交所,https://stock.xueqiu.com/v5/stock/chart/kline.json,estimated,volume_turnover_inference
2014-10-09,510300,62.824877,上交所,https://query.sse.com.cn/commonQuery.do,official,exchange_disclosure
2014-10-09,510310,44.043074,上交所,https://query.sse.com.cn/commonQuery.do,official,exchange_disclosure
2014-10-09,510330,82.127498,上交所,https://query.sse.com.cn/commonQuery.do,official,exchange_disclosure
2014-10-10,159915,11.732451,深交所,https://stock.xueqiu.com/v5/stock/chart/kline.json,estimated,volume_turnover_inference
2014-10-10,159919,118.649187,深交所,https://stock.xueqiu.com/v5/stock/chart/kline.json,estimated,volume_turnover_inference
2014-10-10,510300,60.700877,上交所,https://query.sse.com.cn/commonQuery.do,official,exchange_disclosure
2014-10-10,510310,43.703074,上交所,https://query.sse.com.cn/commonQuery.do,official,exchange_disclosure
2014-10-10,510330,81.983498,上交所,https://query.sse.com.cn/commonQuery.do,official,exchange_disclosure
2014-10-13,159915,11.732748,深交所,https://stock.xueqiu.com/v5/stock/chart/kline.json,estimated,volume_turnover_inference
2014-10-13,159919,118.773727,深交所,https://stock.xueqiu.com/v5/stock/chart/kline.json,estimated,volume_turnover_inference
2014-10-13,510300,59.062877,上交所,https://query.sse.com.cn/commonQuery.do,official,exchange_disclosure
2014-10-13,510310,43.543074,上交所,https://query.sse.com.cn/commonQuery.do,official,exchange_disclosure
2014-10-13,510330,81.893498,上交所,https://query.sse.com.cn/commonQuery.do,official,exchange_disclosure
2014-10-14,159915,11.739055,深交所,https://stock.xueqiu.com/v5/stock/chart/kline.json,estimated,volume_turnover_inference
2014-10-14,159919,118.199847,深交所,https://stock.xueqiu.com/v5/stock/chart/kline.json,estimated,volume_turnover_inference
2014-10-14,510300,56.533877,上交所,https://query.sse.com.cn/commonQuery.do,official,exchange_disclosure
2014-10-14,510310,43.103074,上交所,https://query.sse.com.cn/commonQuery.do,official,exchange_disclosure
2014-10-14,510330,81.704498,上交所,https://query.sse.com.cn/commonQuery.do,official,exchange_disclosure
2014-10-15,159915,11.739453,深交所,https://stock.xueqiu.com/v5/stock/chart/kline.json,estimated,volume_turnover_inference
2014-10-15,159919,118.498069,深交所,https://stock.xueqiu.com/v5/stock/chart/kline.json,estimated,volume_turnover_inference
2014-10-15,510300,55.921877,上交所,https://query.sse.com.cn/commonQuery.do,official,exchange_disclosure
2014-10-15,510310,43.103074,上交所,https://query.sse.com.cn/commonQuery.do,official,exchange_disclosure
2014-10-15,510330,81.696998,上交所,https://query.sse.com.cn/commonQuery.do,official,exchange_disclosure
2014-10-16,159915,11.741104,深交所,https://stock.xueqiu.com/v5/stock/chart/kline.json,estimated,volume_turnover_inference
2014-10-16,159919,118.807693,深交所,https://stock.xueqiu.com/v5/stock/chart/kline.json,estimated,volume_turnover_inference
2014-10-16,510300,54.616887,上交所,https://query.sse.com.cn/commonQuery.do,official,exchange_disclosure
2014-10-16,510310,43.103074,上交所,https://query.sse.com.cn/commonQuery.do,official,exchange_disclosure
2014-10-16,510330,81.128498,上交所,https://query.sse.com.cn/commonQuery.do,official,exchange_disclosure
2014-10-17,159915,11.737828,深交所,https://stock.xueqiu.com/v5/stock/chart/kline.json,estimated,volume_turnover_inference
2014-10-17,159919,118.128886,深交所,https://stock.xueqiu.com/v5/stock/chart/kline.json,estimated,volume_turnover_inference
2014-10-17,510300,58.312810,上交所,https://query.sse.com.cn/commonQuery.do,official,exchange_disclosure
2014-10-17,510310,43.103074,上交所,https://query.sse.com.cn/commonQuery.do,official,exchange_disclosure
2014-10-17,510330,81.890498,上交所,https://query.sse.com.cn/commonQuery.do,official,exchange_disclosure
2014-10-20,159915,11.732277,深交所,https://stock.xueqiu.com/v5/stock/chart/kline.json,estimated,volume_turnover_inference
2014-10-20,159919,118.644930,深交所,https://stock.xueqiu.com/v5/stock/chart/kline.json,estimated,volume_turnover_inference
2014-10-20,510300,57.901877,上交所,https://query.sse.com.cn/commonQuery.do,official,exchange_disclosure
2014-10-20,510310,42.943074,上交所,https://query.sse.com.cn/commonQuery.do,official,exchange_disclosure
2014-10-20,510330,81.416498,上交所,https://query.sse.com.cn/commonQuery.do,official,exchange_disclosure
2014-10-21,159915,11.728105,深交所,https://stock.xueqiu.com/v5/stock/chart/kline.json,estimated,volume_turnover_inference
2014-10-21,159919,118.042522,深交所,https://stock.xueqiu.com/v5/stock/chart/kline.json,estimated,volume_turnover_inference
2014-10-21,510300,57.928877,上交所,https://query.sse.com.cn/commonQuery.do,official,exchange_disclosure
2014-10-21,510310,42.943074,上交所,https://query.sse.com.cn/commonQuery.do,official,exchange_disclosure
2014-10-21,510330,81.281498,上交所,https://query.sse.com.cn/commonQuery.do,official,exchange_disclosure
2014-10-22,159915,11.736551,深交所,https://stock.xueqiu.com/v5/stock/chart/kline.json,estimated,volume_turnover_inference
2014-10-22,159919,118.866789,深交所,https://stock.xueqiu.com/v5/stock/chart/kline.json,estimated,volume_turnover_inference
2014-10-22,510300,58.180877,上交所,https://query.sse.com.cn/commonQuery.do,official,exchange_disclosure
2014-10-22,510310,42.823074,上交所,https://query.sse.com.cn/commonQuery.do,official,exchange_disclosure
2014-10-22,510330,81.254498,上交所,https://query.sse.com.cn/commonQuery.do,official,exchange_disclosure
2014-10-23,159915,11.733123,深交所,https://stock.xueqiu.com/v5/stock/chart/kline.json,estimated,volume_turnover_inference
2014-10-23,159919,118.266451,深交所,https://stock.xueqiu.com/v5/stock/chart/kline.json,estimated,volume_turnover_inference
2014-10-23,510300,59.710621,上交所,https://query.sse.com.cn/commonQuery.do,official,exchange_disclosure
2014-10-23,510310,42.843074,上交所,https://query.sse.com.cn/commonQuery.do,official,exchange_disclosure
2014-10-23,510330,81.300882,上交所,https://query.sse.com.cn/commonQuery.do,official,exchange_disclosure
2014-10-24,159915,11.734491,深交所,https://stock.xueqiu.com/v5/stock/chart/kline.json,estimated,volume_turnover_inference
2014-10-24,159919,110.092562,深交所,https://stock.xueqiu.com/v5/stock/chart/kline.json,estimated,volume_turnover_inference
2014-10-24,510300,60.701638,上交所,https://query.sse.com.cn/commonQuery.do,official,exchange_disclosure
2014-10-24,510310,42.844009,上交所,https://query.sse.com.cn/commonQuery.do,official,exchange_disclosure
2014-10-24,510330,81.343736,上交所,https://query.sse.com.cn/commonQuery.do,official,exchange_disclosure
2014-10-27,159915,8.881235,深交所,https://stock.xueqiu.com/v5/stock/chart/kline.json,estimated,volume_turnover_inference
2014-10-27,159919,109.884140,深交所,https://stock.xueqiu.com/v5/stock/chart/kline.json,estimated,volume_turnover_inference
2014-10-27,510300,62.448623,上交所,https://query.sse.com.cn/commonQuery.do,official,exchange_disclosure
2014-10-27,510310,42.881048,上交所,https://query.sse.com.cn/commonQuery.do,official,exchange_disclosure
2014-10-27,510330,81.353498,上交所,https://query.sse.com.cn/commonQuery.do,official,exchange_disclosure
2014-10-28,159915,8.887460,深交所,https://stock.xueqiu.com/v5/stock/chart/kline.json,estimated,volume_turnover_inference
2014-10-28,159919,109.560552,深交所,https://stock.xueqiu.com/v5/stock/chart/kline.json,estimated,volume_turnover_inference
2014-10-28,510300,60.844877,上交所,https://query.sse.com.cn/commonQuery.do,official,exchange_disclosure
2014-10-28,510310,42.883074,上交所,https://query.sse.com.cn/commonQuery.do,official,exchange_disclosure
2014-10-28,510330,80.867498,上交所,https://query.sse.com.cn/commonQuery.do,official,exchange_disclosure
2014-10-29,159915,8.880638,深交所,https://stock.xueqiu.com/v5/stock/chart/kline.json,estimated,volume_turnover_inference
2014-10-29,159919,109.477827,深交所,https://stock.xueqiu.com/v5/stock/chart/kline.json,estimated,volume_turnover_inference
2014-10-29,510300,58.270877,上交所,https://query.sse.com.cn/commonQuery.do,official,exchange_disclosure
2014-10-29,510310,42.883074,上交所,https://query.sse.com.cn/commonQuery.do,official,exchange_disclosure
2014-10-29,510330,80.651498,上交所,https://query.sse.com.cn/commonQuery.do,official,exchange_disclosure
2014-10-30,159915,8.884503,深交所,https://stock.xueqiu.com/v5/stock/chart/kline.json,estimated,volume_turnover_inference
2014-10-30,159919,109.459815,深交所,https://stock.xueqiu.com/v5/stock/chart/kline.json,estimated,volume_turnover_inference
2014-10-30,510300,54.544877,上交所,https://query.sse.com.cn/commonQuery.do,official,exchange_disclosure
2014-10-30,510310,42.583074,上交所,https://query.sse.com.cn/commonQuery.do,official,exchange_disclosure
2014-10-30,510330,80.435498,上交所,https://query.sse.com.cn/commonQuery.do,official,exchange_disclosure
2014-10-31,159915,8.886623,深交所,https://stock.xueqiu.com/v5/stock/chart/kline.json,estimated,volume_turnover_inference
2014-10-31,159919,109.519087,深交所,https://stock.xueqiu.com/v5/stock/chart/kline.json,estimated,volume_turnover_inference
2014-10-31,510300,55.366877,上交所,https://query.sse.com.cn/commonQuery.do,official,exchange_disclosure
2014-10-31,510310,42.463074,上交所,https://query.sse.com.cn/commonQuery.do,official,exchange_disclosure
2014-10-31,510330,80.300498,上交所,https://query.sse.com.cn/commonQuery.do,official,exchange_disclosure
2014-11-03,159915,8.883398,深交所,https://stock.xueqiu.com/v5/stock/chart/kline.json,estimated,volume_turnover_inference
2014-11-03,159919,109.534219,深交所,https://stock.xueqiu.com/v5/stock/chart/kline.json,estimated,volume_turnover_inference
2014-11-03,510300,55.525877,上交所,https://query.sse.com.cn/commonQuery.do,official,exchange_disclosure
2014-11-03,510310,42.423074,上交所,https://query.sse.com.cn/commonQuery.do,official,exchange_disclosure
2014-11-03,510330,80.156498,上交所,https://query.sse.com.cn/commonQuery.do,official,exchange_disclosure
2014-11-04,159915,8.881685,深交所,https://stock.xueqiu.com/v5/stock/chart/kline.json,estimated,volume_turnover_inference
2014-11-04,159919,109.691842,深交所,https://stock.xueqiu.com/v5/stock/chart/kline.json,estimated,volume_turnover_inference
2014-11-04,510300,53.581877,上交所,https://query.sse.com.cn/commonQuery.do,official,exchange_disclosure
2014-11-04,510310,42.043074,上交所,https://query.sse.com.cn/commonQuery.do,official,exchange_disclosure
2014-11-04,510330,79.931498,上交所,https://query.sse.com.cn/commonQuery.do,official,exchange_disclosure
2014-11-05,159915,8.886887,深交所,https://stock.xueqiu.com/v5/stock/chart/kline.json,estimated,volume_turnover_inference
2014-11-05,159919,109.374648,深交所,https://stock.xueqiu.com/v5/stock/chart/kline.json,estimated,volume_turnover_inference
2014-11-05,510300,53.734877,上交所,https://query.sse.com.cn/commonQuery.do,official,exchange_disclosure
2014-11-05,510310,42.003074,上交所,https://query.sse.com.cn/commonQuery.do,official,exchange_disclosure
2014-11-05,510330,79.976338,上交所,https://query.sse.com.cn/commonQuery.do,official,exchange_disclosure
2014-11-06,159915,8.883493,深交所,https://stock.xueqiu.com/v5/stock/chart/kline.json,estimated,volume_turnover_inference
2014-11-06,159919,109.282721,深交所,https://stock.xueqiu.com/v5/stock/chart/kline.json,estimated,volume_turnover_inference
2014-11-06,510300,56.516157,上交所,https://query.sse.com.cn/commonQuery.do,official,exchange_disclosure
2014-11-06,510310,42.003074,上交所,https://query.sse.com.cn/commonQuery.do,official,exchange_disclosure
2014-11-06,510330,80.201498,上交所,https://query.sse.com.cn/commonQuery.do,official,exchange_disclosure
2014-11-07,159915,8.885297,深交所,https://stock.xueqiu.com/v5/stock/chart/kline.json,estimated,volume_turnover_inference
2014-11-07,159919,109.462827,深交所,https://stock.xueqiu.com/v5/stock/chart/kline.json,estimated,volume_turnover_inference
2014-11-07,510300,53.581877,上交所,https://query.sse.com.cn/commonQuery.do,official,exchange_disclosure
2014-11-07,510310,41.703074,上交所,https://query.sse.com.cn/commonQuery.do,official,exchange_disclosure
2014-11-07,510330,80.039498,上交所,https://query.sse.com.cn/commonQuery.do,official,exchange_disclosure
2014-11-10,159915,8.889328,深交所,https://stock.xueqiu.com/v5/stock/chart/kline.json,estimated,volume_turnover_inference
2014-11-10,159919,109.375267,深交所,https://stock.xueqiu.com/v5/stock/chart/kline.json,estimated,volume_turnover_inference
2014-11-10,510300,51.079877,上交所,https://query.sse.com.cn/commonQuery.do,official,exchange_disclosure
2014-11-10,510310,41.643074,上交所,https://query.sse.com.cn/commonQuery.do,official,exchange_disclosure
2014-11-10,510330,79.823308,上交所,https://query.sse.com.cn/commonQuery.do,official,exchange_disclosure
2014-11-11,159915,8.887799,深交所,https://stock.xueqiu.com/v5/stock/chart/kline.json,estimated,volume_turnover_inference
2014-11-11,159919,109.490958,深交所,https://stock.xueqiu.com/v5/stock/chart/kline.json,estimated,volume_turnover_inference
2014-11-11,510300,52.372997,上交所,https://query.sse.com.cn/commonQuery.do,official,exchange_disclosure
2014-11-11,510310,42.763074,上交所,https://query.sse.com.cn/commonQuery.do,official,exchange_disclosure
2014-11-11,510330,79.978498,上交所,https://query.sse.com.cn/commonQuery.do,official,exchange_disclosure
2014-11-12,159915,8.881309,深交所,https://stock.xueqiu.com/v5/stock/chart/kline.json,estimated,volume_turnover_inference
2014-11-12,159919,109.839765,深交所,https://stock.xueqiu.com/v5/stock/chart/kline.json,estimated,volume_turnover_inference
2014-11-12,510300,52.609769,上交所,https://query.sse.com.cn/commonQuery.do,official,exchange_disclosure
2014-11-12,510310,42.983074,上交所,https://query.sse.com.cn/commonQuery.do,official,exchange_disclosure
2014-11-12,510330,80.120498,上交所,https://query.sse.com.cn/commonQuery.do,official,exchange_disclosure
2014-11-13,159915,8.884655,深交所,https://stock.xueqiu.com/v5/stock/chart/kline.json,estimated,volume_turnover_inference
2014-11-13,159919,109.671394,深交所,https://stock.xueqiu.com/v5/stock/chart/kline.json,estimated,volume_turnover_inference
2014-11-13,510300,47.011877,上交所,https://query.sse.com.cn/commonQuery.do,official,exchange_disclosure
2014-11-13,510310,43.503074,上交所,https://query.sse.com.cn/commonQuery.do,official,exchange_disclosure
2014-11-13,510330,80.345448,上交所,https://query.sse.com.cn/commonQuery.do,official,exchange_disclosure
2014-11-14,159915,8.885074,深交所,https://stock.xueqiu.com/v5/stock/chart/kline.json,estimated,volume_turnover_inference
2014-11-14,159919,109.806910,深交所,https://stock.xueqiu.com/v5/stock/chart/kline.json,estimated,volume_turnover_inference
2014-11-14,510300,47.713877,上交所,https://query.sse.com.cn/commonQuery.do,official,exchange_disclosure
2014-11-14,510310,43.878404,上交所,https://query.sse.com.cn/commonQuery.do,official,exchange_disclosure
2014-11-14,510330,81.092066,上交所,https://query.sse.com.cn/commonQuery.do,official,exchange_disclosure
2014-11-17,159915,8.883248,深交所,https://stock.xueqiu.com/v5/stock/chart/kline.json,estimated,volume_turnover_inference
2014-11-17,159919,109.294491,深交所,https://stock.xueqiu.com/v5/stock/chart/kline.json,estimated,volume_turnover_inference
2014-11-17,510300,48.730877,上交所,https://query.sse.com.cn/commonQuery.do,official,exchange_disclosure
2014-11-17,510310,44.023074,上交所,https://query.sse.com.cn/commonQuery.do,official,exchange_disclosure
2014-11-17,510330,81.128220,上交所,https://query.sse.com.cn/commonQuery.do,official,exchange_disclosure
2014-11-18,159915,8.883940,深交所,https://stock.xueqiu.com/v5/stock/chart/kline.json,estimated,volume_turnover_inference
2014-11-18,159919,109.544441,深交所,https://stock.xueqiu.com/v5/stock/chart/kline.json,estimated,volume_turnover_inference
2014-11-18,510300,50.271537,上交所,https://query.sse.com.cn/commonQuery.do,official,exchange_disclosure
2014-11-18,510310,44.457195,上交所,https://query.sse.com.cn/commonQuery.do,official,exchange_disclosure
2014-11-18,510330,81.239724,上交所,https://query.sse.com.cn/commonQuery.do,official,exchange_disclosure
2014-11-19,159915,8.884964,深交所,https://stock.xueqiu.com/v5/stock/chart/kline.json,estimated,volume_turnover_inference
2014-11-19,159919,109.482347,深交所,https://stock.xueqiu.com/v5/stock/chart/kline.json,estimated,volume_turnover_inference
2014-11-19,510300,50.764877,上交所,https://query.sse.com.cn/commonQuery.do,official,exchange_disclosure
2014-11-19,510310,44.631394,上交所,https://query.sse.com.cn/commonQuery.do,official,exchange_disclosure
2014-11-19,510330,81.263498,上交所,https://query.sse.com.cn/commonQuery.do,official,exchange_disclosure
2014-11-20,159915,8.884126,深交所,https://stock.xueqiu.com/v5/stock/chart/kline.json,estimated,volume_turnover_inference
2014-11-20,159919,109.659921,深交所,https://stock.xueqiu.com/v5/stock/chart/kline.json,estimated,volume_turnover_inference
2014-11-20,510300,50.629877,上交所,https://query.sse.com.cn/commonQuery.do,official,exchange_disclosure
2014-11-20,510310,44.803074,上交所,https://query.sse.com.cn/commonQuery.do,official,exchange_disclosure
2014-11-20,510330,81.263498,上交所,https://query.sse.com.cn/commonQuery.do,official,exchange_disclosure
2014-11-21,159915,8.885190,深交所,https://stock.xueqiu.com/v5/stock/chart/kline.json,estimated,volume_turnover_inference
2014-11-21,159919,109.258236,深交所,https://stock.xueqiu.com/v5/stock/chart/kline.json,estimated,volume_turnover_inference
2014-11-21,510300,54.057361,上交所,https://query.sse.com.cn/commonQuery.do,official,exchange_disclosure
2014-11-21,510310,44.925425,上交所,https://query.sse.com.cn/commonQuery.do,official,exchange_disclosure
2014-11-21,510330,80.894498,上交所,https://query.sse.com.cn/commonQuery.do,official,exchange_disclosure
2014-11-24,159915,8.883484,深交所,https://stock.xueqiu.com/v5/stock/chart/kline.json,estimated,volume_turnover_inference
2014-11-24,159919,109.537937,深交所,https://stock.xueqiu.com/v5/stock/chart/kline.json,estimated,volume_turnover_inference
2014-11-24,510300,55.684277,上交所,https://query.sse.com.cn/commonQuery.do,official,exchange_disclosure
2014-11-24,510310,45.083074,上交所,https://query.sse.com.cn/commonQuery.do,official,exchange_disclosure
2014-11-24,510330,80.318498,上交所,https://query.sse.com.cn/commonQuery.do,official,exchange_disclosure
2014-11-25,159915,8.883379,深交所,https://stock.xueqiu.com/v5/stock/chart/kline.json,estimated,volume_turnover_inference
2014-11-25,159919,109.563679,深交所,https://stock.xueqiu.com/v5/stock/chart/kline.json,estimated,volume_turnover_inference
2014-11-25,510300,56.587877,上交所,https://query.sse.com.cn/commonQuery.do,official,exchange_disclosure
2014-11-25,510310,45.083862,上交所,https://query.sse.com.cn/commonQuery.do,official,exchange_disclosure
2014-11-25,510330,79.832498,上交所,https://query.sse.com.cn/commonQuery.do,official,exchange_disclosure
2014-11-26,159915,8.885784,深交所,https://stock.xueqiu.com/v5/stock/chart/kline.json,estimated,volume_turnover_inference
2014-11-26,159919,109.716816,深交所,https://stock.xueqiu.com/v5/stock/chart/kline.json,estimated,volume_turnover_inference
2014-11-26,510300,60.537685,上交所,https://query.sse.com.cn/commonQuery.do,official,exchange_disclosure
2014-11-26,510310,45.103074,上交所,https://query.sse.com.cn/commonQuery.do,official,exchange_disclosure
2014-11-26,510330,79.644326,上交所,https://query.sse.com.cn/commonQuery.do,official,exchange_disclosure
2014-11-27,159915,8.884533,深交所,https://stock.xueqiu.com/v5/stock/chart/kline.json,estimated,volume_turnover_inference
2014-11-27,159919,109.402841,深交所,https://stock.xueqiu.com/v5/stock/chart/kline.json,estimated,volume_turnover_inference
2014-11-27,510300,54.211877,上交所,https://query.sse.com.cn/commonQuery.do,official,exchange_disclosure
2014-11-27,510310,45.083074,上交所,https://query.sse.com.cn/commonQuery.do,official,exchange_disclosure
2014-11-27,510330,78.426998,上交所,https://query.sse.com.cn/commonQuery.do,official,exchange_disclosure
2014-11-28,159915,8.886336,深交所,https://stock.xueqiu.com/v5/stock/chart/kline.json,estimated,volume_turnover_inference
2014-11-28,159919,109.679590,深交所,https://stock.xueqiu.com/v5/stock/chart/kline.json,estimated,volume_turnover_inference
2014-11-28,510300,46.602709,上交所,https://query.sse.com.cn/commonQuery.do,official,exchange_disclosure
2014-11-28,510310,44.903074,上交所,https://query.sse.com.cn/commonQuery.do,official,exchange_disclosure
2014-11-28,510330,77.285498,上交所,https://query.sse.com.cn/commonQuery.do,official,exchange_disclosure
2014-12-01,159915,8.888944,深交所,https://stock.xueqiu.com/v5/stock/chart/kline.json,estimated,volume_turnover_inference
2014-12-01,159919,109.799143,深交所,https://stock.xueqiu.com/v5/stock/chart/kline.json,estimated,volume_turnover_inference
2014-12-01,510300,46.309812,上交所,https://query.sse.com.cn/commonQuery.do,official,exchange_disclosure
2014-12-01,510310,44.643074,上交所,https://query.sse.com.cn/commonQuery.do,official,exchange_disclosure
2014-12-01,510330,77.042498,上交所,https://query.sse.com.cn/commonQuery.do,official,exchange_disclosure
2014-12-02,159915,8.883594,深交所,https://stock.xueqiu.com/v5/stock/chart/kline.json,estimated,volume_turnover_inference
2014-12-02,159919,109.658048,深交所,https://stock.xueqiu.com/v5/stock/chart/kline.json,estimated,volume_turnover_inference
2014-12-02,510300,53.366706,上交所,https://query.sse.com.cn/commonQuery.do,official,exchange_disclosure
2014-12-02,510310,44.632232,上交所,https://query.sse.com.cn/commonQuery.do,official,exchange_disclosure
2014-12-02,510330,76.493492,上交所,https://query.sse.com.cn/commonQuery.do,official,exchange_disclosure
2014-12-03,159915,8.884188,深交所,https://stock.xueqiu.com/v5/stock/chart/kline.json,estimated,volume_turnover_inference
2014-12-03,159919,109.379473,深交所,https://stock.xueqiu.com/v5/stock/chart/kline.json,estimated,volume_turnover_inference
2014-12-03,510300,63.976411,上交所,https://query.sse.com.cn/commonQuery.do,official,exchange_disclosure
2014-12-03,510310,44.695906,上交所,https://query.sse.com.cn/commonQuery.do,official,exchange_disclosure
2014-12-03,510330,76.817498,上交所,https://query.sse.com.cn/commonQuery.do,official,exchange_disclosure
2014-12-04,159915,8.884363,深交所,https://stock.xueqiu.com/v5/stock/chart/kline.json,estimated,volume_turnover_inference
2014-12-04,159919,109.484650,深交所,https://stock.xueqiu.com/v5/stock/chart/kline.json,estimated,volume_turnover_inference
2014-12-04,510300,73.306420,上交所,https://query.sse.com.cn/commonQuery.do,official,exchange_disclosure
2014-12-04,510310,45.558713,上交所,https://query.sse.com.cn/commonQuery.do,official,exchange_disclosure
2014-12-04,510330,76.763498,上交所,https://query.sse.com.cn/commonQuery.do,official,exchange_disclosure
2014-12-05,159915,8.885992,深交所,https://stock.xueqiu.com/v5/stock/chart/kline.json,estimated,volume_turnover_inference
2014-12-05,159919,109.516851,深交所,https://stock.xueqiu.com/v5/stock/chart/kline.json,estimated,volume_turnover_inference
2014-12-05,510300,85.170642,上交所,https://query.sse.com.cn/commonQuery.do,official,exchange_disclosure
2014-12-05,510310,45.690553,上交所,https://query.sse.com.cn/commonQuery.do,official,exchange_disclosure
2014-12-05,510330,77.202642,上交所,https://query.sse.com.cn/commonQuery.do,official,exchange_disclosure
2014-12-08,159915,8.881943,深交所,https://stock.xueqiu.com/v5/stock/chart/kline.json,estimated,volume_turnover_inference
2014-12-08,159919,109.684516,深交所,https://stock.xueqiu.com/v5/stock/chart/kline.json,estimated,volume_turnover_inference
2014-12-08,510300,86.022275,上交所,https://query.sse.com.cn/commonQuery.do,official,exchange_disclosure
2014-12-08,510310,45.498169,上交所,https://query.sse.com.cn/commonQuery.do,official,exchange_disclosure
2014-12-08,510330,77.176225,上交所,https://query.sse.com.cn/commonQuery.do,official,exchange_disclosure
2014-12-09,159915,8.886614,深交所,https://stock.xueqiu.com/v5/stock/chart/kline.json,estimated,volume_turnover_inference
2014-12-09,159919,109.622497,深交所,https://stock.xueqiu.com/v5/stock/chart/kline.json,estimated,volume_turnover_inference
2014-12-09,510300,86.881779,上交所,https://query.sse.com.cn/commonQuery.do,official,exchange_disclosure
2014-12-09,510310,45.683074,上交所,https://query.sse.com.cn/commonQuery.do,official,exchange_disclosure
2014-12-09,510330,78.131498,上交所,https://query.sse.com.cn/commonQuery.do,official,exchange_disclosure
2014-12-10,159915,8.882257,深交所,https://stock.xueqiu.com/v5/stock/chart/kline.json,estimated,volume_turnover_inference
2014-12-10,159919,109.650766,深交所,https://stock.xueqiu.com/v5/stock/chart/kline.json,estimated,volume_turnover_inference
2014-12-10,510300,102.519706,上交所,https://query.sse.com.cn/commonQuery.do,official,exchange_disclosure
2014-12-10,510310,49.703074,上交所,https://query.sse.com.cn/commonQuery.do,official,exchange_disclosure
2014-12-10,510330,83.101998,上交所,https://query.sse.com.cn/commonQuery.do,official,exchange_disclosure
2014-12-11,159915,8.883465,深交所,https://stock.xueqiu.com/v5/stock/chart/kline.json,estimated,volume_turnover_inference
2014-12-11,159919,109.470786,深交所,https://stock.xueqiu.com/v5/stock/chart/kline.json,estimated,volume_turnover_inference
2014-12-11,510300,91.586889,上交所,https://query.sse.com.cn/commonQuery.do,official,exchange_disclosure
2014-12-11,510310,47.510662,上交所,https://query.sse.com.cn/commonQuery.do,official,exchange_disclosure
2014-12-11,510330,83.783498,上交所,https://query.sse.com.cn/commonQuery.do,official,exchange_disclosure
2014-12-12,159915,8.883268,深交所,https://stock.xueqiu.com/v5/stock/chart/kline.json,estimated,volume_turnover_inference
2014-12-12,159919,109.585702,深交所,https://stock.xueqiu.com/v5/stock/chart/kline.json,estimated,volume_turnover_inference
2014-12-12,510300,96.727734,上交所,https://query.sse.com.cn/commonQuery.do,official,exchange_disclosure
2014-12-12,510310,47.554897,上交所,https://query.sse.com.cn/commonQuery.do,official,exchange_disclosure
2014-12-12,510330,84.313416,上交所,https://query.sse.com.cn/commonQuery.do,official,exchange_disclosure
2014-12-15,159915,8.884313,深交所,https://stock.xueqiu.com/v5/stock/chart/kline.json,estimated,volume_turnover_inference
2014-12-15,159919,109.740712,深交所,https://stock.xueqiu.com/v5/stock/chart/kline.json,estimated,volume_turnover_inference
2014-12-15,510300,99.053831,上交所,https://query.sse.com.cn/commonQuery.do,official,exchange_disclosure
2014-12-15,510310,48.043074,上交所,https://query.sse.com.cn/commonQuery.do,official,exchange_disclosure
2014-12-15,510330,84.496422,上交所,https://query.sse.com.cn/commonQuery.do,official,exchange_disclosure
2014-12-16,159915,8.884005,深交所,https://stock.xueqiu.com/v5/stock/chart/kline.json,estimated,volume_turnover_inference
2014-12-16,159919,109.473158,深交所,https://stock.xueqiu.com/v5/stock/chart/kline.json,estimated,volume_turnover_inference
2014-12-16,510300,93.121531,上交所,https://query.sse.com.cn/commonQuery.do,official,exchange_disclosure
2014-12-16,510310,48.043074,上交所,https://query.sse.com.cn/commonQuery.do,official,exchange_disclosure
2014-12-16,510330,84.044498,上交所,https://query.sse.com.cn/commonQuery.do,official,exchange_disclosure
2014-12-17,159915,8.883274,深交所,https://stock.xueqiu.com/v5/stock/chart/kline.json,estimated,volume_turnover_inference
2014-12-17,159919,109.651598,深交所,https://stock.xueqiu.com/v5/stock/chart/kline.json,estimated,volume_turnover_inference
2014-12-17,510300,92.632551,上交所,https://query.sse.com.cn/commonQuery.do,official,exchange_disclosure
2014-12-17,510310,48.023074,上交所,https://query.sse.com.cn/commonQuery.do,official,exchange_disclosure
2014-12-17,510330,82.838498,上交所,https://query.sse.com.cn/commonQuery.do,official,exchange_disclosure
2014-12-18,159915,8.885465,深交所,https://stock.xueqiu.com/v5/stock/chart/kline.json,estimated,volume_turnover_inference
2014-12-18,159919,109.672847,深交所,https://stock.xueqiu.com/v5/stock/chart/kline.json,estimated,volume_turnover_inference
2014-12-18,510300,106.780877,上交所,https://query.sse.com.cn/commonQuery.do,official,exchange_disclosure
2014-12-18,510310,47.963074,上交所,https://query.sse.com.cn/commonQuery.do,official,exchange_disclosure
2014-12-18,510330,82.926906,上交所,https://query.sse.com.cn/commonQuery.do,official,exchange_disclosure
2014-12-19,159915,8.881986,深交所,https://stock.xueqiu.com/v5/stock/chart/kline.json,estimated,volume_turnover_inference
2014-12-19,159919,109.510060,深交所,https://stock.xueqiu.com/v5/stock/chart/kline.json,estimated,volume_turnover_inference
2014-12-19,510300,117.694328,上交所,https://query.sse.com.cn/commonQuery.do,official,exchange_disclosure
2014-12-19,510310,47.823074,上交所,https://query.sse.com.cn/commonQuery.do,official,exchange_disclosure
2014-12-19,510330,83.178754,上交所,https://query.sse.com.cn/commonQuery.do,official,exchange_disclosure
2014-12-22,159915,8.885285,深交所,https://stock.xueqiu.com/v5/stock/chart/kline.json,estimated,volume_turnover_inference
2014-12-22,159919,109.526252,深交所,https://stock.xueqiu.com/v5/stock/chart/kline.json,estimated,volume_turnover_inference
2014-12-22,510300,115.232089,上交所,https://query.sse.com.cn/commonQuery.do,official,exchange_disclosure
2014-12-22,510310,48.183074,上交所,https://query.sse.com.cn/commonQuery.do,official,exchange_disclosure
2014-12-22,510330,83.198498,上交所,https://query.sse.com.cn/commonQuery.do,official,exchange_disclosure
2014-12-23,159915,8.884471,深交所,https://stock.xueqiu.com/v5/stock/chart/kline.json,estimated,volume_turnover_inference
2014-12-23,159919,109.571743,深交所,https://stock.xueqiu.com/v5/stock/chart/kline.json,estimated,volume_turnover_inference
2014-12-23,510300,104.899877,上交所,https://query.sse.com.cn/commonQuery.do,official,exchange_disclosure
2014-12-23,510310,50.143074,上交所,https://query.sse.com.cn/commonQuery.do,official,exchange_disclosure
2014-12-23,510330,82.919498,上交所,https://query.sse.com.cn/commonQuery.do,official,exchange_disclosure
2014-12-24,159915,8.884046,深交所,https://stock.xueqiu.com/v5/stock/chart/kline.json,estimated,volume_turnover_inference
2014-12-24,159919,109.672870,深交所,https://stock.xueqiu.com/v5/stock/chart/kline.json,estimated,volume_turnover_inference
2014-12-24,510300,91.471877,上交所,https://query.sse.com.cn/commonQuery.do,official,exchange_disclosure
2014-12-24,510310,49.623074,上交所,https://query.sse.com.cn/commonQuery.do,official,exchange_disclosure
2014-12-24,510330,82.649498,上交所,https://query.sse.com.cn/commonQuery.do,official,exchange_disclosure
2014-12-25,159915,8.885245,深交所,https://stock.xueqiu.com/v5/stock/chart/kline.json,estimated,volume_turnover_inference
2014-12-25,159919,109.506199,深交所,https://stock.xueqiu.com/v5/stock/chart/kline.json,estimated,volume_turnover_inference
2014-12-25,510300,81.211877,上交所,https://query.sse.com.cn/commonQuery.do,official,exchange_disclosure
2014-12-25,510310,49.603074,上交所,https://query.sse.com.cn/commonQuery.do,official,exchange_disclosure
2014-12-25,510330,81.974498,上交所,https://query.sse.com.cn/commonQuery.do,official,exchange_disclosure
2014-12-26,159915,8.888993,深交所,https://stock.xueqiu.com/v5/stock/chart/kline.json,estimated,volume_turnover_inference
2014-12-26,159919,109.569493,深交所,https://stock.xueqiu.com/v5/stock/chart/kline.json,estimated,volume_turnover_inference
2014-12-26,510300,84.523682,上交所,https://query.sse.com.cn/commonQuery.do,official,exchange_disclosure
2014-12-26,510310,50.123074,上交所,https://query.sse.com.cn/commonQuery.do,official,exchange_disclosure
2014-12-26,510330,81.479498,上交所,https://query.sse.com.cn/commonQuery.do,official,exchange_disclosure
2014-12-29,159915,8.882330,深交所,https://stock.xueqiu.com/v5/stock/chart/kline.json,estimated,volume_turnover_inference
2014-12-29,159919,109.536624,深交所,https://stock.xueqiu.com/v5/stock/chart/kline.json,estimated,volume_turnover_inference
2014-12-29,510300,94.464918,上交所,https://query.sse.com.cn/commonQuery.do,official,exchange_disclosure
2014-12-29,510310,50.163074,上交所,https://query.sse.com.cn/commonQuery.do,official,exchange_disclosure
2014-12-29,510330,80.903498,上交所,https://query.sse.com.cn/commonQuery.do,official,exchange_disclosure
2014-12-30,159915,8.883444,深交所,https://stock.xueqiu.com/v5/stock/chart/kline.json,estimated,volume_turnover_inference
2014-12-30,159919,109.439841,深交所,https://stock.xueqiu.com/v5/stock/chart/kline.json,estimated,volume_turnover_inference
2014-12-30,510300,90.562709,上交所,https://query.sse.com.cn/commonQuery.do,official,exchange_disclosure
2014-12-30,510310,50.023074,上交所,https://query.sse.com.cn/commonQuery.do,official,exchange_disclosure
2014-12-30,510330,80.696498,上交所,https://query.sse.com.cn/commonQuery.do,official,exchange_disclosure
2014-12-31,159915,8.883354,深交所,https://stock.xueqiu.com/v5/stock/chart/kline.json,estimated,volume_turnover_inference
2014-12-31,159919,109.435387,深交所,https://stock.xueqiu.com/v5/stock/chart/kline.json,estimated,volume_turnover_inference
2014-12-31,510300,94.814703,上交所,https://query.sse.com.cn/commonQuery.do,official,exchange_disclosure
2014-12-31,510310,49.743074,上交所,https://query.sse.com.cn/commonQuery.do,official,exchange_disclosure
2014-12-31,510330,80.552498,上交所,https://query.sse.com.cn/commonQuery.do,official,exchange_disclosure
2015-01-05,159915,8.816317,深交所,https://stock.xueqiu.com/v5/stock/chart/kline.json,estimated,volume_turnover_inference
2015-01-05,159919,124.566520,深交所,https://stock.xueqiu.com/v5/stock/chart/kline.json,estimated,volume_turnover_inference
2015-01-05,510300,113.987715,上交所,https://query.sse.com.cn/commonQuery.do,official,exchange_disclosure
2015-01-05,510310,49.603074,上交所,https://query.sse.com.cn/commonQuery.do,official,exchange_disclosure
2015-01-05,510330,79.739374,上交所,https://query.sse.com.cn/commonQuery.do,official,exchange_disclosure
2015-01-06,159915,8.814824,深交所,https://stock.xueqiu.com/v5/stock/chart/kline.json,estimated,volume_turnover_inference
2015-01-06,159919,124.809295,深交所,https://stock.xueqiu.com/v5/stock/chart/kline.json,estimated,volume_turnover_inference
2015-01-06,510300,109.372746,上交所,https://query.sse.com.cn/commonQuery.do,official,exchange_disclosure
2015-01-06,510310,49.563074,上交所,https://query.sse.com.cn/commonQuery.do,official,exchange_disclosure
2015-01-06,510330,79.382498,上交所,https://query.sse.com.cn/commonQuery.do,official,exchange_disclosure
2015-01-07,159915,8.814180,深交所,https://stock.xueqiu.com/v5/stock/chart/kline.json,estimated,volume_turnover_inference
2015-01-07,159919,124.775053,深交所,https://stock.xueqiu.com/v5/stock/chart/kline.json,estimated,volume_turnover_inference
2015-01-07,510300,96.844877,上交所,https://query.sse.com.cn/commonQuery.do,official,exchange_disclosure
2015-01-07,510310,52.063074,上交所,https://query.sse.com.cn/commonQuery.do,official,exchange_disclosure
2015-01-07,510330,78.419498,上交所,https://query.sse.com.cn/commonQuery.do,official,exchange_disclosure
2015-01-08,159915,8.815588,深交所,https://stock.xueqiu.com/v5/stock/chart/kline.json,estimated,volume_turnover_inference
2015-01-08,159919,124.652085,深交所,https://stock.xueqiu.com/v5/stock/chart/kline.json,estimated,volume_turnover_inference
2015-01-08,510300,91.969867,上交所,https://query.sse.com.cn/commonQuery.do,official,exchange_disclosure
2015-01-08,510310,51.623074,上交所,https://query.sse.com.cn/commonQuery.do,official,exchange_disclosure
2015-01-08,510330,77.258498,上交所,https://query.sse.com.cn/commonQuery.do,official,exchange_disclosure
2015-01-09,159915,8.814169,深交所,https://stock.xueqiu.com/v5/stock/chart/kline.json,estimated,volume_turnover_inference
2015-01-09,159919,124.734083,深交所,https://stock.xueqiu.com/v5/stock/chart/kline.json,estimated,volume_turnover_inference
2015-01-09,510300,84.829877,上交所,https://query.sse.com.cn/commonQuery.do,official,exchange_disclosure
2015-01-09,510310,51.983074,上交所,https://query.sse.com.cn/commonQuery.do,official,exchange_disclosure
2015-01-09,510330,76.880498,上交所,https://query.sse.com.cn/commonQuery.do,official,exchange_disclosure
2015-01-12,159915,8.814549,深交所,https://stock.xueqiu.com/v5/stock/chart/kline.json,estimated,volume_turnover_inference
2015-01-12,159919,124.537875,深交所,https://stock.xueqiu.com/v5/stock/chart/kline.json,estimated,volume_turnover_inference
2015-01-12,510300,86.496702,上交所,https://query.sse.com.cn/commonQuery.do,official,exchange_disclosure
2015-01-12,510310,53.323074,上交所,https://query.sse.com.cn/commonQuery.do,official,exchange_disclosure
2015-01-12,510330,76.817498,上交所,https://query.sse.com.cn/commonQuery.do,official,exchange_disclosure
2015-01-13,159915,8.814438,深交所,https://stock.xueqiu.com/v5/stock/chart/kline.json,estimated,volume_turnover_inference
2015-01-13,159919,124.830061,深交所,https://stock.xueqiu.com/v5/stock/chart/kline.json,estimated,volume_turnover_inference
2015-01-13,510300,89.713212,上交所,https://query.sse.com.cn/commonQuery.do,official,exchange_disclosure
2015-01-13,510310,53.863074,上交所,https://query.sse.com.cn/commonQuery.do,official,exchange_disclosure
2015-01-13,510330,76.799498,上交所,https://query.sse.com.cn/commonQuery.do,official,exchange_disclosure
2015-01-14,159915,8.813601,深交所,https://stock.xueqiu.com/v5/stock/chart/kline.json,estimated,volume_turnover_inference
2015-01-14,159919,124.450355,深交所,https://stock.xueqiu.com/v5/stock/chart/kline.json,estimated,volume_turnover_inference
2015-01-14,510300,91.435669,上交所,https://query.sse.com.cn/commonQuery.do,official,exchange_disclosure
2015-01-14,510310,53.803074,上交所,https://query.sse.com.cn/commonQuery.do,official,exchange_disclosure
2015-01-14,510330,76.313498,上交所,https://query.sse.com.cn/commonQuery.do,official,exchange_disclosure
2015-01-15,159915,8.813360,深交所,https://stock.xueqiu.com/v5/stock/chart/kline.json,estimated,volume_turnover_inference
2015-01-15,159919,124.525696,深交所,https://stock.xueqiu.com/v5/stock/chart/kline.json,estimated,volume_turnover_inference
2015-01-15,510300,91.090261,上交所,https://query.sse.com.cn/commonQuery.do,official,exchange_disclosure
2015-01-15,510310,53.723074,上交所,https://query.sse.com.cn/commonQuery.do,official,exchange_disclosure
2015-01-15,510330,75.719498,上交所,https://query.sse.com.cn/commonQuery.do,official,exchange_disclosure
2015-01-16,159915,8.813089,深交所,https://stock.xueqiu.com/v5/stock/chart/kline.json,estimated,volume_turnover_inference
2015-01-16,159919,124.686981,深交所,https://stock.xueqiu.com/v5/stock/chart/kline.json,estimated,volume_turnover_inference
2015-01-16,510300,95.188877,上交所,https://query.sse.com.cn/commonQuery.do,official,exchange_disclosure
2015-01-16,510310,53.343074,上交所,https://query.sse.com.cn/commonQuery.do,official,exchange_disclosure
2015-01-16,510330,75.665498,上交所,https://query.sse.com.cn/commonQuery.do,official,exchange_disclosure
2015-01-19,159915,8.814406,深交所,https://stock.xueqiu.com/v5/stock/chart/kline.json,estimated,volume_turnover_inference
2015-01-19,159919,124.568104,深交所,https://stock.xueqiu.com/v5/stock/chart/kline.json,estimated,volume_turnover_inference
2015-01-19,510300,95.294788,上交所,https://query.sse.com.cn/commonQuery.do,official,exchange_disclosure
2015-01-19,510310,53.363074,上交所,https://query.sse.com.cn/commonQuery.do,official,exchange_disclosure
2015-01-19,510330,75.669031,上交所,https://query.sse.com.cn/commonQuery.do,official,exchange_disclosure
2015-01-20,159915,8.815246,深交所,https://stock.xueqiu.com/v5/stock/chart/kline.json,estimated,volume_turnover_inference
2015-01-20,159919,124.613269,深交所,https://stock.xueqiu.com/v5/stock/chart/kline.json,estimated,volume_turnover_inference
2015-01-20,510300,87.655877,上交所,https://query.sse.com.cn/commonQuery.do,official,exchange_disclosure
2015-01-20,510310,49.863074,上交所,https://query.sse.com.cn/commonQuery.do,official,exchange_disclosure
2015-01-20,510330,75.548498,上交所,https://query.sse.com.cn/commonQuery.do,official,exchange_disclosure
2015-01-21,159915,8.813874,深交所,https://stock.xueqiu.com/v5/stock/chart/kline.json,estimated,volume_turnover_inference
2015-01-21,159919,124.679618,深交所,https://stock.xueqiu.com/v5/stock/chart/kline.json,estimated,volume_turnover_inference
2015-01-21,510300,81.994877,上交所,https://query.sse.com.cn/commonQuery.do,official,exchange_disclosure
2015-01-21,510310,48.843074,上交所,https://query.sse.com.cn/commonQuery.do,official,exchange_disclosure
2015-01-21,510330,74.333498,上交所,https://query.sse.com.cn/commonQuery.do,official,exchange_disclosure
2015-01-22,159915,8.813986,深交所,https://stock.xueqiu.com/v5/stock/chart/kline.json,estimated,volume_turnover_inference
2015-01-22,159919,124.359273,深交所,https://stock.xueqiu.com/v5/stock/chart/kline.json,estimated,volume_turnover_inference
2015-01-22,510300,78.027625,上交所,https://query.sse.com.cn/commonQuery.do,official,exchange_disclosure
2015-01-22,510310,48.663074,上交所,https://query.sse.com.cn/commonQuery.do,official,exchange_disclosure
2015-01-22,510330,74.207498,上交所,https://query.sse.com.cn/commonQuery.do,official,exchange_disclosure
2015-01-23,159915,8.816934,深交所,https://stock.xueqiu.com/v5/stock/chart/kline.json,estimated,volume_turnover_inference
2015-01-23,159919,124.605106,深交所,https://stock.xueqiu.com/v5/stock/chart/kline.json,estimated,volume_turnover_inference
2015-01-23,510300,80.207069,上交所,https://query.sse.com.cn/commonQuery.do,official,exchange_disclosure
2015-01-23,510310,48.143074,上交所,https://query.sse.com.cn/commonQuery.do,official,exchange_disclosure
2015-01-23,510330,73.883498,上交所,https://query.sse.com.cn/commonQuery.do,official,exchange_disclosure
2015-01-26,159915,8.813523,深交所,https://stock.xueqiu.com/v5/stock/chart/kline.json,estimated,volume_turnover_inference
2015-01-26,159919,124.762642,深交所,https://stock.xueqiu.com/v5/stock/chart/kline.json,estimated,volume_turnover_inference
2015-01-26,510300,81.720309,上交所,https://query.sse.com.cn/commonQuery.do,official,exchange_disclosure
2015-01-26,510310,48.143074,上交所,https://query.sse.com.cn/commonQuery.do,official,exchange_disclosure
2015-01-26,510330,73.460498,上交所,https://query.sse.com.cn/commonQuery.do,official,exchange_disclosure
2015-01-27,159915,8.815073,深交所,https://stock.xueqiu.com/v5/stock/chart/kline.json,estimated,volume_turnover_inference
2015-01-27,159919,124.428045,深交所,https://stock.xueqiu.com/v5/stock/chart/kline.json,estimated,volume_turnover_inference
2015-01-27,510300,77.291261,上交所,https://query.sse.com.cn/commonQuery.do,official,exchange_disclosure
2015-01-27,510310,47.765571,上交所,https://query.sse.com.cn/commonQuery.do,official,exchange_disclosure
2015-01-27,510330,73.181498,上交所,https://query.sse.com.cn/commonQuery.do,official,exchange_disclosure
2015-01-28,159915,8.814521,深交所,https://stock.xueqiu.com/v5/stock/chart/kline.json,estimated,volume_turnover_inference
2015-01-28,159919,124.525966,深交所,https://stock.xueqiu.com/v5/stock/chart/kline.json,estimated,volume_turnover_inference
2015-01-28,510300,75.028877,上交所,https://query.sse.com.cn/commonQuery.do,official,exchange_disclosure
2015-01-28,510310,48.043074,上交所,https://query.sse.com.cn/commonQuery.do,official,exchange_disclosure
2015-01-28,510330,73.181498,上交所,https://query.sse.com.cn/commonQuery.do,official,exchange_disclosure
2015-01-29,159915,8.811929,深交所,https://stock.xueqiu.com/v5/stock/chart/kline.json,estimated,volume_turnover_inference
2015-01-29,159919,124.426152,深交所,https://stock.xueqiu.com/v5/stock/chart/kline.json,estimated,volume_turnover_inference
2015-01-29,510300,72.231465,上交所,https://query.sse.com.cn/commonQuery.do,official,exchange_disclosure
2015-01-29,510310,48.043074,上交所,https://query.sse.com.cn/commonQuery.do,official,exchange_disclosure
2015-01-29,510330,73.154498,上交所,https://query.sse.com.cn/commonQuery.do,official,exchange_disclosure
2015-01-30,159915,8.817453,深交所,https://stock.xueqiu.com/v5/stock/chart/kline.json,estimated,volume_turnover_inference
2015-01-30,159919,124.688797,深交所,https://stock.xueqiu.com/v5/stock/chart/kline.json,estimated,volume_turnover_inference
2015-01-30,510300,69.202877,上交所,https://query.sse.com.cn/commonQuery.do,official,exchange_disclosure
2015-01-30,510310,46.787484,上交所,https://query.sse.com.cn/commonQuery.do,official,exchange_disclosure
2015-01-30,510330,72.749498,上交所,https://query.sse.com.cn/commonQuery.do,official,exchange_disclosure
2015-02-02,159915,8.815172,深交所,https://stock.xueqiu.com/v5/stock/chart/kline.json,estimated,volume_turnover_inference
2015-02-02,159919,124.624002,深交所,https://stock.xueqiu.com/v5/stock/chart/kline.json,estimated,volume_turnover_inference
2015-02-02,510300,67.279877,上交所,https://query.sse.com.cn/commonQuery.do,official,exchange_disclosure
2015-02-02,510310,38.523074,上交所,https://query.sse.com.cn/commonQuery.do,official,exchange_disclosure
2015-02-02,510330,72.666998,上交所,https://query.sse.com.cn/commonQuery.do,official,exchange_disclosure
2015-02-03,159915,8.813807,深交所,https://stock.xueqiu.com/v5/stock/chart/kline.json,estimated,volume_turnover_inference
2015-02-03,159919,124.855118,深交所,https://stock.xueqiu.com/v5/stock/chart/kline.json,estimated,volume_turnover_inference
2015-02-03,510300,70.734799,上交所,https://query.sse.com.cn/commonQuery.do,official,exchange_disclosure
2015-02-03,510310,38.283074,上交所,https://query.sse.com.cn/commonQuery.do,official,exchange_disclosure
2015-02-03,510330,72.678498,上交所,https://query.sse.com.cn/commonQuery.do,official,exchange_disclosure
2015-02-04,159915,8.813386,深交所,https://stock.xueqiu.com/v5/stock/chart/kline.json,estimated,volume_turnover_inference
2015-02-04,159919,124.801493,深交所,https://stock.xueqiu.com/v5/stock/chart/kline.json,estimated,volume_turnover_inference
2015-02-04,510300,73.538312,上交所,https://query.sse.com.cn/commonQuery.do,official,exchange_disclosure
2015-02-04,510310,38.083074,上交所,https://query.sse.com.cn/commonQuery.do,official,exchange_disclosure
2015-02-04,510330,72.445998,上交所,https://query.sse.com.cn/commonQuery.do,official,exchange_disclosure
2015-02-05,159915,8.815350,深交所,https://stock.xueqiu.com/v5/stock/chart/kline.json,estimated,volume_turnover_inference
2015-02-05,159919,124.653230,深交所,https://stock.xueqiu.com/v5/stock/chart/kline.json,estimated,volume_turnover_inference
2015-02-05,510300,74.119877,上交所,https://query.sse.com.cn/commonQuery.do,official,exchange_disclosure
2015-02-05,510310,38.065425,上交所,https://query.sse.com.cn/commonQuery.do,official,exchange_disclosure
2015-02-05,510330,71.813498,上交所,https://query.sse.com.cn/commonQuery.do,official,exchange_disclosure
2015-02-06,159915,8.814139,深交所,https://stock.xueqiu.com/v5/stock/chart/kline.json,estimated,volume_turnover_inference
2015-02-06,159919,124.350653,深交所,https://stock.xueqiu.com/v5/stock/chart/kline.json,estimated,volume_turnover_inference
2015-02-06,510300,73.291953,上交所,https://query.sse.com.cn/commonQuery.do,official,exchange_disclosure
2015-02-06,510310,38.043074,上交所,https://query.sse.com.cn/commonQuery.do,official,exchange_disclosure
2015-02-06,510330,71.723498,上交所,https://query.sse.com.cn/commonQuery.do,official,exchange_disclosure
2015-02-09,159915,8.816035,深交所,https://stock.xueqiu.com/v5/stock/chart/kline.json,estimated,volume_turnover_inference
2015-02-09,159919,124.694537,深交所,https://stock.xueqiu.com/v5/stock/chart/kline.json,estimated,volume_turnover_inference
2015-02-09,510300,75.919877,上交所,https://query.sse.com.cn/commonQuery.do,official,exchange_disclosure
2015-02-09,510310,38.023074,上交所,https://query.sse.com.cn/commonQuery.do,official,exchange_disclosure
2015-02-09,510330,71.660498,上交所,https://query.sse.com.cn/commonQuery.do,official,exchange_disclosure
2015-02-10,159915,8.815771,深交所,https://stock.xueqiu.com/v5/stock/chart/kline.json,estimated,volume_turnover_inference
2015-02-10,159919,124.345203,深交所,https://stock.xueqiu.com/v5/stock/chart/kline.json,estimated,volume_turnover_inference
2015-02-10,510300,80.878743,上交所,https://query.sse.com.cn/commonQuery.do,official,exchange_disclosure
2015-02-10,510310,37.983074,上交所,https://query.sse.com.cn/commonQuery.do,official,exchange_disclosure
2015-02-10,510330,71.695998,上交所,https://query.sse.com.cn/commonQuery.do,official,exchange_disclosure
2015-02-11,159915,8.813296,深交所,https://stock.xueqiu.com/v5/stock/chart/kline.json,estimated,volume_turnover_inference
2015-02-11,159919,124.556323,深交所,https://stock.xueqiu.com/v5/stock/chart/kline.json,estimated,volume_turnover_inference
2015-02-11,510300,85.405835,上交所,https://query.sse.com.cn/commonQuery.do,official,exchange_disclosure
2015-02-11,510310,38.082008,上交所,https://query.sse.com.cn/commonQuery.do,official,exchange_disclosure
2015-02-11,510330,71.705498,上交所,https://query.sse.com.cn/commonQuery.do,official,exchange_disclosure
2015-02-12,159915,8.814652,深交所,https://stock.xueqiu.com/v5/stock/chart/kline.json,estimated,volume_turnover_inference
2015-02-12,159919,124.606657,深交所,https://stock.xueqiu.com/v5/stock/chart/kline.json,estimated,volume_turnover_inference
2015-02-12,510300,86.242877,上交所,https://query.sse.com.cn/commonQuery.do,official,exchange_disclosure
2015-02-12,510310,38.083074,上交所,https://query.sse.com.cn/commonQuery.do,official,exchange_disclosure
2015-02-12,510330,71.795498,上交所,https://query.sse.com.cn/commonQuery.do,official,exchange_disclosure
2015-02-13,159915,8.814747,深交所,https://stock.xueqiu.com/v5/stock/chart/kline.json,estimated,volume_turnover_inference
2015-02-13,159919,124.844150,深交所,https://stock.xueqiu.com/v5/stock/chart/kline.json,estimated,volume_turnover_inference
2015-02-13,510300,88.960876,上交所,https://query.sse.com.cn/commonQuery.do,official,exchange_disclosure
2015-02-13,510310,37.783074,上交所,https://query.sse.com.cn/commonQuery.do,official,exchange_disclosure
2015-02-13,510330,71.561498,上交所,https://query.sse.com.cn/commonQuery.do,official,exchange_disclosure
2015-02-16,159915,8.813753,深交所,https://stock.xueqiu.com/v5/stock/chart/kline.json,estimated,volume_turnover_inference
2015-02-16,159919,124.291562,深交所,https://stock.xueqiu.com/v5/stock/chart/kline.json,estimated,volume_turnover_inference
2015-02-16,510300,88.573877,上交所,https://query.sse.com.cn/commonQuery.do,official,exchange_disclosure
2015-02-16,510310,37.643074,上交所,https://query.sse.com.cn/commonQuery.do,official,exchange_disclosure
2015-02-16,510330,71.417498,上交所,https://query.sse.com.cn/commonQuery.do,official,exchange_disclosure
2015-02-17,159915,8.815139,深交所,https://stock.xueqiu.com/v5/stock/chart/kline.json,estimated,volume_turnover_inference
2015-02-17,159919,124.480931,深交所,https://stock.xueqiu.com/v5/stock/chart/kline.json,estimated,volume_turnover_inference
2015-02-17,510300,89.725877,上交所,https://query.sse.com.cn/commonQuery.do,official,exchange_disclosure
2015-02-17,510310,37.643074,上交所,https://query.sse.com.cn/commonQuery.do,official,exchange_disclosure
2015-02-17,510330,71.417498,上交所,https://query.sse.com.cn/commonQuery.do,official,exchange_disclosure
2015-02-25,159915,8.815866,深交所,https://stock.xueqiu.com/v5/stock/chart/kline.json,estimated,volume_turnover_inference
2015-02-25,159919,124.622111,深交所,https://stock.xueqiu.com/v5/stock/chart/kline.json,estimated,volume_turnover_inference
2015-02-25,510300,82.831877,上交所,https://query.sse.com.cn/commonQuery.do,official,exchange_disclosure
2015-02-25,510310,37.543074,上交所,https://query.sse.com.cn/commonQuery.do,official,exchange_disclosure
2015-02-25,510330,71.246498,上交所,https://query.sse.com.cn/commonQuery.do,official,exchange_disclosure
2015-02-26,159915,8.813528,深交所,https://stock.xueqiu.com/v5/stock/chart/kline.json,estimated,volume_turnover_inference
2015-02-26,159919,124.344261,深交所,https://stock.xueqiu.com/v5/stock/chart/kline.json,estimated,volume_turnover_inference
2015-02-26,510300,85.273850,上交所,https://query.sse.com.cn/commonQuery.do,official,exchange_disclosure
2015-02-26,510310,37.443074,上交所,https://query.sse.com.cn/commonQuery.do,official,exchange_disclosure
2015-02-26,510330,71.174498,上交所,https://query.sse.com.cn/commonQuery.do,official,exchange_disclosure
2015-02-27,159915,8.814054,深交所,https://stock.xueqiu.com/v5/stock/chart/kline.json,estimated,volume_turnover_inference
2015-02-27,159919,124.419130,深交所,https://stock.xueqiu.com/v5/stock/chart/kline.json,estimated,volume_turnover_inference
2015-02-27,510300,88.501877,上交所,https://query.sse.com.cn/commonQuery.do,official,exchange_disclosure
2015-02-27,510310,37.203074,上交所,https://query.sse.com.cn/commonQuery.do,official,exchange_disclosure
2015-02-27,510330,70.976498,上交所,https://query.sse.com.cn/commonQuery.do,official,exchange_disclosure
2015-03-02,159915,8.815245,深交所,https://stock.xueqiu.com/v5/stock/chart/kline.json,estimated,volume_turnover_inference
2015-03-02,159919,124.646256,深交所,https://stock.xueqiu.com/v5/stock/chart/kline.json,estimated,volume_turnover_inference
2015-03-02,510300,85.105877,上交所,https://query.sse.com.cn/commonQuery.do,official,exchange_disclosure
2015-03-02,510310,36.903074,上交所,https://query.sse.com.cn/commonQuery.do,official,exchange_disclosure
2015-03-02,510330,70.661498,上交所,https://query.sse.com.cn/commonQuery.do,official,exchange_disclosure
2015-03-03,159915,8.815153,深交所,https://stock.xueqiu.com/v5/stock/chart/kline.json,estimated,volume_turnover_inference
2015-03-03,159919,124.754544,深交所,https://stock.xueqiu.com/v5/stock/chart/kline.json,estimated,volume_turnover_inference
2015-03-03,510300,78.448877,上交所,https://query.sse.com.cn/commonQuery.do,official,exchange_disclosure
2015-03-03,510310,36.703074,上交所,https://query.sse.com.cn/commonQuery.do,official,exchange_disclosure
2015-03-03,510330,70.556444,上交所,https://query.sse.com.cn/commonQuery.do,official,exchange_disclosure
2015-03-04,159915,8.815366,深交所,https://stock.xueqiu.com/v5/stock/chart/kline.json,estimated,volume_turnover_inference
2015-03-04,159919,124.845396,深交所,https://stock.xueqiu.com/v5/stock/chart/kline.json,estimated,volume_turnover_inference
2015-03-04,510300,78.796741,上交所,https://query.sse.com.cn/commonQuery.do,official,exchange_disclosure
2015-03-04,510310,36.463074,上交所,https://query.sse.com.cn/commonQuery.do,official,exchange_disclosure
2015-03-04,510330,70.535498,上交所,https://query.sse.com.cn/commonQuery.do,official,exchange_disclosure
2015-03-05,159915,8.815239,深交所,https://stock.xueqiu.com/v5/stock/chart/kline.json,estimated,volume_turnover_inference
2015-03-05,159919,124.697477,深交所,https://stock.xueqiu.com/v5/stock/chart/kline.json,estimated,volume_turnover_inference
2015-03-05,510300,76.756877,上交所,https://query.sse.com.cn/commonQuery.do,official,exchange_disclosure
2015-03-05,510310,36.403074,上交所,https://query.sse.com.cn/commonQuery.do,official,exchange_disclosure
2015-03-05,510330,70.310498,上交所,https://query.sse.com.cn/commonQuery.do,official,exchange_disclosure
2015-03-06,159915,8.813866,深交所,https://stock.xueqiu.com/v5/stock/chart/kline.json,estimated,volume_turnover_inference
2015-03-06,159919,124.583746,深交所,https://stock.xueqiu.com/v5/stock/chart/kline.json,estimated,volume_turnover_inference
2015-03-06,510300,75.982868,上交所,https://query.sse.com.cn/commonQuery.do,official,exchange_disclosure
2015-03-06,510310,36.363074,上交所,https://query.sse.com.cn/commonQuery.do,official,exchange_disclosure
2015-03-06,510330,69.275498,上交所,https://query.sse.com.cn/commonQuery.do,official,exchange_disclosure
2015-03-09,159915,8.814078,深交所,https://stock.xueqiu.com/v5/stock/chart/kline.json,estimated,volume_turnover_inference
2015-03-09,159919,124.692450,深交所,https://stock.xueqiu.com/v5/stock/chart/kline.json,estimated,volume_turnover_inference
2015-03-09,510300,75.980319,上交所,https://query.sse.com.cn/commonQuery.do,official,exchange_disclosure
2015-03-09,510310,36.203074,上交所,https://query.sse.com.cn/commonQuery.do,official,exchange_disclosure
2015-03-09,510330,69.255435,上交所,https://query.sse.com.cn/commonQuery.do,official,exchange_disclosure
2015-03-10,159915,8.814948,深交所,https://stock.xueqiu.com/v5/stock/chart/kline.json,estimated,volume_turnover_inference
2015-03-10,159919,124.521273,深交所,https://stock.xueqiu.com/v5/stock/chart/kline.json,estimated,volume_turnover_inference
2015-03-10,510300,77.250877,上交所,https://query.sse.com.cn/commonQuery.do,official,exchange_disclosure
2015-03-10,510310,36.183074,上交所,https://query.sse.com.cn/commonQuery.do,official,exchange_disclosure
2015-03-10,510330,69.113498,上交所,https://query.sse.com.cn/commonQuery.do,official,exchange_disclosure
2015-03-11,159915,8.813417,深交所,https://stock.xueqiu.com/v5/stock/chart/kline.json,estimated,volume_turnover_inference
2015-03-11,159919,124.552631,深交所,https://stock.xueqiu.com/v5/stock/chart/kline.json,estimated,volume_turnover_inference
2015-03-11,510300,81.170577,上交所,https://query.sse.com.cn/commonQuery.do,official,exchange_disclosure
2015-03-11,510310,36.183074,上交所,https://query.sse.com.cn/commonQuery.do,official,exchange_disclosure
2015-03-11,510330,69.041498,上交所,https://query.sse.com.cn/commonQuery.do,official,exchange_disclosure
2015-03-12,159915,8.815128,深交所,https://stock.xueqiu.com/v5/stock/chart/kline.json,estimated,volume_turnover_inference
2015-03-12,159919,124.712489,深交所,https://stock.xueqiu.com/v5/stock/chart/kline.json,estimated,volume_turnover_inference
2015-03-12,510300,87.051249,上交所,https://query.sse.com.cn/commonQuery.do,official,exchange_disclosure
2015-03-12,510310,35.923074,上交所,https://query.sse.com.cn/commonQuery.do,official,exchange_disclosure
2015-03-12,510330,69.005498,上交所,https://query.sse.com.cn/commonQuery.do,official,exchange_disclosure
2015-03-13,159915,8.813727,深交所,https://stock.xueqiu.com/v5/stock/chart/kline.json,estimated,volume_turnover_inference
2015-03-13,159919,124.761796,深交所,https://stock.xueqiu.com/v5/stock/chart/kline.json,estimated,volume_turnover_inference
2015-03-13,510300,85.999877,上交所,https://query.sse.com.cn/commonQuery.do,official,exchange_disclosure
2015-03-13,510310,35.643074,上交所,https://query.sse.com.cn/commonQuery.do,official,exchange_disclosure
2015-03-13,510330,68.663498,上交所,https://query.sse.com.cn/commonQuery.do,official,exchange_disclosure
2015-03-16,159915,8.814759,深交所,https://stock.xueqiu.com/v5/stock/chart/kline.json,estimated,volume_turnover_inference
2015-03-16,159919,124.445919,深交所,https://stock.xueqiu.com/v5/stock/chart/kline.json,estimated,volume_turnover_inference
2015-03-16,510300,84.748825,上交所,https://query.sse.com.cn/commonQuery.do,official,exchange_disclosure
2015-03-16,510310,35.403074,上交所,https://query.sse.com.cn/commonQuery.do,official,exchange_disclosure
2015-03-16,510330,68.357498,上交所,https://query.sse.com.cn/commonQuery.do,official,exchange_disclosure
2015-03-17,159915,8.814952,深交所,https://stock.xueqiu.com/v5/stock/chart/kline.json,estimated,volume_turnover_inference
2015-03-17,159919,124.398949,深交所,https://stock.xueqiu.com/v5/stock/chart/kline.json,estimated,volume_turnover_inference
2015-03-17,510300,83.542877,上交所,https://query.sse.com.cn/commonQuery.do,official,exchange_disclosure
2015-03-17,510310,34.943074,上交所,https://query.sse.com.cn/commonQuery.do,official,exchange_disclosure
2015-03-17,510330,68.222498,上交所,https://query.sse.com.cn/commonQuery.do,official,exchange_disclosure
2015-03-18,159915,8.814194,深交所,https://stock.xueqiu.com/v5/stock/chart/kline.json,estimated,volume_turnover_inference
2015-03-18,159919,124.486399,深交所,https://stock.xueqiu.com/v5/stock/chart/kline.json,estimated,volume_turnover_inference
2015-03-18,510300,83.297536,上交所,https://query.sse.com.cn/commonQuery.do,official,exchange_disclosure
2015-03-18,510310,34.263074,上交所,https://query.sse.com.cn/commonQuery.do,official,exchange_disclosure
2015-03-18,510330,67.763498,上交所,https://query.sse.com.cn/commonQuery.do,official,exchange_disclosure
2015-03-19,159915,8.813455,深交所,https://stock.xueqiu.com/v5/stock/chart/kline.json,estimated,volume_turnover_inference
2015-03-19,159919,124.608139,深交所,https://stock.xueqiu.com/v5/stock/chart/kline.json,estimated,volume_turnover_inference
2015-03-19,510300,78.619877,上交所,https://query.sse.com.cn/commonQuery.do,official,exchange_disclosure
2015-03-19,510310,34.003074,上交所,https://query.sse.com.cn/commonQuery.do,official,exchange_disclosure
2015-03-19,510330,67.556498,上交所,https://query.sse.com.cn/commonQuery.do,official,exchange_disclosure
2015-03-20,159915,8.815028,深交所,https://stock.xueqiu.com/v5/stock/chart/kline.json,estimated,volume_turnover_inference
2015-03-20,159919,124.403490,深交所,https://stock.xueqiu.com/v5/stock/chart/kline.json,estimated,volume_turnover_inference
2015-03-20,510300,73.759877,上交所,https://query.sse.com.cn/commonQuery.do,official,exchange_disclosure
2015-03-20,510310,33.483074,上交所,https://query.sse.com.cn/commonQuery.do,official,exchange_disclosure
2015-03-20,510330,67.007498,上交所,https://query.sse.com.cn/commonQuery.do,official,exchange_disclosure
2015-03-23,159915,8.814819,深交所,https://stock.xueqiu.com/v5/stock/chart/kline.json,estimated,volume_turnover_inference
2015-03-23,159919,124.334762,深交所,https://stock.xueqiu.com/v5/stock/chart/kline.json,estimated,volume_turnover_inference
2015-03-23,510300,76.521295,上交所,https://query.sse.com.cn/commonQuery.do,official,exchange_disclosure
2015-03-23,510310,33.143074,上交所,https://query.sse.com.cn/commonQuery.do,official,exchange_disclosure
2015-03-23,510330,66.737498,上交所,https://query.sse.com.cn/commonQuery.do,official,exchange_disclosure
2015-03-24,159915,8.814847,深交所,https://stock.xueqiu.com/v5/stock/chart/kline.json,estimated,volume_turnover_inference
2015-03-24,159919,124.725557,深交所,https://stock.xueqiu.com/v5/stock/chart/kline.json,estimated,volume_turnover_inference
2015-03-24,510300,76.358097,上交所,https://query.sse.com.cn/commonQuery.do,official,exchange_disclosure
2015-03-24,510310,32.503074,上交所,https://query.sse.com.cn/commonQuery.do,official,exchange_disclosure
2015-03-24,510330,66.562416,上交所,https://query.sse.com.cn/commonQuery.do,official,exchange_disclosure
2015-03-25,159915,8.814641,深交所,https://stock.xueqiu.com/v5/stock/chart/kline.json,estimated,volume_turnover_inference
2015-03-25,159919,124.768554,深交所,https://stock.xueqiu.com/v5/stock/chart/kline.json,estimated,volume_turnover_inference
2015-03-25,510300,69.610877,上交所,https://query.sse.com.cn/commonQuery.do,official,exchange_disclosure
2015-03-25,510310,32.103074,上交所,https://query.sse.com.cn/commonQuery.do,official,exchange_disclosure
2015-03-25,510330,66.413499,上交所,https://query.sse.com.cn/commonQuery.do,official,exchange_disclosure
2015-03-26,159915,8.815035,深交所,https://stock.xueqiu.com/v5/stock/chart/kline.json,estimated,volume_turnover_inference
2015-03-26,159919,124.459000,深交所,https://stock.xueqiu.com/v5/stock/chart/kline.json,estimated,volume_turnover_inference
2015-03-26,510300,62.458386,上交所,https://query.sse.com.cn/commonQuery.do,official,exchange_disclosure
2015-03-26,510310,31.983074,上交所,https://query.sse.com.cn/commonQuery.do,official,exchange_disclosure
2015-03-26,510330,65.393341,上交所,https://query.sse.com.cn/commonQuery.do,official,exchange_disclosure
2015-03-27,159915,8.814582,深交所,https://stock.xueqiu.com/v5/stock/chart/kline.json,estimated,volume_turnover_inference
2015-03-27,159919,124.356023,深交所,https://stock.xueqiu.com/v5/stock/chart/kline.json,estimated,volume_turnover_inference
2015-03-27,510300,58.125904,上交所,https://query.sse.com.cn/commonQuery.do,official,exchange_disclosure
2015-03-27,510310,31.683074,上交所,https://query.sse.com.cn/commonQuery.do,official,exchange_disclosure
2015-03-27,510330,64.802498,上交所,https://query.sse.com.cn/commonQuery.do,official,exchange_disclosure
2015-03-30,159915,8.814633,深交所,https://stock.xueqiu.com/v5/stock/chart/kline.json,estimated,volume_turnover_inference
2015-03-30,159919,124.539340,深交所,https://stock.xueqiu.com/v5/stock/chart/kline.json,estimated,volume_turnover_inference
2015-03-30,510300,63.665279,上交所,https://query.sse.com.cn/commonQuery.do,official,exchange_disclosure
2015-03-30,510310,31.563074,上交所,https://query.sse.com.cn/commonQuery.do,official,exchange_disclosure
2015-03-30,510330,64.613498,上交所,https://query.sse.com.cn/commonQuery.do,official,exchange_disclosure
2015-03-31,159915,8.814091,深交所,https://stock.xueqiu.com/v5/stock/chart/kline.json,estimated,volume_turnover_inference
2015-03-31,159919,124.485273,深交所,https://stock.xueqiu.com/v5/stock/chart/kline.json,estimated,volume_turnover_inference
2015-03-31,510300,72.121877,上交所,https://query.sse.com.cn/commonQuery.do,official,exchange_disclosure
2015-03-31,510310,31.683074,上交所,https://query.sse.com.cn/commonQuery.do,official,exchange_disclosure
2015-03-31,510330,64.757498,上交所,https://query.sse.com.cn/commonQuery.do,official,exchange_disclosure
2015-04-01,159915,8.815253,深交所,https://stock.xueqiu.com/v5/stock/chart/kline.json,estimated,volume_turnover_inference
2015-04-01,159919,124.718426,深交所,https://stock.xueqiu.com/v5/stock/chart/kline.json,estimated,volume_turnover_inference
2015-04-01,510300,76.061768,上交所,https://query.sse.com.cn/commonQuery.do,official,exchange_disclosure
2015-04-01,510310,31.663074,上交所,https://query.sse.com.cn/commonQuery.do,official,exchange_disclosure
2015-04-01,510330,64.685735,上交所,https://query.sse.com.cn/commonQuery.do,official,exchange_disclosure
2015-04-02,159915,8.815049,深交所,https://stock.xueqiu.com/v5/stock/chart/kline.json,estimated,volume_turnover_inference
2015-04-02,159919,124.598394,深交所,https://stock.xueqiu.com/v5/stock/chart/kline.json,estimated,volume_turnover_inference
2015-04-02,510300,62.316800,上交所,https://query.sse.com.cn/commonQuery.do,official,exchange_disclosure
2015-04-02,510310,31.463074,上交所,https://query.sse.com.cn/commonQuery.do,official,exchange_disclosure
2015-04-02,510330,64.199498,上交所,https://query.sse.com.cn/commonQuery.do,official,exchange_disclosure
2015-04-03,159915,8.814448,深交所,https://stock.xueqiu.com/v5/stock/chart/kline.json,estimated,volume_turnover_inference
2015-04-03,159919,124.465975,深交所,https://stock.xueqiu.com/v5/stock/chart/kline.json,estimated,volume_turnover_inference
2015-04-03,510300,60.099653,上交所,https://query.sse.com.cn/commonQuery.do,official,exchange_disclosure
2015-04-03,510310,31.363074,上交所,https://query.sse.com.cn/commonQuery.do,official,exchange_disclosure
2015-04-03,510330,63.983498,上交所,https://query.sse.com.cn/commonQuery.do,official,exchange_disclosure
2015-04-07,159915,8.814284,深交所,https://stock.xueqiu.com/v5/stock/chart/kline.json,estimated,volume_turnover_inference
2015-04-07,159919,124.686027,深交所,https://stock.xueqiu.com/v5/stock/chart/kline.json,estimated,volume_turnover_inference
2015-04-07,510300,52.294877,上交所,https://query.sse.com.cn/commonQuery.do,official,exchange_disclosure
2015-04-07,510310,31.143074,上交所,https://query.sse.com.cn/commonQuery.do,official,exchange_disclosure
2015-04-07,510330,63.524498,上交所,https://query.sse.com.cn/commonQuery.do,official,exchange_disclosure
2015-04-08,159915,8.814252,深交所,https://stock.xueqiu.com/v5/stock/chart/kline.json,estimated,volume_turnover_inference
2015-04-08,159919,124.737619,深交所,https://stock.xueqiu.com/v5/stock/chart/kline.json,estimated,volume_turnover_inference
2015-04-08,510300,49.331025,上交所,https://query.sse.com.cn/commonQuery.do,official,exchange_disclosure
2015-04-08,510310,30.823074,上交所,https://query.sse.com.cn/commonQuery.do,official,exchange_disclosure
2015-04-08,510330,63.056498,上交所,https://query.sse.com.cn/commonQuery.do,official,exchange_disclosure
2015-04-09,159915,8.814298,深交所,https://stock.xueqiu.com/v5/stock/chart/kline.json,estimated,volume_turnover_inference
2015-04-09,159919,124.511759,深交所,https://stock.xueqiu.com/v5/stock/chart/kline.json,estimated,volume_turnover_inference
2015-04-09,510300,49.380598,上交所,https://query.sse.com.cn/commonQuery.do,official,exchange_disclosure
2015-04-09,510310,29.923074,上交所,https://query.sse.com.cn/commonQuery.do,official,exchange_disclosure
2015-04-09,510330,62.971524,上交所,https://query.sse.com.cn/commonQuery.do,official,exchange_disclosure
2015-04-10,159915,8.814965,深交所,https://stock.xueqiu.com/v5/stock/chart/kline.json,estimated,volume_turnover_inference
2015-04-10,159919,124.569044,深交所,https://stock.xueqiu.com/v5/stock/chart/kline.json,estimated,volume_turnover_inference
2015-04-10,510300,52.909757,上交所,https://query.sse.com.cn/commonQuery.do,official,exchange_disclosure
2015-04-10,510310,29.583074,上交所,https://query.sse.com.cn/commonQuery.do,official,exchange_disclosure
2015-04-10,510330,62.765674,上交所,https://query.sse.com.cn/commonQuery.do,official,exchange_disclosure
2015-04-13,159915,8.814709,深交所,https://stock.xueqiu.com/v5/stock/chart/kline.json,estimated,volume_turnover_inference
2015-04-13,159919,124.377815,深交所,https://stock.xueqiu.com/v5/stock/chart/kline.json,estimated,volume_turnover_inference
2015-04-13,510300,51.466876,上交所,https://query.sse.com.cn/commonQuery.do,official,exchange_disclosure
2015-04-13,510310,29.383074,上交所,https://query.sse.com.cn/commonQuery.do,official,exchange_disclosure
2015-04-13,510330,62.147498,上交所,https://query.sse.com.cn/commonQuery.do,official,exchange_disclosure
2015-04-14,159915,8.813736,深交所,https://stock.xueqiu.com/v5/stock/chart/kline.json,estimated,volume_turnover_inference
2015-04-14,159919,124.720410,深交所,https://stock.xueqiu.com/v5/stock/chart/kline.json,estimated,volume_turnover_inference
2015-04-14,510300,52.409925,上交所,https://query.sse.com.cn/commonQuery.do,official,exchange_disclosure
2015-04-14,510310,29.283074,上交所,https://query.sse.com.cn/commonQuery.do,official,exchange_disclosure
2015-04-14,510330,61.769498,上交所,https://query.sse.com.cn/commonQuery.do,official,exchange_disclosure
2015-04-15,159915,8.813851,深交所,https://stock.xueqiu.com/v5/stock/chart/kline.json,estimated,volume_turnover_inference
2015-04-15,159919,124.400178,深交所,https://stock.xueqiu.com/v5/stock/chart/kline.json,estimated,volume_turnover_inference
2015-04-15,510300,52.405762,上交所,https://query.sse.com.cn/commonQuery.do,official,exchange_disclosure
2015-04-15,510310,29.123074,上交所,https://query.sse.com.cn/commonQuery.do,official,exchange_disclosure
2015-04-15,510330,60.397902,上交所,https://query.sse.com.cn/commonQuery.do,official,exchange_disclosure
2015-04-16,159915,8.814403,深交所,https://stock.xueqiu.com/v5/stock/chart/kline.json,estimated,volume_turnover_inference
2015-04-16,159919,124.666624,深交所,https://stock.xueqiu.com/v5/stock/chart/kline.json,estimated,volume_turnover_inference
2015-04-16,510300,55.171391,上交所,https://query.sse.com.cn/commonQuery.do,official,exchange_disclosure
2015-04-16,510310,28.943074,上交所,https://query.sse.com.cn/commonQuery.do,official,exchange_disclosure
2015-04-16,510330,59.816498,上交所,https://query.sse.com.cn/commonQuery.do,official,exchange_disclosure
2015-04-17,159915,8.813852,深交所,https://stock.xueqiu.com/v5/stock/chart/kline.json,estimated,volume_turnover_inference
2015-04-17,159919,124.717097,深交所,https://stock.xueqiu.com/v5/stock/chart/kline.json,estimated,volume_turnover_inference
2015-04-17,510300,49.999877,上交所,https://query.sse.com.cn/commonQuery.do,official,exchange_disclosure
2015-04-17,510310,28.683074,上交所,https://query.sse.com.cn/commonQuery.do,official,exchange_disclosure
2015-04-17,510330,56.171498,上交所,https://query.sse.com.cn/commonQuery.do,official,exchange_disclosure
2015-04-20,159915,8.814975,深交所,https://stock.xueqiu.com/v5/stock/chart/kline.json,estimated,volume_turnover_inference
2015-04-20,159919,124.519117,深交所,https://stock.xueqiu.com/v5/stock/chart/kline.json,estimated,volume_turnover_inference
2015-04-20,510300,50.614783,上交所,https://query.sse.com.cn/commonQuery.do,official,exchange_disclosure
2015-04-20,510310,28.303074,上交所,https://query.sse.com.cn/commonQuery.do,official,exchange_disclosure
2015-04-20,510330,55.835649,上交所,https://query.sse.com.cn/commonQuery.do,official,exchange_disclosure
2015-04-21,159915,8.814440,深交所,https://stock.xueqiu.com/v5/stock/chart/kline.json,estimated,volume_turnover_inference
2015-04-21,159919,98.470007,深交所,https://stock.xueqiu.com/v5/stock/chart/kline.json,estimated,volume_turnover_inference
2015-04-21,510300,52.420777,上交所,https://query.sse.com.cn/commonQuery.do,official,exchange_disclosure
2015-04-21,510310,28.203074,上交所,https://query.sse.com.cn/commonQuery.do,official,exchange_disclosure
2015-04-21,510330,55.181498,上交所,https://query.sse.com.cn/commonQuery.do,official,exchange_disclosure
2015-04-22,159915,7.994994,深交所,https://stock.xueqiu.com/v5/stock/chart/kline.json,estimated,volume_turnover_inference
2015-04-22,159919,98.334900,深交所,https://stock.xueqiu.com/v5/stock/chart/kline.json,estimated,volume_turnover_inference
2015-04-22,510300,47.637477,上交所,https://query.sse.com.cn/commonQuery.do,official,exchange_disclosure
2015-04-22,510310,26.443074,上交所,https://query.sse.com.cn/commonQuery.do,official,exchange_disclosure
2015-04-22,510330,48.782498,上交所,https://query.sse.com.cn/commonQuery.do,official,exchange_disclosure
2015-04-23,159915,7.994224,深交所,https://stock.xueqiu.com/v5/stock/chart/kline.json,estimated,volume_turnover_inference
2015-04-23,159919,98.256846,深交所,https://stock.xueqiu.com/v5/stock/chart/kline.json,estimated,volume_turnover_inference
2015-04-23,510300,44.995876,上交所,https://query.sse.com.cn/commonQuery.do,official,exchange_disclosure
2015-04-23,510310,26.383074,上交所,https://query.sse.com.cn/commonQuery.do,official,exchange_disclosure
2015-04-23,510330,48.325600,上交所,https://query.sse.com.cn/commonQuery.do,official,exchange_disclosure
2015-04-24,159915,7.994078,深交所,https://stock.xueqiu.com/v5/stock/chart/kline.json,estimated,volume_turnover_inference
2015-04-24,159919,98.639214,深交所,https://stock.xueqiu.com/v5/stock/chart/kline.json,estimated,volume_turnover_inference
2015-04-24,510300,44.721416,上交所,https://query.sse.com.cn/commonQuery.do,official,exchange_disclosure
2015-04-24,510310,26.363074,上交所,https://query.sse.com.cn/commonQuery.do,official,exchange_disclosure
2015-04-24,510330,48.323498,上交所,https://query.sse.com.cn/commonQuery.do,official,exchange_disclosure
2015-04-27,159915,7.995143,深交所,https://stock.xueqiu.com/v5/stock/chart/kline.json,estimated,volume_turnover_inference
2015-04-27,159919,98.523383,深交所,https://stock.xueqiu.com/v5/stock/chart/kline.json,estimated,volume_turnover_inference
2015-04-27,510300,44.509729,上交所,https://query.sse.com.cn/commonQuery.do,official,exchange_disclosure
2015-04-27,510310,26.023074,上交所,https://query.sse.com.cn/commonQuery.do,official,exchange_disclosure
2015-04-27,510330,45.632498,上交所,https://query.sse.com.cn/commonQuery.do,official,exchange_disclosure
2015-04-28,159915,7.994301,深交所,https://stock.xueqiu.com/v5/stock/chart/kline.json,estimated,volume_turnover_inference
2015-04-28,159919,98.332194,深交所,https://stock.xueqiu.com/v5/stock/chart/kline.json,estimated,volume_turnover_inference
2015-04-28,510300,40.618984,上交所,https://query.sse.com.cn/commonQuery.do,official,exchange_disclosure
2015-04-28,510310,25.723074,上交所,https://query.sse.com.cn/commonQuery.do,official,exchange_disclosure
2015-04-28,510330,45.155498,上交所,https://query.sse.com.cn/commonQuery.do,official,exchange_disclosure
2015-04-29,159915,7.993938,深交所,https://stock.xueqiu.com/v5/stock/chart/kline.json,estimated,volume_turnover_inference
2015-04-29,159919,98.467214,深交所,https://stock.xueqiu.com/v5/stock/chart/kline.json,estimated,volume_turnover_inference
2015-04-29,510300,40.324877,上交所,https://query.sse.com.cn/commonQuery.do,official,exchange_disclosure
2015-04-29,510310,25.483074,上交所,https://query.sse.com.cn/commonQuery.do,official,exchange_disclosure
2015-04-29,510330,44.975498,上交所,https://query.sse.com.cn/commonQuery.do,official,exchange_disclosure
2015-04-30,159915,7.994542,深交所,https://stock.xueqiu.com/v5/stock/chart/kline.json,estimated,volume_turnover_inference
2015-04-30,159919,98.457084,深交所,https://stock.xueqiu.com/v5/stock/chart/kline.json,estimated,volume_turnover_inference
2015-04-30,510300,39.292451,上交所,https://query.sse.com.cn/commonQuery.do,official,exchange_disclosure
2015-04-30,510310,25.243074,上交所,https://query.sse.com.cn/commonQuery.do,official,exchange_disclosure
2015-04-30,510330,44.921498,上交所,https://query.sse.com.cn/commonQuery.do,official,exchange_disclosure
2015-05-04,159915,7.994301,深交所,https://stock.xueqiu.com/v5/stock/chart/kline.json,estimated,volume_turnover_inference
2015-05-04,159919,98.668124,深交所,https://stock.xueqiu.com/v5/stock/chart/kline.json,estimated,volume_turnover_inference
2015-05-04,510300,38.433681,上交所,https://query.sse.com.cn/commonQuery.do,official,exchange_disclosure
2015-05-04,510310,24.983074,上交所,https://query.sse.com.cn/commonQuery.do,official,exchange_disclosure
2015-05-04,510330,44.525498,上交所,https://query.sse.com.cn/commonQuery.do,official,exchange_disclosure
2015-05-05,159915,7.994539,深交所,https://stock.xueqiu.com/v5/stock/chart/kline.json,estimated,volume_turnover_inference
2015-05-05,159919,98.463267,深交所,https://stock.xueqiu.com/v5/stock/chart/kline.json,estimated,volume_turnover_inference
2015-05-05,510300,38.259136,上交所,https://query.sse.com.cn/commonQuery.do,official,exchange_disclosure
2015-05-05,510310,24.843074,上交所,https://query.sse.com.cn/commonQuery.do,official,exchange_disclosure
2015-05-05,510330,44.543498,上交所,https://query.sse.com.cn/commonQuery.do,official,exchange_disclosure
2015-05-06,159915,7.994292,深交所,https://stock.xueqiu.com/v5/stock/chart/kline.json,estimated,volume_turnover_inference
2015-05-06,159919,98.391737,深交所,https://stock.xueqiu.com/v5/stock/chart/kline.json,estimated,volume_turnover_inference
2015-05-06,510300,44.332352,上交所,https://query.sse.com.cn/commonQuery.do,official,exchange_disclosure
2015-05-06,510310,23.903074,上交所,https://query.sse.com.cn/commonQuery.do,official,exchange_disclosure
2015-05-06,510330,44.668344,上交所,https://query.sse.com.cn/commonQuery.do,official,exchange_disclosure
2015-05-07,159915,7.995031,深交所,https://stock.xueqiu.com/v5/stock/chart/kline.json,estimated,volume_turnover_inference
2015-05-07,159919,98.292484,深交所,https://stock.xueqiu.com/v5/stock/chart/kline.json,estimated,volume_turnover_inference
2015-05-07,510300,63.590459,上交所,https://query.sse.com.cn/commonQuery.do,official,exchange_disclosure
2015-05-07,510310,22.823074,上交所,https://query.sse.com.cn/commonQuery.do,official,exchange_disclosure
2015-05-07,510330,45.101498,上交所,https://query.sse.com.cn/commonQuery.do,official,exchange_disclosure
2015-05-08,159915,7.995080,深交所,https://stock.xueqiu.com/v5/stock/chart/kline.json,estimated,volume_turnover_inference
2015-05-08,159919,98.515245,深交所,https://stock.xueqiu.com/v5/stock/chart/kline.json,estimated,volume_turnover_inference
2015-05-08,510300,60.452235,上交所,https://query.sse.com.cn/commonQuery.do,official,exchange_disclosure
2015-05-08,510310,22.603074,上交所,https://query.sse.com.cn/commonQuery.do,official,exchange_disclosure
2015-05-08,510330,44.228498,上交所,https://query.sse.com.cn/commonQuery.do,official,exchange_disclosure
2015-05-11,159915,7.994786,深交所,https://stock.xueqiu.com/v5/stock/chart/kline.json,estimated,volume_turnover_inference
2015-05-11,159919,98.569660,深交所,https://stock.xueqiu.com/v5/stock/chart/kline.json,estimated,volume_turnover_inference
2015-05-11,510300,36.823877,上交所,https://query.sse.com.cn/commonQuery.do,official,exchange_disclosure
2015-05-11,510310,22.523074,上交所,https://query.sse.com.cn/commonQuery.do,official,exchange_disclosure
2015-05-11,510330,43.346498,上交所,https://query.sse.com.cn/commonQuery.do,official,exchange_disclosure
2015-05-12,159915,7.994415,深交所,https://stock.xueqiu.com/v5/stock/chart/kline.json,estimated,volume_turnover_inference
2015-05-12,159919,98.403979,深交所,https://stock.xueqiu.com/v5/stock/chart/kline.json,estimated,volume_turnover_inference
2015-05-12,510300,35.122877,上交所,https://query.sse.com.cn/commonQuery.do,official,exchange_disclosure
2015-05-12,510310,22.443074,上交所,https://query.sse.com.cn/commonQuery.do,official,exchange_disclosure
2015-05-12,510330,42.986498,上交所,https://query.sse.com.cn/commonQuery.do,official,exchange_disclosure
2015-05-13,159915,7.994730,深交所,https://stock.xueqiu.com/v5/stock/chart/kline.json,estimated,volume_turnover_inference
2015-05-13,159919,98.396885,深交所,https://stock.xueqiu.com/v5/stock/chart/kline.json,estimated,volume_turnover_inference
2015-05-13,510300,34.276248,上交所,https://query.sse.com.cn/commonQuery.do,official,exchange_disclosure
2015-05-13,510310,22.423074,上交所,https://query.sse.com.cn/commonQuery.do,official,exchange_disclosure
2015-05-13,510330,42.734498,上交所,https://query.sse.com.cn/commonQuery.do,official,exchange_disclosure
2015-05-14,159915,7.994920,深交所,https://stock.xueqiu.com/v5/stock/chart/kline.json,estimated,volume_turnover_inference
2015-05-14,159919,98.397384,深交所,https://stock.xueqiu.com/v5/stock/chart/kline.json,estimated,volume_turnover_inference
2015-05-14,510300,34.285877,上交所,https://query.sse.com.cn/commonQuery.do,official,exchange_disclosure
2015-05-14,510310,22.563074,上交所,https://query.sse.com.cn/commonQuery.do,official,exchange_disclosure
2015-05-14,510330,41.402498,上交所,https://query.sse.com.cn/commonQuery.do,official,exchange_disclosure
2015-05-15,159915,7.994294,深交所,https://stock.xueqiu.com/v5/stock/chart/kline.json,estimated,volume_turnover_inference
2015-05-15,159919,98.684398,深交所,https://stock.xueqiu.com/v5/stock/chart/kline.json,estimated,volume_turnover_inference
2015-05-15,510300,35.289722,上交所,https://query.sse.com.cn/commonQuery.do,official,exchange_disclosure
2015-05-15,510310,22.623074,上交所,https://query.sse.com.cn/commonQuery.do,official,exchange_disclosure
2015-05-15,510330,41.213498,上交所,https://query.sse.com.cn/commonQuery.do,official,exchange_disclosure
2015-05-18,159915,7.994260,深交所,https://stock.xueqiu.com/v5/stock/chart/kline.json,estimated,volume_turnover_inference
2015-05-18,159919,98.589164,深交所,https://stock.xueqiu.com/v5/stock/chart/kline.json,estimated,volume_turnover_inference
2015-05-18,510300,34.564740,上交所,https://query.sse.com.cn/commonQuery.do,official,exchange_disclosure
2015-05-18,510310,22.583074,上交所,https://query.sse.com.cn/commonQuery.do,official,exchange_disclosure
2015-05-18,510330,40.250498,上交所,https://query.sse.com.cn/commonQuery.do,official,exchange_disclosure
2015-05-19,159915,7.994331,深交所,https://stock.xueqiu.com/v5/stock/chart/kline.json,estimated,volume_turnover_inference
2015-05-19,159919,98.359858,深交所,https://stock.xueqiu.com/v5/stock/chart/kline.json,estimated,volume_turnover_inference
2015-05-19,510300,39.545100,上交所,https://query.sse.com.cn/commonQuery.do,official,exchange_disclosure
2015-05-19,510310,22.503074,上交所,https://query.sse.com.cn/commonQuery.do,official,exchange_disclosure
2015-05-19,510330,39.907898,上交所,https://query.sse.com.cn/commonQuery.do,official,exchange_disclosure
2015-05-20,159915,7.994249,深交所,https://stock.xueqiu.com/v5/stock/chart/kline.json,estimated,volume_turnover_inference
2015-05-20,159919,98.506072,深交所,https://stock.xueqiu.com/v5/stock/chart/kline.json,estimated,volume_turnover_inference
2015-05-20,510300,48.924071,上交所,https://query.sse.com.cn/commonQuery.do,official,exchange_disclosure
2015-05-20,510310,22.543074,上交所,https://query.sse.com.cn/commonQuery.do,official,exchange_disclosure
2015-05-20,510330,39.571238,上交所,https://query.sse.com.cn/commonQuery.do,official,exchange_disclosure
2015-05-21,159915,7.994588,深交所,https://stock.xueqiu.com/v5/stock/chart/kline.json,estimated,volume_turnover_inference
2015-05-21,159919,98.255612,深交所,https://stock.xueqiu.com/v5/stock/chart/kline.json,estimated,volume_turnover_inference
2015-05-21,510300,52.588738,上交所,https://query.sse.com.cn/commonQuery.do,official,exchange_disclosure
2015-05-21,510310,22.543074,上交所,https://query.sse.com.cn/commonQuery.do,official,exchange_disclosure
2015-05-21,510330,39.318945,上交所,https://query.sse.com.cn/commonQuery.do,official,exchange_disclosure
2015-05-22,159915,7.994301,深交所,https://stock.xueqiu.com/v5/stock/chart/kline.json,estimated,volume_turnover_inference
2015-05-22,159919,98.302386,深交所,https://stock.xueqiu.com/v5/stock/chart/kline.json,estimated,volume_turnover_inference
2015-05-22,510300,54.637231,上交所,https://query.sse.com.cn/commonQuery.do,official,exchange_disclosure
2015-05-22,510310,22.900674,上交所,https://query.sse.com.cn/commonQuery.do,official,exchange_disclosure
2015-05-22,510330,38.963498,上交所,https://query.sse.com.cn/commonQuery.do,official,exchange_disclosure
2015-05-25,159915,7.994372,深交所,https://stock.xueqiu.com/v5/stock/chart/kline.json,estimated,volume_turnover_inference
2015-05-25,159919,98.494231,深交所,https://stock.xueqiu.com/v5/stock/chart/kline.json,estimated,volume_turnover_inference
2015-05-25,510300,57.568451,上交所,https://query.sse.com.cn/commonQuery.do,official,exchange_disclosure
2015-05-25,510310,23.183074,上交所,https://query.sse.com.cn/commonQuery.do,official,exchange_disclosure
2015-05-25,510330,38.783498,上交所,https://query.sse.com.cn/commonQuery.do,official,exchange_disclosure
2015-05-26,159915,7.994439,深交所,https://stock.xueqiu.com/v5/stock/chart/kline.json,estimated,volume_turnover_inference
2015-05-26,159919,98.139135,深交所,https://stock.xueqiu.com/v5/stock/chart/kline.json,estimated,volume_turnover_inference
2015-05-26,510300,60.538877,上交所,https://query.sse.com.cn/commonQuery.do,official,exchange_disclosure
2015-05-26,510310,23.223074,上交所,https://query.sse.com.cn/commonQuery.do,official,exchange_disclosure
2015-05-26,510330,38.430998,上交所,https://query.sse.com.cn/commonQuery.do,official,exchange_disclosure
2015-05-27,159915,7.994457,深交所,https://stock.xueqiu.com/v5/stock/chart/kline.json,estimated,volume_turnover_inference
2015-05-27,159919,98.417297,深交所,https://stock.xueqiu.com/v5/stock/chart/kline.json,estimated,volume_turnover_inference
2015-05-27,510300,70.195876,上交所,https://query.sse.com.cn/commonQuery.do,official,exchange_disclosure
2015-05-27,510310,24.223074,上交所,https://query.sse.com.cn/commonQuery.do,official,exchange_disclosure
2015-05-27,510330,38.287442,上交所,https://query.sse.com.cn/commonQuery.do,official,exchange_disclosure
2015-05-28,159915,7.994493,深交所,https://stock.xueqiu.com/v5/stock/chart/kline.json,estimated,volume_turnover_inference
2015-05-28,159919,98.304928,深交所,https://stock.xueqiu.com/v5/stock/chart/kline.json,estimated,volume_turnover_inference
2015-05-28,510300,74.537918,上交所,https://query.sse.com.cn/commonQuery.do,official,exchange_disclosure
2015-05-28,510310,25.383074,上交所,https://query.sse.com.cn/commonQuery.do,official,exchange_disclosure
2015-05-28,510330,38.000498,上交所,https://query.sse.com.cn/commonQuery.do,official,exchange_disclosure
2015-05-29,159915,7.994773,深交所,https://stock.xueqiu.com/v5/stock/chart/kline.json,estimated,volume_turnover_inference
2015-05-29,159919,98.460710,深交所,https://stock.xueqiu.com/v5/stock/chart/kline.json,estimated,volume_turnover_inference
2015-05-29,510300,83.990099,上交所,https://query.sse.com.cn/commonQuery.do,official,exchange_disclosure
2015-05-29,510310,25.523074,上交所,https://query.sse.com.cn/commonQuery.do,official,exchange_disclosure
2015-05-29,510330,37.748498,上交所,https://query.sse.com.cn/commonQuery.do,official,exchange_disclosure
2015-06-01,159915,7.994353,深交所,https://stock.xueqiu.com/v5/stock/chart/kline.json,estimated,volume_turnover_inference
2015-06-01,159919,98.400547,深交所,https://stock.xueqiu.com/v5/stock/chart/kline.json,estimated,volume_turnover_inference
2015-06-01,510300,86.901441,上交所,https://query.sse.com.cn/commonQuery.do,official,exchange_disclosure
2015-06-01,510310,25.363074,上交所,https://query.sse.com.cn/commonQuery.do,official,exchange_disclosure
2015-06-01,510330,37.442498,上交所,https://query.sse.com.cn/commonQuery.do,official,exchange_disclosure
2015-06-02,159915,7.994263,深交所,https://stock.xueqiu.com/v5/stock/chart/kline.json,estimated,volume_turnover_inference
2015-06-02,159919,98.407268,深交所,https://stock.xueqiu.com/v5/stock/chart/kline.json,estimated,volume_turnover_inference
2015-06-02,510300,91.505605,上交所,https://query.sse.com.cn/commonQuery.do,official,exchange_disclosure
2015-06-02,510310,25.343074,上交所,https://query.sse.com.cn/commonQuery.do,official,exchange_disclosure
2015-06-02,510330,37.001498,上交所,https://query.sse.com.cn/commonQuery.do,official,exchange_disclosure
2015-06-03,159915,7.994396,深交所,https://stock.xueqiu.com/v5/stock/chart/kline.json,estimated,volume_turnover_inference
2015-06-03,159919,98.361907,深交所,https://stock.xueqiu.com/v5/stock/chart/kline.json,estimated,volume_turnover_inference
2015-06-03,510300,92.251877,上交所,https://query.sse.com.cn/commonQuery.do,official,exchange_disclosure
2015-06-03,510310,25.323074,上交所,https://query.sse.com.cn/commonQuery.do,official,exchange_disclosure
2015-06-03,510330,36.785498,上交所,https://query.sse.com.cn/commonQuery.do,official,exchange_disclosure
2015-06-04,159915,7.994406,深交所,https://stock.xueqiu.com/v5/stock/chart/kline.json,estimated,volume_turnover_inference
2015-06-04,159919,98.452486,深交所,https://stock.xueqiu.com/v5/stock/chart/kline.json,estimated,volume_turnover_inference
2015-06-04,510300,77.224813,上交所,https://query.sse.com.cn/commonQuery.do,official,exchange_disclosure
2015-06-04,510310,25.303074,上交所,https://query.sse.com.cn/commonQuery.do,official,exchange_disclosure
2015-06-04,510330,36.353498,上交所,https://query.sse.com.cn/commonQuery.do,official,exchange_disclosure
2015-06-05,159915,7.994165,深交所,https://stock.xueqiu.com/v5/stock/chart/kline.json,estimated,volume_turnover_inference
2015-06-05,159919,98.458696,深交所,https://stock.xueqiu.com/v5/stock/chart/kline.json,estimated,volume_turnover_inference
2015-06-05,510300,69.232377,上交所,https://query.sse.com.cn/commonQuery.do,official,exchange_disclosure
2015-06-05,510310,25.183074,上交所,https://query.sse.com.cn/commonQuery.do,official,exchange_disclosure
2015-06-05,510330,35.840498,上交所,https://query.sse.com.cn/commonQuery.do,official,exchange_disclosure
2015-06-08,159915,7.994940,深交所,https://stock.xueqiu.com/v5/stock/chart/kline.json,estimated,volume_turnover_inference
2015-06-08,159919,98.388439,深交所,https://stock.xueqiu.com/v5/stock/chart/kline.json,estimated,volume_turnover_inference
2015-06-08,510300,48.190877,上交所,https://query.sse.com.cn/commonQuery.do,official,exchange_disclosure
2015-06-08,510310,24.903074,上交所,https://query.sse.com.cn/commonQuery.do,official,exchange_disclosure
2015-06-08,510330,35.354678,上交所,https://query.sse.com.cn/commonQuery.do,official,exchange_disclosure
2015-06-09,159915,7.994298,深交所,https://stock.xueqiu.com/v5/stock/chart/kline.json,estimated,volume_turnover_inference
2015-06-09,159919,98.471217,深交所,https://stock.xueqiu.com/v5/stock/chart/kline.json,estimated,volume_turnover_inference
2015-06-09,510300,34.285877,上交所,https://query.sse.com.cn/commonQuery.do,official,exchange_disclosure
2015-06-09,510310,24.523074,上交所,https://query.sse.com.cn/commonQuery.do,official,exchange_disclosure
2015-06-09,510330,35.282498,上交所,https://query.sse.com.cn/commonQuery.do,official,exchange_disclosure
2015-06-10,159915,7.994400,深交所,https://stock.xueqiu.com/v5/stock/chart/kline.json,estimated,volume_turnover_inference
2015-06-10,159919,98.505544,深交所,https://stock.xueqiu.com/v5/stock/chart/kline.json,estimated,volume_turnover_inference
2015-06-10,510300,32.071113,上交所,https://query.sse.com.cn/commonQuery.do,official,exchange_disclosure
2015-06-10,510310,24.423074,上交所,https://query.sse.com.cn/commonQuery.do,official,exchange_disclosure
2015-06-10,510330,34.922498,上交所,https://query.sse.com.cn/commonQuery.do,official,exchange_disclosure
2015-06-11,159915,7.994473,深交所,https://stock.xueqiu.com/v5/stock/chart/kline.json,estimated,volume_turnover_inference
2015-06-11,159919,98.564871,深交所,https://stock.xueqiu.com/v5/stock/chart/kline.json,estimated,volume_turnover_inference
2015-06-11,510300,31.150302,上交所,https://query.sse.com.cn/commonQuery.do,official,exchange_disclosure
2015-06-11,510310,24.323074,上交所,https://query.sse.com.cn/commonQuery.do,official,exchange_disclosure
2015-06-11,510330,34.562498,上交所,https://query.sse.com.cn/commonQuery.do,official,exchange_disclosure
2015-06-12,159915,7.994642,深交所,https://stock.xueqiu.com/v5/stock/chart/kline.json,estimated,volume_turnover_inference
2015-06-12,159919,98.352440,深交所,https://stock.xueqiu.com/v5/stock/chart/kline.json,estimated,volume_turnover_inference
2015-06-12,510300,31.639877,上交所,https://query.sse.com.cn/commonQuery.do,official,exchange_disclosure
2015-06-12,510310,24.223074,上交所,https://query.sse.com.cn/commonQuery.do,official,exchange_disclosure
2015-06-12,510330,34.481498,上交所,https://query.sse.com.cn/commonQuery.do,official,exchange_disclosure
2015-06-15,159915,7.994902,深交所,https://stock.xueqiu.com/v5/stock/chart/kline.json,estimated,volume_turnover_inference
2015-06-15,159919,98.246484,深交所,https://stock.xueqiu.com/v5/stock/chart/kline.json,estimated,volume_turnover_inference
2015-06-15,510300,28.930877,上交所,https://query.sse.com.cn/commonQuery.do,official,exchange_disclosure
2015-06-15,510310,24.043074,上交所,https://query.sse.com.cn/commonQuery.do,official,exchange_disclosure
2015-06-15,510330,34.364498,上交所,https://query.sse.com.cn/commonQuery.do,official,exchange_disclosure
2015-06-16,159915,7.994151,深交所,https://stock.xueqiu.com/v5/stock/chart/kline.json,estimated,volume_turnover_inference
2015-06-16,159919,98.254268,深交所,https://stock.xueqiu.com/v5/stock/chart/kline.json,estimated,volume_turnover_inference
2015-06-16,510300,30.359336,上交所,https://query.sse.com.cn/commonQuery.do,official,exchange_disclosure
2015-06-16,510310,23.943074,上交所,https://query.sse.com.cn/commonQuery.do,official,exchange_disclosure
2015-06-16,510330,34.400498,上交所,https://query.sse.com.cn/commonQuery.do,official,exchange_disclosure
2015-06-17,159915,7.994754,深交所,https://stock.xueqiu.com/v5/stock/chart/kline.json,estimated,volume_turnover_inference
2015-06-17,159919,98.337830,深交所,https://stock.xueqiu.com/v5/stock/chart/kline.json,estimated,volume_turnover_inference
2015-06-17,510300,29.506808,上交所,https://query.sse.com.cn/commonQuery.do,official,exchange_disclosure
2015-06-17,510310,23.803074,上交所,https://query.sse.com.cn/commonQuery.do,official,exchange_disclosure
2015-06-17,510330,34.022498,上交所,https://query.sse.com.cn/commonQuery.do,official,exchange_disclosure
2015-06-18,159915,7.994718,深交所,https://stock.xueqiu.com/v5/stock/chart/kline.json,estimated,volume_turnover_inference
2015-06-18,159919,98.332915,深交所,https://stock.xueqiu.com/v5/stock/chart/kline.json,estimated,volume_turnover_inference
2015-06-18,510300,30.264062,上交所,https://query.sse.com.cn/commonQuery.do,official,exchange_disclosure
2015-06-18,510310,23.723074,上交所,https://query.sse.com.cn/commonQuery.do,official,exchange_disclosure
2015-06-18,510330,33.986498,上交所,https://query.sse.com.cn/commonQuery.do,official,exchange_disclosure
2015-06-19,159915,7.994826,深交所,https://stock.xueqiu.com/v5/stock/chart/kline.json,estimated,volume_turnover_inference
2015-06-19,159919,98.230899,深交所,https://stock.xueqiu.com/v5/stock/chart/kline.json,estimated,volume_turnover_inference
2015-06-19,510300,33.869914,上交所,https://query.sse.com.cn/commonQuery.do,official,exchange_disclosure
2015-06-19,510310,23.723074,上交所,https://query.sse.com.cn/commonQuery.do,official,exchange_disclosure
2015-06-19,510330,33.995498,上交所,https://query.sse.com.cn/commonQuery.do,official,exchange_disclosure
2015-06-23,159915,7.994784,深交所,https://stock.xueqiu.com/v5/stock/chart/kline.json,estimated,volume_turnover_inference
2015-06-23,159919,98.313998,深交所,https://stock.xueqiu.com/v5/stock/chart/kline.json,estimated,volume_turnover_inference
2015-06-23,510300,39.789735,上交所,https://query.sse.com.cn/commonQuery.do,official,exchange_disclosure
2015-06-23,510310,23.683074,上交所,https://query.sse.com.cn/commonQuery.do,official,exchange_disclosure
2015-06-23,510330,33.842498,上交所,https://query.sse.com.cn/commonQuery.do,official,exchange_disclosure
2015-06-24,159915,7.994461,深交所,https://stock.xueqiu.com/v5/stock/chart/kline.json,estimated,volume_turnover_inference
2015-06-24,159919,98.587448,深交所,https://stock.xueqiu.com/v5/stock/chart/kline.json,estimated,volume_turnover_inference
2015-06-24,510300,33.951867,上交所,https://query.sse.com.cn/commonQuery.do,official,exchange_disclosure
2015-06-24,510310,23.683074,上交所,https://query.sse.com.cn/commonQuery.do,official,exchange_disclosure
2015-06-24,510330,33.590498,上交所,https://query.sse.com.cn/commonQuery.do,official,exchange_disclosure
2015-06-25,159915,7.994599,深交所,https://stock.xueqiu.com/v5/stock/chart/kline.json,estimated,volume_turnover_inference
2015-06-25,159919,98.326942,深交所,https://stock.xueqiu.com/v5/stock/chart/kline.json,estimated,volume_turnover_inference
2015-06-25,510300,32.935877,上交所,https://query.sse.com.cn/commonQuery.do,official,exchange_disclosure
2015-06-25,510310,23.663074,上交所,https://query.sse.com.cn/commonQuery.do,official,exchange_disclosure
2015-06-25,510330,33.536498,上交所,https://query.sse.com.cn/commonQuery.do,official,exchange_disclosure
2015-06-26,159915,7.994795,深交所,https://stock.xueqiu.com/v5/stock/chart/kline.json,estimated,volume_turnover_inference
2015-06-26,159919,98.514847,深交所,https://stock.xueqiu.com/v5/stock/chart/kline.json,estimated,volume_turnover_inference
2015-06-26,510300,35.455670,上交所,https://query.sse.com.cn/commonQuery.do,official,exchange_disclosure
2015-06-26,510310,23.683074,上交所,https://query.sse.com.cn/commonQuery.do,official,exchange_disclosure
2015-06-26,510330,33.545498,上交所,https://query.sse.com.cn/commonQuery.do,official,exchange_disclosure
2015-06-29,159915,7.993685,深交所,https://stock.xueqiu.com/v5/stock/chart/kline.json,estimated,volume_turnover_inference
2015-06-29,159919,98.433734,深交所,https://stock.xueqiu.com/v5/stock/chart/kline.json,estimated,volume_turnover_inference
2015-06-29,510300,43.083272,上交所,https://query.sse.com.cn/commonQuery.do,official,exchange_disclosure
2015-06-29,510310,23.683074,上交所,https://query.sse.com.cn/commonQuery.do,official,exchange_disclosure
2015-06-29,510330,35.783550,上交所,https://query.sse.com.cn/commonQuery.do,official,exchange_disclosure
2015-06-30,159915,7.994299,深交所,https://stock.xueqiu.com/v5/stock/chart/kline.json,estimated,volume_turnover_inference
2015-06-30,159919,98.601458,深交所,https://stock.xueqiu.com/v5/stock/chart/kline.json,estimated,volume_turnover_inference
2015-06-30,510300,58.450477,上交所,https://query.sse.com.cn/commonQuery.do,official,exchange_disclosure
2015-06-30,510310,23.703074,上交所,https://query.sse.com.cn/commonQuery.do,official,exchange_disclosure
2015-06-30,510330,37.091488,上交所,https://query.sse.com.cn/commonQuery.do,official,exchange_disclosure
2015-07-01,159915,13.975237,深交所,https://stock.xueqiu.com/v5/stock/chart/kline.json,estimated,volume_turnover_inference
2015-07-01,159919,61.268770,深交所,https://stock.xueqiu.com/v5/stock/chart/kline.json,estimated,volume_turnover_inference
2015-07-01,510300,51.934877,上交所,https://query.sse.com.cn/commonQuery.do,official,exchange_disclosure
2015-07-01,510310,24.323074,上交所,https://query.sse.com.cn/commonQuery.do,official,exchange_disclosure
2015-07-01,510330,37.091498,上交所,https://query.sse.com.cn/commonQuery.do,official,exchange_disclosure
2015-07-02,159915,13.974559,深交所,https://stock.xueqiu.com/v5/stock/chart/kline.json,estimated,volume_turnover_inference
2015-07-02,159919,61.148522,深交所,https://stock.xueqiu.com/v5/stock/chart/kline.json,estimated,volume_turnover_inference
2015-07-02,510300,59.942341,上交所,https://query.sse.com.cn/commonQuery.do,official,exchange_disclosure
2015-07-02,510310,24.703074,上交所,https://query.sse.com.cn/commonQuery.do,official,exchange_disclosure
2015-07-02,510330,40.514009,上交所,https://query.sse.com.cn/commonQuery.do,official,exchange_disclosure
2015-07-03,159915,13.973729,深交所,https://stock.xueqiu.com/v5/stock/chart/kline.json,estimated,volume_turnover_inference
2015-07-03,159919,61.214542,深交所,https://stock.xueqiu.com/v5/stock/chart/kline.json,estimated,volume_turnover_inference
2015-07-03,510300,85.484066,上交所,https://query.sse.com.cn/commonQuery.do,official,exchange_disclosure
2015-07-03,510310,24.706718,上交所,https://query.sse.com.cn/commonQuery.do,official,exchange_disclosure
2015-07-03,510330,42.724325,上交所,https://query.sse.com.cn/commonQuery.do,official,exchange_disclosure
2015-07-06,159915,13.973002,深交所,https://stock.xueqiu.com/v5/stock/chart/kline.json,estimated,volume_turnover_inference
2015-07-06,159919,61.182659,深交所,https://stock.xueqiu.com/v5/stock/chart/kline.json,estimated,volume_turnover_inference
2015-07-06,510300,119.621957,上交所,https://query.sse.com.cn/commonQuery.do,official,exchange_disclosure
2015-07-06,510310,25.123074,上交所,https://query.sse.com.cn/commonQuery.do,official,exchange_disclosure
2015-07-06,510330,46.363466,上交所,https://query.sse.com.cn/commonQuery.do,official,exchange_disclosure
2015-07-07,159915,13.974525,深交所,https://stock.xueqiu.com/v5/stock/chart/kline.json,estimated,volume_turnover_inference
2015-07-07,159919,61.173210,深交所,https://stock.xueqiu.com/v5/stock/chart/kline.json,estimated,volume_turnover_inference
2015-07-07,510300,128.253272,上交所,https://query.sse.com.cn/commonQuery.do,official,exchange_disclosure
2015-07-07,510310,25.303074,上交所,https://query.sse.com.cn/commonQuery.do,official,exchange_disclosure
2015-07-07,510330,52.161962,上交所,https://query.sse.com.cn/commonQuery.do,official,exchange_disclosure
2015-07-08,159915,13.976026,深交所,https://stock.xueqiu.com/v5/stock/chart/kline.json,estimated,volume_turnover_inference
2015-07-08,159919,61.179372,深交所,https://stock.xueqiu.com/v5/stock/chart/kline.json,estimated,volume_turnover_inference
2015-07-08,510300,120.109877,上交所,https://query.sse.com.cn/commonQuery.do,official,exchange_disclosure
2015-07-08,510310,25.183074,上交所,https://query.sse.com.cn/commonQuery.do,official,exchange_disclosure
2015-07-08,510330,52.256498,上交所,https://query.sse.com.cn/commonQuery.do,official,exchange_disclosure
2015-07-09,159915,13.968580,深交所,https://stock.xueqiu.com/v5/stock/chart/kline.json,estimated,volume_turnover_inference
2015-07-09,159919,61.189898,深交所,https://stock.xueqiu.com/v5/stock/chart/kline.json,estimated,volume_turnover_inference
2015-07-09,510300,111.154877,上交所,https://query.sse.com.cn/commonQuery.do,official,exchange_disclosure
2015-07-09,510310,38.063074,上交所,https://query.sse.com.cn/commonQuery.do,official,exchange_disclosure
2015-07-09,510330,51.239498,上交所,https://query.sse.com.cn/commonQuery.do,official,exchange_disclosure
2015-07-10,159915,13.978432,深交所,https://stock.xueqiu.com/v5/stock/chart/kline.json,estimated,volume_turnover_inference
2015-07-10,159919,61.148446,深交所,https://stock.xueqiu.com/v5/stock/chart/kline.json,estimated,volume_turnover_inference
2015-07-10,510300,106.141877,上交所,https://query.sse.com.cn/commonQuery.do,official,exchange_disclosure
2015-07-10,510310,37.923074,上交所,https://query.sse.com.cn/commonQuery.do,official,exchange_disclosure
2015-07-10,510330,51.230498,上交所,https://query.sse.com.cn/commonQuery.do,official,exchange_disclosure
2015-07-13,159915,13.970468,深交所,https://stock.xueqiu.com/v5/stock/chart/kline.json,estimated,volume_turnover_inference
2015-07-13,159919,61.144395,深交所,https://stock.xueqiu.com/v5/stock/chart/kline.json,estimated,volume_turnover_inference
2015-07-13,510300,101.956877,上交所,https://query.sse.com.cn/commonQuery.do,official,exchange_disclosure
2015-07-13,510310,37.943074,上交所,https://query.sse.com.cn/commonQuery.do,official,exchange_disclosure
2015-07-13,510330,51.113498,上交所,https://query.sse.com.cn/commonQuery.do,official,exchange_disclosure
2015-07-14,159915,13.972652,深交所,https://stock.xueqiu.com/v5/stock/chart/kline.json,estimated,volume_turnover_inference
2015-07-14,159919,61.235748,深交所,https://stock.xueqiu.com/v5/stock/chart/kline.json,estimated,volume_turnover_inference
2015-07-14,510300,96.420865,上交所,https://query.sse.com.cn/commonQuery.do,official,exchange_disclosure
2015-07-14,510310,38.223074,上交所,https://query.sse.com.cn/commonQuery.do,official,exchange_disclosure
2015-07-14,510330,51.194388,上交所,https://query.sse.com.cn/commonQuery.do,official,exchange_disclosure
2015-07-15,159915,13.971914,深交所,https://stock.xueqiu.com/v5/stock/chart/kline.json,estimated,volume_turnover_inference
2015-07-15,159919,61.221560,深交所,https://stock.xueqiu.com/v5/stock/chart/kline.json,estimated,volume_turnover_inference
2015-07-15,510300,94.751438,上交所,https://query.sse.com.cn/commonQuery.do,official,exchange_disclosure
2015-07-15,510310,38.163074,上交所,https://query.sse.com.cn/commonQuery.do,official,exchange_disclosure
2015-07-15,510330,51.110746,上交所,https://query.sse.com.cn/commonQuery.do,official,exchange_disclosure
2015-07-16,159915,13.972210,深交所,https://stock.xueqiu.com/v5/stock/chart/kline.json,estimated,volume_turnover_inference
2015-07-16,159919,61.306724,深交所,https://stock.xueqiu.com/v5/stock/chart/kline.json,estimated,volume_turnover_inference
2015-07-16,510300,92.803843,上交所,https://query.sse.com.cn/commonQuery.do,official,exchange_disclosure
2015-07-16,510310,38.103074,上交所,https://query.sse.com.cn/commonQuery.do,official,exchange_disclosure
2015-07-16,510330,50.321498,上交所,https://query.sse.com.cn/commonQuery.do,official,exchange_disclosure
2015-07-17,159915,13.973433,深交所,https://stock.xueqiu.com/v5/stock/chart/kline.json,estimated,volume_turnover_inference
2015-07-17,159919,61.196878,深交所,https://stock.xueqiu.com/v5/stock/chart/kline.json,estimated,volume_turnover_inference
2015-07-17,510300,91.615877,上交所,https://query.sse.com.cn/commonQuery.do,official,exchange_disclosure
2015-07-17,510310,38.103074,上交所,https://query.sse.com.cn/commonQuery.do,official,exchange_disclosure
2015-07-17,510330,50.096498,上交所,https://query.sse.com.cn/commonQuery.do,official,exchange_disclosure
2015-07-20,159915,13.975381,深交所,https://stock.xueqiu.com/v5/stock/chart/kline.json,estimated,volume_turnover_inference
2015-07-20,159919,61.347081,深交所,https://stock.xueqiu.com/v5/stock/chart/kline.json,estimated,volume_turnover_inference
2015-07-20,510300,88.141186,上交所,https://query.sse.com.cn/commonQuery.do,official,exchange_disclosure
2015-07-20,510310,38.063074,上交所,https://query.sse.com.cn/commonQuery.do,official,exchange_disclosure
2015-07-20,510330,49.808498,上交所,https://query.sse.com.cn/commonQuery.do,official,exchange_disclosure
2015-07-21,159915,13.975295,深交所,https://stock.xueqiu.com/v5/stock/chart/kline.json,estimated,volume_turnover_inference
2015-07-21,159919,61.284350,深交所,https://stock.xueqiu.com/v5/stock/chart/kline.json,estimated,volume_turnover_inference
2015-07-21,510300,86.593459,上交所,https://query.sse.com.cn/commonQuery.do,official,exchange_disclosure
2015-07-21,510310,38.043074,上交所,https://query.sse.com.cn/commonQuery.do,official,exchange_disclosure
2015-07-21,510330,49.709498,上交所,https://query.sse.com.cn/commonQuery.do,official,exchange_disclosure
2015-07-22,159915,13.975553,深交所,https://stock.xueqiu.com/v5/stock/chart/kline.json,estimated,volume_turnover_inference
2015-07-22,159919,61.205815,深交所,https://stock.xueqiu.com/v5/stock/chart/kline.json,estimated,volume_turnover_inference
2015-07-22,510300,84.904087,上交所,https://query.sse.com.cn/commonQuery.do,official,exchange_disclosure
2015-07-22,510310,38.023074,上交所,https://query.sse.com.cn/commonQuery.do,official,exchange_disclosure
2015-07-22,510330,49.654848,上交所,https://query.sse.com.cn/commonQuery.do,official,exchange_disclosure
2015-07-23,159915,13.973365,深交所,https://stock.xueqiu.com/v5/stock/chart/kline.json,estimated,volume_turnover_inference
2015-07-23,159919,61.293400,深交所,https://stock.xueqiu.com/v5/stock/chart/kline.json,estimated,volume_turnover_inference
2015-07-23,510300,82.222877,上交所,https://query.sse.com.cn/commonQuery.do,official,exchange_disclosure
2015-07-23,510310,37.603074,上交所,https://query.sse.com.cn/commonQuery.do,official,exchange_disclosure
2015-07-23,510330,49.385498,上交所,https://query.sse.com.cn/commonQuery.do,official,exchange_disclosure
2015-07-24,159915,13.974487,深交所,https://stock.xueqiu.com/v5/stock/chart/kline.json,estimated,volume_turnover_inference
2015-07-24,159919,61.107220,深交所,https://stock.xueqiu.com/v5/stock/chart/kline.json,estimated,volume_turnover_inference
2015-07-24,510300,80.347877,上交所,https://query.sse.com.cn/commonQuery.do,official,exchange_disclosure
2015-07-24,510310,37.563074,上交所,https://query.sse.com.cn/commonQuery.do,official,exchange_disclosure
2015-07-24,510330,49.340498,上交所,https://query.sse.com.cn/commonQuery.do,official,exchange_disclosure
2015-07-27,159915,13.975034,深交所,https://stock.xueqiu.com/v5/stock/chart/kline.json,estimated,volume_turnover_inference
2015-07-27,159919,61.487040,深交所,https://stock.xueqiu.com/v5/stock/chart/kline.json,estimated,volume_turnover_inference
2015-07-27,510300,81.861866,上交所,https://query.sse.com.cn/commonQuery.do,official,exchange_disclosure
2015-07-27,510310,37.563074,上交所,https://query.sse.com.cn/commonQuery.do,official,exchange_disclosure
2015-07-27,510330,49.349498,上交所,https://query.sse.com.cn/commonQuery.do,official,exchange_disclosure
2015-07-28,159915,13.973338,深交所,https://stock.xueqiu.com/v5/stock/chart/kline.json,estimated,volume_turnover_inference
2015-07-28,159919,61.458584,深交所,https://stock.xueqiu.com/v5/stock/chart/kline.json,estimated,volume_turnover_inference
2015-07-28,510300,81.031663,上交所,https://query.sse.com.cn/commonQuery.do,official,exchange_disclosure
2015-07-28,510310,37.563074,上交所,https://query.sse.com.cn/commonQuery.do,official,exchange_disclosure
2015-07-28,510330,49.360664,上交所,https://query.sse.com.cn/commonQuery.do,official,exchange_disclosure
2015-07-29,159915,13.974065,深交所,https://stock.xueqiu.com/v5/stock/chart/kline.json,estimated,volume_turnover_inference
2015-07-29,159919,60.857735,深交所,https://stock.xueqiu.com/v5/stock/chart/kline.json,estimated,volume_turnover_inference
2015-07-29,510300,79.879860,上交所,https://query.sse.com.cn/commonQuery.do,official,exchange_disclosure
2015-07-29,510310,37.563074,上交所,https://query.sse.com.cn/commonQuery.do,official,exchange_disclosure
2015-07-29,510330,49.241498,上交所,https://query.sse.com.cn/commonQuery.do,official,exchange_disclosure
2015-07-30,159915,13.974519,深交所,https://stock.xueqiu.com/v5/stock/chart/kline.json,estimated,volume_turnover_inference
2015-07-30,159919,61.238845,深交所,https://stock.xueqiu.com/v5/stock/chart/kline.json,estimated,volume_turnover_inference
2015-07-30,510300,78.925576,上交所,https://query.sse.com.cn/commonQuery.do,official,exchange_disclosure
2015-07-30,510310,37.843074,上交所,https://query.sse.com.cn/commonQuery.do,official,exchange_disclosure
2015-07-30,510330,49.241498,上交所,https://query.sse.com.cn/commonQuery.do,official,exchange_disclosure
2015-07-31,159915,13.976261,深交所,https://stock.xueqiu.com/v5/stock/chart/kline.json,estimated,volume_turnover_inference
2015-07-31,159919,61.434346,深交所,https://stock.xueqiu.com/v5/stock/chart/kline.json,estimated,volume_turnover_inference
2015-07-31,510300,79.375695,上交所,https://query.sse.com.cn/commonQuery.do,official,exchange_disclosure
2015-07-31,510310,37.843074,上交所,https://query.sse.com.cn/commonQuery.do,official,exchange_disclosure
2015-07-31,510330,49.241498,上交所,https://query.sse.com.cn/commonQuery.do,official,exchange_disclosure
2015-08-03,159915,13.976205,深交所,https://stock.xueqiu.com/v5/stock/chart/kline.json,estimated,volume_turnover_inference
2015-08-03,159919,60.959372,深交所,https://stock.xueqiu.com/v5/stock/chart/kline.json,estimated,volume_turnover_inference
2015-08-03,510300,78.358736,上交所,https://query.sse.com.cn/commonQuery.do,official,exchange_disclosure
2015-08-03,510310,37.823074,上交所,https://query.sse.com.cn/commonQuery.do,official,exchange_disclosure
2015-08-03,510330,49.232498,上交所,https://query.sse.com.cn/commonQuery.do,official,exchange_disclosure
2015-08-04,159915,13.971828,深交所,https://stock.xueqiu.com/v5/stock/chart/kline.json,estimated,volume_turnover_inference
2015-08-04,159919,61.113533,深交所,https://stock.xueqiu.com/v5/stock/chart/kline.json,estimated,volume_turnover_inference
2015-08-04,510300,79.367762,上交所,https://query.sse.com.cn/commonQuery.do,official,exchange_disclosure
2015-08-04,510310,37.823074,上交所,https://query.sse.com.cn/commonQuery.do,official,exchange_disclosure
2015-08-04,510330,49.187498,上交所,https://query.sse.com.cn/commonQuery.do,official,exchange_disclosure
2015-08-05,159915,13.978042,深交所,https://stock.xueqiu.com/v5/stock/chart/kline.json,estimated,volume_turnover_inference
2015-08-05,159919,61.163202,深交所,https://stock.xueqiu.com/v5/stock/chart/kline.json,estimated,volume_turnover_inference
2015-08-05,510300,78.160877,上交所,https://query.sse.com.cn/commonQuery.do,official,exchange_disclosure
2015-08-05,510310,37.823074,上交所,https://query.sse.com.cn/commonQuery.do,official,exchange_disclosure
2015-08-05,510330,49.097498,上交所,https://query.sse.com.cn/commonQuery.do,official,exchange_disclosure
2015-08-06,159915,13.970569,深交所,https://stock.xueqiu.com/v5/stock/chart/kline.json,estimated,volume_turnover_inference
2015-08-06,159919,61.046426,深交所,https://stock.xueqiu.com/v5/stock/chart/kline.json,estimated,volume_turnover_inference
2015-08-06,510300,77.935877,上交所,https://query.sse.com.cn/commonQuery.do,official,exchange_disclosure
2015-08-06,510310,37.823074,上交所,https://query.sse.com.cn/commonQuery.do,official,exchange_disclosure
2015-08-06,510330,49.097498,上交所,https://query.sse.com.cn/commonQuery.do,official,exchange_disclosure
2015-08-07,159915,13.971777,深交所,https://stock.xueqiu.com/v5/stock/chart/kline.json,estimated,volume_turnover_inference
2015-08-07,159919,61.720409,深交所,https://stock.xueqiu.com/v5/stock/chart/kline.json,estimated,volume_turnover_inference
2015-08-07,510300,81.112644,上交所,https://query.sse.com.cn/commonQuery.do,official,exchange_disclosure
2015-08-07,510310,38.003074,上交所,https://query.sse.com.cn/commonQuery.do,official,exchange_disclosure
2015-08-07,510330,49.079498,上交所,https://query.sse.com.cn/commonQuery.do,official,exchange_disclosure
2015-08-10,159915,13.972828,深交所,https://stock.xueqiu.com/v5/stock/chart/kline.json,estimated,volume_turnover_inference
2015-08-10,159919,61.395300,深交所,https://stock.xueqiu.com/v5/stock/chart/kline.json,estimated,volume_turnover_inference
2015-08-10,510300,80.220711,上交所,https://query.sse.com.cn/commonQuery.do,official,exchange_disclosure
2015-08-10,510310,37.983074,上交所,https://query.sse.com.cn/commonQuery.do,official,exchange_disclosure
2015-08-10,510330,48.827492,上交所,https://query.sse.com.cn/commonQuery.do,official,exchange_disclosure
2015-08-11,159915,13.975145,深交所,https://stock.xueqiu.com/v5/stock/chart/kline.json,estimated,volume_turnover_inference
2015-08-11,159919,60.713082,深交所,https://stock.xueqiu.com/v5/stock/chart/kline.json,estimated,volume_turnover_inference
2015-08-11,510300,79.456877,上交所,https://query.sse.com.cn/commonQuery.do,official,exchange_disclosure
2015-08-11,510310,38.943074,上交所,https://query.sse.com.cn/commonQuery.do,official,exchange_disclosure
2015-08-11,510330,48.647498,上交所,https://query.sse.com.cn/commonQuery.do,official,exchange_disclosure
2015-08-12,159915,13.973434,深交所,https://stock.xueqiu.com/v5/stock/chart/kline.json,estimated,volume_turnover_inference
2015-08-12,159919,61.020096,深交所,https://stock.xueqiu.com/v5/stock/chart/kline.json,estimated,volume_turnover_inference
2015-08-12,510300,78.799474,上交所,https://query.sse.com.cn/commonQuery.do,official,exchange_disclosure
2015-08-12,510310,39.323074,上交所,https://query.sse.com.cn/commonQuery.do,official,exchange_disclosure
2015-08-12,510330,48.638498,上交所,https://query.sse.com.cn/commonQuery.do,official,exchange_disclosure
2015-08-13,159915,13.972460,深交所,https://stock.xueqiu.com/v5/stock/chart/kline.json,estimated,volume_turnover_inference
2015-08-13,159919,61.020760,深交所,https://stock.xueqiu.com/v5/stock/chart/kline.json,estimated,volume_turnover_inference
2015-08-13,510300,76.018877,上交所,https://query.sse.com.cn/commonQuery.do,official,exchange_disclosure
2015-08-13,510310,39.323074,上交所,https://query.sse.com.cn/commonQuery.do,official,exchange_disclosure
2015-08-13,510330,48.097181,上交所,https://query.sse.com.cn/commonQuery.do,official,exchange_disclosure
2015-08-14,159915,13.977300,深交所,https://stock.xueqiu.com/v5/stock/chart/kline.json,estimated,volume_turnover_inference
2015-08-14,159919,61.321739,深交所,https://stock.xueqiu.com/v5/stock/chart/kline.json,estimated,volume_turnover_inference
2015-08-14,510300,72.166790,上交所,https://query.sse.com.cn/commonQuery.do,official,exchange_disclosure
2015-08-14,510310,39.323074,上交所,https://query.sse.com.cn/commonQuery.do,official,exchange_disclosure
2015-08-14,510330,48.143498,上交所,https://query.sse.com.cn/commonQuery.do,official,exchange_disclosure
2015-08-17,159915,13.972611,深交所,https://stock.xueqiu.com/v5/stock/chart/kline.json,estimated,volume_turnover_inference
2015-08-17,159919,61.177803,深交所,https://stock.xueqiu.com/v5/stock/chart/kline.json,estimated,volume_turnover_inference
2015-08-17,510300,70.271703,上交所,https://query.sse.com.cn/commonQuery.do,official,exchange_disclosure
2015-08-17,510310,39.303074,上交所,https://query.sse.com.cn/commonQuery.do,official,exchange_disclosure
2015-08-17,510330,48.125498,上交所,https://query.sse.com.cn/commonQuery.do,official,exchange_disclosure
2015-08-18,159915,13.972290,深交所,https://stock.xueqiu.com/v5/stock/chart/kline.json,estimated,volume_turnover_inference
2015-08-18,159919,61.034586,深交所,https://stock.xueqiu.com/v5/stock/chart/kline.json,estimated,volume_turnover_inference
2015-08-18,510300,68.338541,上交所,https://query.sse.com.cn/commonQuery.do,official,exchange_disclosure
2015-08-18,510310,39.303074,上交所,https://query.sse.com.cn/commonQuery.do,official,exchange_disclosure
2015-08-18,510330,48.136102,上交所,https://query.sse.com.cn/commonQuery.do,official,exchange_disclosure
2015-08-19,159915,13.975850,深交所,https://stock.xueqiu.com/v5/stock/chart/kline.json,estimated,volume_turnover_inference
2015-08-19,159919,61.549326,深交所,https://stock.xueqiu.com/v5/stock/chart/kline.json,estimated,volume_turnover_inference
2015-08-19,510300,68.431784,上交所,https://query.sse.com.cn/commonQuery.do,official,exchange_disclosure
2015-08-19,510310,35.903074,上交所,https://query.sse.com.cn/commonQuery.do,official,exchange_disclosure
2015-08-19,510330,48.157551,上交所,https://query.sse.com.cn/commonQuery.do,official,exchange_disclosure
2015-08-20,159915,13.974424,深交所,https://stock.xueqiu.com/v5/stock/chart/kline.json,estimated,volume_turnover_inference
2015-08-20,159919,61.433034,深交所,https://stock.xueqiu.com/v5/stock/chart/kline.json,estimated,volume_turnover_inference
2015-08-20,510300,67.675877,上交所,https://query.sse.com.cn/commonQuery.do,official,exchange_disclosure
2015-08-20,510310,34.903074,上交所,https://query.sse.com.cn/commonQuery.do,official,exchange_disclosure
2015-08-20,510330,48.170498,上交所,https://query.sse.com.cn/commonQuery.do,official,exchange_disclosure
2015-08-21,159915,13.973007,深交所,https://stock.xueqiu.com/v5/stock/chart/kline.json,estimated,volume_turnover_inference
2015-08-21,159919,61.138074,深交所,https://stock.xueqiu.com/v5/stock/chart/kline.json,estimated,volume_turnover_inference
2015-08-21,510300,70.222877,上交所,https://query.sse.com.cn/commonQuery.do,official,exchange_disclosure
2015-08-21,510310,34.903074,上交所,https://query.sse.com.cn/commonQuery.do,official,exchange_disclosure
2015-08-21,510330,48.179498,上交所,https://query.sse.com.cn/commonQuery.do,official,exchange_disclosure
2015-08-24,159915,13.973323,深交所,https://stock.xueqiu.com/v5/stock/chart/kline.json,estimated,volume_turnover_inference
2015-08-24,159919,61.398871,深交所,https://stock.xueqiu.com/v5/stock/chart/kline.json,estimated,volume_turnover_inference
2015-08-24,510300,71.688200,上交所,https://query.sse.com.cn/commonQuery.do,official,exchange_disclosure
2015-08-24,510310,34.993649,上交所,https://query.sse.com.cn/commonQuery.do,official,exchange_disclosure
2015-08-24,510330,48.183374,上交所,https://query.sse.com.cn/commonQuery.do,official,exchange_disclosure
2015-08-25,159915,13.971318,深交所,https://stock.xueqiu.com/v5/stock/chart/kline.json,estimated,volume_turnover_inference
2015-08-25,159919,61.406504,深交所,https://stock.xueqiu.com/v5/stock/chart/kline.json,estimated,volume_turnover_inference
2015-08-25,510300,71.734442,上交所,https://query.sse.com.cn/commonQuery.do,official,exchange_disclosure
2015-08-25,510310,35.003074,上交所,https://query.sse.com.cn/commonQuery.do,official,exchange_disclosure
2015-08-25,510330,48.161084,上交所,https://query.sse.com.cn/commonQuery.do,official,exchange_disclosure
2015-08-26,159915,13.976488,深交所,https://stock.xueqiu.com/v5/stock/chart/kline.json,estimated,volume_turnover_inference
2015-08-26,159919,61.014905,深交所,https://stock.xueqiu.com/v5/stock/chart/kline.json,estimated,volume_turnover_inference
2015-08-26,510300,69.852169,上交所,https://query.sse.com.cn/commonQuery.do,official,exchange_disclosure
2015-08-26,510310,35.023074,上交所,https://query.sse.com.cn/commonQuery.do,official,exchange_disclosure
2015-08-26,510330,47.818573,上交所,https://query.sse.com.cn/commonQuery.do,official,exchange_disclosure
2015-08-27,159915,13.977501,深交所,https://stock.xueqiu.com/v5/stock/chart/kline.json,estimated,volume_turnover_inference
2015-08-27,159919,61.293193,深交所,https://stock.xueqiu.com/v5/stock/chart/kline.json,estimated,volume_turnover_inference
2015-08-27,510300,72.328831,上交所,https://query.sse.com.cn/commonQuery.do,official,exchange_disclosure
2015-08-27,510310,35.003074,上交所,https://query.sse.com.cn/commonQuery.do,official,exchange_disclosure
2015-08-27,510330,47.864498,上交所,https://query.sse.com.cn/commonQuery.do,official,exchange_disclosure
2015-08-28,159915,13.973988,深交所,https://stock.xueqiu.com/v5/stock/chart/kline.json,estimated,volume_turnover_inference
2015-08-28,159919,61.282439,深交所,https://stock.xueqiu.com/v5/stock/chart/kline.json,estimated,volume_turnover_inference
2015-08-28,510300,71.698767,上交所,https://query.sse.com.cn/commonQuery.do,official,exchange_disclosure
2015-08-28,510310,34.963074,上交所,https://query.sse.com.cn/commonQuery.do,official,exchange_disclosure
2015-08-28,510330,47.819498,上交所,https://query.sse.com.cn/commonQuery.do,official,exchange_disclosure
2015-08-31,159915,13.975355,深交所,https://stock.xueqiu.com/v5/stock/chart/kline.json,estimated,volume_turnover_inference
2015-08-31,159919,61.348074,深交所,https://stock.xueqiu.com/v5/stock/chart/kline.json,estimated,volume_turnover_inference
2015-08-31,510300,71.491877,上交所,https://query.sse.com.cn/commonQuery.do,official,exchange_disclosure
2015-08-31,510310,35.023074,上交所,https://query.sse.com.cn/commonQuery.do,official,exchange_disclosure
2015-08-31,510330,47.774498,上交所,https://query.sse.com.cn/commonQuery.do,official,exchange_disclosure
2015-09-01,159915,13.968491,深交所,https://stock.xueqiu.com/v5/stock/chart/kline.json,estimated,volume_turnover_inference
2015-09-01,159919,61.340260,深交所,https://stock.xueqiu.com/v5/stock/chart/kline.json,estimated,volume_turnover_inference
2015-09-01,510300,70.717871,上交所,https://query.sse.com.cn/commonQuery.do,official,exchange_disclosure
2015-09-01,510310,35.023074,上交所,https://query.sse.com.cn/commonQuery.do,official,exchange_disclosure
2015-09-01,510330,47.774498,上交所,https://query.sse.com.cn/commonQuery.do,official,exchange_disclosure
2015-09-02,159915,13.971263,深交所,https://stock.xueqiu.com/v5/stock/chart/kline.json,estimated,volume_turnover_inference
2015-09-02,159919,61.656014,深交所,https://stock.xueqiu.com/v5/stock/chart/kline.json,estimated,volume_turnover_inference
2015-09-02,510300,69.277866,上交所,https://query.sse.com.cn/commonQuery.do,official,exchange_disclosure
2015-09-02,510310,35.023074,上交所,https://query.sse.com.cn/commonQuery.do,official,exchange_disclosure
2015-09-02,510330,47.747498,上交所,https://query.sse.com.cn/commonQuery.do,official,exchange_disclosure
2015-09-07,159915,13.970141,深交所,https://stock.xueqiu.com/v5/stock/chart/kline.json,estimated,volume_turnover_inference
2015-09-07,159919,61.133532,深交所,https://stock.xueqiu.com/v5/stock/chart/kline.json,estimated,volume_turnover_inference
2015-09-07,510300,69.529877,上交所,https://query.sse.com.cn/commonQuery.do,official,exchange_disclosure
2015-09-07,510310,35.023074,上交所,https://query.sse.com.cn/commonQuery.do,official,exchange_disclosure
2015-09-07,510330,47.747498,上交所,https://query.sse.com.cn/commonQuery.do,official,exchange_disclosure
2015-09-08,159915,13.976796,深交所,https://stock.xueqiu.com/v5/stock/chart/kline.json,estimated,volume_turnover_inference
2015-09-08,159919,61.317502,深交所,https://stock.xueqiu.com/v5/stock/chart/kline.json,estimated,volume_turnover_inference
2015-09-08,510300,69.610877,上交所,https://query.sse.com.cn/commonQuery.do,official,exchange_disclosure
2015-09-08,510310,35.023074,上交所,https://query.sse.com.cn/commonQuery.do,official,exchange_disclosure
2015-09-08,510330,47.558498,上交所,https://query.sse.com.cn/commonQuery.do,official,exchange_disclosure
2015-09-09,159915,13.973047,深交所,https://stock.xueqiu.com/v5/stock/chart/kline.json,estimated,volume_turnover_inference
2015-09-09,159919,61.126844,深交所,https://stock.xueqiu.com/v5/stock/chart/kline.json,estimated,volume_turnover_inference
2015-09-09,510300,70.012697,上交所,https://query.sse.com.cn/commonQuery.do,official,exchange_disclosure
2015-09-09,510310,35.043074,上交所,https://query.sse.com.cn/commonQuery.do,official,exchange_disclosure
2015-09-09,510330,47.554860,上交所,https://query.sse.com.cn/commonQuery.do,official,exchange_disclosure
2015-09-10,159915,13.974053,深交所,https://stock.xueqiu.com/v5/stock/chart/kline.json,estimated,volume_turnover_inference
2015-09-10,159919,61.255904,深交所,https://stock.xueqiu.com/v5/stock/chart/kline.json,estimated,volume_turnover_inference
2015-09-10,510300,69.700877,上交所,https://query.sse.com.cn/commonQuery.do,official,exchange_disclosure
2015-09-10,510310,35.043074,上交所,https://query.sse.com.cn/commonQuery.do,official,exchange_disclosure
2015-09-10,510330,47.559102,上交所,https://query.sse.com.cn/commonQuery.do,official,exchange_disclosure
2015-09-11,159915,13.976535,深交所,https://stock.xueqiu.com/v5/stock/chart/kline.json,estimated,volume_turnover_inference
2015-09-11,159919,61.057896,深交所,https://stock.xueqiu.com/v5/stock/chart/kline.json,estimated,volume_turnover_inference
2015-09-11,510300,71.448584,上交所,https://query.sse.com.cn/commonQuery.do,official,exchange_disclosure
2015-09-11,510310,35.043074,上交所,https://query.sse.com.cn/commonQuery.do,official,exchange_disclosure
2015-09-11,510330,47.567498,上交所,https://query.sse.com.cn/commonQuery.do,official,exchange_disclosure
2015-09-14,159915,13.975340,深交所,https://stock.xueqiu.com/v5/stock/chart/kline.json,estimated,volume_turnover_inference
2015-09-14,159919,61.090826,深交所,https://stock.xueqiu.com/v5/stock/chart/kline.json,estimated,volume_turnover_inference
2015-09-14,510300,70.456801,上交所,https://query.sse.com.cn/commonQuery.do,official,exchange_disclosure
2015-09-14,510310,35.023074,上交所,https://query.sse.com.cn/commonQuery.do,official,exchange_disclosure
2015-09-14,510330,47.567498,上交所,https://query.sse.com.cn/commonQuery.do,official,exchange_disclosure
2015-09-15,159915,13.977018,深交所,https://stock.xueqiu.com/v5/stock/chart/kline.json,estimated,volume_turnover_inference
2015-09-15,159919,61.245772,深交所,https://stock.xueqiu.com/v5/stock/chart/kline.json,estimated,volume_turnover_inference
2015-09-15,510300,69.970877,上交所,https://query.sse.com.cn/commonQuery.do,official,exchange_disclosure
2015-09-15,510310,35.023074,上交所,https://query.sse.com.cn/commonQuery.do,official,exchange_disclosure
2015-09-15,510330,47.567498,上交所,https://query.sse.com.cn/commonQuery.do,official,exchange_disclosure
2015-09-16,159915,13.972107,深交所,https://stock.xueqiu.com/v5/stock/chart/kline.json,estimated,volume_turnover_inference
2015-09-16,159919,61.271514,深交所,https://stock.xueqiu.com/v5/stock/chart/kline.json,estimated,volume_turnover_inference
2015-09-16,510300,69.068182,上交所,https://query.sse.com.cn/commonQuery.do,official,exchange_disclosure
2015-09-16,510310,35.023074,上交所,https://query.sse.com.cn/commonQuery.do,official,exchange_disclosure
2015-09-16,510330,47.558498,上交所,https://query.sse.com.cn/commonQuery.do,official,exchange_disclosure
2015-09-17,159915,13.975081,深交所,https://stock.xueqiu.com/v5/stock/chart/kline.json,estimated,volume_turnover_inference
2015-09-17,159919,61.093297,深交所,https://stock.xueqiu.com/v5/stock/chart/kline.json,estimated,volume_turnover_inference
2015-09-17,510300,68.116877,上交所,https://query.sse.com.cn/commonQuery.do,official,exchange_disclosure
2015-09-17,510310,35.023074,上交所,https://query.sse.com.cn/commonQuery.do,official,exchange_disclosure
2015-09-17,510330,47.889369,上交所,https://query.sse.com.cn/commonQuery.do,official,exchange_disclosure
2015-09-18,159915,13.974283,深交所,https://stock.xueqiu.com/v5/stock/chart/kline.json,estimated,volume_turnover_inference
2015-09-18,159919,61.214026,深交所,https://stock.xueqiu.com/v5/stock/chart/kline.json,estimated,volume_turnover_inference
2015-09-18,510300,66.991877,上交所,https://query.sse.com.cn/commonQuery.do,official,exchange_disclosure
2015-09-18,510310,35.023074,上交所,https://query.sse.com.cn/commonQuery.do,official,exchange_disclosure
2015-09-18,510330,47.900498,上交所,https://query.sse.com.cn/commonQuery.do,official,exchange_disclosure
2015-09-21,159915,13.975831,深交所,https://stock.xueqiu.com/v5/stock/chart/kline.json,estimated,volume_turnover_inference
2015-09-21,159919,60.814403,深交所,https://stock.xueqiu.com/v5/stock/chart/kline.json,estimated,volume_turnover_inference
2015-09-21,510300,65.862391,上交所,https://query.sse.com.cn/commonQuery.do,official,exchange_disclosure
2015-09-21,510310,35.023074,上交所,https://query.sse.com.cn/commonQuery.do,official,exchange_disclosure
2015-09-21,510330,47.891498,上交所,https://query.sse.com.cn/commonQuery.do,official,exchange_disclosure
2015-09-22,159915,13.975448,深交所,https://stock.xueqiu.com/v5/stock/chart/kline.json,estimated,volume_turnover_inference
2015-09-22,159919,61.070671,深交所,https://stock.xueqiu.com/v5/stock/chart/kline.json,estimated,volume_turnover_inference
2015-09-22,510300,64.895059,上交所,https://query.sse.com.cn/commonQuery.do,official,exchange_disclosure
2015-09-22,510310,35.003074,上交所,https://query.sse.com.cn/commonQuery.do,official,exchange_disclosure
2015-09-22,510330,47.882498,上交所,https://query.sse.com.cn/commonQuery.do,official,exchange_disclosure
2015-09-23,159915,13.976362,深交所,https://stock.xueqiu.com/v5/stock/chart/kline.json,estimated,volume_turnover_inference
2015-09-23,159919,60.961419,深交所,https://stock.xueqiu.com/v5/stock/chart/kline.json,estimated,volume_turnover_inference
2015-09-23,510300,64.831632,上交所,https://query.sse.com.cn/commonQuery.do,official,exchange_disclosure
2015-09-23,510310,35.003074,上交所,https://query.sse.com.cn/commonQuery.do,official,exchange_disclosure
2015-09-23,510330,47.882498,上交所,https://query.sse.com.cn/commonQuery.do,official,exchange_disclosure
2015-09-24,159915,13.971698,深交所,https://stock.xueqiu.com/v5/stock/chart/kline.json,estimated,volume_turnover_inference
2015-09-24,159919,60.720089,深交所,https://stock.xueqiu.com/v5/stock/chart/kline.json,estimated,volume_turnover_inference
2015-09-24,510300,64.803673,上交所,https://query.sse.com.cn/commonQuery.do,official,exchange_disclosure
2015-09-24,510310,34.983074,上交所,https://query.sse.com.cn/commonQuery.do,official,exchange_disclosure
2015-09-24,510330,47.882498,上交所,https://query.sse.com.cn/commonQuery.do,official,exchange_disclosure
2015-09-25,159915,13.972930,深交所,https://stock.xueqiu.com/v5/stock/chart/kline.json,estimated,volume_turnover_inference
2015-09-25,159919,61.587983,深交所,https://stock.xueqiu.com/v5/stock/chart/kline.json,estimated,volume_turnover_inference
2015-09-25,510300,64.642075,上交所,https://query.sse.com.cn/commonQuery.do,official,exchange_disclosure
2015-09-25,510310,34.983074,上交所,https://query.sse.com.cn/commonQuery.do,official,exchange_disclosure
2015-09-25,510330,47.882498,上交所,https://query.sse.com.cn/commonQuery.do,official,exchange_disclosure
2015-09-28,159915,13.977560,深交所,https://stock.xueqiu.com/v5/stock/chart/kline.json,estimated,volume_turnover_inference
2015-09-28,159919,61.135971,深交所,https://stock.xueqiu.com/v5/stock/chart/kline.json,estimated,volume_turnover_inference
2015-09-28,510300,64.624877,上交所,https://query.sse.com.cn/commonQuery.do,official,exchange_disclosure
2015-09-28,510310,34.983074,上交所,https://query.sse.com.cn/commonQuery.do,official,exchange_disclosure
2015-09-28,510330,47.837498,上交所,https://query.sse.com.cn/commonQuery.do,official,exchange_disclosure
2015-09-29,159915,13.976467,深交所,https://stock.xueqiu.com/v5/stock/chart/kline.json,estimated,volume_turnover_inference
2015-09-29,159919,62.089550,深交所,https://stock.xueqiu.com/v5/stock/chart/kline.json,estimated,volume_turnover_inference
2015-09-29,510300,64.372877,上交所,https://query.sse.com.cn/commonQuery.do,official,exchange_disclosure
2015-09-29,510310,34.983074,上交所,https://query.sse.com.cn/commonQuery.do,official,exchange_disclosure
2015-09-29,510330,47.837498,上交所,https://query.sse.com.cn/commonQuery.do,official,exchange_disclosure
2015-09-30,159915,13.977735,深交所,https://stock.xueqiu.com/v5/stock/chart/kline.json,estimated,volume_turnover_inference
2015-09-30,159919,61.677846,深交所,https://stock.xueqiu.com/v5/stock/chart/kline.json,estimated,volume_turnover_inference
2015-09-30,510300,64.237877,上交所,https://query.sse.com.cn/commonQuery.do,official,exchange_disclosure
2015-09-30,510310,34.983074,上交所,https://query.sse.com.cn/commonQuery.do,official,exchange_disclosure
2015-09-30,510330,47.837498,上交所,https://query.sse.com.cn/commonQuery.do,official,exchange_disclosure
2015-10-08,159915,13.978131,深交所,https://stock.xueqiu.com/v5/stock/chart/kline.json,estimated,volume_turnover_inference
2015-10-08,159919,61.270602,深交所,https://stock.xueqiu.com/v5/stock/chart/kline.json,estimated,volume_turnover_inference
2015-10-08,510300,64.147877,上交所,https://query.sse.com.cn/commonQuery.do,official,exchange_disclosure
2015-10-08,510310,34.983074,上交所,https://query.sse.com.cn/commonQuery.do,official,exchange_disclosure
2015-10-08,510330,47.828498,上交所,https://query.sse.com.cn/commonQuery.do,official,exchange_disclosure
2015-10-09,159915,13.969866,深交所,https://stock.xueqiu.com/v5/stock/chart/kline.json,estimated,volume_turnover_inference
2015-10-09,159919,60.645734,深交所,https://stock.xueqiu.com/v5/stock/chart/kline.json,estimated,volume_turnover_inference
2015-10-09,510300,64.051676,上交所,https://query.sse.com.cn/commonQuery.do,official,exchange_disclosure
2015-10-09,510310,34.983074,上交所,https://query.sse.com.cn/commonQuery.do,official,exchange_disclosure
2015-10-09,510330,47.828498,上交所,https://query.sse.com.cn/commonQuery.do,official,exchange_disclosure
2015-10-12,159915,13.973425,深交所,https://stock.xueqiu.com/v5/stock/chart/kline.json,estimated,volume_turnover_inference
2015-10-12,159919,60.974696,深交所,https://stock.xueqiu.com/v5/stock/chart/kline.json,estimated,volume_turnover_inference
2015-10-12,510300,64.615877,上交所,https://query.sse.com.cn/commonQuery.do,official,exchange_disclosure
2015-10-12,510310,34.983074,上交所,https://query.sse.com.cn/commonQuery.do,official,exchange_disclosure
2015-10-12,510330,47.801498,上交所,https://query.sse.com.cn/commonQuery.do,official,exchange_disclosure
2015-10-13,159915,13.976845,深交所,https://stock.xueqiu.com/v5/stock/chart/kline.json,estimated,volume_turnover_inference
2015-10-13,159919,61.155500,深交所,https://stock.xueqiu.com/v5/stock/chart/kline.json,estimated,volume_turnover_inference
2015-10-13,510300,65.188376,上交所,https://query.sse.com.cn/commonQuery.do,official,exchange_disclosure
2015-10-13,510310,34.983074,上交所,https://query.sse.com.cn/commonQuery.do,official,exchange_disclosure
2015-10-13,510330,47.801498,上交所,https://query.sse.com.cn/commonQuery.do,official,exchange_disclosure
2015-10-14,159915,13.970890,深交所,https://stock.xueqiu.com/v5/stock/chart/kline.json,estimated,volume_turnover_inference
2015-10-14,159919,61.324695,深交所,https://stock.xueqiu.com/v5/stock/chart/kline.json,estimated,volume_turnover_inference
2015-10-14,510300,65.482015,上交所,https://query.sse.com.cn/commonQuery.do,official,exchange_disclosure
2015-10-14,510310,34.983074,上交所,https://query.sse.com.cn/commonQuery.do,official,exchange_disclosure
2015-10-14,510330,47.782103,上交所,https://query.sse.com.cn/commonQuery.do,official,exchange_disclosure
2015-10-15,159915,13.970605,深交所,https://stock.xueqiu.com/v5/stock/chart/kline.json,estimated,volume_turnover_inference
2015-10-15,159919,61.506590,深交所,https://stock.xueqiu.com/v5/stock/chart/kline.json,estimated,volume_turnover_inference
2015-10-15,510300,65.875876,上交所,https://query.sse.com.cn/commonQuery.do,official,exchange_disclosure
2015-10-15,510310,34.983074,上交所,https://query.sse.com.cn/commonQuery.do,official,exchange_disclosure
2015-10-15,510330,47.787929,上交所,https://query.sse.com.cn/commonQuery.do,official,exchange_disclosure
2015-10-16,159915,13.973195,深交所,https://stock.xueqiu.com/v5/stock/chart/kline.json,estimated,volume_turnover_inference
2015-10-16,159919,61.269790,深交所,https://stock.xueqiu.com/v5/stock/chart/kline.json,estimated,volume_turnover_inference
2015-10-16,510300,66.271222,上交所,https://query.sse.com.cn/commonQuery.do,official,exchange_disclosure
2015-10-16,510310,34.943074,上交所,https://query.sse.com.cn/commonQuery.do,official,exchange_disclosure
2015-10-16,510330,47.792498,上交所,https://query.sse.com.cn/commonQuery.do,official,exchange_disclosure
2015-10-19,159915,13.973423,深交所,https://stock.xueqiu.com/v5/stock/chart/kline.json,estimated,volume_turnover_inference
2015-10-19,159919,61.101511,深交所,https://stock.xueqiu.com/v5/stock/chart/kline.json,estimated,volume_turnover_inference
2015-10-19,510300,66.262877,上交所,https://query.sse.com.cn/commonQuery.do,official,exchange_disclosure
2015-10-19,510310,34.923074,上交所,https://query.sse.com.cn/commonQuery.do,official,exchange_disclosure
2015-10-19,510330,47.783498,上交所,https://query.sse.com.cn/commonQuery.do,official,exchange_disclosure
2015-10-20,159915,13.973516,深交所,https://stock.xueqiu.com/v5/stock/chart/kline.json,estimated,volume_turnover_inference
2015-10-20,159919,61.303989,深交所,https://stock.xueqiu.com/v5/stock/chart/kline.json,estimated,volume_turnover_inference
2015-10-20,510300,66.190876,上交所,https://query.sse.com.cn/commonQuery.do,official,exchange_disclosure
2015-10-20,510310,34.903074,上交所,https://query.sse.com.cn/commonQuery.do,official,exchange_disclosure
2015-10-20,510330,47.774498,上交所,https://query.sse.com.cn/commonQuery.do,official,exchange_disclosure
2015-10-21,159915,13.973671,深交所,https://stock.xueqiu.com/v5/stock/chart/kline.json,estimated,volume_turnover_inference
2015-10-21,159919,60.900649,深交所,https://stock.xueqiu.com/v5/stock/chart/kline.json,estimated,volume_turnover_inference
2015-10-21,510300,66.487328,上交所,https://query.sse.com.cn/commonQuery.do,official,exchange_disclosure
2015-10-21,510310,34.903074,上交所,https://query.sse.com.cn/commonQuery.do,official,exchange_disclosure
2015-10-21,510330,48.179498,上交所,https://query.sse.com.cn/commonQuery.do,official,exchange_disclosure
2015-10-22,159915,13.973959,深交所,https://stock.xueqiu.com/v5/stock/chart/kline.json,estimated,volume_turnover_inference
2015-10-22,159919,60.736896,深交所,https://stock.xueqiu.com/v5/stock/chart/kline.json,estimated,volume_turnover_inference
2015-10-22,510300,66.595875,上交所,https://query.sse.com.cn/commonQuery.do,official,exchange_disclosure
2015-10-22,510310,34.903074,上交所,https://query.sse.com.cn/commonQuery.do,official,exchange_disclosure
2015-10-22,510330,48.611498,上交所,https://query.sse.com.cn/commonQuery.do,official,exchange_disclosure
2015-10-23,159915,13.975295,深交所,https://stock.xueqiu.com/v5/stock/chart/kline.json,estimated,volume_turnover_inference
2015-10-23,159919,60.638945,深交所,https://stock.xueqiu.com/v5/stock/chart/kline.json,estimated,volume_turnover_inference
2015-10-23,510300,66.226877,上交所,https://query.sse.com.cn/commonQuery.do,official,exchange_disclosure
2015-10-23,510310,34.903074,上交所,https://query.sse.com.cn/commonQuery.do,official,exchange_disclosure
2015-10-23,510330,48.558563,上交所,https://query.sse.com.cn/commonQuery.do,official,exchange_disclosure
2015-10-26,159915,18.109575,深交所,https://stock.xueqiu.com/v5/stock/chart/kline.json,estimated,volume_turnover_inference
2015-10-26,159919,60.822436,深交所,https://stock.xueqiu.com/v5/stock/chart/kline.json,estimated,volume_turnover_inference
2015-10-26,510300,67.123865,上交所,https://query.sse.com.cn/commonQuery.do,official,exchange_disclosure
2015-10-26,510310,34.003074,上交所,https://query.sse.com.cn/commonQuery.do,official,exchange_disclosure
2015-10-26,510330,48.559321,上交所,https://query.sse.com.cn/commonQuery.do,official,exchange_disclosure
2015-10-27,159915,18.111868,深交所,https://stock.xueqiu.com/v5/stock/chart/kline.json,estimated,volume_turnover_inference
2015-10-27,159919,56.141887,深交所,https://stock.xueqiu.com/v5/stock/chart/kline.json,estimated,volume_turnover_inference
2015-10-27,510300,67.819744,上交所,https://query.sse.com.cn/commonQuery.do,official,exchange_disclosure
2015-10-27,510310,28.403074,上交所,https://query.sse.com.cn/commonQuery.do,official,exchange_disclosure
2015-10-27,510330,48.557498,上交所,https://query.sse.com.cn/commonQuery.do,official,exchange_disclosure
2015-10-28,159915,18.110139,深交所,https://stock.xueqiu.com/v5/stock/chart/kline.json,estimated,volume_turnover_inference
2015-10-28,159919,56.318904,深交所,https://stock.xueqiu.com/v5/stock/chart/kline.json,estimated,volume_turnover_inference
2015-10-28,510300,67.855877,上交所,https://query.sse.com.cn/commonQuery.do,official,exchange_disclosure
2015-10-28,510310,28.403074,上交所,https://query.sse.com.cn/commonQuery.do,official,exchange_disclosure
2015-10-28,510330,48.557498,上交所,https://query.sse.com.cn/commonQuery.do,official,exchange_disclosure
2015-10-29,159915,18.120586,深交所,https://stock.xueqiu.com/v5/stock/chart/kline.json,estimated,volume_turnover_inference
2015-10-29,159919,55.755294,深交所,https://stock.xueqiu.com/v5/stock/chart/kline.json,estimated,volume_turnover_inference
2015-10-29,510300,68.251877,上交所,https://query.sse.com.cn/commonQuery.do,official,exchange_disclosure
2015-10-29,510310,28.403074,上交所,https://query.sse.com.cn/commonQuery.do,official,exchange_disclosure
2015-10-29,510330,48.557498,上交所,https://query.sse.com.cn/commonQuery.do,official,exchange_disclosure
2015-10-30,159915,18.118482,深交所,https://stock.xueqiu.com/v5/stock/chart/kline.json,estimated,volume_turnover_inference
2015-10-30,159919,57.445390,深交所,https://stock.xueqiu.com/v5/stock/chart/kline.json,estimated,volume_turnover_inference
2015-10-30,510300,68.062877,上交所,https://query.sse.com.cn/commonQuery.do,official,exchange_disclosure
2015-10-30,510310,28.403074,上交所,https://query.sse.com.cn/commonQuery.do,official,exchange_disclosure
2015-10-30,510330,48.557498,上交所,https://query.sse.com.cn/commonQuery.do,official,exchange_disclosure
2015-11-02,159915,18.113369,深交所,https://stock.xueqiu.com/v5/stock/chart/kline.json,estimated,volume_turnover_inference
2015-11-02,159919,57.100311,深交所,https://stock.xueqiu.com/v5/stock/chart/kline.json,estimated,volume_turnover_inference
2015-11-02,510300,66.523877,上交所,https://query.sse.com.cn/commonQuery.do,official,exchange_disclosure
2015-11-02,510310,28.403074,上交所,https://query.sse.com.cn/commonQuery.do,official,exchange_disclosure
2015-11-02,510330,48.557498,上交所,https://query.sse.com.cn/commonQuery.do,official,exchange_disclosure
2015-11-03,159915,18.108694,深交所,https://stock.xueqiu.com/v5/stock/chart/kline.json,estimated,volume_turnover_inference
2015-11-03,159919,55.750973,深交所,https://stock.xueqiu.com/v5/stock/chart/kline.json,estimated,volume_turnover_inference
2015-11-03,510300,65.344877,上交所,https://query.sse.com.cn/commonQuery.do,official,exchange_disclosure
2015-11-03,510310,28.403074,上交所,https://query.sse.com.cn/commonQuery.do,official,exchange_disclosure
2015-11-03,510330,48.561568,上交所,https://query.sse.com.cn/commonQuery.do,official,exchange_disclosure
2015-11-04,159915,18.116659,深交所,https://stock.xueqiu.com/v5/stock/chart/kline.json,estimated,volume_turnover_inference
2015-11-04,159919,57.621085,深交所,https://stock.xueqiu.com/v5/stock/chart/kline.json,estimated,volume_turnover_inference
2015-11-04,510300,64.804877,上交所,https://query.sse.com.cn/commonQuery.do,official,exchange_disclosure
2015-11-04,510310,28.403074,上交所,https://query.sse.com.cn/commonQuery.do,official,exchange_disclosure
2015-11-04,510330,48.564401,上交所,https://query.sse.com.cn/commonQuery.do,official,exchange_disclosure
2015-11-05,159915,18.112577,深交所,https://stock.xueqiu.com/v5/stock/chart/kline.json,estimated,volume_turnover_inference
2015-11-05,159919,57.524492,深交所,https://stock.xueqiu.com/v5/stock/chart/kline.json,estimated,volume_turnover_inference
2015-11-05,510300,64.462877,上交所,https://query.sse.com.cn/commonQuery.do,official,exchange_disclosure
2015-11-05,510310,28.403074,上交所,https://query.sse.com.cn/commonQuery.do,official,exchange_disclosure
2015-11-05,510330,48.557498,上交所,https://query.sse.com.cn/commonQuery.do,official,exchange_disclosure
2015-11-06,159915,18.116325,深交所,https://stock.xueqiu.com/v5/stock/chart/kline.json,estimated,volume_turnover_inference
2015-11-06,159919,57.309362,深交所,https://stock.xueqiu.com/v5/stock/chart/kline.json,estimated,volume_turnover_inference
2015-11-06,510300,64.291877,上交所,https://query.sse.com.cn/commonQuery.do,official,exchange_disclosure
2015-11-06,510310,28.403074,上交所,https://query.sse.com.cn/commonQuery.do,official,exchange_disclosure
2015-11-06,510330,48.179498,上交所,https://query.sse.com.cn/commonQuery.do,official,exchange_disclosure
2015-11-09,159915,18.115271,深交所,https://stock.xueqiu.com/v5/stock/chart/kline.json,estimated,volume_turnover_inference
2015-11-09,159919,57.479971,深交所,https://stock.xueqiu.com/v5/stock/chart/kline.json,estimated,volume_turnover_inference
2015-11-09,510300,63.877877,上交所,https://query.sse.com.cn/commonQuery.do,official,exchange_disclosure
2015-11-09,510310,28.403074,上交所,https://query.sse.com.cn/commonQuery.do,official,exchange_disclosure
2015-11-09,510330,47.981498,上交所,https://query.sse.com.cn/commonQuery.do,official,exchange_disclosure
2015-11-10,159915,18.115647,深交所,https://stock.xueqiu.com/v5/stock/chart/kline.json,estimated,volume_turnover_inference
2015-11-10,159919,56.993338,深交所,https://stock.xueqiu.com/v5/stock/chart/kline.json,estimated,volume_turnover_inference
2015-11-10,510300,63.670877,上交所,https://query.sse.com.cn/commonQuery.do,official,exchange_disclosure
2015-11-10,510310,28.243074,上交所,https://query.sse.com.cn/commonQuery.do,official,exchange_disclosure
2015-11-10,510330,47.973011,上交所,https://query.sse.com.cn/commonQuery.do,official,exchange_disclosure
2015-11-11,159915,18.111993,深交所,https://stock.xueqiu.com/v5/stock/chart/kline.json,estimated,volume_turnover_inference
2015-11-11,159919,57.243685,深交所,https://stock.xueqiu.com/v5/stock/chart/kline.json,estimated,volume_turnover_inference
2015-11-11,510300,63.148877,上交所,https://query.sse.com.cn/commonQuery.do,official,exchange_disclosure
2015-11-11,510310,28.103074,上交所,https://query.sse.com.cn/commonQuery.do,official,exchange_disclosure
2015-11-11,510330,47.972498,上交所,https://query.sse.com.cn/commonQuery.do,official,exchange_disclosure
2015-11-12,159915,18.119842,深交所,https://stock.xueqiu.com/v5/stock/chart/kline.json,estimated,volume_turnover_inference
2015-11-12,159919,57.059837,深交所,https://stock.xueqiu.com/v5/stock/chart/kline.json,estimated,volume_turnover_inference
2015-11-12,510300,62.590877,上交所,https://query.sse.com.cn/commonQuery.do,official,exchange_disclosure
2015-11-12,510310,28.063074,上交所,https://query.sse.com.cn/commonQuery.do,official,exchange_disclosure
2015-11-12,510330,47.963498,上交所,https://query.sse.com.cn/commonQuery.do,official,exchange_disclosure
2015-11-13,159915,18.112493,深交所,https://stock.xueqiu.com/v5/stock/chart/kline.json,estimated,volume_turnover_inference
2015-11-13,159919,56.991886,深交所,https://stock.xueqiu.com/v5/stock/chart/kline.json,estimated,volume_turnover_inference
2015-11-13,510300,62.248877,上交所,https://query.sse.com.cn/commonQuery.do,official,exchange_disclosure
2015-11-13,510310,28.043074,上交所,https://query.sse.com.cn/commonQuery.do,official,exchange_disclosure
2015-11-13,510330,47.963498,上交所,https://query.sse.com.cn/commonQuery.do,official,exchange_disclosure
2015-11-16,159915,18.111419,深交所,https://stock.xueqiu.com/v5/stock/chart/kline.json,estimated,volume_turnover_inference
2015-11-16,159919,56.683993,深交所,https://stock.xueqiu.com/v5/stock/chart/kline.json,estimated,volume_turnover_inference
2015-11-16,510300,62.464877,上交所,https://query.sse.com.cn/commonQuery.do,official,exchange_disclosure
2015-11-16,510310,28.043074,上交所,https://query.sse.com.cn/commonQuery.do,official,exchange_disclosure
2015-11-16,510330,47.954557,上交所,https://query.sse.com.cn/commonQuery.do,official,exchange_disclosure
2015-11-17,159915,18.116116,深交所,https://stock.xueqiu.com/v5/stock/chart/kline.json,estimated,volume_turnover_inference
2015-11-17,159919,57.911855,深交所,https://stock.xueqiu.com/v5/stock/chart/kline.json,estimated,volume_turnover_inference
2015-11-17,510300,62.203877,上交所,https://query.sse.com.cn/commonQuery.do,official,exchange_disclosure
2015-11-17,510310,28.023074,上交所,https://query.sse.com.cn/commonQuery.do,official,exchange_disclosure
2015-11-17,510330,47.792498,上交所,https://query.sse.com.cn/commonQuery.do,official,exchange_disclosure
2015-11-18,159915,18.119498,深交所,https://stock.xueqiu.com/v5/stock/chart/kline.json,estimated,volume_turnover_inference
2015-11-18,159919,59.818527,深交所,https://stock.xueqiu.com/v5/stock/chart/kline.json,estimated,volume_turnover_inference
2015-11-18,510300,61.882760,上交所,https://query.sse.com.cn/commonQuery.do,official,exchange_disclosure
2015-11-18,510310,28.003074,上交所,https://query.sse.com.cn/commonQuery.do,official,exchange_disclosure
2015-11-18,510330,47.774498,上交所,https://query.sse.com.cn/commonQuery.do,official,exchange_disclosure
2015-11-19,159915,18.111486,深交所,https://stock.xueqiu.com/v5/stock/chart/kline.json,estimated,volume_turnover_inference
2015-11-19,159919,56.318400,深交所,https://stock.xueqiu.com/v5/stock/chart/kline.json,estimated,volume_turnover_inference
2015-11-19,510300,61.798877,上交所,https://query.sse.com.cn/commonQuery.do,official,exchange_disclosure
2015-11-19,510310,28.003074,上交所,https://query.sse.com.cn/commonQuery.do,official,exchange_disclosure
2015-11-19,510330,47.774498,上交所,https://query.sse.com.cn/commonQuery.do,official,exchange_disclosure
2015-11-20,159915,18.109961,深交所,https://stock.xueqiu.com/v5/stock/chart/kline.json,estimated,volume_turnover_inference
2015-11-20,159919,56.244013,深交所,https://stock.xueqiu.com/v5/stock/chart/kline.json,estimated,volume_turnover_inference
2015-11-20,510300,61.969877,上交所,https://query.sse.com.cn/commonQuery.do,official,exchange_disclosure
2015-11-20,510310,28.003074,上交所,https://query.sse.com.cn/commonQuery.do,official,exchange_disclosure
2015-11-20,510330,47.774498,上交所,https://query.sse.com.cn/commonQuery.do,official,exchange_disclosure
2015-11-23,159915,18.109961,深交所,https://stock.xueqiu.com/v5/stock/chart/kline.json,estimated,volume_turnover_inference
2015-11-23,159919,55.777033,深交所,https://stock.xueqiu.com/v5/stock/chart/kline.json,estimated,volume_turnover_inference
2015-11-23,510300,62.050877,上交所,https://query.sse.com.cn/commonQuery.do,official,exchange_disclosure
2015-11-23,510310,27.983074,上交所,https://query.sse.com.cn/commonQuery.do,official,exchange_disclosure
2015-11-23,510330,47.756498,上交所,https://query.sse.com.cn/commonQuery.do,official,exchange_disclosure
2015-11-24,159915,18.110303,深交所,https://stock.xueqiu.com/v5/stock/chart/kline.json,estimated,volume_turnover_inference
2015-11-24,159919,56.564248,深交所,https://stock.xueqiu.com/v5/stock/chart/kline.json,estimated,volume_turnover_inference
2015-11-24,510300,62.104877,上交所,https://query.sse.com.cn/commonQuery.do,official,exchange_disclosure
2015-11-24,510310,27.983074,上交所,https://query.sse.com.cn/commonQuery.do,official,exchange_disclosure
2015-11-24,510330,47.756498,上交所,https://query.sse.com.cn/commonQuery.do,official,exchange_disclosure
2015-11-25,159915,18.113059,深交所,https://stock.xueqiu.com/v5/stock/chart/kline.json,estimated,volume_turnover_inference
2015-11-25,159919,57.556681,深交所,https://stock.xueqiu.com/v5/stock/chart/kline.json,estimated,volume_turnover_inference
2015-11-25,510300,61.663877,上交所,https://query.sse.com.cn/commonQuery.do,official,exchange_disclosure
2015-11-25,510310,27.963074,上交所,https://query.sse.com.cn/commonQuery.do,official,exchange_disclosure
2015-11-25,510330,47.756498,上交所,https://query.sse.com.cn/commonQuery.do,official,exchange_disclosure
2015-11-26,159915,18.116762,深交所,https://stock.xueqiu.com/v5/stock/chart/kline.json,estimated,volume_turnover_inference
2015-11-26,159919,57.819256,深交所,https://stock.xueqiu.com/v5/stock/chart/kline.json,estimated,volume_turnover_inference
2015-11-26,510300,61.231877,上交所,https://query.sse.com.cn/commonQuery.do,official,exchange_disclosure
2015-11-26,510310,27.963074,上交所,https://query.sse.com.cn/commonQuery.do,official,exchange_disclosure
2015-11-26,510330,47.756498,上交所,https://query.sse.com.cn/commonQuery.do,official,exchange_disclosure
2015-11-27,159915,18.116790,深交所,https://stock.xueqiu.com/v5/stock/chart/kline.json,estimated,volume_turnover_inference
2015-11-27,159919,57.000156,深交所,https://stock.xueqiu.com/v5/stock/chart/kline.json,estimated,volume_turnover_inference
2015-11-27,510300,61.105877,上交所,https://query.sse.com.cn/commonQuery.do,official,exchange_disclosure
2015-11-27,510310,27.883074,上交所,https://query.sse.com.cn/commonQuery.do,official,exchange_disclosure
2015-11-27,510330,47.756498,上交所,https://query.sse.com.cn/commonQuery.do,official,exchange_disclosure
2015-11-30,159915,18.111952,深交所,https://stock.xueqiu.com/v5/stock/chart/kline.json,estimated,volume_turnover_inference
2015-11-30,159919,57.599754,深交所,https://stock.xueqiu.com/v5/stock/chart/kline.json,estimated,volume_turnover_inference
2015-11-30,510300,61.852861,上交所,https://query.sse.com.cn/commonQuery.do,official,exchange_disclosure
2015-11-30,510310,27.883074,上交所,https://query.sse.com.cn/commonQuery.do,official,exchange_disclosure
2015-11-30,510330,47.763051,上交所,https://query.sse.com.cn/commonQuery.do,official,exchange_disclosure
2015-12-01,159915,18.116426,深交所,https://stock.xueqiu.com/v5/stock/chart/kline.json,estimated,volume_turnover_inference
2015-12-01,159919,57.581671,深交所,https://stock.xueqiu.com/v5/stock/chart/kline.json,estimated,volume_turnover_inference
2015-12-01,510300,60.043877,上交所,https://query.sse.com.cn/commonQuery.do,official,exchange_disclosure
2015-12-01,510310,27.883074,上交所,https://query.sse.com.cn/commonQuery.do,official,exchange_disclosure
2015-12-01,510330,47.423498,上交所,https://query.sse.com.cn/commonQuery.do,official,exchange_disclosure
2015-12-02,159915,18.117585,深交所,https://stock.xueqiu.com/v5/stock/chart/kline.json,estimated,volume_turnover_inference
2015-12-02,159919,57.624526,深交所,https://stock.xueqiu.com/v5/stock/chart/kline.json,estimated,volume_turnover_inference
2015-12-02,510300,59.661836,上交所,https://query.sse.com.cn/commonQuery.do,official,exchange_disclosure
2015-12-02,510310,27.883074,上交所,https://query.sse.com.cn/commonQuery.do,official,exchange_disclosure
2015-12-02,510330,47.423498,上交所,https://query.sse.com.cn/commonQuery.do,official,exchange_disclosure
2015-12-03,159915,18.111188,深交所,https://stock.xueqiu.com/v5/stock/chart/kline.json,estimated,volume_turnover_inference
2015-12-03,159919,57.580045,深交所,https://stock.xueqiu.com/v5/stock/chart/kline.json,estimated,volume_turnover_inference
2015-12-03,510300,59.692877,上交所,https://query.sse.com.cn/commonQuery.do,official,exchange_disclosure
2015-12-03,510310,27.863074,上交所,https://query.sse.com.cn/commonQuery.do,official,exchange_disclosure
2015-12-03,510330,47.414498,上交所,https://query.sse.com.cn/commonQuery.do,official,exchange_disclosure
2015-12-04,159915,18.119105,深交所,https://stock.xueqiu.com/v5/stock/chart/kline.json,estimated,volume_turnover_inference
2015-12-04,159919,58.750087,深交所,https://stock.xueqiu.com/v5/stock/chart/kline.json,estimated,volume_turnover_inference
2015-12-04,510300,59.431877,上交所,https://query.sse.com.cn/commonQuery.do,official,exchange_disclosure
2015-12-04,510310,27.863074,上交所,https://query.sse.com.cn/commonQuery.do,official,exchange_disclosure
2015-12-04,510330,47.432498,上交所,https://query.sse.com.cn/commonQuery.do,official,exchange_disclosure
2015-12-07,159915,18.117962,深交所,https://stock.xueqiu.com/v5/stock/chart/kline.json,estimated,volume_turnover_inference
2015-12-07,159919,56.897394,深交所,https://stock.xueqiu.com/v5/stock/chart/kline.json,estimated,volume_turnover_inference
2015-12-07,510300,59.431877,上交所,https://query.sse.com.cn/commonQuery.do,official,exchange_disclosure
2015-12-07,510310,27.863074,上交所,https://query.sse.com.cn/commonQuery.do,official,exchange_disclosure
2015-12-07,510330,47.432498,上交所,https://query.sse.com.cn/commonQuery.do,official,exchange_disclosure
2015-12-08,159915,18.118480,深交所,https://stock.xueqiu.com/v5/stock/chart/kline.json,estimated,volume_turnover_inference
2015-12-08,159919,57.266668,深交所,https://stock.xueqiu.com/v5/stock/chart/kline.json,estimated,volume_turnover_inference
2015-12-08,510300,59.224877,上交所,https://query.sse.com.cn/commonQuery.do,official,exchange_disclosure
2015-12-08,510310,27.863074,上交所,https://query.sse.com.cn/commonQuery.do,official,exchange_disclosure
2015-12-08,510330,47.432498,上交所,https://query.sse.com.cn/commonQuery.do,official,exchange_disclosure
2015-12-09,159915,18.116575,深交所,https://stock.xueqiu.com/v5/stock/chart/kline.json,estimated,volume_turnover_inference
2015-12-09,159919,56.874050,深交所,https://stock.xueqiu.com/v5/stock/chart/kline.json,estimated,volume_turnover_inference
2015-12-09,510300,59.467970,上交所,https://query.sse.com.cn/commonQuery.do,official,exchange_disclosure
2015-12-09,510310,27.863074,上交所,https://query.sse.com.cn/commonQuery.do,official,exchange_disclosure
2015-12-09,510330,47.342498,上交所,https://query.sse.com.cn/commonQuery.do,official,exchange_disclosure
2015-12-10,159915,18.110659,深交所,https://stock.xueqiu.com/v5/stock/chart/kline.json,estimated,volume_turnover_inference
2015-12-10,159919,56.912009,深交所,https://stock.xueqiu.com/v5/stock/chart/kline.json,estimated,volume_turnover_inference
2015-12-10,510300,58.855877,上交所,https://query.sse.com.cn/commonQuery.do,official,exchange_disclosure
2015-12-10,510310,27.863074,上交所,https://query.sse.com.cn/commonQuery.do,official,exchange_disclosure
2015-12-10,510330,47.144502,上交所,https://query.sse.com.cn/commonQuery.do,official,exchange_disclosure
2015-12-11,159915,18.109990,深交所,https://stock.xueqiu.com/v5/stock/chart/kline.json,estimated,volume_turnover_inference
2015-12-11,159919,57.379585,深交所,https://stock.xueqiu.com/v5/stock/chart/kline.json,estimated,volume_turnover_inference
2015-12-11,510300,59.089877,上交所,https://query.sse.com.cn/commonQuery.do,official,exchange_disclosure
2015-12-11,510310,27.863074,上交所,https://query.sse.com.cn/commonQuery.do,official,exchange_disclosure
2015-12-11,510330,47.153498,上交所,https://query.sse.com.cn/commonQuery.do,official,exchange_disclosure
2015-12-14,159915,18.119214,深交所,https://stock.xueqiu.com/v5/stock/chart/kline.json,estimated,volume_turnover_inference
2015-12-14,159919,57.833178,深交所,https://stock.xueqiu.com/v5/stock/chart/kline.json,estimated,volume_turnover_inference
2015-12-14,510300,59.935877,上交所,https://query.sse.com.cn/commonQuery.do,official,exchange_disclosure
2015-12-14,510310,27.843074,上交所,https://query.sse.com.cn/commonQuery.do,official,exchange_disclosure
2015-12-14,510330,46.703498,上交所,https://query.sse.com.cn/commonQuery.do,official,exchange_disclosure
2015-12-15,159915,18.116891,深交所,https://stock.xueqiu.com/v5/stock/chart/kline.json,estimated,volume_turnover_inference
2015-12-15,159919,59.142727,深交所,https://stock.xueqiu.com/v5/stock/chart/kline.json,estimated,volume_turnover_inference
2015-12-15,510300,60.088877,上交所,https://query.sse.com.cn/commonQuery.do,official,exchange_disclosure
2015-12-15,510310,27.843074,上交所,https://query.sse.com.cn/commonQuery.do,official,exchange_disclosure
2015-12-15,510330,46.685498,上交所,https://query.sse.com.cn/commonQuery.do,official,exchange_disclosure
2015-12-16,159915,18.109910,深交所,https://stock.xueqiu.com/v5/stock/chart/kline.json,estimated,volume_turnover_inference
2015-12-16,159919,55.841907,深交所,https://stock.xueqiu.com/v5/stock/chart/kline.json,estimated,volume_turnover_inference
2015-12-16,510300,60.232877,上交所,https://query.sse.com.cn/commonQuery.do,official,exchange_disclosure
2015-12-16,510310,27.843074,上交所,https://query.sse.com.cn/commonQuery.do,official,exchange_disclosure
2015-12-16,510330,46.685498,上交所,https://query.sse.com.cn/commonQuery.do,official,exchange_disclosure
2015-12-17,159915,18.109419,深交所,https://stock.xueqiu.com/v5/stock/chart/kline.json,estimated,volume_turnover_inference
2015-12-17,159919,56.037813,深交所,https://stock.xueqiu.com/v5/stock/chart/kline.json,estimated,volume_turnover_inference
2015-12-17,510300,60.394877,上交所,https://query.sse.com.cn/commonQuery.do,official,exchange_disclosure
2015-12-17,510310,27.843074,上交所,https://query.sse.com.cn/commonQuery.do,official,exchange_disclosure
2015-12-17,510330,46.685498,上交所,https://query.sse.com.cn/commonQuery.do,official,exchange_disclosure
2015-12-18,159915,18.114807,深交所,https://stock.xueqiu.com/v5/stock/chart/kline.json,estimated,volume_turnover_inference
2015-12-18,159919,57.007585,深交所,https://stock.xueqiu.com/v5/stock/chart/kline.json,estimated,volume_turnover_inference
2015-12-18,510300,60.052877,上交所,https://query.sse.com.cn/commonQuery.do,official,exchange_disclosure
2015-12-18,510310,27.823074,上交所,https://query.sse.com.cn/commonQuery.do,official,exchange_disclosure
2015-12-18,510330,46.676498,上交所,https://query.sse.com.cn/commonQuery.do,official,exchange_disclosure
2015-12-21,159915,18.115156,深交所,https://stock.xueqiu.com/v5/stock/chart/kline.json,estimated,volume_turnover_inference
2015-12-21,159919,57.367750,深交所,https://stock.xueqiu.com/v5/stock/chart/kline.json,estimated,volume_turnover_inference
2015-12-21,510300,59.971877,上交所,https://query.sse.com.cn/commonQuery.do,official,exchange_disclosure
2015-12-21,510310,27.703074,上交所,https://query.sse.com.cn/commonQuery.do,official,exchange_disclosure
2015-12-21,510330,46.577498,上交所,https://query.sse.com.cn/commonQuery.do,official,exchange_disclosure
2015-12-22,159915,18.114700,深交所,https://stock.xueqiu.com/v5/stock/chart/kline.json,estimated,volume_turnover_inference
2015-12-22,159919,57.003456,深交所,https://stock.xueqiu.com/v5/stock/chart/kline.json,estimated,volume_turnover_inference
2015-12-22,510300,59.620877,上交所,https://query.sse.com.cn/commonQuery.do,official,exchange_disclosure
2015-12-22,510310,27.503074,上交所,https://query.sse.com.cn/commonQuery.do,official,exchange_disclosure
2015-12-22,510330,46.568498,上交所,https://query.sse.com.cn/commonQuery.do,official,exchange_disclosure
2015-12-23,159915,18.119088,深交所,https://stock.xueqiu.com/v5/stock/chart/kline.json,estimated,volume_turnover_inference
2015-12-23,159919,55.796800,深交所,https://stock.xueqiu.com/v5/stock/chart/kline.json,estimated,volume_turnover_inference
2015-12-23,510300,58.352166,上交所,https://query.sse.com.cn/commonQuery.do,official,exchange_disclosure
2015-12-23,510310,27.403074,上交所,https://query.sse.com.cn/commonQuery.do,official,exchange_disclosure
2015-12-23,510330,46.568498,上交所,https://query.sse.com.cn/commonQuery.do,official,exchange_disclosure
2015-12-24,159915,18.114444,深交所,https://stock.xueqiu.com/v5/stock/chart/kline.json,estimated,volume_turnover_inference
2015-12-24,159919,57.581311,深交所,https://stock.xueqiu.com/v5/stock/chart/kline.json,estimated,volume_turnover_inference
2015-12-24,510300,58.369877,上交所,https://query.sse.com.cn/commonQuery.do,official,exchange_disclosure
2015-12-24,510310,27.303074,上交所,https://query.sse.com.cn/commonQuery.do,official,exchange_disclosure
2015-12-24,510330,46.577498,上交所,https://query.sse.com.cn/commonQuery.do,official,exchange_disclosure
2015-12-25,159915,18.110965,深交所,https://stock.xueqiu.com/v5/stock/chart/kline.json,estimated,volume_turnover_inference
2015-12-25,159919,57.066810,深交所,https://stock.xueqiu.com/v5/stock/chart/kline.json,estimated,volume_turnover_inference
2015-12-25,510300,57.847877,上交所,https://query.sse.com.cn/commonQuery.do,official,exchange_disclosure
2015-12-25,510310,27.303074,上交所,https://query.sse.com.cn/commonQuery.do,official,exchange_disclosure
2015-12-25,510330,46.579128,上交所,https://query.sse.com.cn/commonQuery.do,official,exchange_disclosure
2015-12-28,159915,18.116470,深交所,https://stock.xueqiu.com/v5/stock/chart/kline.json,estimated,volume_turnover_inference
2015-12-28,159919,57.366013,深交所,https://stock.xueqiu.com/v5/stock/chart/kline.json,estimated,volume_turnover_inference
2015-12-28,510300,57.964877,上交所,https://query.sse.com.cn/commonQuery.do,official,exchange_disclosure
2015-12-28,510310,27.283074,上交所,https://query.sse.com.cn/commonQuery.do,official,exchange_disclosure
2015-12-28,510330,46.588431,上交所,https://query.sse.com.cn/commonQuery.do,official,exchange_disclosure
2015-12-29,159915,18.109555,深交所,https://stock.xueqiu.com/v5/stock/chart/kline.json,estimated,volume_turnover_inference
2015-12-29,159919,57.160113,深交所,https://stock.xueqiu.com/v5/stock/chart/kline.json,estimated,volume_turnover_inference
2015-12-29,510300,58.468877,上交所,https://query.sse.com.cn/commonQuery.do,official,exchange_disclosure
2015-12-29,510310,27.283074,上交所,https://query.sse.com.cn/commonQuery.do,official,exchange_disclosure
2015-12-29,510330,46.514498,上交所,https://query.sse.com.cn/commonQuery.do,official,exchange_disclosure
2015-12-30,159915,18.104589,深交所,https://stock.xueqiu.com/v5/stock/chart/kline.json,estimated,volume_turnover_inference
2015-12-30,159919,56.282047,深交所,https://stock.xueqiu.com/v5/stock/chart/kline.json,estimated,volume_turnover_inference
2015-12-30,510300,57.937877,上交所,https://query.sse.com.cn/commonQuery.do,official,exchange_disclosure
2015-12-30,510310,27.283074,上交所,https://query.sse.com.cn/commonQuery.do,official,exchange_disclosure
2015-12-30,510330,46.496498,上交所,https://query.sse.com.cn/commonQuery.do,official,exchange_disclosure
2015-12-31,159915,18.110087,深交所,https://stock.xueqiu.com/v5/stock/chart/kline.json,estimated,volume_turnover_inference
2015-12-31,159919,56.290420,深交所,https://stock.xueqiu.com/v5/stock/chart/kline.json,estimated,volume_turnover_inference
2015-12-31,510300,57.749072,上交所,https://query.sse.com.cn/commonQuery.do,official,exchange_disclosure
2015-12-31,510310,27.283074,上交所,https://query.sse.com.cn/commonQuery.do,official,exchange_disclosure
2015-12-31,510330,46.505498,上交所,https://query.sse.com.cn/commonQuery.do,official,exchange_disclosure
2016-01-04,159915,16.240698,深交所,https://stock.xueqiu.com/v5/stock/chart/kline.json,estimated,volume_turnover_inference
2016-01-04,159919,52.116364,深交所,https://stock.xueqiu.com/v5/stock/chart/kline.json,estimated,volume_turnover_inference
2016-01-04,510300,57.586877,上交所,https://query.sse.com.cn/commonQuery.do,official,exchange_disclosure
2016-01-04,510310,27.278519,上交所,https://query.sse.com.cn/commonQuery.do,official,exchange_disclosure
2016-01-04,510330,46.478498,上交所,https://query.sse.com.cn/commonQuery.do,official,exchange_disclosure
2016-01-05,159915,16.235472,深交所,https://stock.xueqiu.com/v5/stock/chart/kline.json,estimated,volume_turnover_inference
2016-01-05,159919,52.285525,深交所,https://stock.xueqiu.com/v5/stock/chart/kline.json,estimated,volume_turnover_inference
2016-01-05,510300,60.175498,上交所,https://query.sse.com.cn/commonQuery.do,official,exchange_disclosure
2016-01-05,510310,27.310138,上交所,https://query.sse.com.cn/commonQuery.do,official,exchange_disclosure
2016-01-05,510330,46.523316,上交所,https://query.sse.com.cn/commonQuery.do,official,exchange_disclosure
2016-01-06,159915,16.237490,深交所,https://stock.xueqiu.com/v5/stock/chart/kline.json,estimated,volume_turnover_inference
2016-01-06,159919,51.527150,深交所,https://stock.xueqiu.com/v5/stock/chart/kline.json,estimated,volume_turnover_inference
2016-01-06,510300,59.809877,上交所,https://query.sse.com.cn/commonQuery.do,official,exchange_disclosure
2016-01-06,510310,27.323074,上交所,https://query.sse.com.cn/commonQuery.do,official,exchange_disclosure
2016-01-06,510330,46.523498,上交所,https://query.sse.com.cn/commonQuery.do,official,exchange_disclosure
2016-01-07,159915,16.223693,深交所,https://stock.xueqiu.com/v5/stock/chart/kline.json,estimated,volume_turnover_inference
2016-01-07,159919,49.296243,深交所,https://stock.xueqiu.com/v5/stock/chart/kline.json,estimated,volume_turnover_inference
2016-01-07,510300,59.913859,上交所,https://query.sse.com.cn/commonQuery.do,official,exchange_disclosure
2016-01-07,510310,27.323074,上交所,https://query.sse.com.cn/commonQuery.do,official,exchange_disclosure
2016-01-07,510330,46.523498,上交所,https://query.sse.com.cn/commonQuery.do,official,exchange_disclosure
2016-01-08,159915,16.232120,深交所,https://stock.xueqiu.com/v5/stock/chart/kline.json,estimated,volume_turnover_inference
2016-01-08,159919,52.147384,深交所,https://stock.xueqiu.com/v5/stock/chart/kline.json,estimated,volume_turnover_inference
2016-01-08,510300,62.347877,上交所,https://query.sse.com.cn/commonQuery.do,official,exchange_disclosure
2016-01-08,510310,27.323074,上交所,https://query.sse.com.cn/commonQuery.do,official,exchange_disclosure
2016-01-08,510330,46.568498,上交所,https://query.sse.com.cn/commonQuery.do,official,exchange_disclosure
2016-01-11,159915,16.236824,深交所,https://stock.xueqiu.com/v5/stock/chart/kline.json,estimated,volume_turnover_inference
2016-01-11,159919,52.943045,深交所,https://stock.xueqiu.com/v5/stock/chart/kline.json,estimated,volume_turnover_inference
2016-01-11,510300,64.589399,上交所,https://query.sse.com.cn/commonQuery.do,official,exchange_disclosure
2016-01-11,510310,27.343074,上交所,https://query.sse.com.cn/commonQuery.do,official,exchange_disclosure
2016-01-11,510330,46.622498,上交所,https://query.sse.com.cn/commonQuery.do,official,exchange_disclosure
2016-01-12,159915,16.235441,深交所,https://stock.xueqiu.com/v5/stock/chart/kline.json,estimated,volume_turnover_inference
2016-01-12,159919,51.584238,深交所,https://stock.xueqiu.com/v5/stock/chart/kline.json,estimated,volume_turnover_inference
2016-01-12,510300,65.992877,上交所,https://query.sse.com.cn/commonQuery.do,official,exchange_disclosure
2016-01-12,510310,27.360197,上交所,https://query.sse.com.cn/commonQuery.do,official,exchange_disclosure
2016-01-12,510330,46.671959,上交所,https://query.sse.com.cn/commonQuery.do,official,exchange_disclosure
2016-01-13,159915,16.233542,深交所,https://stock.xueqiu.com/v5/stock/chart/kline.json,estimated,volume_turnover_inference
2016-01-13,159919,52.270674,深交所,https://stock.xueqiu.com/v5/stock/chart/kline.json,estimated,volume_turnover_inference
2016-01-13,510300,65.416877,上交所,https://query.sse.com.cn/commonQuery.do,official,exchange_disclosure
2016-01-13,510310,27.390978,上交所,https://query.sse.com.cn/commonQuery.do,official,exchange_disclosure
2016-01-13,510330,46.766498,上交所,https://query.sse.com.cn/commonQuery.do,official,exchange_disclosure
2016-01-14,159915,16.240466,深交所,https://stock.xueqiu.com/v5/stock/chart/kline.json,estimated,volume_turnover_inference
2016-01-14,159919,52.115618,深交所,https://stock.xueqiu.com/v5/stock/chart/kline.json,estimated,volume_turnover_inference
2016-01-14,510300,67.116270,上交所,https://query.sse.com.cn/commonQuery.do,official,exchange_disclosure
2016-01-14,510310,27.403074,上交所,https://query.sse.com.cn/commonQuery.do,official,exchange_disclosure
2016-01-14,510330,46.778851,上交所,https://query.sse.com.cn/commonQuery.do,official,exchange_disclosure
2016-01-15,159915,16.235204,深交所,https://stock.xueqiu.com/v5/stock/chart/kline.json,estimated,volume_turnover_inference
2016-01-15,159919,52.997439,深交所,https://stock.xueqiu.com/v5/stock/chart/kline.json,estimated,volume_turnover_inference
2016-01-15,510300,68.089877,上交所,https://query.sse.com.cn/commonQuery.do,official,exchange_disclosure
2016-01-15,510310,27.583074,上交所,https://query.sse.com.cn/commonQuery.do,official,exchange_disclosure
2016-01-15,510330,46.802498,上交所,https://query.sse.com.cn/commonQuery.do,official,exchange_disclosure
2016-01-18,159915,16.236662,深交所,https://stock.xueqiu.com/v5/stock/chart/kline.json,estimated,volume_turnover_inference
2016-01-18,159919,51.959077,深交所,https://stock.xueqiu.com/v5/stock/chart/kline.json,estimated,volume_turnover_inference
2016-01-18,510300,69.223877,上交所,https://query.sse.com.cn/commonQuery.do,official,exchange_disclosure
2016-01-18,510310,27.583074,上交所,https://query.sse.com.cn/commonQuery.do,official,exchange_disclosure
2016-01-18,510330,46.870334,上交所,https://query.sse.com.cn/commonQuery.do,official,exchange_disclosure
2016-01-19,159915,16.233293,深交所,https://stock.xueqiu.com/v5/stock/chart/kline.json,estimated,volume_turnover_inference
2016-01-19,159919,52.794568,深交所,https://stock.xueqiu.com/v5/stock/chart/kline.json,estimated,volume_turnover_inference
2016-01-19,510300,68.764877,上交所,https://query.sse.com.cn/commonQuery.do,official,exchange_disclosure
2016-01-19,510310,27.603074,上交所,https://query.sse.com.cn/commonQuery.do,official,exchange_disclosure
2016-01-19,510330,47.042565,上交所,https://query.sse.com.cn/commonQuery.do,official,exchange_disclosure
2016-01-20,159915,16.234639,深交所,https://stock.xueqiu.com/v5/stock/chart/kline.json,estimated,volume_turnover_inference
2016-01-20,159919,52.109312,深交所,https://stock.xueqiu.com/v5/stock/chart/kline.json,estimated,volume_turnover_inference
2016-01-20,510300,68.341877,上交所,https://query.sse.com.cn/commonQuery.do,official,exchange_disclosure
2016-01-20,510310,27.603074,上交所,https://query.sse.com.cn/commonQuery.do,official,exchange_disclosure
2016-01-20,510330,47.050416,上交所,https://query.sse.com.cn/commonQuery.do,official,exchange_disclosure
2016-01-21,159915,16.232346,深交所,https://stock.xueqiu.com/v5/stock/chart/kline.json,estimated,volume_turnover_inference
2016-01-21,159919,51.993710,深交所,https://stock.xueqiu.com/v5/stock/chart/kline.json,estimated,volume_turnover_inference
2016-01-21,510300,69.484877,上交所,https://query.sse.com.cn/commonQuery.do,official,exchange_disclosure
2016-01-21,510310,27.603074,上交所,https://query.sse.com.cn/commonQuery.do,official,exchange_disclosure
2016-01-21,510330,47.099498,上交所,https://query.sse.com.cn/commonQuery.do,official,exchange_disclosure
2016-01-22,159915,16.232021,深交所,https://stock.xueqiu.com/v5/stock/chart/kline.json,estimated,volume_turnover_inference
2016-01-22,159919,51.743940,深交所,https://stock.xueqiu.com/v5/stock/chart/kline.json,estimated,volume_turnover_inference
2016-01-22,510300,70.564877,上交所,https://query.sse.com.cn/commonQuery.do,official,exchange_disclosure
2016-01-22,510310,27.616348,上交所,https://query.sse.com.cn/commonQuery.do,official,exchange_disclosure
2016-01-22,510330,47.109468,上交所,https://query.sse.com.cn/commonQuery.do,official,exchange_disclosure
2016-01-25,159915,16.231916,深交所,https://stock.xueqiu.com/v5/stock/chart/kline.json,estimated,volume_turnover_inference
2016-01-25,159919,50.578575,深交所,https://stock.xueqiu.com/v5/stock/chart/kline.json,estimated,volume_turnover_inference
2016-01-25,510300,70.276877,上交所,https://query.sse.com.cn/commonQuery.do,official,exchange_disclosure
2016-01-25,510310,27.623074,上交所,https://query.sse.com.cn/commonQuery.do,official,exchange_disclosure
2016-01-25,510330,47.153498,上交所,https://query.sse.com.cn/commonQuery.do,official,exchange_disclosure
2016-01-26,159915,16.236285,深交所,https://stock.xueqiu.com/v5/stock/chart/kline.json,estimated,volume_turnover_inference
2016-01-26,159919,52.203666,深交所,https://stock.xueqiu.com/v5/stock/chart/kline.json,estimated,volume_turnover_inference
2016-01-26,510300,70.735877,上交所,https://query.sse.com.cn/commonQuery.do,official,exchange_disclosure
2016-01-26,510310,27.709915,上交所,https://query.sse.com.cn/commonQuery.do,official,exchange_disclosure
2016-01-26,510330,47.165509,上交所,https://query.sse.com.cn/commonQuery.do,official,exchange_disclosure
2016-01-27,159915,16.234851,深交所,https://stock.xueqiu.com/v5/stock/chart/kline.json,estimated,volume_turnover_inference
2016-01-27,159919,52.194795,深交所,https://stock.xueqiu.com/v5/stock/chart/kline.json,estimated,volume_turnover_inference
2016-01-27,510300,74.155233,上交所,https://query.sse.com.cn/commonQuery.do,official,exchange_disclosure
2016-01-27,510310,28.023074,上交所,https://query.sse.com.cn/commonQuery.do,official,exchange_disclosure
2016-01-27,510330,47.241143,上交所,https://query.sse.com.cn/commonQuery.do,official,exchange_disclosure
2016-01-28,159915,16.231397,深交所,https://stock.xueqiu.com/v5/stock/chart/kline.json,estimated,volume_turnover_inference
2016-01-28,159919,50.444664,深交所,https://stock.xueqiu.com/v5/stock/chart/kline.json,estimated,volume_turnover_inference
2016-01-28,510300,73.777877,上交所,https://query.sse.com.cn/commonQuery.do,official,exchange_disclosure
2016-01-28,510310,28.023074,上交所,https://query.sse.com.cn/commonQuery.do,official,exchange_disclosure
2016-01-28,510330,47.315498,上交所,https://query.sse.com.cn/commonQuery.do,official,exchange_disclosure
2016-01-29,159915,16.230578,深交所,https://stock.xueqiu.com/v5/stock/chart/kline.json,estimated,volume_turnover_inference
2016-01-29,159919,51.240611,深交所,https://stock.xueqiu.com/v5/stock/chart/kline.json,estimated,volume_turnover_inference
2016-01-29,510300,74.290877,上交所,https://query.sse.com.cn/commonQuery.do,official,exchange_disclosure
2016-01-29,510310,28.343074,上交所,https://query.sse.com.cn/commonQuery.do,official,exchange_disclosure
2016-01-29,510330,47.323983,上交所,https://query.sse.com.cn/commonQuery.do,official,exchange_disclosure
2016-02-01,159915,16.238292,深交所,https://stock.xueqiu.com/v5/stock/chart/kline.json,estimated,volume_turnover_inference
2016-02-01,159919,54.281250,深交所,https://stock.xueqiu.com/v5/stock/chart/kline.json,estimated,volume_turnover_inference
2016-02-01,510300,74.468804,上交所,https://query.sse.com.cn/commonQuery.do,official,exchange_disclosure
2016-02-01,510310,28.337830,上交所,https://query.sse.com.cn/commonQuery.do,official,exchange_disclosure
2016-02-01,510330,47.351498,上交所,https://query.sse.com.cn/commonQuery.do,official,exchange_disclosure
2016-02-02,159915,16.235140,深交所,https://stock.xueqiu.com/v5/stock/chart/kline.json,estimated,volume_turnover_inference
2016-02-02,159919,53.886653,深交所,https://stock.xueqiu.com/v5/stock/chart/kline.json,estimated,volume_turnover_inference
2016-02-02,510300,75.010877,上交所,https://query.sse.com.cn/commonQuery.do,official,exchange_disclosure
2016-02-02,510310,28.343074,上交所,https://query.sse.com.cn/commonQuery.do,official,exchange_disclosure
2016-02-02,510330,47.378498,上交所,https://query.sse.com.cn/commonQuery.do,official,exchange_disclosure
2016-02-03,159915,16.239020,深交所,https://stock.xueqiu.com/v5/stock/chart/kline.json,estimated,volume_turnover_inference
2016-02-03,159919,53.834869,深交所,https://stock.xueqiu.com/v5/stock/chart/kline.json,estimated,volume_turnover_inference
2016-02-03,510300,75.047284,上交所,https://query.sse.com.cn/commonQuery.do,official,exchange_disclosure
2016-02-03,510310,28.643074,上交所,https://query.sse.com.cn/commonQuery.do,official,exchange_disclosure
2016-02-03,510330,47.405414,上交所,https://query.sse.com.cn/commonQuery.do,official,exchange_disclosure
2016-02-04,159915,16.234683,深交所,https://stock.xueqiu.com/v5/stock/chart/kline.json,estimated,volume_turnover_inference
2016-02-04,159919,52.764185,深交所,https://stock.xueqiu.com/v5/stock/chart/kline.json,estimated,volume_turnover_inference
2016-02-04,510300,75.352877,上交所,https://query.sse.com.cn/commonQuery.do,official,exchange_disclosure
2016-02-04,510310,28.643074,上交所,https://query.sse.com.cn/commonQuery.do,official,exchange_disclosure
2016-02-04,510330,47.460568,上交所,https://query.sse.com.cn/commonQuery.do,official,exchange_disclosure
2016-02-05,159915,16.234372,深交所,https://stock.xueqiu.com/v5/stock/chart/kline.json,estimated,volume_turnover_inference
2016-02-05,159919,51.768760,深交所,https://stock.xueqiu.com/v5/stock/chart/kline.json,estimated,volume_turnover_inference
2016-02-05,510300,76.576877,上交所,https://query.sse.com.cn/commonQuery.do,official,exchange_disclosure
2016-02-05,510310,28.643074,上交所,https://query.sse.com.cn/commonQuery.do,official,exchange_disclosure
2016-02-05,510330,47.459498,上交所,https://query.sse.com.cn/commonQuery.do,official,exchange_disclosure
2016-02-15,159915,16.235783,深交所,https://stock.xueqiu.com/v5/stock/chart/kline.json,estimated,volume_turnover_inference
2016-02-15,159919,50.481333,深交所,https://stock.xueqiu.com/v5/stock/chart/kline.json,estimated,volume_turnover_inference
2016-02-15,510300,77.266774,上交所,https://query.sse.com.cn/commonQuery.do,official,exchange_disclosure
2016-02-15,510310,28.643074,上交所,https://query.sse.com.cn/commonQuery.do,official,exchange_disclosure
2016-02-15,510330,47.468498,上交所,https://query.sse.com.cn/commonQuery.do,official,exchange_disclosure
2016-02-16,159915,16.236804,深交所,https://stock.xueqiu.com/v5/stock/chart/kline.json,estimated,volume_turnover_inference
2016-02-16,159919,52.280678,深交所,https://stock.xueqiu.com/v5/stock/chart/kline.json,estimated,volume_turnover_inference
2016-02-16,510300,76.486877,上交所,https://query.sse.com.cn/commonQuery.do,official,exchange_disclosure
2016-02-16,510310,28.643074,上交所,https://query.sse.com.cn/commonQuery.do,official,exchange_disclosure
2016-02-16,510330,47.486578,上交所,https://query.sse.com.cn/commonQuery.do,official,exchange_disclosure
2016-02-17,159915,16.232586,深交所,https://stock.xueqiu.com/v5/stock/chart/kline.json,estimated,volume_turnover_inference
2016-02-17,159919,51.909110,深交所,https://stock.xueqiu.com/v5/stock/chart/kline.json,estimated,volume_turnover_inference
2016-02-17,510300,75.730877,上交所,https://query.sse.com.cn/commonQuery.do,official,exchange_disclosure
2016-02-17,510310,28.643074,上交所,https://query.sse.com.cn/commonQuery.do,official,exchange_disclosure
2016-02-17,510330,47.495498,上交所,https://query.sse.com.cn/commonQuery.do,official,exchange_disclosure
2016-02-18,159915,16.235796,深交所,https://stock.xueqiu.com/v5/stock/chart/kline.json,estimated,volume_turnover_inference
2016-02-18,159919,53.694620,深交所,https://stock.xueqiu.com/v5/stock/chart/kline.json,estimated,volume_turnover_inference
2016-02-18,510300,76.243877,上交所,https://query.sse.com.cn/commonQuery.do,official,exchange_disclosure
2016-02-18,510310,28.643074,上交所,https://query.sse.com.cn/commonQuery.do,official,exchange_disclosure
2016-02-18,510330,47.468498,上交所,https://query.sse.com.cn/commonQuery.do,official,exchange_disclosure
2016-02-19,159915,16.233518,深交所,https://stock.xueqiu.com/v5/stock/chart/kline.json,estimated,volume_turnover_inference
2016-02-19,159919,52.529867,深交所,https://stock.xueqiu.com/v5/stock/chart/kline.json,estimated,volume_turnover_inference
2016-02-19,510300,77.053877,上交所,https://query.sse.com.cn/commonQuery.do,official,exchange_disclosure
2016-02-19,510310,28.643074,上交所,https://query.sse.com.cn/commonQuery.do,official,exchange_disclosure
2016-02-19,510330,47.468498,上交所,https://query.sse.com.cn/commonQuery.do,official,exchange_disclosure
2016-02-22,159915,16.237537,深交所,https://stock.xueqiu.com/v5/stock/chart/kline.json,estimated,volume_turnover_inference
2016-02-22,159919,53.715310,深交所,https://stock.xueqiu.com/v5/stock/chart/kline.json,estimated,volume_turnover_inference
2016-02-22,510300,75.475485,上交所,https://query.sse.com.cn/commonQuery.do,official,exchange_disclosure
2016-02-22,510310,28.643074,上交所,https://query.sse.com.cn/commonQuery.do,official,exchange_disclosure
2016-02-22,510330,47.486498,上交所,https://query.sse.com.cn/commonQuery.do,official,exchange_disclosure
2016-02-23,159915,16.232487,深交所,https://stock.xueqiu.com/v5/stock/chart/kline.json,estimated,volume_turnover_inference
2016-02-23,159919,51.169350,深交所,https://stock.xueqiu.com/v5/stock/chart/kline.json,estimated,volume_turnover_inference
2016-02-23,510300,74.056877,上交所,https://query.sse.com.cn/commonQuery.do,official,exchange_disclosure
2016-02-23,510310,28.643074,上交所,https://query.sse.com.cn/commonQuery.do,official,exchange_disclosure
2016-02-23,510330,47.495498,上交所,https://query.sse.com.cn/commonQuery.do,official,exchange_disclosure
2016-02-24,159915,16.237065,深交所,https://stock.xueqiu.com/v5/stock/chart/kline.json,estimated,volume_turnover_inference
2016-02-24,159919,54.063609,深交所,https://stock.xueqiu.com/v5/stock/chart/kline.json,estimated,volume_turnover_inference
2016-02-24,510300,72.435887,上交所,https://query.sse.com.cn/commonQuery.do,official,exchange_disclosure
2016-02-24,510310,28.643074,上交所,https://query.sse.com.cn/commonQuery.do,official,exchange_disclosure
2016-02-24,510330,47.513058,上交所,https://query.sse.com.cn/commonQuery.do,official,exchange_disclosure
2016-02-25,159915,16.233345,深交所,https://stock.xueqiu.com/v5/stock/chart/kline.json,estimated,volume_turnover_inference
2016-02-25,159919,53.659438,深交所,https://stock.xueqiu.com/v5/stock/chart/kline.json,estimated,volume_turnover_inference
2016-02-25,510300,71.617877,上交所,https://query.sse.com.cn/commonQuery.do,official,exchange_disclosure
2016-02-25,510310,28.643074,上交所,https://query.sse.com.cn/commonQuery.do,official,exchange_disclosure
2016-02-25,510330,47.495498,上交所,https://query.sse.com.cn/commonQuery.do,official,exchange_disclosure
2016-02-26,159915,16.234302,深交所,https://stock.xueqiu.com/v5/stock/chart/kline.json,estimated,volume_turnover_inference
2016-02-26,159919,51.242723,深交所,https://stock.xueqiu.com/v5/stock/chart/kline.json,estimated,volume_turnover_inference
2016-02-26,510300,73.435877,上交所,https://query.sse.com.cn/commonQuery.do,official,exchange_disclosure
2016-02-26,510310,28.643074,上交所,https://query.sse.com.cn/commonQuery.do,official,exchange_disclosure
2016-02-26,510330,47.495498,上交所,https://query.sse.com.cn/commonQuery.do,official,exchange_disclosure
2016-02-29,159915,16.235447,深交所,https://stock.xueqiu.com/v5/stock/chart/kline.json,estimated,volume_turnover_inference
2016-02-29,159919,51.592081,深交所,https://stock.xueqiu.com/v5/stock/chart/kline.json,estimated,volume_turnover_inference
2016-02-29,510300,75.068013,上交所,https://query.sse.com.cn/commonQuery.do,official,exchange_disclosure
2016-02-29,510310,28.643074,上交所,https://query.sse.com.cn/commonQuery.do,official,exchange_disclosure
2016-02-29,510330,47.504498,上交所,https://query.sse.com.cn/commonQuery.do,official,exchange_disclosure
2016-03-01,159915,16.233658,深交所,https://stock.xueqiu.com/v5/stock/chart/kline.json,estimated,volume_turnover_inference
2016-03-01,159919,51.105133,深交所,https://stock.xueqiu.com/v5/stock/chart/kline.json,estimated,volume_turnover_inference
2016-03-01,510300,74.520081,上交所,https://query.sse.com.cn/commonQuery.do,official,exchange_disclosure
2016-03-01,510310,28.643074,上交所,https://query.sse.com.cn/commonQuery.do,official,exchange_disclosure
2016-03-01,510330,47.504498,上交所,https://query.sse.com.cn/commonQuery.do,official,exchange_disclosure
2016-03-02,159915,16.234065,深交所,https://stock.xueqiu.com/v5/stock/chart/kline.json,estimated,volume_turnover_inference
2016-03-02,159919,52.078045,深交所,https://stock.xueqiu.com/v5/stock/chart/kline.json,estimated,volume_turnover_inference
2016-03-02,510300,74.668877,上交所,https://query.sse.com.cn/commonQuery.do,official,exchange_disclosure
2016-03-02,510310,28.643074,上交所,https://query.sse.com.cn/commonQuery.do,official,exchange_disclosure
2016-03-02,510330,47.512447,上交所,https://query.sse.com.cn/commonQuery.do,official,exchange_disclosure
2016-03-03,159915,16.236087,深交所,https://stock.xueqiu.com/v5/stock/chart/kline.json,estimated,volume_turnover_inference
2016-03-03,159919,51.508186,深交所,https://stock.xueqiu.com/v5/stock/chart/kline.json,estimated,volume_turnover_inference
2016-03-03,510300,74.992877,上交所,https://query.sse.com.cn/commonQuery.do,official,exchange_disclosure
2016-03-03,510310,28.643074,上交所,https://query.sse.com.cn/commonQuery.do,official,exchange_disclosure
2016-03-03,510330,47.535709,上交所,https://query.sse.com.cn/commonQuery.do,official,exchange_disclosure
2016-03-04,159915,16.235884,深交所,https://stock.xueqiu.com/v5/stock/chart/kline.json,estimated,volume_turnover_inference
2016-03-04,159919,52.228965,深交所,https://stock.xueqiu.com/v5/stock/chart/kline.json,estimated,volume_turnover_inference
2016-03-04,510300,72.256877,上交所,https://query.sse.com.cn/commonQuery.do,official,exchange_disclosure
2016-03-04,510310,28.503074,上交所,https://query.sse.com.cn/commonQuery.do,official,exchange_disclosure
2016-03-04,510330,47.531498,上交所,https://query.sse.com.cn/commonQuery.do,official,exchange_disclosure
2016-03-07,159915,16.235578,深交所,https://stock.xueqiu.com/v5/stock/chart/kline.json,estimated,volume_turnover_inference
2016-03-07,159919,52.721138,深交所,https://stock.xueqiu.com/v5/stock/chart/kline.json,estimated,volume_turnover_inference
2016-03-07,510300,72.544877,上交所,https://query.sse.com.cn/commonQuery.do,official,exchange_disclosure
2016-03-07,510310,28.503074,上交所,https://query.sse.com.cn/commonQuery.do,official,exchange_disclosure
2016-03-07,510330,47.459498,上交所,https://query.sse.com.cn/commonQuery.do,official,exchange_disclosure
2016-03-08,159915,16.235676,深交所,https://stock.xueqiu.com/v5/stock/chart/kline.json,estimated,volume_turnover_inference
2016-03-08,159919,51.603873,深交所,https://stock.xueqiu.com/v5/stock/chart/kline.json,estimated,volume_turnover_inference
2016-03-08,510300,72.742876,上交所,https://query.sse.com.cn/commonQuery.do,official,exchange_disclosure
2016-03-08,510310,28.503074,上交所,https://query.sse.com.cn/commonQuery.do,official,exchange_disclosure
2016-03-08,510330,47.459498,上交所,https://query.sse.com.cn/commonQuery.do,official,exchange_disclosure
2016-03-09,159915,16.234031,深交所,https://stock.xueqiu.com/v5/stock/chart/kline.json,estimated,volume_turnover_inference
2016-03-09,159919,53.242906,深交所,https://stock.xueqiu.com/v5/stock/chart/kline.json,estimated,volume_turnover_inference
2016-03-09,510300,71.122877,上交所,https://query.sse.com.cn/commonQuery.do,official,exchange_disclosure
2016-03-09,510310,28.503074,上交所,https://query.sse.com.cn/commonQuery.do,official,exchange_disclosure
2016-03-09,510330,47.297498,上交所,https://query.sse.com.cn/commonQuery.do,official,exchange_disclosure
2016-03-10,159915,16.234911,深交所,https://stock.xueqiu.com/v5/stock/chart/kline.json,estimated,volume_turnover_inference
2016-03-10,159919,51.865247,深交所,https://stock.xueqiu.com/v5/stock/chart/kline.json,estimated,volume_turnover_inference
2016-03-10,510300,70.780877,上交所,https://query.sse.com.cn/commonQuery.do,official,exchange_disclosure
2016-03-10,510310,28.443074,上交所,https://query.sse.com.cn/commonQuery.do,official,exchange_disclosure
2016-03-10,510330,47.279498,上交所,https://query.sse.com.cn/commonQuery.do,official,exchange_disclosure
2016-03-11,159915,16.232318,深交所,https://stock.xueqiu.com/v5/stock/chart/kline.json,estimated,volume_turnover_inference
2016-03-11,159919,51.100641,深交所,https://stock.xueqiu.com/v5/stock/chart/kline.json,estimated,volume_turnover_inference
2016-03-11,510300,70.889117,上交所,https://query.sse.com.cn/commonQuery.do,official,exchange_disclosure
2016-03-11,510310,28.443074,上交所,https://query.sse.com.cn/commonQuery.do,official,exchange_disclosure
2016-03-11,510330,47.297743,上交所,https://query.sse.com.cn/commonQuery.do,official,exchange_disclosure
2016-03-14,159915,16.235998,深交所,https://stock.xueqiu.com/v5/stock/chart/kline.json,estimated,volume_turnover_inference
2016-03-14,159919,51.713367,深交所,https://stock.xueqiu.com/v5/stock/chart/kline.json,estimated,volume_turnover_inference
2016-03-14,510300,74.956322,上交所,https://query.sse.com.cn/commonQuery.do,official,exchange_disclosure
2016-03-14,510310,28.443074,上交所,https://query.sse.com.cn/commonQuery.do,official,exchange_disclosure
2016-03-14,510330,47.306848,上交所,https://query.sse.com.cn/commonQuery.do,official,exchange_disclosure
2016-03-15,159915,16.233541,深交所,https://stock.xueqiu.com/v5/stock/chart/kline.json,estimated,volume_turnover_inference
2016-03-15,159919,52.899894,深交所,https://stock.xueqiu.com/v5/stock/chart/kline.json,estimated,volume_turnover_inference
2016-03-15,510300,73.471877,上交所,https://query.sse.com.cn/commonQuery.do,official,exchange_disclosure
2016-03-15,510310,28.443074,上交所,https://query.sse.com.cn/commonQuery.do,official,exchange_disclosure
2016-03-15,510330,47.315498,上交所,https://query.sse.com.cn/commonQuery.do,official,exchange_disclosure
2016-03-16,159915,16.236715,深交所,https://stock.xueqiu.com/v5/stock/chart/kline.json,estimated,volume_turnover_inference
2016-03-16,159919,51.508671,深交所,https://stock.xueqiu.com/v5/stock/chart/kline.json,estimated,volume_turnover_inference
2016-03-16,510300,71.482877,上交所,https://query.sse.com.cn/commonQuery.do,official,exchange_disclosure
2016-03-16,510310,28.443074,上交所,https://query.sse.com.cn/commonQuery.do,official,exchange_disclosure
2016-03-16,510330,47.315498,上交所,https://query.sse.com.cn/commonQuery.do,official,exchange_disclosure
2016-03-17,159915,16.235413,深交所,https://stock.xueqiu.com/v5/stock/chart/kline.json,estimated,volume_turnover_inference
2016-03-17,159919,52.286860,深交所,https://stock.xueqiu.com/v5/stock/chart/kline.json,estimated,volume_turnover_inference
2016-03-17,510300,74.091373,上交所,https://query.sse.com.cn/commonQuery.do,official,exchange_disclosure
2016-03-17,510310,28.423074,上交所,https://query.sse.com.cn/commonQuery.do,official,exchange_disclosure
2016-03-17,510330,47.306498,上交所,https://query.sse.com.cn/commonQuery.do,official,exchange_disclosure
2016-03-18,159915,16.234795,深交所,https://stock.xueqiu.com/v5/stock/chart/kline.json,estimated,volume_turnover_inference
2016-03-18,159919,52.105030,深交所,https://stock.xueqiu.com/v5/stock/chart/kline.json,estimated,volume_turnover_inference
2016-03-18,510300,81.589877,上交所,https://query.sse.com.cn/commonQuery.do,official,exchange_disclosure
2016-03-18,510310,28.423074,上交所,https://query.sse.com.cn/commonQuery.do,official,exchange_disclosure
2016-03-18,510330,47.297498,上交所,https://query.sse.com.cn/commonQuery.do,official,exchange_disclosure
2016-03-21,159915,16.234350,深交所,https://stock.xueqiu.com/v5/stock/chart/kline.json,estimated,volume_turnover_inference
2016-03-21,159919,52.330957,深交所,https://stock.xueqiu.com/v5/stock/chart/kline.json,estimated,volume_turnover_inference
2016-03-21,510300,81.984899,上交所,https://query.sse.com.cn/commonQuery.do,official,exchange_disclosure
2016-03-21,510310,28.403074,上交所,https://query.sse.com.cn/commonQuery.do,official,exchange_disclosure
2016-03-21,510330,47.270498,上交所,https://query.sse.com.cn/commonQuery.do,official,exchange_disclosure
2016-03-22,159915,16.234403,深交所,https://stock.xueqiu.com/v5/stock/chart/kline.json,estimated,volume_turnover_inference
2016-03-22,159919,52.030088,深交所,https://stock.xueqiu.com/v5/stock/chart/kline.json,estimated,volume_turnover_inference
2016-03-22,510300,81.724877,上交所,https://query.sse.com.cn/commonQuery.do,official,exchange_disclosure
2016-03-22,510310,28.403074,上交所,https://query.sse.com.cn/commonQuery.do,official,exchange_disclosure
2016-03-22,510330,47.286778,上交所,https://query.sse.com.cn/commonQuery.do,official,exchange_disclosure
2016-03-23,159915,16.234585,深交所,https://stock.xueqiu.com/v5/stock/chart/kline.json,estimated,volume_turnover_inference
2016-03-23,159919,51.376679,深交所,https://stock.xueqiu.com/v5/stock/chart/kline.json,estimated,volume_turnover_inference
2016-03-23,510300,81.283877,上交所,https://query.sse.com.cn/commonQuery.do,official,exchange_disclosure
2016-03-23,510310,28.403074,上交所,https://query.sse.com.cn/commonQuery.do,official,exchange_disclosure
2016-03-23,510330,47.297498,上交所,https://query.sse.com.cn/commonQuery.do,official,exchange_disclosure
2016-03-24,159915,16.232853,深交所,https://stock.xueqiu.com/v5/stock/chart/kline.json,estimated,volume_turnover_inference
2016-03-24,159919,52.571681,深交所,https://stock.xueqiu.com/v5/stock/chart/kline.json,estimated,volume_turnover_inference
2016-03-24,510300,78.718877,上交所,https://query.sse.com.cn/commonQuery.do,official,exchange_disclosure
2016-03-24,510310,28.403074,上交所,https://query.sse.com.cn/commonQuery.do,official,exchange_disclosure
2016-03-24,510330,47.279498,上交所,https://query.sse.com.cn/commonQuery.do,official,exchange_disclosure
2016-03-25,159915,16.236289,深交所,https://stock.xueqiu.com/v5/stock/chart/kline.json,estimated,volume_turnover_inference
2016-03-25,159919,52.609929,深交所,https://stock.xueqiu.com/v5/stock/chart/kline.json,estimated,volume_turnover_inference
2016-03-25,510300,77.611877,上交所,https://query.sse.com.cn/commonQuery.do,official,exchange_disclosure
2016-03-25,510310,28.403074,上交所,https://query.sse.com.cn/commonQuery.do,official,exchange_disclosure
2016-03-25,510330,47.279498,上交所,https://query.sse.com.cn/commonQuery.do,official,exchange_disclosure
2016-03-28,159915,16.235542,深交所,https://stock.xueqiu.com/v5/stock/chart/kline.json,estimated,volume_turnover_inference
2016-03-28,159919,52.360544,深交所,https://stock.xueqiu.com/v5/stock/chart/kline.json,estimated,volume_turnover_inference
2016-03-28,510300,76.963877,上交所,https://query.sse.com.cn/commonQuery.do,official,exchange_disclosure
2016-03-28,510310,28.403074,上交所,https://query.sse.com.cn/commonQuery.do,official,exchange_disclosure
2016-03-28,510330,47.279498,上交所,https://query.sse.com.cn/commonQuery.do,official,exchange_disclosure
2016-03-29,159915,16.233407,深交所,https://stock.xueqiu.com/v5/stock/chart/kline.json,estimated,volume_turnover_inference
2016-03-29,159919,51.524369,深交所,https://stock.xueqiu.com/v5/stock/chart/kline.json,estimated,volume_turnover_inference
2016-03-29,510300,73.615877,上交所,https://query.sse.com.cn/commonQuery.do,official,exchange_disclosure
2016-03-29,510310,28.403074,上交所,https://query.sse.com.cn/commonQuery.do,official,exchange_disclosure
2016-03-29,510330,47.234498,上交所,https://query.sse.com.cn/commonQuery.do,official,exchange_disclosure
2016-03-30,159915,16.235039,深交所,https://stock.xueqiu.com/v5/stock/chart/kline.json,estimated,volume_turnover_inference
2016-03-30,159919,51.716259,深交所,https://stock.xueqiu.com/v5/stock/chart/kline.json,estimated,volume_turnover_inference
2016-03-30,510300,74.416877,上交所,https://query.sse.com.cn/commonQuery.do,official,exchange_disclosure
2016-03-30,510310,28.403074,上交所,https://query.sse.com.cn/commonQuery.do,official,exchange_disclosure
2016-03-30,510330,46.966666,上交所,https://query.sse.com.cn/commonQuery.do,official,exchange_disclosure
2016-03-31,159915,16.235101,深交所,https://stock.xueqiu.com/v5/stock/chart/kline.json,estimated,volume_turnover_inference
2016-03-31,159919,53.216230,深交所,https://stock.xueqiu.com/v5/stock/chart/kline.json,estimated,volume_turnover_inference
2016-03-31,510300,74.338463,上交所,https://query.sse.com.cn/commonQuery.do,official,exchange_disclosure
2016-03-31,510310,28.403074,上交所,https://query.sse.com.cn/commonQuery.do,official,exchange_disclosure
2016-03-31,510330,46.973498,上交所,https://query.sse.com.cn/commonQuery.do,official,exchange_disclosure
2016-04-01,159915,16.234062,深交所,https://stock.xueqiu.com/v5/stock/chart/kline.json,estimated,volume_turnover_inference
2016-04-01,159919,52.985680,深交所,https://stock.xueqiu.com/v5/stock/chart/kline.json,estimated,volume_turnover_inference
2016-04-01,510300,75.019877,上交所,https://query.sse.com.cn/commonQuery.do,official,exchange_disclosure
2016-04-01,510310,28.403074,上交所,https://query.sse.com.cn/commonQuery.do,official,exchange_disclosure
2016-04-01,510330,46.973498,上交所,https://query.sse.com.cn/commonQuery.do,official,exchange_disclosure
2016-04-05,159915,16.232990,深交所,https://stock.xueqiu.com/v5/stock/chart/kline.json,estimated,volume_turnover_inference
2016-04-05,159919,52.412995,深交所,https://stock.xueqiu.com/v5/stock/chart/kline.json,estimated,volume_turnover_inference
2016-04-05,510300,75.856877,上交所,https://query.sse.com.cn/commonQuery.do,official,exchange_disclosure
2016-04-05,510310,28.403074,上交所,https://query.sse.com.cn/commonQuery.do,official,exchange_disclosure
2016-04-05,510330,46.973498,上交所,https://query.sse.com.cn/commonQuery.do,official,exchange_disclosure
2016-04-06,159915,16.233605,深交所,https://stock.xueqiu.com/v5/stock/chart/kline.json,estimated,volume_turnover_inference
2016-04-06,159919,52.533467,深交所,https://stock.xueqiu.com/v5/stock/chart/kline.json,estimated,volume_turnover_inference
2016-04-06,510300,75.073758,上交所,https://query.sse.com.cn/commonQuery.do,official,exchange_disclosure
2016-04-06,510310,28.403074,上交所,https://query.sse.com.cn/commonQuery.do,official,exchange_disclosure
2016-04-06,510330,46.973498,上交所,https://query.sse.com.cn/commonQuery.do,official,exchange_disclosure
2016-04-07,159915,16.232280,深交所,https://stock.xueqiu.com/v5/stock/chart/kline.json,estimated,volume_turnover_inference
2016-04-07,159919,51.861402,深交所,https://stock.xueqiu.com/v5/stock/chart/kline.json,estimated,volume_turnover_inference
2016-04-07,510300,74.479877,上交所,https://query.sse.com.cn/commonQuery.do,official,exchange_disclosure
2016-04-07,510310,28.403074,上交所,https://query.sse.com.cn/commonQuery.do,official,exchange_disclosure
2016-04-07,510330,46.973498,上交所,https://query.sse.com.cn/commonQuery.do,official,exchange_disclosure
2016-04-08,159915,16.232384,深交所,https://stock.xueqiu.com/v5/stock/chart/kline.json,estimated,volume_turnover_inference
2016-04-08,159919,51.674259,深交所,https://stock.xueqiu.com/v5/stock/chart/kline.json,estimated,volume_turnover_inference
2016-04-08,510300,73.372877,上交所,https://query.sse.com.cn/commonQuery.do,official,exchange_disclosure
2016-04-08,510310,28.403074,上交所,https://query.sse.com.cn/commonQuery.do,official,exchange_disclosure
2016-04-08,510330,46.973498,上交所,https://query.sse.com.cn/commonQuery.do,official,exchange_disclosure
2016-04-11,159915,16.234873,深交所,https://stock.xueqiu.com/v5/stock/chart/kline.json,estimated,volume_turnover_inference
2016-04-11,159919,52.106474,深交所,https://stock.xueqiu.com/v5/stock/chart/kline.json,estimated,volume_turnover_inference
2016-04-11,510300,74.441662,上交所,https://query.sse.com.cn/commonQuery.do,official,exchange_disclosure
2016-04-11,510310,28.403074,上交所,https://query.sse.com.cn/commonQuery.do,official,exchange_disclosure
2016-04-11,510330,46.973498,上交所,https://query.sse.com.cn/commonQuery.do,official,exchange_disclosure
2016-04-12,159915,16.234708,深交所,https://stock.xueqiu.com/v5/stock/chart/kline.json,estimated,volume_turnover_inference
2016-04-12,159919,52.272591,深交所,https://stock.xueqiu.com/v5/stock/chart/kline.json,estimated,volume_turnover_inference
2016-04-12,510300,71.761877,上交所,https://query.sse.com.cn/commonQuery.do,official,exchange_disclosure
2016-04-12,510310,28.403074,上交所,https://query.sse.com.cn/commonQuery.do,official,exchange_disclosure
2016-04-12,510330,46.973498,上交所,https://query.sse.com.cn/commonQuery.do,official,exchange_disclosure
2016-04-13,159915,16.232424,深交所,https://stock.xueqiu.com/v5/stock/chart/kline.json,estimated,volume_turnover_inference
2016-04-13,159919,51.926953,深交所,https://stock.xueqiu.com/v5/stock/chart/kline.json,estimated,volume_turnover_inference
2016-04-13,510300,76.522876,上交所,https://query.sse.com.cn/commonQuery.do,official,exchange_disclosure
2016-04-13,510310,28.420763,上交所,https://query.sse.com.cn/commonQuery.do,official,exchange_disclosure
2016-04-13,510330,46.974574,上交所,https://query.sse.com.cn/commonQuery.do,official,exchange_disclosure
2016-04-14,159915,16.236246,深交所,https://stock.xueqiu.com/v5/stock/chart/kline.json,estimated,volume_turnover_inference
2016-04-14,159919,51.612700,深交所,https://stock.xueqiu.com/v5/stock/chart/kline.json,estimated,volume_turnover_inference
2016-04-14,510300,76.234877,上交所,https://query.sse.com.cn/commonQuery.do,official,exchange_disclosure
2016-04-14,510310,28.423074,上交所,https://query.sse.com.cn/commonQuery.do,official,exchange_disclosure
2016-04-14,510330,46.982498,上交所,https://query.sse.com.cn/commonQuery.do,official,exchange_disclosure
2016-04-15,159915,16.237939,深交所,https://stock.xueqiu.com/v5/stock/chart/kline.json,estimated,volume_turnover_inference
2016-04-15,159919,51.710390,深交所,https://stock.xueqiu.com/v5/stock/chart/kline.json,estimated,volume_turnover_inference
2016-04-15,510300,75.388877,上交所,https://query.sse.com.cn/commonQuery.do,official,exchange_disclosure
2016-04-15,510310,28.423074,上交所,https://query.sse.com.cn/commonQuery.do,official,exchange_disclosure
2016-04-15,510330,46.937498,上交所,https://query.sse.com.cn/commonQuery.do,official,exchange_disclosure
2016-04-18,159915,16.233837,深交所,https://stock.xueqiu.com/v5/stock/chart/kline.json,estimated,volume_turnover_inference
2016-04-18,159919,51.592203,深交所,https://stock.xueqiu.com/v5/stock/chart/kline.json,estimated,volume_turnover_inference
2016-04-18,510300,74.839877,上交所,https://query.sse.com.cn/commonQuery.do,official,exchange_disclosure
2016-04-18,510310,28.483074,上交所,https://query.sse.com.cn/commonQuery.do,official,exchange_disclosure
2016-04-18,510330,46.937498,上交所,https://query.sse.com.cn/commonQuery.do,official,exchange_disclosure
2016-04-19,159915,16.234488,深交所,https://stock.xueqiu.com/v5/stock/chart/kline.json,estimated,volume_turnover_inference
2016-04-19,159919,52.418862,深交所,https://stock.xueqiu.com/v5/stock/chart/kline.json,estimated,volume_turnover_inference
2016-04-19,510300,73.228877,上交所,https://query.sse.com.cn/commonQuery.do,official,exchange_disclosure
2016-04-19,510310,28.483074,上交所,https://query.sse.com.cn/commonQuery.do,official,exchange_disclosure
2016-04-19,510330,46.937498,上交所,https://query.sse.com.cn/commonQuery.do,official,exchange_disclosure
2016-04-20,159915,16.235304,深交所,https://stock.xueqiu.com/v5/stock/chart/kline.json,estimated,volume_turnover_inference
2016-04-20,159919,54.689221,深交所,https://stock.xueqiu.com/v5/stock/chart/kline.json,estimated,volume_turnover_inference
2016-04-20,510300,72.562652,上交所,https://query.sse.com.cn/commonQuery.do,official,exchange_disclosure
2016-04-20,510310,28.483458,上交所,https://query.sse.com.cn/commonQuery.do,official,exchange_disclosure
2016-04-20,510330,46.946498,上交所,https://query.sse.com.cn/commonQuery.do,official,exchange_disclosure
2016-04-21,159915,24.355629,深交所,https://stock.xueqiu.com/v5/stock/chart/kline.json,estimated,volume_turnover_inference
2016-04-21,159919,54.100884,深交所,https://stock.xueqiu.com/v5/stock/chart/kline.json,estimated,volume_turnover_inference
2016-04-21,510300,72.980031,上交所,https://query.sse.com.cn/commonQuery.do,official,exchange_disclosure
2016-04-21,510310,28.503074,上交所,https://query.sse.com.cn/commonQuery.do,official,exchange_disclosure
2016-04-21,510330,46.982498,上交所,https://query.sse.com.cn/commonQuery.do,official,exchange_disclosure
2016-04-22,159915,24.362313,深交所,https://stock.xueqiu.com/v5/stock/chart/kline.json,estimated,volume_turnover_inference
2016-04-22,159919,55.612219,深交所,https://stock.xueqiu.com/v5/stock/chart/kline.json,estimated,volume_turnover_inference
2016-04-22,510300,73.210877,上交所,https://query.sse.com.cn/commonQuery.do,official,exchange_disclosure
2016-04-22,510310,28.483074,上交所,https://query.sse.com.cn/commonQuery.do,official,exchange_disclosure
2016-04-22,510330,46.982498,上交所,https://query.sse.com.cn/commonQuery.do,official,exchange_disclosure
2016-04-25,159915,24.348613,深交所,https://stock.xueqiu.com/v5/stock/chart/kline.json,estimated,volume_turnover_inference
2016-04-25,159919,54.210239,深交所,https://stock.xueqiu.com/v5/stock/chart/kline.json,estimated,volume_turnover_inference
2016-04-25,510300,72.616877,上交所,https://query.sse.com.cn/commonQuery.do,official,exchange_disclosure
2016-04-25,510310,28.483074,上交所,https://query.sse.com.cn/commonQuery.do,official,exchange_disclosure
2016-04-25,510330,46.982498,上交所,https://query.sse.com.cn/commonQuery.do,official,exchange_disclosure
2016-04-26,159915,24.347970,深交所,https://stock.xueqiu.com/v5/stock/chart/kline.json,estimated,volume_turnover_inference
2016-04-26,159919,53.341338,深交所,https://stock.xueqiu.com/v5/stock/chart/kline.json,estimated,volume_turnover_inference
2016-04-26,510300,72.715617,上交所,https://query.sse.com.cn/commonQuery.do,official,exchange_disclosure
2016-04-26,510310,28.483074,上交所,https://query.sse.com.cn/commonQuery.do,official,exchange_disclosure
2016-04-26,510330,46.982498,上交所,https://query.sse.com.cn/commonQuery.do,official,exchange_disclosure
2016-04-27,159915,24.348904,深交所,https://stock.xueqiu.com/v5/stock/chart/kline.json,estimated,volume_turnover_inference
2016-04-27,159919,53.367211,深交所,https://stock.xueqiu.com/v5/stock/chart/kline.json,estimated,volume_turnover_inference
2016-04-27,510300,71.977877,上交所,https://query.sse.com.cn/commonQuery.do,official,exchange_disclosure
2016-04-27,510310,28.483074,上交所,https://query.sse.com.cn/commonQuery.do,official,exchange_disclosure
2016-04-27,510330,46.982498,上交所,https://query.sse.com.cn/commonQuery.do,official,exchange_disclosure
2016-04-28,159915,24.347387,深交所,https://stock.xueqiu.com/v5/stock/chart/kline.json,estimated,volume_turnover_inference
2016-04-28,159919,55.750764,深交所,https://stock.xueqiu.com/v5/stock/chart/kline.json,estimated,volume_turnover_inference
2016-04-28,510300,72.238877,上交所,https://query.sse.com.cn/commonQuery.do,official,exchange_disclosure
2016-04-28,510310,28.483074,上交所,https://query.sse.com.cn/commonQuery.do,official,exchange_disclosure
2016-04-28,510330,46.997429,上交所,https://query.sse.com.cn/commonQuery.do,official,exchange_disclosure
2016-04-29,159915,24.359169,深交所,https://stock.xueqiu.com/v5/stock/chart/kline.json,estimated,volume_turnover_inference
2016-04-29,159919,55.686550,深交所,https://stock.xueqiu.com/v5/stock/chart/kline.json,estimated,volume_turnover_inference
2016-04-29,510300,72.553877,上交所,https://query.sse.com.cn/commonQuery.do,official,exchange_disclosure
2016-04-29,510310,28.483074,上交所,https://query.sse.com.cn/commonQuery.do,official,exchange_disclosure
2016-04-29,510330,47.000498,上交所,https://query.sse.com.cn/commonQuery.do,official,exchange_disclosure
2016-05-03,159915,24.350583,深交所,https://stock.xueqiu.com/v5/stock/chart/kline.json,estimated,volume_turnover_inference
2016-05-03,159919,55.798650,深交所,https://stock.xueqiu.com/v5/stock/chart/kline.json,estimated,volume_turnover_inference
2016-05-03,510300,73.471903,上交所,https://query.sse.com.cn/commonQuery.do,official,exchange_disclosure
2016-05-03,510310,28.483074,上交所,https://query.sse.com.cn/commonQuery.do,official,exchange_disclosure
2016-05-03,510330,47.000498,上交所,https://query.sse.com.cn/commonQuery.do,official,exchange_disclosure
2016-05-04,159915,24.358272,深交所,https://stock.xueqiu.com/v5/stock/chart/kline.json,estimated,volume_turnover_inference
2016-05-04,159919,52.440378,深交所,https://stock.xueqiu.com/v5/stock/chart/kline.json,estimated,volume_turnover_inference
2016-05-04,510300,72.913876,上交所,https://query.sse.com.cn/commonQuery.do,official,exchange_disclosure
2016-05-04,510310,28.463074,上交所,https://query.sse.com.cn/commonQuery.do,official,exchange_disclosure
2016-05-04,510330,46.973498,上交所,https://query.sse.com.cn/commonQuery.do,official,exchange_disclosure
2016-05-05,159915,24.350507,深交所,https://stock.xueqiu.com/v5/stock/chart/kline.json,estimated,volume_turnover_inference
2016-05-05,159919,58.283514,深交所,https://stock.xueqiu.com/v5/stock/chart/kline.json,estimated,volume_turnover_inference
2016-05-05,510300,72.553877,上交所,https://query.sse.com.cn/commonQuery.do,official,exchange_disclosure
2016-05-05,510310,28.463074,上交所,https://query.sse.com.cn/commonQuery.do,official,exchange_disclosure
2016-05-05,510330,46.973498,上交所,https://query.sse.com.cn/commonQuery.do,official,exchange_disclosure
2016-05-06,159915,24.351045,深交所,https://stock.xueqiu.com/v5/stock/chart/kline.json,estimated,volume_turnover_inference
2016-05-06,159919,55.479140,深交所,https://stock.xueqiu.com/v5/stock/chart/kline.json,estimated,volume_turnover_inference
2016-05-06,510300,71.572877,上交所,https://query.sse.com.cn/commonQuery.do,official,exchange_disclosure
2016-05-06,510310,28.463074,上交所,https://query.sse.com.cn/commonQuery.do,official,exchange_disclosure
2016-05-06,510330,46.973498,上交所,https://query.sse.com.cn/commonQuery.do,official,exchange_disclosure
2016-05-09,159915,24.360227,深交所,https://stock.xueqiu.com/v5/stock/chart/kline.json,estimated,volume_turnover_inference
2016-05-09,159919,53.882228,深交所,https://stock.xueqiu.com/v5/stock/chart/kline.json,estimated,volume_turnover_inference
2016-05-09,510300,72.661877,上交所,https://query.sse.com.cn/commonQuery.do,official,exchange_disclosure
2016-05-09,510310,28.463074,上交所,https://query.sse.com.cn/commonQuery.do,official,exchange_disclosure
2016-05-09,510330,46.988956,上交所,https://query.sse.com.cn/commonQuery.do,official,exchange_disclosure
2016-05-10,159915,24.360203,深交所,https://stock.xueqiu.com/v5/stock/chart/kline.json,estimated,volume_turnover_inference
2016-05-10,159919,55.499855,深交所,https://stock.xueqiu.com/v5/stock/chart/kline.json,estimated,volume_turnover_inference
2016-05-10,510300,72.805877,上交所,https://query.sse.com.cn/commonQuery.do,official,exchange_disclosure
2016-05-10,510310,28.463074,上交所,https://query.sse.com.cn/commonQuery.do,official,exchange_disclosure
2016-05-10,510330,47.009498,上交所,https://query.sse.com.cn/commonQuery.do,official,exchange_disclosure
2016-05-11,159915,24.360206,深交所,https://stock.xueqiu.com/v5/stock/chart/kline.json,estimated,volume_turnover_inference
2016-05-11,159919,55.787900,深交所,https://stock.xueqiu.com/v5/stock/chart/kline.json,estimated,volume_turnover_inference
2016-05-11,510300,72.409877,上交所,https://query.sse.com.cn/commonQuery.do,official,exchange_disclosure
2016-05-11,510310,28.463074,上交所,https://query.sse.com.cn/commonQuery.do,official,exchange_disclosure
2016-05-11,510330,47.009658,上交所,https://query.sse.com.cn/commonQuery.do,official,exchange_disclosure
2016-05-12,159915,24.363200,深交所,https://stock.xueqiu.com/v5/stock/chart/kline.json,estimated,volume_turnover_inference
2016-05-12,159919,55.429330,深交所,https://stock.xueqiu.com/v5/stock/chart/kline.json,estimated,volume_turnover_inference
2016-05-12,510300,72.724877,上交所,https://query.sse.com.cn/commonQuery.do,official,exchange_disclosure
2016-05-12,510310,28.583074,上交所,https://query.sse.com.cn/commonQuery.do,official,exchange_disclosure
2016-05-12,510330,47.036498,上交所,https://query.sse.com.cn/commonQuery.do,official,exchange_disclosure
2016-05-13,159915,24.356373,深交所,https://stock.xueqiu.com/v5/stock/chart/kline.json,estimated,volume_turnover_inference
2016-05-13,159919,55.482991,深交所,https://stock.xueqiu.com/v5/stock/chart/kline.json,estimated,volume_turnover_inference
2016-05-13,510300,72.837646,上交所,https://query.sse.com.cn/commonQuery.do,official,exchange_disclosure
2016-05-13,510310,28.583074,上交所,https://query.sse.com.cn/commonQuery.do,official,exchange_disclosure
2016-05-13,510330,47.036498,上交所,https://query.sse.com.cn/commonQuery.do,official,exchange_disclosure
2016-05-16,159915,24.345584,深交所,https://stock.xueqiu.com/v5/stock/chart/kline.json,estimated,volume_turnover_inference
2016-05-16,159919,54.639312,深交所,https://stock.xueqiu.com/v5/stock/chart/kline.json,estimated,volume_turnover_inference
2016-05-16,510300,73.166197,上交所,https://query.sse.com.cn/commonQuery.do,official,exchange_disclosure
2016-05-16,510310,28.583074,上交所,https://query.sse.com.cn/commonQuery.do,official,exchange_disclosure
2016-05-16,510330,47.036498,上交所,https://query.sse.com.cn/commonQuery.do,official,exchange_disclosure
2016-05-17,159915,24.360628,深交所,https://stock.xueqiu.com/v5/stock/chart/kline.json,estimated,volume_turnover_inference
2016-05-17,159919,53.018789,深交所,https://stock.xueqiu.com/v5/stock/chart/kline.json,estimated,volume_turnover_inference
2016-05-17,510300,72.778877,上交所,https://query.sse.com.cn/commonQuery.do,official,exchange_disclosure
2016-05-17,510310,28.583074,上交所,https://query.sse.com.cn/commonQuery.do,official,exchange_disclosure
2016-05-17,510330,47.036498,上交所,https://query.sse.com.cn/commonQuery.do,official,exchange_disclosure
2016-05-18,159915,24.348371,深交所,https://stock.xueqiu.com/v5/stock/chart/kline.json,estimated,volume_turnover_inference
2016-05-18,159919,52.390227,深交所,https://stock.xueqiu.com/v5/stock/chart/kline.json,estimated,volume_turnover_inference
2016-05-18,510300,72.688877,上交所,https://query.sse.com.cn/commonQuery.do,official,exchange_disclosure
2016-05-18,510310,28.583074,上交所,https://query.sse.com.cn/commonQuery.do,official,exchange_disclosure
2016-05-18,510330,47.036498,上交所,https://query.sse.com.cn/commonQuery.do,official,exchange_disclosure
2016-05-19,159915,24.351559,深交所,https://stock.xueqiu.com/v5/stock/chart/kline.json,estimated,volume_turnover_inference
2016-05-19,159919,52.422600,深交所,https://stock.xueqiu.com/v5/stock/chart/kline.json,estimated,volume_turnover_inference
2016-05-19,510300,73.138877,上交所,https://query.sse.com.cn/commonQuery.do,official,exchange_disclosure
2016-05-19,510310,28.583074,上交所,https://query.sse.com.cn/commonQuery.do,official,exchange_disclosure
2016-05-19,510330,47.063498,上交所,https://query.sse.com.cn/commonQuery.do,official,exchange_disclosure
2016-05-20,159915,24.353619,深交所,https://stock.xueqiu.com/v5/stock/chart/kline.json,estimated,volume_turnover_inference
2016-05-20,159919,53.242420,深交所,https://stock.xueqiu.com/v5/stock/chart/kline.json,estimated,volume_turnover_inference
2016-05-20,510300,73.498876,上交所,https://query.sse.com.cn/commonQuery.do,official,exchange_disclosure
2016-05-20,510310,28.583074,上交所,https://query.sse.com.cn/commonQuery.do,official,exchange_disclosure
2016-05-20,510330,47.065178,上交所,https://query.sse.com.cn/commonQuery.do,official,exchange_disclosure
2016-05-23,159915,24.355547,深交所,https://stock.xueqiu.com/v5/stock/chart/kline.json,estimated,volume_turnover_inference
2016-05-23,159919,54.453489,深交所,https://stock.xueqiu.com/v5/stock/chart/kline.json,estimated,volume_turnover_inference
2016-05-23,510300,73.597877,上交所,https://query.sse.com.cn/commonQuery.do,official,exchange_disclosure
2016-05-23,510310,28.583074,上交所,https://query.sse.com.cn/commonQuery.do,official,exchange_disclosure
2016-05-23,510330,47.073812,上交所,https://query.sse.com.cn/commonQuery.do,official,exchange_disclosure
2016-05-24,159915,24.348564,深交所,https://stock.xueqiu.com/v5/stock/chart/kline.json,estimated,volume_turnover_inference
2016-05-24,159919,55.536256,深交所,https://stock.xueqiu.com/v5/stock/chart/kline.json,estimated,volume_turnover_inference
2016-05-24,510300,73.372877,上交所,https://query.sse.com.cn/commonQuery.do,official,exchange_disclosure
2016-05-24,510310,28.583074,上交所,https://query.sse.com.cn/commonQuery.do,official,exchange_disclosure
2016-05-24,510330,47.081498,上交所,https://query.sse.com.cn/commonQuery.do,official,exchange_disclosure
2016-05-25,159915,24.344840,深交所,https://stock.xueqiu.com/v5/stock/chart/kline.json,estimated,volume_turnover_inference
2016-05-25,159919,53.545032,深交所,https://stock.xueqiu.com/v5/stock/chart/kline.json,estimated,volume_turnover_inference
2016-05-25,510300,73.372877,上交所,https://query.sse.com.cn/commonQuery.do,official,exchange_disclosure
2016-05-25,510310,28.583074,上交所,https://query.sse.com.cn/commonQuery.do,official,exchange_disclosure
2016-05-25,510330,47.081498,上交所,https://query.sse.com.cn/commonQuery.do,official,exchange_disclosure
2016-05-26,159915,24.359690,深交所,https://stock.xueqiu.com/v5/stock/chart/kline.json,estimated,volume_turnover_inference
2016-05-26,159919,55.237700,深交所,https://stock.xueqiu.com/v5/stock/chart/kline.json,estimated,volume_turnover_inference
2016-05-26,510300,73.857866,上交所,https://query.sse.com.cn/commonQuery.do,official,exchange_disclosure
2016-05-26,510310,28.583074,上交所,https://query.sse.com.cn/commonQuery.do,official,exchange_disclosure
2016-05-26,510330,47.081498,上交所,https://query.sse.com.cn/commonQuery.do,official,exchange_disclosure
2016-05-27,159915,24.360838,深交所,https://stock.xueqiu.com/v5/stock/chart/kline.json,estimated,volume_turnover_inference
2016-05-27,159919,54.449938,深交所,https://stock.xueqiu.com/v5/stock/chart/kline.json,estimated,volume_turnover_inference
2016-05-27,510300,73.858877,上交所,https://query.sse.com.cn/commonQuery.do,official,exchange_disclosure
2016-05-27,510310,28.583074,上交所,https://query.sse.com.cn/commonQuery.do,official,exchange_disclosure
2016-05-27,510330,47.090011,上交所,https://query.sse.com.cn/commonQuery.do,official,exchange_disclosure
2016-05-30,159915,24.356198,深交所,https://stock.xueqiu.com/v5/stock/chart/kline.json,estimated,volume_turnover_inference
2016-05-30,159919,53.669523,深交所,https://stock.xueqiu.com/v5/stock/chart/kline.json,estimated,volume_turnover_inference
2016-05-30,510300,73.795877,上交所,https://query.sse.com.cn/commonQuery.do,official,exchange_disclosure
2016-05-30,510310,28.583074,上交所,https://query.sse.com.cn/commonQuery.do,official,exchange_disclosure
2016-05-30,510330,47.090498,上交所,https://query.sse.com.cn/commonQuery.do,official,exchange_disclosure
2016-05-31,159915,24.353935,深交所,https://stock.xueqiu.com/v5/stock/chart/kline.json,estimated,volume_turnover_inference
2016-05-31,159919,54.825857,深交所,https://stock.xueqiu.com/v5/stock/chart/kline.json,estimated,volume_turnover_inference
2016-05-31,510300,73.948877,上交所,https://query.sse.com.cn/commonQuery.do,official,exchange_disclosure
2016-05-31,510310,28.583074,上交所,https://query.sse.com.cn/commonQuery.do,official,exchange_disclosure
2016-05-31,510330,47.198498,上交所,https://query.sse.com.cn/commonQuery.do,official,exchange_disclosure
2016-06-01,159915,24.355003,深交所,https://stock.xueqiu.com/v5/stock/chart/kline.json,estimated,volume_turnover_inference
2016-06-01,159919,54.735935,深交所,https://stock.xueqiu.com/v5/stock/chart/kline.json,estimated,volume_turnover_inference
2016-06-01,510300,72.967877,上交所,https://query.sse.com.cn/commonQuery.do,official,exchange_disclosure
2016-06-01,510310,28.583074,上交所,https://query.sse.com.cn/commonQuery.do,official,exchange_disclosure
2016-06-01,510330,47.482630,上交所,https://query.sse.com.cn/commonQuery.do,official,exchange_disclosure
2016-06-02,159915,24.358049,深交所,https://stock.xueqiu.com/v5/stock/chart/kline.json,estimated,volume_turnover_inference
2016-06-02,159919,54.059100,深交所,https://stock.xueqiu.com/v5/stock/chart/kline.json,estimated,volume_turnover_inference
2016-06-02,510300,72.661877,上交所,https://query.sse.com.cn/commonQuery.do,official,exchange_disclosure
2016-06-02,510310,28.583074,上交所,https://query.sse.com.cn/commonQuery.do,official,exchange_disclosure
2016-06-02,510330,47.558498,上交所,https://query.sse.com.cn/commonQuery.do,official,exchange_disclosure
2016-06-03,159915,24.355384,深交所,https://stock.xueqiu.com/v5/stock/chart/kline.json,estimated,volume_turnover_inference
2016-06-03,159919,52.806206,深交所,https://stock.xueqiu.com/v5/stock/chart/kline.json,estimated,volume_turnover_inference
2016-06-03,510300,72.013877,上交所,https://query.sse.com.cn/commonQuery.do,official,exchange_disclosure
2016-06-03,510310,28.563074,上交所,https://query.sse.com.cn/commonQuery.do,official,exchange_disclosure
2016-06-03,510330,47.531498,上交所,https://query.sse.com.cn/commonQuery.do,official,exchange_disclosure
2016-06-06,159915,24.351170,深交所,https://stock.xueqiu.com/v5/stock/chart/kline.json,estimated,volume_turnover_inference
2016-06-06,159919,57.203063,深交所,https://stock.xueqiu.com/v5/stock/chart/kline.json,estimated,volume_turnover_inference
2016-06-06,510300,71.905877,上交所,https://query.sse.com.cn/commonQuery.do,official,exchange_disclosure
2016-06-06,510310,28.523074,上交所,https://query.sse.com.cn/commonQuery.do,official,exchange_disclosure
2016-06-06,510330,47.558498,上交所,https://query.sse.com.cn/commonQuery.do,official,exchange_disclosure
2016-06-07,159915,24.349057,深交所,https://stock.xueqiu.com/v5/stock/chart/kline.json,estimated,volume_turnover_inference
2016-06-07,159919,55.647500,深交所,https://stock.xueqiu.com/v5/stock/chart/kline.json,estimated,volume_turnover_inference
2016-06-07,510300,71.824877,上交所,https://query.sse.com.cn/commonQuery.do,official,exchange_disclosure
2016-06-07,510310,28.043074,上交所,https://query.sse.com.cn/commonQuery.do,official,exchange_disclosure
2016-06-07,510330,47.504498,上交所,https://query.sse.com.cn/commonQuery.do,official,exchange_disclosure
2016-06-08,159915,24.352186,深交所,https://stock.xueqiu.com/v5/stock/chart/kline.json,estimated,volume_turnover_inference
2016-06-08,159919,54.802956,深交所,https://stock.xueqiu.com/v5/stock/chart/kline.json,estimated,volume_turnover_inference
2016-06-08,510300,71.698877,上交所,https://query.sse.com.cn/commonQuery.do,official,exchange_disclosure
2016-06-08,510310,28.043074,上交所,https://query.sse.com.cn/commonQuery.do,official,exchange_disclosure
2016-06-08,510330,47.504498,上交所,https://query.sse.com.cn/commonQuery.do,official,exchange_disclosure
2016-06-13,159915,24.356025,深交所,https://stock.xueqiu.com/v5/stock/chart/kline.json,estimated,volume_turnover_inference
2016-06-13,159919,55.493706,深交所,https://stock.xueqiu.com/v5/stock/chart/kline.json,estimated,volume_turnover_inference
2016-06-13,510300,69.727877,上交所,https://query.sse.com.cn/commonQuery.do,official,exchange_disclosure
2016-06-13,510310,28.043074,上交所,https://query.sse.com.cn/commonQuery.do,official,exchange_disclosure
2016-06-13,510330,47.495498,上交所,https://query.sse.com.cn/commonQuery.do,official,exchange_disclosure
2016-06-14,159915,24.350827,深交所,https://stock.xueqiu.com/v5/stock/chart/kline.json,estimated,volume_turnover_inference
2016-06-14,159919,55.783714,深交所,https://stock.xueqiu.com/v5/stock/chart/kline.json,estimated,volume_turnover_inference
2016-06-14,510300,69.349877,上交所,https://query.sse.com.cn/commonQuery.do,official,exchange_disclosure
2016-06-14,510310,28.043074,上交所,https://query.sse.com.cn/commonQuery.do,official,exchange_disclosure
2016-06-14,510330,47.540498,上交所,https://query.sse.com.cn/commonQuery.do,official,exchange_disclosure
2016-06-15,159915,24.349790,深交所,https://stock.xueqiu.com/v5/stock/chart/kline.json,estimated,volume_turnover_inference
2016-06-15,159919,54.069511,深交所,https://stock.xueqiu.com/v5/stock/chart/kline.json,estimated,volume_turnover_inference
2016-06-15,510300,69.421877,上交所,https://query.sse.com.cn/commonQuery.do,official,exchange_disclosure
2016-06-15,510310,28.043074,上交所,https://query.sse.com.cn/commonQuery.do,official,exchange_disclosure
2016-06-15,510330,47.540532,上交所,https://query.sse.com.cn/commonQuery.do,official,exchange_disclosure
2016-06-16,159915,24.347822,深交所,https://stock.xueqiu.com/v5/stock/chart/kline.json,estimated,volume_turnover_inference
2016-06-16,159919,54.637200,深交所,https://stock.xueqiu.com/v5/stock/chart/kline.json,estimated,volume_turnover_inference
2016-06-16,510300,69.439877,上交所,https://query.sse.com.cn/commonQuery.do,official,exchange_disclosure
2016-06-16,510310,28.043074,上交所,https://query.sse.com.cn/commonQuery.do,official,exchange_disclosure
2016-06-16,510330,47.551980,上交所,https://query.sse.com.cn/commonQuery.do,official,exchange_disclosure
2016-06-17,159915,24.348774,深交所,https://stock.xueqiu.com/v5/stock/chart/kline.json,estimated,volume_turnover_inference
2016-06-17,159919,54.703705,深交所,https://stock.xueqiu.com/v5/stock/chart/kline.json,estimated,volume_turnover_inference
2016-06-17,510300,68.323877,上交所,https://query.sse.com.cn/commonQuery.do,official,exchange_disclosure
2016-06-17,510310,28.043074,上交所,https://query.sse.com.cn/commonQuery.do,official,exchange_disclosure
2016-06-17,510330,47.558498,上交所,https://query.sse.com.cn/commonQuery.do,official,exchange_disclosure
2016-06-20,159915,24.352722,深交所,https://stock.xueqiu.com/v5/stock/chart/kline.json,estimated,volume_turnover_inference
2016-06-20,159919,52.879362,深交所,https://stock.xueqiu.com/v5/stock/chart/kline.json,estimated,volume_turnover_inference
2016-06-20,510300,68.062877,上交所,https://query.sse.com.cn/commonQuery.do,official,exchange_disclosure
2016-06-20,510310,28.043074,上交所,https://query.sse.com.cn/commonQuery.do,official,exchange_disclosure
2016-06-20,510330,47.549498,上交所,https://query.sse.com.cn/commonQuery.do,official,exchange_disclosure
2016-06-21,159915,24.353095,深交所,https://stock.xueqiu.com/v5/stock/chart/kline.json,estimated,volume_turnover_inference
2016-06-21,159919,53.596015,深交所,https://stock.xueqiu.com/v5/stock/chart/kline.json,estimated,volume_turnover_inference
2016-06-21,510300,68.017877,上交所,https://query.sse.com.cn/commonQuery.do,official,exchange_disclosure
2016-06-21,510310,28.043074,上交所,https://query.sse.com.cn/commonQuery.do,official,exchange_disclosure
2016-06-21,510330,47.558498,上交所,https://query.sse.com.cn/commonQuery.do,official,exchange_disclosure
2016-06-22,159915,24.351128,深交所,https://stock.xueqiu.com/v5/stock/chart/kline.json,estimated,volume_turnover_inference
2016-06-22,159919,54.556375,深交所,https://stock.xueqiu.com/v5/stock/chart/kline.json,estimated,volume_turnover_inference
2016-06-22,510300,67.891877,上交所,https://query.sse.com.cn/commonQuery.do,official,exchange_disclosure
2016-06-22,510310,28.043074,上交所,https://query.sse.com.cn/commonQuery.do,official,exchange_disclosure
2016-06-22,510330,47.558498,上交所,https://query.sse.com.cn/commonQuery.do,official,exchange_disclosure
2016-06-23,159915,24.358804,深交所,https://stock.xueqiu.com/v5/stock/chart/kline.json,estimated,volume_turnover_inference
2016-06-23,159919,57.032329,深交所,https://stock.xueqiu.com/v5/stock/chart/kline.json,estimated,volume_turnover_inference
2016-06-23,510300,67.801877,上交所,https://query.sse.com.cn/commonQuery.do,official,exchange_disclosure
2016-06-23,510310,28.043074,上交所,https://query.sse.com.cn/commonQuery.do,official,exchange_disclosure
2016-06-23,510330,47.558498,上交所,https://query.sse.com.cn/commonQuery.do,official,exchange_disclosure
2016-06-24,159915,24.355631,深交所,https://stock.xueqiu.com/v5/stock/chart/kline.json,estimated,volume_turnover_inference
2016-06-24,159919,53.858379,深交所,https://stock.xueqiu.com/v5/stock/chart/kline.json,estimated,volume_turnover_inference
2016-06-24,510300,67.621877,上交所,https://query.sse.com.cn/commonQuery.do,official,exchange_disclosure
2016-06-24,510310,28.043074,上交所,https://query.sse.com.cn/commonQuery.do,official,exchange_disclosure
2016-06-24,510330,47.588221,上交所,https://query.sse.com.cn/commonQuery.do,official,exchange_disclosure
2016-06-27,159915,24.355260,深交所,https://stock.xueqiu.com/v5/stock/chart/kline.json,estimated,volume_turnover_inference
2016-06-27,159919,54.254744,深交所,https://stock.xueqiu.com/v5/stock/chart/kline.json,estimated,volume_turnover_inference
2016-06-27,510300,67.414424,上交所,https://query.sse.com.cn/commonQuery.do,official,exchange_disclosure
2016-06-27,510310,28.043074,上交所,https://query.sse.com.cn/commonQuery.do,official,exchange_disclosure
2016-06-27,510330,47.603498,上交所,https://query.sse.com.cn/commonQuery.do,official,exchange_disclosure
2016-06-28,159915,24.359667,深交所,https://stock.xueqiu.com/v5/stock/chart/kline.json,estimated,volume_turnover_inference
2016-06-28,159919,53.716357,深交所,https://stock.xueqiu.com/v5/stock/chart/kline.json,estimated,volume_turnover_inference
2016-06-28,510300,66.532877,上交所,https://query.sse.com.cn/commonQuery.do,official,exchange_disclosure
2016-06-28,510310,28.043074,上交所,https://query.sse.com.cn/commonQuery.do,official,exchange_disclosure
2016-06-28,510330,47.594498,上交所,https://query.sse.com.cn/commonQuery.do,official,exchange_disclosure
2016-06-29,159915,24.352032,深交所,https://stock.xueqiu.com/v5/stock/chart/kline.json,estimated,volume_turnover_inference
2016-06-29,159919,56.818691,深交所,https://stock.xueqiu.com/v5/stock/chart/kline.json,estimated,volume_turnover_inference
2016-06-29,510300,66.280877,上交所,https://query.sse.com.cn/commonQuery.do,official,exchange_disclosure
2016-06-29,510310,28.043074,上交所,https://query.sse.com.cn/commonQuery.do,official,exchange_disclosure
2016-06-29,510330,47.594498,上交所,https://query.sse.com.cn/commonQuery.do,official,exchange_disclosure
2016-06-30,159915,24.346925,深交所,https://stock.xueqiu.com/v5/stock/chart/kline.json,estimated,volume_turnover_inference
2016-06-30,159919,51.855089,深交所,https://stock.xueqiu.com/v5/stock/chart/kline.json,estimated,volume_turnover_inference
2016-06-30,510300,66.055877,上交所,https://query.sse.com.cn/commonQuery.do,official,exchange_disclosure
2016-06-30,510310,27.963074,上交所,https://query.sse.com.cn/commonQuery.do,official,exchange_disclosure
2016-06-30,510330,47.585498,上交所,https://query.sse.com.cn/commonQuery.do,official,exchange_disclosure
2016-07-01,159915,25.106362,深交所,https://stock.xueqiu.com/v5/stock/chart/kline.json,estimated,volume_turnover_inference
2016-07-01,159919,52.130889,深交所,https://stock.xueqiu.com/v5/stock/chart/kline.json,estimated,volume_turnover_inference
2016-07-01,510300,65.812877,上交所,https://query.sse.com.cn/commonQuery.do,official,exchange_disclosure
2016-07-01,510310,27.923074,上交所,https://query.sse.com.cn/commonQuery.do,official,exchange_disclosure
2016-07-01,510330,47.585498,上交所,https://query.sse.com.cn/commonQuery.do,official,exchange_disclosure
2016-07-04,159915,25.119292,深交所,https://stock.xueqiu.com/v5/stock/chart/kline.json,estimated,volume_turnover_inference
2016-07-04,159919,54.026307,深交所,https://stock.xueqiu.com/v5/stock/chart/kline.json,estimated,volume_turnover_inference
2016-07-04,510300,65.650877,上交所,https://query.sse.com.cn/commonQuery.do,official,exchange_disclosure
2016-07-04,510310,27.863074,上交所,https://query.sse.com.cn/commonQuery.do,official,exchange_disclosure
2016-07-04,510330,47.567498,上交所,https://query.sse.com.cn/commonQuery.do,official,exchange_disclosure
2016-07-05,159915,25.106530,深交所,https://stock.xueqiu.com/v5/stock/chart/kline.json,estimated,volume_turnover_inference
2016-07-05,159919,53.346832,深交所,https://stock.xueqiu.com/v5/stock/chart/kline.json,estimated,volume_turnover_inference
2016-07-05,510300,64.651877,上交所,https://query.sse.com.cn/commonQuery.do,official,exchange_disclosure
2016-07-05,510310,27.843074,上交所,https://query.sse.com.cn/commonQuery.do,official,exchange_disclosure
2016-07-05,510330,47.558498,上交所,https://query.sse.com.cn/commonQuery.do,official,exchange_disclosure
2016-07-06,159915,25.120406,深交所,https://stock.xueqiu.com/v5/stock/chart/kline.json,estimated,volume_turnover_inference
2016-07-06,159919,53.345290,深交所,https://stock.xueqiu.com/v5/stock/chart/kline.json,estimated,volume_turnover_inference
2016-07-06,510300,62.473877,上交所,https://query.sse.com.cn/commonQuery.do,official,exchange_disclosure
2016-07-06,510310,27.823074,上交所,https://query.sse.com.cn/commonQuery.do,official,exchange_disclosure
2016-07-06,510330,47.558498,上交所,https://query.sse.com.cn/commonQuery.do,official,exchange_disclosure
2016-07-07,159915,25.117687,深交所,https://stock.xueqiu.com/v5/stock/chart/kline.json,estimated,volume_turnover_inference
2016-07-07,159919,52.627159,深交所,https://stock.xueqiu.com/v5/stock/chart/kline.json,estimated,volume_turnover_inference
2016-07-07,510300,61.042877,上交所,https://query.sse.com.cn/commonQuery.do,official,exchange_disclosure
2016-07-07,510310,27.703074,上交所,https://query.sse.com.cn/commonQuery.do,official,exchange_disclosure
2016-07-07,510330,47.558498,上交所,https://query.sse.com.cn/commonQuery.do,official,exchange_disclosure
2016-07-08,159915,25.121093,深交所,https://stock.xueqiu.com/v5/stock/chart/kline.json,estimated,volume_turnover_inference
2016-07-08,159919,54.013264,深交所,https://stock.xueqiu.com/v5/stock/chart/kline.json,estimated,volume_turnover_inference
2016-07-08,510300,60.205877,上交所,https://query.sse.com.cn/commonQuery.do,official,exchange_disclosure
2016-07-08,510310,27.703074,上交所,https://query.sse.com.cn/commonQuery.do,official,exchange_disclosure
2016-07-08,510330,47.558498,上交所,https://query.sse.com.cn/commonQuery.do,official,exchange_disclosure
2016-07-11,159915,25.131436,深交所,https://stock.xueqiu.com/v5/stock/chart/kline.json,estimated,volume_turnover_inference
2016-07-11,159919,53.749524,深交所,https://stock.xueqiu.com/v5/stock/chart/kline.json,estimated,volume_turnover_inference
2016-07-11,510300,59.971877,上交所,https://query.sse.com.cn/commonQuery.do,official,exchange_disclosure
2016-07-11,510310,27.683074,上交所,https://query.sse.com.cn/commonQuery.do,official,exchange_disclosure
2016-07-11,510330,47.549498,上交所,https://query.sse.com.cn/commonQuery.do,official,exchange_disclosure
2016-07-12,159915,25.122196,深交所,https://stock.xueqiu.com/v5/stock/chart/kline.json,estimated,volume_turnover_inference
2016-07-12,159919,52.737492,深交所,https://stock.xueqiu.com/v5/stock/chart/kline.json,estimated,volume_turnover_inference
2016-07-12,510300,60.385877,上交所,https://query.sse.com.cn/commonQuery.do,official,exchange_disclosure
2016-07-12,510310,27.643074,上交所,https://query.sse.com.cn/commonQuery.do,official,exchange_disclosure
2016-07-12,510330,47.513498,上交所,https://query.sse.com.cn/commonQuery.do,official,exchange_disclosure
2016-07-13,159915,25.109924,深交所,https://stock.xueqiu.com/v5/stock/chart/kline.json,estimated,volume_turnover_inference
2016-07-13,159919,52.417100,深交所,https://stock.xueqiu.com/v5/stock/chart/kline.json,estimated,volume_turnover_inference
2016-07-13,510300,61.630135,上交所,https://query.sse.com.cn/commonQuery.do,official,exchange_disclosure
2016-07-13,510310,27.583074,上交所,https://query.sse.com.cn/commonQuery.do,official,exchange_disclosure
2016-07-13,510330,47.508846,上交所,https://query.sse.com.cn/commonQuery.do,official,exchange_disclosure
2016-07-14,159915,25.108863,深交所,https://stock.xueqiu.com/v5/stock/chart/kline.json,estimated,volume_turnover_inference
2016-07-14,159919,55.448340,深交所,https://stock.xueqiu.com/v5/stock/chart/kline.json,estimated,volume_turnover_inference
2016-07-14,510300,61.717877,上交所,https://query.sse.com.cn/commonQuery.do,official,exchange_disclosure
2016-07-14,510310,27.543074,上交所,https://query.sse.com.cn/commonQuery.do,official,exchange_disclosure
2016-07-14,510330,47.324498,上交所,https://query.sse.com.cn/commonQuery.do,official,exchange_disclosure
2016-07-15,159915,25.111763,深交所,https://stock.xueqiu.com/v5/stock/chart/kline.json,estimated,volume_turnover_inference
2016-07-15,159919,52.625473,深交所,https://stock.xueqiu.com/v5/stock/chart/kline.json,estimated,volume_turnover_inference
2016-07-15,510300,61.582877,上交所,https://query.sse.com.cn/commonQuery.do,official,exchange_disclosure
2016-07-15,510310,27.543074,上交所,https://query.sse.com.cn/commonQuery.do,official,exchange_disclosure
2016-07-15,510330,47.288498,上交所,https://query.sse.com.cn/commonQuery.do,official,exchange_disclosure
2016-07-18,159915,25.114405,深交所,https://stock.xueqiu.com/v5/stock/chart/kline.json,estimated,volume_turnover_inference
2016-07-18,159919,54.745932,深交所,https://stock.xueqiu.com/v5/stock/chart/kline.json,estimated,volume_turnover_inference
2016-07-18,510300,60.916877,上交所,https://query.sse.com.cn/commonQuery.do,official,exchange_disclosure
2016-07-18,510310,27.543074,上交所,https://query.sse.com.cn/commonQuery.do,official,exchange_disclosure
2016-07-18,510330,47.279498,上交所,https://query.sse.com.cn/commonQuery.do,official,exchange_disclosure
2016-07-19,159915,25.120798,深交所,https://stock.xueqiu.com/v5/stock/chart/kline.json,estimated,volume_turnover_inference
2016-07-19,159919,53.426146,深交所,https://stock.xueqiu.com/v5/stock/chart/kline.json,estimated,volume_turnover_inference
2016-07-19,510300,61.004265,上交所,https://query.sse.com.cn/commonQuery.do,official,exchange_disclosure
2016-07-19,510310,27.523074,上交所,https://query.sse.com.cn/commonQuery.do,official,exchange_disclosure
2016-07-19,510330,47.270498,上交所,https://query.sse.com.cn/commonQuery.do,official,exchange_disclosure
2016-07-20,159915,25.116123,深交所,https://stock.xueqiu.com/v5/stock/chart/kline.json,estimated,volume_turnover_inference
2016-07-20,159919,55.127990,深交所,https://stock.xueqiu.com/v5/stock/chart/kline.json,estimated,volume_turnover_inference
2016-07-20,510300,60.979877,上交所,https://query.sse.com.cn/commonQuery.do,official,exchange_disclosure
2016-07-20,510310,27.523074,上交所,https://query.sse.com.cn/commonQuery.do,official,exchange_disclosure
2016-07-20,510330,47.270498,上交所,https://query.sse.com.cn/commonQuery.do,official,exchange_disclosure
2016-07-21,159915,25.125612,深交所,https://stock.xueqiu.com/v5/stock/chart/kline.json,estimated,volume_turnover_inference
2016-07-21,159919,54.517867,深交所,https://stock.xueqiu.com/v5/stock/chart/kline.json,estimated,volume_turnover_inference
2016-07-21,510300,61.390045,上交所,https://query.sse.com.cn/commonQuery.do,official,exchange_disclosure
2016-07-21,510310,27.423074,上交所,https://query.sse.com.cn/commonQuery.do,official,exchange_disclosure
2016-07-21,510330,46.964498,上交所,https://query.sse.com.cn/commonQuery.do,official,exchange_disclosure
2016-07-22,159915,25.115945,深交所,https://stock.xueqiu.com/v5/stock/chart/kline.json,estimated,volume_turnover_inference
2016-07-22,159919,54.851272,深交所,https://stock.xueqiu.com/v5/stock/chart/kline.json,estimated,volume_turnover_inference
2016-07-22,510300,61.609877,上交所,https://query.sse.com.cn/commonQuery.do,official,exchange_disclosure
2016-07-22,510310,27.423074,上交所,https://query.sse.com.cn/commonQuery.do,official,exchange_disclosure
2016-07-22,510330,46.946498,上交所,https://query.sse.com.cn/commonQuery.do,official,exchange_disclosure
2016-07-25,159915,25.123680,深交所,https://stock.xueqiu.com/v5/stock/chart/kline.json,estimated,volume_turnover_inference
2016-07-25,159919,55.598582,深交所,https://stock.xueqiu.com/v5/stock/chart/kline.json,estimated,volume_turnover_inference
2016-07-25,510300,61.843877,上交所,https://query.sse.com.cn/commonQuery.do,official,exchange_disclosure
2016-07-25,510310,27.423074,上交所,https://query.sse.com.cn/commonQuery.do,official,exchange_disclosure
2016-07-25,510330,46.946498,上交所,https://query.sse.com.cn/commonQuery.do,official,exchange_disclosure
2016-07-26,159915,25.119748,深交所,https://stock.xueqiu.com/v5/stock/chart/kline.json,estimated,volume_turnover_inference
2016-07-26,159919,54.157778,深交所,https://stock.xueqiu.com/v5/stock/chart/kline.json,estimated,volume_turnover_inference
2016-07-26,510300,61.888877,上交所,https://query.sse.com.cn/commonQuery.do,official,exchange_disclosure
2016-07-26,510310,27.423074,上交所,https://query.sse.com.cn/commonQuery.do,official,exchange_disclosure
2016-07-26,510330,46.581138,上交所,https://query.sse.com.cn/commonQuery.do,official,exchange_disclosure
2016-07-27,159915,25.113657,深交所,https://stock.xueqiu.com/v5/stock/chart/kline.json,estimated,volume_turnover_inference
2016-07-27,159919,54.334390,深交所,https://stock.xueqiu.com/v5/stock/chart/kline.json,estimated,volume_turnover_inference
2016-07-27,510300,61.446480,上交所,https://query.sse.com.cn/commonQuery.do,official,exchange_disclosure
2016-07-27,510310,27.403074,上交所,https://query.sse.com.cn/commonQuery.do,official,exchange_disclosure
2016-07-27,510330,46.586498,上交所,https://query.sse.com.cn/commonQuery.do,official,exchange_disclosure
2016-07-28,159915,25.121926,深交所,https://stock.xueqiu.com/v5/stock/chart/kline.json,estimated,volume_turnover_inference
2016-07-28,159919,54.290831,深交所,https://stock.xueqiu.com/v5/stock/chart/kline.json,estimated,volume_turnover_inference
2016-07-28,510300,61.159877,上交所,https://query.sse.com.cn/commonQuery.do,official,exchange_disclosure
2016-07-28,510310,27.383074,上交所,https://query.sse.com.cn/commonQuery.do,official,exchange_disclosure
2016-07-28,510330,46.586498,上交所,https://query.sse.com.cn/commonQuery.do,official,exchange_disclosure
2016-07-29,159915,25.121001,深交所,https://stock.xueqiu.com/v5/stock/chart/kline.json,estimated,volume_turnover_inference
2016-07-29,159919,55.173222,深交所,https://stock.xueqiu.com/v5/stock/chart/kline.json,estimated,volume_turnover_inference
2016-07-29,510300,60.799877,上交所,https://query.sse.com.cn/commonQuery.do,official,exchange_disclosure
2016-07-29,510310,27.383074,上交所,https://query.sse.com.cn/commonQuery.do,official,exchange_disclosure
2016-07-29,510330,46.586498,上交所,https://query.sse.com.cn/commonQuery.do,official,exchange_disclosure
2016-08-01,159915,25.120915,深交所,https://stock.xueqiu.com/v5/stock/chart/kline.json,estimated,volume_turnover_inference
2016-08-01,159919,54.534453,深交所,https://stock.xueqiu.com/v5/stock/chart/kline.json,estimated,volume_turnover_inference
2016-08-01,510300,60.892554,上交所,https://query.sse.com.cn/commonQuery.do,official,exchange_disclosure
2016-08-01,510310,27.392153,上交所,https://query.sse.com.cn/commonQuery.do,official,exchange_disclosure
2016-08-01,510330,46.586498,上交所,https://query.sse.com.cn/commonQuery.do,official,exchange_disclosure
2016-08-02,159915,25.113378,深交所,https://stock.xueqiu.com/v5/stock/chart/kline.json,estimated,volume_turnover_inference
2016-08-02,159919,55.459167,深交所,https://stock.xueqiu.com/v5/stock/chart/kline.json,estimated,volume_turnover_inference
2016-08-02,510300,60.844877,上交所,https://query.sse.com.cn/commonQuery.do,official,exchange_disclosure
2016-08-02,510310,27.403074,上交所,https://query.sse.com.cn/commonQuery.do,official,exchange_disclosure
2016-08-02,510330,46.586498,上交所,https://query.sse.com.cn/commonQuery.do,official,exchange_disclosure
